{"Snoop Dogg": {"AI Dogg": 2.8655, "Sapphire": 1.8874999999999997, "Black Diamond": 2.011, "Emerald": 2.0205, "Doggfather": 2.8129999999999997, "Doberman": 3.5255, "King Snoop": 4.6080000000000005, "Goldizzle": 7.055999999999999, "Cold Topaz": 1.935, "Chrome": 2.1725000000000003, "Onyx Black": 3.5166666666666666, "Black": 10.646923076923077, "just": 1.5045}, "Swag Bag": {"Boiling Hot": 2.6595, "Happy Herbs": 3.0535, "Take It Easy": 2.364, "Missionary": 7.93, "Bulk Order": 2.364, "Golden Nugs": 2.1670000000000003, "Leopard": 2.2655, "Cashback": 3.0535, "Gin & Jewels": 2.561, "Snoop Life": 2.561, "Darkness": 2.3049, "April 20th": 3.0535, "Onyx Black": 3.2300000000000004, "Black": 7.4799999999999995, "just": 1.6744999999999999}, "Snoop Cigar": {"Onyx Black": 7.654999999999999, "Black": 19.61, "just": 4.063}, "Lol Pop": {"Fire Vortex": 1.47, "Glowstick": 2.17, "Watermelon": 1.47, "Hexed Helix": 1.6099999999999999, "Dark Portal": 1.75, "Einstein": 1.54, "Sailor Moon": 1.47, "Comic Crunch": 1.47, "Cobweb": 1.54, "Cookie Dip": 1.47, "Celestia": 2.17, "Blood Sucker": 1.75, "Wonka Berry": 1.47, "Jolly Roger": 1.54, "Dark Sky": 1.75, "Pink Foil": 1.47, "Blood Ember": 1.6099999999999999, "Doodle Art": 1.68, "Rosebud": 1.54, "Portable Pop": 1.47, "Satellite": 1.68, "Shock Wave": 1.6099999999999999, "Jinxed": 1.54, "Milky Way": 1.54, "Love Bubbles": 1.6099999999999999, "Plastic Ice": 1.47, "Heart Pop": 1.68, "Andromeda": 1.89, "Pumpkin": 1.47, "Sweetheart": 1.8199999999999998, "Romance": 1.47, "Angelina": 2.17, "Mortal Sin": 3.9199999999999995, "Icicle": 1.47, "Onyx Black": 1.945, "Black": 5.215, "just": 1.19}, "B-Day Candle": {"Final Boss": 2.1545, "Pixel Wish": 2.1545, "Kaboom!": 1.8765, "Payday": 2.1545, "On Fire": 2.1545, "Purr Magic": 2.1545, "Happy Meows": 2.78, "Onyx Black": 1.77, "Black": 5.195, "just": 1.1815}, "Desk Calendar": {"Adult Tasks": 23.195, "Fund Manager": 2.1545, "Independence": 2.78, "Hodler": 4.864999999999999, "Tic Tac Toe": 1.8765, "Sunday": 1.8765, "Durov Day": 2.78, "Telegram": 2.1545, "Burning Time": 2.1545, "Peach Week": 1.8765, "Fawkes Night": 2.78, "Pepe Plans": 14.195, "Checklist": 2.1545, "Deadline": 2.1545, "Heartbreak": 1.5984999999999998, "Balloon Face": 2.1545, "Investor": 4.864999999999999, "Onyx Black": 1.77, "Black": 5.515, "just": 1.1815}, "Lunar Snake": {"Soul Eater": 2.263, "Hellspawn": 1.898, "Hot Cherry": 1.971, "Python Dev": 2.263, "Timelock": 1.971, "Synthwave": 5.109999999999999, "Dragon Ball": 5.109999999999999, "Psychedelic": 2.263, "Onyx Black": 2.205, "Black": 5.7299999999999995, "just": 1.2409999999999999}, "Xmas Stocking": {"Onyx Black": 2.325, "Black": 5.49, "just": 1.2665}, "Snake Box": {"Onyx Black": 2.175, "Black": 6.170000000000001, "just": 1.2325}, "Pet Snake": {"Onyx Black": 2.48, "Black": 6.154999999999999, "just": 1.4705}, "Candy Cane": {"Grinch": 3.06, "Sticky Sweet": 3.06, "Hex Pot": 3.06, "Designer": 7.640000000000001, "Onyx Black": 2.34, "Black": 5.840000000000001, "just": 1.3005}, "Whip Cupcake": {"Toncoin": 2.325, "Bitcoin": 9.25, "Deep State": 2.0250000000000004, "Sponge Duck": 2.325, "Resistance": 5.25, "Onyx Black": 2.2, "Black": 5.55, "just": 1.275}, "Big Year": {"Pokeball": 2.6865, "Bitcoin": 6.965, "Telegram": 3.98, "Cheshire Cat": 2.2885, "Pavel Durov": 5.572, "Game Boy": 2.189, "Gold Mine": 6.965, "The Hobbit": 3.98, "Big Brother": 3.0845000000000002, "Balloons": 2.0895, "YouTubes": 3.0845000000000002, "Creator": 3.0845000000000002, "Qing Dynasty": 3.0845000000000002, "First Website": 2.0895, "The Nether": 2.587, "Onyx Black": 3.615, "Black": 9.645, "just": 1.6915}, "Homemade Cake": {"Onyx Black": 2.33, "Black": 5.46, "just": 1.581}, "Cookie Heart": {"Onyx Black": 2.685, "Black": 6.645, "just": 1.6064999999999998}, "Jester Hat": {"Onyx Black": 2.6550000000000002, "Black": 6.4399999999999995, "just": 1.4705}, "Holiday Drink": {"Onyx Black": 2.3499999999999996, "Black": 6.4, "just": 1.615}, "Ginger Cookie": {"Onyx Black": 3.815, "Black": 7.28, "just": 1.768}, "Hypno Lollipop": {"Onyx Black": 2.985, "Black": 6.43, "just": 1.7594999999999998}, "Winter Wreath": {"Moon Cat": 100.95, "Onyx Black": 2.925, "Black": 7.4, "just": 1.615}, "Party Sparkler": {"Onyx Black": 2.9850000000000003, "Black": 6.9799999999999995, "just": 1.6744999999999999}, "Jingle Bells": {"Onyx Black": 2.8499999999999996, "Black": 6.800000000000001, "just": 1.7934999999999999}, "Tama Gadget": {"Onyx Black": 3.475, "Black": 6.28, "just": 1.8104999999999998}, "Jack-in-the-Box": {"Onyx Black": 3.0999999999999996, "Black": 7.345000000000001, "just": 1.8615}, "Star Notepad": {"Onyx Black": 4.02, "Black": 9.495000000000001, "just": 1.9465}, "Easter Egg": {"Onyx Black": 3.8499999999999996, "Black": 11.075, "just": 2.4225}, "Santa Hat": {"Onyx Black": 3.9139999999999997, "Black": 8.354000000000001, "just": 2.2864999999999998}, "Hex Pot": {"Onyx Black": 3.8850000000000002, "Black": 10.085, "just": 2.3715}, "Restless Jar": {"Onyx Black": 3.75, "Black": 9.774999999999999, "just": 2.1675}, "Lush Bouquet": {"Onyx Black": 4.325, "Black": 7.7749999999999995, "just": 2.5075000000000003}, "Spiced Wine": {"Onyx Black": 2.928, "Black": 6.828, "just": 1.9549999999999998}, "Snow Globe": {"Onyx Black": 4.435, "Black": 10.885, "just": 2.3545}, "Joyful Bundle": {"Onyx Black": 3.625, "Black": 7.999999999999999, "just": 2.38}, "Light Sword": {"Onyx Black": 4.8100000000000005, "Black": 10.625999999999998, "just": 2.5925}, "Witch Hat": {"Onyx Black": 3.875, "Black": 11.594999999999999, "just": 2.72}, "Bow Tie": {"Onyx Black": 4.9079999999999995, "Black": 12.600000000000001, "just": 2.72}, "Eternal Candle": {"Onyx Black": 5.018000000000001, "Black": 10.418, "just": 2.9155}, "Jelly Bunny": {"Onyx Black": 4.825, "Black": 10.694999999999999, "just": 2.8899999999999997}, "Bunny Muffin": {"Onyx Black": 4.7219999999999995, "Black": 14.07, "just": 2.9495}, "Spy Agaric": {"Onyx Black": 5.538, "Black": 10.450000000000001, "just": 2.9155}, "Evil Eye": {"Onyx Black": 6.372, "Black": 13.232000000000001, "just": 3.162}, "Snow Mittens": {"Onyx Black": 5.02, "Black": 8.420000000000002, "just": 3.145}, "Berry Box": {"Onyx Black": 5.88, "Black": 10.68, "just": 3.23}, "Valentine Box": {"Onyx Black": 7.614000000000001, "Black": 12.654, "just": 3.9865000000000004}, "Sakura Flower": {"Onyx Black": 6.748, "Black": 15.388, "just": 4.2330000000000005}, "Hanging Star": {"Onyx Black": 8.309999999999999, "Black": 15.202, "just": 4.547499999999999}, "Sleigh Bell": {"Onyx Black": 10.32, "Black": 20.72, "just": 6.12}, "Love Candle": {"Onyx Black": 10.144, "Black": 18.064, "just": 7.1739999999999995}, "Skull Flower": {"Onyx Black": 11.006, "Black": 18.009999999999998, "just": 7.097499999999999}, "Crystal Ball": {"Onyx Black": 11.863999999999999, "Black": 27.864, "just": 6.613}, "Trapped Heart": {"Onyx Black": 13.294, "Black": 18.497999999999998, "just": 7.556500000000001}, "Top Hat": {"Onyx Black": 12.472, "Black": 21.991999999999997, "just": 6.901999999999999}, "Love Potion": {"Onyx Black": 10.994, "Black": 23.394, "just": 7.6415}, "Flying Broom": {"Onyx Black": 12.534, "Black": 19.694, "just": 7.556500000000001}, "Cupid Charm": {"Onyx Black": 16.31, "Black": 31.15, "just": 9.5625}, "Record Player": {"Onyx Black": 10.42, "Black": 20.86, "just": 6.885}, "Eternal Rose": {"Onyx Black": 20.990000000000002, "Black": 35.79, "just": 11.6025}, "Mad Pumpkin": {"Onyx Black": 22.262, "Black": 41.03, "just": 14.254499999999998}, "Voodoo Doll": {"Onyx Black": 22.458, "Black": 46.022000000000006, "just": 14.254499999999998}, "Diamond Ring": {"Onyx Black": 22.23, "Black": 45.814, "just": 13.9315}, "Toy Bear": {"Onyx Black": 29.264, "Black": 49.6, "just": 19.55}, "Vintage Cigar": {"Onyx Black": 36.0, "Black": 54.519999999999996, "just": 20.57}, "Neko Helmet": {"Onyx Black": 38.506, "Black": 72.03399999999999, "just": 23.3835}, "Low Rider": {"Onyx Black": 33.76, "Black": 87.0, "just": 21.25}, "Signet Ring": {"Onyx Black": 36.574, "Black": 79.374, "just": 22.3465},