{"Snoop Dogg": {"Black Diamond": 2.0255, "King Snoop": 5.0905000000000005, "Goldizzle": 6.4955, "Cold Topaz": 1.788, "Sapphire": 1.9305000000000003, "AI Dogg": 2.7305000000000006, "Doggfather": 2.8680000000000003, "Doberman": 3.3905000000000003, "Chrome": 2.2915, "Onyx Black": 2.6766666666666667, "Black": 9.606923076923078, "just": 1.3855}, "Swag Bag": {"Leopard": 1.9320000000000002, "P.I.M.P.": 2.0240000000000005, "Happy Herbs": 2.8520000000000003, "Snoop Life": 2.4840000000000004, "Gin & Jewels": 2.3000000000000003, "April 20th": 2.4840000000000004, "Boiling Hot": 2.0240000000000005, "Take It Easy": 2.116, "Bulk Order": 2.3000000000000003, "Missionary": 6.44, "Darkness": 1.9320000000000002, "Cashback": 2.8520000000000003, "Onyx Black": 2.67, "Black": 6.665, "just": 1.564}, "Snoop Cigar": {"Onyx Black": 7.845000000000001, "Black": 17.099999999999998, "just": 3.655}, "Lol Pop": {"Celestia": 2.015, "Blood Ember": 1.6900000000000002, "Sailor Moon": 1.56, "Rosebud": 1.625, "Einstein": 1.3650000000000002, "Glowstick": 2.015, "Pumpkin": 1.4949999999999999, "Pink Foil": 1.3650000000000002, "Andromeda": 1.4949999999999999, "Comic Crunch": 1.3650000000000002, "Heart Pop": 1.3650000000000002, "Satellite": 1.6900000000000002, "Mortal Sin": 2.6, "Cobweb": 1.3650000000000002, "Sick Leave": 1.3650000000000002, "Watermelon": 1.4300000000000002, "Hexed Helix": 1.4300000000000002, "Milky Way": 1.4300000000000002, "Jolly Roger": 1.625, "Soap Bubbles": 1.3650000000000002, "Fire Vortex": 1.4949999999999999, "Angelina": 2.015, "Sweetheart": 1.3650000000000002, "Dark Sky": 1.4949999999999999, "Doodle Art": 1.56, "Blood Sucker": 1.4949999999999999, "Jinxed": 1.4949999999999999, "Dark Portal": 1.56, "Shock Wave": 1.3650000000000002, "Cookie Dip": 1.4300000000000002, "Love Bubbles": 1.625, "Icicle": 1.4300000000000002, "Onyx Black": 1.7999999999999998, "Black": 4.6450000000000005, "just": 1.105}, "B-Day Candle": {"Shocker": 1.8755, "On Fire": 2.42, "Kaboom!": 1.8755, "Purr Magic": 2.42, "Happy Meows": 2.42, "Final Boss": 1.8755, "Payday": 2.42, "Pixel Wish": 1.8755, "Onyx Black": 1.595, "Black": 4.605, "just": 1.0285}, "Desk Calendar": {"Investor": 4.27, "Tic Tac Toe": 1.891, "Hodler": 4.27, "Peach Week": 1.586, "Sunday": 2.44, "Deadline": 2.44, "Fawkes Night": 3.416, "Heartbreak": 1.342, "Telegram": 1.891, "Checklist": 1.891, "Balloon Face": 1.586, "Durov Day": 2.44, "Independence": 3.416, "Adult Tasks": 4.27, "Burning Time": 1.891, "Fund Manager": 1.891, "Pepe Plans": 4.27, "Onyx Black": 1.58, "Black": 4.83, "just": 1.037}, "Lunar Snake": {"Psychedelic": 2.0460000000000003, "Synthwave": 3.6959999999999997, "Python Dev": 2.0460000000000003, "Dragon Ball": 4.62, "Timelock": 1.584, "Hellspawn": 2.0460000000000003, "Soul Eater": 2.0460000000000003, "Hot Cherry": 2.0460000000000003, "Onyx Black": 2.0100000000000002, "Black": 4.86, "just": 1.122}, "Xmas Stocking": {"Onyx Black": 1.8900000000000001, "Black": 5.615, "just": 1.1305}, "Snake Box": {"Onyx Black": 1.87, "Black": 4.865, "just": 1.054}, "Pet Snake": {"Onyx Black": 2.21, "Black": 5.3149999999999995, "just": 1.3855}, "Candy Cane": {"Grinch": 2.4025000000000003, "Hex Pot": 2.4025000000000003, "Sticky Sweet": 2.0925000000000002, "Designer": 5.425, "Onyx Black": 2.25, "Black": 5.725, "just": 1.3175}, "Whip Cupcake": {"Deep State": 2.17, "Bitcoin": 4.8999999999999995, "Resistance": 4.8999999999999995, "Toncoin": 2.17, "Sponge Duck": 2.8, "Onyx Black": 2.0999999999999996, "Black": 5.695, "just": 1.19}, "Big Year": {"Pokeball": 2.635, "The Hobbit": 3.4, "First Website": 2.635, "Qing Dynasty": 2.635, "Game Boy": 2.21, "The Nether": 2.21, "Gold Mine": 4.76, "Cheshire Cat": 2.295, "Pavel Durov": 4.76, "YouTubes": 2.635, "Telegram": 4.76, "Creator": 2.635, "Big Brother": 2.635, "Bitcoin": 4.76, "Onyx Black": 2.7199999999999998, "Black": 7.800000000000001, "just": 1.4449999999999998}, "Homemade Cake": {"Onyx Black": 1.885, "Black": 4.84, "just": 1.258}, "Cookie Heart": {"Onyx Black": 2.27, "Black": 6.77, "just": 1.4364999999999999}, "Jester Hat": {"Onyx Black": 2.815, "Black": 6.114999999999999, "just": 1.3855}, "Holiday Drink": {"Onyx Black": 2.29, "Black": 5.6499999999999995, "just": 1.4449999999999998}, "Ginger Cookie": {"Onyx Black": 2.7750000000000004, "Black": 6.38, "just": 1.496}, "Hypno Lollipop": {"Onyx Black": 2.675, "Black": 6.825, "just": 1.4875}, "Winter Wreath": {"Onyx Black": 2.31, "Black": 7.959999999999999, "just": 1.462}, "Party Sparkler": {"Onyx Black": 2.915, "Black": 5.415, "just": 1.5555}, "Jingle Bells": {"Onyx Black": 2.395, "Black": 5.3149999999999995, "just": 1.3855}, "Tama Gadget": {"Onyx Black": 2.61, "Black": 6.12, "just": 1.4789999999999999}, "Jack-in-the-Box": {"Onyx Black": 2.705, "Black": 7.915, "just": 1.768}, "Star Notepad": {"Onyx Black": 3.335, "Black": 9.11, "just": 1.887}, "Easter Egg": {"Onyx Black": 3.865, "Black": 10.659999999999998, "just": 1.9805}, "Santa Hat": {"Onyx Black": 3.2, "Black": 9.6, "just": 2.04}, "Hex Pot": {"Onyx Black": 3.795, "Black": 8.645, "just": 2.0315}, "Restless Jar": {"Onyx Black": 3.79, "Black": 7.640000000000001, "just": 1.9379999999999997}, "Lush Bouquet": {"Onyx Black": 3.375, "Black": 8.524999999999999, "just": 2.1675}, "Spiced Wine": {"Onyx Black": 3.15, "Black": 7.925, "just": 1.7}, "Snow Globe": {"Onyx Black": 3.9499999999999997, "Black": 9.05, "just": 1.9549999999999998}, "Joyful Bundle": {"Onyx Black": 3.635, "Black": 8.435, "just": 2.0995}, "Light Sword": {"Onyx Black": 3.875, "Black": 10.425, "just": 2.4225}, "Witch Hat": {"Onyx Black": 3.9499999999999997, "Black": 10.149999999999999, "just": 2.38}, "Bow Tie": {"Onyx Black": 4.715, "Black": 14.715000000000002, "just": 2.618}, "Eternal Candle": {"Onyx Black": 5.25, "Black": 10.25, "just": 2.55}, "Jelly Bunny": {"Onyx Black": 4.635, "Black": 10.129999999999999, "just": 2.7795}, "Bunny Muffin": {"Onyx Black": 4.395, "Black": 13.645, "just": 2.7965}, "Spy Agaric": {"Onyx Black": 5.215, "Black": 10.715, "just": 2.4905}, "Evil Eye": {"Onyx Black": 5.73, "Black": 15.735000000000001, "just": 2.9495}, "Snow Mittens": {"Onyx Black": 4.55, "Black": 8.7, "just": 2.465}, "Berry Box": {"Onyx Black": 4.74, "Black": 14.25, "just": 2.975}, "Valentine Box": {"Onyx Black": 5.875, "Black": 10.89, "just": 3.23}, "Sakura Flower": {"Onyx Black": 5.315, "Black": 17.985, "just": 3.3745000000000003}, "Hanging Star": {"Onyx Black": 7.550000000000001, "Black": 16.275, "just": 3.8674999999999997}, "Sleigh Bell": {"Onyx Black": 9.969999999999999, "Black": 17.965, "just": 5.049}, "Love Candle": {"Onyx Black": 7.845000000000001, "Black": 15.445, "just": 5.4315}, "Skull Flower": {"Onyx Black": 8.74, "Black": 19.04, "just": 5.168}, "Crystal Ball": {"Onyx Black": 10.135, "Black": 28.150000000000002, "just": 5.3549999999999995}, "Trapped Heart": {"Onyx Black": 10.325, "Black": 23.075000000000003, "just": 6.5025}, "Top Hat": {"Onyx Black": 16.275, "Black": 26.15, "just": 6.46}, "Love Potion": {"Onyx Black": 10.094999999999999, "Black": 26.595, "just": 6.961499999999999}, "Flying Broom": {"Onyx Black": 10.625, "Black": 21.37, "just": 7.0125}, "Cupid Charm": {"Onyx Black": 16.495, "Black": 34.495, "just": 8.4915}, "Record Player": {"Onyx Black": 9.995000000000001, "Black": 23.994999999999997, "just": 6.7915}, "Eternal Rose": {"Onyx Black": 18.9, "Black": 36.400000000000006, "just": 10.88}, "Mad Pumpkin": {"Onyx Black": 18.055, "Black": 39.305, "just": 11.568499999999998}, "Voodoo Doll": {"Onyx Black": 20.42, "Black": 40.42, "just": 12.613999999999999}, "Diamond Ring": {"Onyx Black": 20.0, "Black": 43.0, "just": 12.75}, "Toy Bear": {"Onyx Black": 22.130000000000003, "Black": 51.475, "just": 15.266}, "Vintage Cigar": {"Onyx Black": 44.2, "Black": 85.15, "just": 19.04}, "Neko Helmet": {"Onyx Black": 35.19, "Black": 71.69, "just": 19.872999999999998}, "Low Rider": {"Onyx Black": 38.235, "Black": 106.74000000000001, "just": 19.958}, "Signet Ring": {"Onyx Black": 31.485, "Black": 90.49499999999999, "just": 19.5415},