{"Snoop Dogg": {"Chrome": 2.4055000000000004, "Doggfather": 3.2670000000000003, "Goldizzle": 6.780499999999999, "King Snoop": 4.549, "AI Dogg": 3.153, "Sapphire": 2.111, "Black Diamond": 2.1490000000000005, "Doberman": 3.5710000000000006, "Onyx Black": 3.38, "Black": 10.526153846153846, "just": 1.513}, "Swag Bag": {"Missionary": 6.4750000000000005, "Cashback": 2.8675, "Happy Herbs": 2.8675, "Boiling Hot": 2.4050000000000002, "Bulk Order": 2.4975000000000005, "Darkness": 2.1275, "April 20th": 2.8675, "Snoop Life": 2.4975000000000005, "Gin & Jewels": 2.3125, "Take It Easy": 2.4050000000000002, "Golden Nugs": 1.9425000000000001, "Leopard": 1.9425000000000001, "Onyx Black": 3.125, "Black": 7.375, "just": 1.5725}, "Snoop Cigar": {"Onyx Black": 7.71, "Black": 17.215, "just": 3.7655}, "Lol Pop": {"Soap Bubbles": 1.4070000000000003, "Glowstick": 2.0770000000000004, "Cobweb": 1.4740000000000002, "Comic Crunch": 1.4740000000000002, "Heart Pop": 1.541, "Mortal Sin": 3.752, "Sweetheart": 1.541, "Angelina": 2.0770000000000004, "Icicle": 1.4070000000000003, "Einstein": 1.4740000000000002, "Jolly Roger": 1.541, "Hexed Helix": 1.541, "Gold Star": 1.541, "Jinxed": 1.675, "Doodle Art": 1.4070000000000003, "Andromeda": 2.0770000000000004, "Pumpkin": 1.541, "Dark Sky": 1.541, "Love Bubbles": 1.4740000000000002, "Nostalgia": 1.4070000000000003, "Milky Way": 1.4070000000000003, "Sick Leave": 1.541, "Cookie Dip": 1.4740000000000002, "Blood Sucker": 1.675, "Pink Foil": 1.4070000000000003, "Shock Wave": 1.4070000000000003, "Satellite": 1.675, "Celestia": 2.0770000000000004, "Blood Ember": 1.541, "Sailor Moon": 1.541, "Rosebud": 1.541, "Dark Portal": 1.8090000000000002, "Watermelon": 1.4070000000000003, "Onyx Black": 1.92, "Black": 5.345, "just": 1.139}, "B-Day Candle": {"Final Boss": 2.0460000000000003, "Happy Meows": 2.0460000000000003, "Payday": 2.0460000000000003, "Purr Magic": 2.0460000000000003, "On Fire": 2.0460000000000003, "Kaboom!": 1.7820000000000003, "Pixel Wish": 2.0460000000000003, "Onyx Black": 1.7149999999999999, "Black": 5.3100000000000005, "just": 1.122}, "Desk Calendar": {"Burning Time": 2.0615, "Independence": 2.66, "Durov Day": 2.66, "Checklist": 1.7955000000000003, "Pepe Plans": 11.325000000000001, "Heartbreak": 1.5294999999999999, "Telegram": 2.0615, "Sunday": 2.0615, "Adult Tasks": 25.615000000000002, "Balloon Face": 1.5294999999999999, "Deadline": 2.0615, "Fund Manager": 2.0615, "Investor": 4.655, "Peach Week": 2.0615, "Hodler": 3.7239999999999998, "Tic Tac Toe": 1.7955000000000003, "Fawkes Night": 4.655, "Onyx Black": 1.6600000000000001, "Black": 5.985, "just": 1.1305}, "Lunar Snake": {"Synthwave": 4.97, "Timelock": 1.6329999999999998, "Soul Eater": 2.201, "Python Dev": 2.201, "Dragon Ball": 4.97, "Hellspawn": 2.201, "Psychedelic": 1.775, "Hot Cherry": 1.917, "Onyx Black": 2.21, "Black": 5.46, "just": 1.2069999999999999}, "Xmas Stocking": {"Onyx Black": 2.025, "Black": 5.455, "just": 1.1985}, "Snake Box": {"Onyx Black": 2.16, "Black": 5.930000000000001, "just": 1.1560000000000001}, "Pet Snake": {"Onyx Black": 2.4, "Black": 5.75, "just": 1.53}, "Candy Cane": {"Grinch": 2.96, "Hex Pot": 2.96, "Designer": 5.18, "Sticky Sweet": 2.294, "Onyx Black": 2.19, "Black": 6.125, "just": 1.258}, "Whip Cupcake": {"Resistance": 5.005, "Toncoin": 2.86, "Deep State": 1.9305, "Sponge Duck": 2.2165, "Bitcoin": 10.615, "Onyx Black": 2.015, "Black": 5.46, "just": 1.2155}, "Big Year": {"YouTubes": 2.673, "Telegram": 5.544, "Cheshire Cat": 2.2769999999999997, "Bitcoin": 5.544, "The Hobbit": 3.96, "Big Brother": 2.673, "Pavel Durov": 3.96, "Gold Mine": 6.93, "Qing Dynasty": 3.069, "The Nether": 2.079, "Creator": 3.069, "Game Boy": 2.079, "Pokeball": 2.673, "Onyx Black": 3.465, "Black": 8.44, "just": 1.683}, "Homemade Cake": {"Onyx Black": 2.26, "Black": 5.79, "just": 1.428}, "Cookie Heart": {"Onyx Black": 2.505, "Black": 7.425000000000001, "just": 1.581}, "Jester Hat": {"Onyx Black": 2.63, "Black": 6.73, "just": 1.4109999999999998}, "Holiday Drink": {"Onyx Black": 2.925, "Black": 5.875, "just": 1.5725}, "Ginger Cookie": {"Onyx Black": 3.975, "Black": 6.5, "just": 1.7}, "Hypno Lollipop": {"Onyx Black": 2.875, "Black": 6.4750000000000005, "just": 1.6575}, "Winter Wreath": {"Onyx Black": 2.665, "Black": 9.37, "just": 1.564}, "Party Sparkler": {"Onyx Black": 4.34, "Black": 7.515000000000001, "just": 1.7254999999999998}, "Jingle Bells": {"Onyx Black": 2.79, "Black": 6.995, "just": 1.7764999999999997}, "Tama Gadget": {"Onyx Black": 3.24, "Black": 6.99, "just": 1.683}, "Jack-in-the-Box": {"Onyx Black": 3.105, "Black": 7.91, "just": 1.836}, "Star Notepad": {"Onyx Black": 3.94, "Black": 9.010000000000002, "just": 2.0229999999999997}, "Easter Egg": {"Onyx Black": 3.87, "Black": 11.02, "just": 2.074}, "Santa Hat": {"Onyx Black": 3.408, "Black": 8.248, "just": 2.108}, "Hex Pot": {"Onyx Black": 3.97, "Black": 10.395, "just": 2.3715}, "Restless Jar": {"Onyx Black": 3.95, "Black": 8.42, "just": 2.04}, "Lush Bouquet": {"Onyx Black": 4.355, "Black": 8.004999999999999, "just": 2.3035}, "Spiced Wine": {"Onyx Black": 3.036, "Black": 6.683999999999999, "just": 2.108}, "Snow Globe": {"Onyx Black": 4.15, "Black": 10.375, "just": 2.3375}, "Joyful Bundle": {"Onyx Black": 4.085, "Black": 8.145, "just": 2.3715}, "Light Sword": {"Onyx Black": 4.050000000000001, "Black": 9.77, "just": 2.5075000000000003}, "Witch Hat": {"Onyx Black": 4.36, "Black": 11.945, "just": 2.4565}, "Bow Tie": {"Onyx Black": 4.088, "Black": 12.672, "just": 2.652}, "Eternal Candle": {"Onyx Black": 4.808, "Black": 12.027999999999999, "just": 2.8729999999999998}, "Jelly Bunny": {"Onyx Black": 4.35, "Black": 10.325, "just": 2.72}, "Bunny Muffin": {"Onyx Black": 6.004, "Black": 11.604, "just": 2.839}, "Spy Agaric": {"Onyx Black": 5.084, "Black": 11.884, "just": 2.669}, "Evil Eye": {"Onyx Black": 6.112, "Black": 13.152000000000001, "just": 2.992}, "Snow Mittens": {"Onyx Black": 4.724, "Black": 7.6, "just": 3.009}, "Berry Box": {"Onyx Black": 4.806, "Black": 11.834, "just": 3.1875}, "Valentine Box": {"Onyx Black": 8.596, "Black": 12.756, "just": 3.961}, "Sakura Flower": {"Onyx Black": 6.3260000000000005, "Black": 14.526, "just": 3.5785}, "Hanging Star": {"Onyx Black": 8.302, "Black": 15.098, "just": 4.3945}, "Sleigh Bell": {"Onyx Black": 10.622, "Black": 17.022, "just": 6.2645}, "Love Candle": {"Onyx Black": 9.92, "Black": 16.8, "just": 6.8}, "Skull Flower": {"Onyx Black": 10.816, "Black": 16.896, "just": 6.936}, "Crystal Ball": {"Onyx Black": 12.120000000000001, "Black": 30.840000000000003, "just": 6.29}, "Trapped Heart": {"Onyx Black": 11.59, "Black": 20.354, "just": 7.3525}, "Top Hat": {"Onyx Black": 12.442, "Black": 25.894000000000002, "just": 6.8595}, "Love Potion": {"Onyx Black": 10.2, "Black": 22.2, "just": 7.6499999999999995}, "Flying Broom": {"Onyx Black": 11.022, "Black": 17.222, "just": 7.964499999999999}, "Cupid Charm": {"Onyx Black": 17.634, "Black": 36.434, "just": 9.6815}, "Record Player": {"Onyx Black": 11.054, "Black": 20.714000000000002, "just": 6.706499999999999}, "Eternal Rose": {"Onyx Black": 18.408, "Black": 33.608000000000004, "just": 10.777999999999999}, "Mad Pumpkin": {"Onyx Black": 26.494, "Black": 42.494, "just": 14.866499999999998}, "Voodoo Doll": {"Onyx Black": 23.094, "Black": 57.594, "just": 13.5915}, "Diamond Ring": {"Onyx Black": 22.094, "Black": 38.494, "just": 13.1665}, "Toy Bear": {"Onyx Black": 25.134, "Black": 49.634, "just": 16.4815}, "Vintage Cigar": {"Onyx Black": 44.462, "Black": 60.462, "just": 19.354499999999998}, "Neko Helmet": {"Onyx Black": 37.402, "Black": 63.394000000000005, "just": 21.8195}, "Low Rider": {"Onyx Black": 34.282, "Black": 88.682, "just": 20.7995}, "Signet Ring": {"Onyx Black": 36.082, "Black": 77.282, "just": 21.6495}, "Electric Skull": {"Onyx Black": 41.138000000000005, "Black": 66.738, "just": 24.2845}, "Kissed Frog": {"Onyx Black": 45.594, "Black": 85.594, "just": 30.5915}, "Swiss Watch": {"Onyx Black": 45.594, "Black": 71.95400000000001, "just": 30.5915},