{"Snoop Dogg": {"AI Dogg": 3.1055, "Doggfather": 3.1814999999999998, "Doberman": 3.5330000000000004, "Black Diamond": 2.1205000000000003, "Goldizzle": 7.055999999999999, "Chrome": 2.4055000000000004, "King Snoop": 4.511, "Cold Topaz": 2.225, "Sapphire": 2.5005, "Onyx Black": 3.06, "Black": 10.479999999999999, "just": 1.513}, "Swag Bag": {"April 20th": 2.9295, "Leopard": 2.079, "Cashback": 2.9295, "Boiling Hot": 2.5515, "Gin & Jewels": 2.3625, "Bulk Order": 2.457, "Take It Easy": 2.457, "Missionary": 6.614999999999999, "Snoop Life": 2.5515, "P.I.M.P.": 1.9845, "Happy Herbs": 2.9295, "Darkness": 2.1734999999999998, "Onyx Black": 3.1450000000000005, "Black": 7.435, "just": 1.6064999999999998}, "Snoop Cigar": {"Onyx Black": 8.145, "Black": 17.200000000000003, "just": 3.74}, "Lol Pop": {"Soap Bubbles": 1.4175000000000002, "Nostalgia": 1.4175000000000002, "Love Bubbles": 1.4850000000000003, "Mortal Sin": 3.78, "Dark Portal": 1.7550000000000001, "Blood Sucker": 1.6875, "Hexed Helix": 1.5525, "Gold Star": 1.5525, "Milky Way": 1.4175000000000002, "Sick Leave": 1.4850000000000003, "Comic Crunch": 1.4850000000000003, "Cookie Dip": 1.4175000000000002, "Rosebud": 1.5525, "Sweetheart": 1.5525, "Jolly Roger": 1.5525, "Einstein": 1.4850000000000003, "Watermelon": 1.4175000000000002, "Jinxed": 1.4850000000000003, "Angelina": 2.0925000000000002, "Dark Sky": 1.5525, "Portable Pop": 1.4175000000000002, "Andromeda": 2.0925000000000002, "Fire Vortex": 1.4175000000000002, "Glowstick": 2.0925000000000002, "Blood Ember": 1.5525, "Sailor Moon": 1.5525, "Pink Foil": 1.4175000000000002, "Shock Wave": 1.4850000000000003, "Celestia": 2.0925000000000002, "Icicle": 1.4175000000000002, "Doodle Art": 1.4175000000000002, "Satellite": 1.6875, "Cobweb": 1.4175000000000002, "Pumpkin": 1.5525, "Heart Pop": 1.5525, "Onyx Black": 1.85, "Black": 5.325000000000001, "just": 1.1475}, "B-Day Candle": {"Pixel Wish": 2.0460000000000003, "Purr Magic": 2.0460000000000003, "Payday": 2.0460000000000003, "Final Boss": 2.0460000000000003, "On Fire": 2.0460000000000003, "Kaboom!": 1.7820000000000003, "Happy Meows": 2.0460000000000003, "Onyx Black": 1.7149999999999999, "Black": 5.16, "just": 1.122}, "Desk Calendar": {"Independence": 2.68, "Pepe Plans": 11.155, "Balloon Face": 1.4740000000000002, "Durov Day": 2.68, "Burning Time": 2.0770000000000004, "Fawkes Night": 4.69, "Deadline": 2.0770000000000004, "Telegram": 2.0770000000000004, "Hodler": 3.752, "Investor": 4.69, "Checklist": 1.675, "Peach Week": 2.0770000000000004, "Adult Tasks": 25.069999999999997, "Tic Tac Toe": 1.608, "Fund Manager": 2.0770000000000004, "Sunday": 2.0770000000000004, "Heartbreak": 1.541, "Onyx Black": 1.6400000000000001, "Black": 6.01, "just": 1.139}, "Lunar Snake": {"Synthwave": 4.97, "Timelock": 1.6329999999999998, "Psychedelic": 1.775, "Hot Cherry": 1.917, "Soul Eater": 2.201, "Python Dev": 2.201, "Hellspawn": 2.201, "Dragon Ball": 4.97, "Onyx Black": 2.06, "Black": 5.46, "just": 1.2069999999999999}, "Xmas Stocking": {"Onyx Black": 2.0300000000000002, "Black": 5.435, "just": 1.2069999999999999}, "Snake Box": {"Onyx Black": 1.995, "Black": 5.17, "just": 1.139}, "Pet Snake": {"Onyx Black": 2.51, "Black": 5.7299999999999995, "just": 1.496}, "Candy Cane": {"Hex Pot": 2.98, "Sticky Sweet": 2.3095, "Grinch": 4.172, "Designer": 5.215, "Onyx Black": 2.485, "Black": 6.13, "just": 1.2665}, "Whip Cupcake": {"Deep State": 1.9575, "Resistance": 5.075, "Bitcoin": 10.575, "Toncoin": 2.2475, "Sponge Duck": 2.2475, "Onyx Black": 2.105, "Black": 5.3, "just": 1.2325}, "Big Year": {"The Hobbit": 3.96, "Big Brother": 3.069, "Pavel Durov": 3.96, "Pokeball": 2.673, "Telegram": 5.544, "Creator": 3.069, "Gold Mine": 5.544, "Game Boy": 2.079, "YouTubes": 2.673, "Qing Dynasty": 3.069, "Bitcoin": 5.544, "The Nether": 2.079, "Cheshire Cat": 2.2769999999999997, "Onyx Black": 3.465, "Black": 8.93, "just": 1.683}, "Homemade Cake": {"Onyx Black": 2.165, "Black": 5.34, "just": 1.428}, "Cookie Heart": {"Onyx Black": 2.57, "Black": 7.345, "just": 1.564}, "Jester Hat": {"Onyx Black": 2.625, "Black": 6.82, "just": 1.4024999999999999}, "Holiday Drink": {"Onyx Black": 2.91, "Black": 5.865, "just": 1.5555}, "Ginger Cookie": {"Onyx Black": 3.9, "Black": 6.5, "just": 1.7}, "Hypno Lollipop": {"Onyx Black": 2.8449999999999998, "Black": 6.444999999999999, "just": 1.6064999999999998}, "Winter Wreath": {"Onyx Black": 2.64, "Black": 9.344999999999999, "just": 1.5215}, "Party Sparkler": {"Onyx Black": 3.6450000000000005, "Black": 7.044999999999999, "just": 1.6064999999999998}, "Jingle Bells": {"Onyx Black": 2.75, "Black": 7.005, "just": 1.7084999999999997}, "Tama Gadget": {"Onyx Black": 3.295, "Black": 7.04, "just": 1.7764999999999997}, "Jack-in-the-Box": {"Onyx Black": 3.0999999999999996, "Black": 7.875, "just": 1.8275}, "Star Notepad": {"Onyx Black": 3.855, "Black": 8.850000000000001, "just": 1.8784999999999998}, "Easter Egg": {"Onyx Black": 3.885, "Black": 10.735000000000001, "just": 2.0995}, "Santa Hat": {"Onyx Black": 3.48, "Black": 8.32, "just": 2.21}, "Hex Pot": {"Onyx Black": 3.8449999999999998, "Black": 10.345, "just": 2.2864999999999998}, "Restless Jar": {"Onyx Black": 4.015, "Black": 8.44, "just": 2.1504999999999996}, "Lush Bouquet": {"Onyx Black": 4.29, "Black": 7.89, "just": 2.193}, "Spiced Wine": {"Onyx Black": 2.814, "Black": 6.466000000000001, "just": 1.8615}, "Snow Globe": {"Onyx Black": 4.125, "Black": 10.350000000000001, "just": 2.295}, "Joyful Bundle": {"Onyx Black": 3.77, "Black": 8.145, "just": 2.3715}, "Light Sword": {"Onyx Black": 4.17, "Black": 9.77, "just": 2.5075000000000003}, "Witch Hat": {"Onyx Black": 4.355, "Black": 11.945, "just": 2.4565}, "Bow Tie": {"Onyx Black": 4.13, "Black": 12.713999999999999, "just": 2.7115}, "Eternal Candle": {"Onyx Black": 4.968, "Black": 13.967999999999998, "just": 2.788}, "Jelly Bunny": {"Onyx Black": 4.15, "Black": 10.100000000000001, "just": 2.72}, "Bunny Muffin": {"Onyx Black": 5.52, "Black": 11.748000000000001, "just": 3.043}, "Spy Agaric": {"Onyx Black": 5.077999999999999, "Black": 11.873999999999999, "just": 2.6605}, "Evil Eye": {"Onyx Black": 6.1, "Black": 13.14, "just": 2.975}, "Snow Mittens": {"Onyx Black": 4.82, "Black": 7.696, "just": 3.145}, "Berry Box": {"Onyx Black": 5.268, "Black": 11.851999999999999, "just": 3.2129999999999996}, "Valentine Box": {"Onyx Black": 8.5, "Black": 12.620000000000001, "just": 3.8249999999999997}, "Sakura Flower": {"Onyx Black": 6.548, "Black": 13.828, "just": 3.723}, "Hanging Star": {"Onyx Black": 8.26, "Black": 15.056, "just": 4.335}, "Sleigh Bell": {"Onyx Black": 10.4, "Black": 18.4, "just": 5.95}, "Love Candle": {"Onyx Black": 9.602, "Black": 16.482, "just": 6.3495}, "Skull Flower": {"Onyx Black": 10.552, "Black": 18.232, "just": 6.561999999999999}, "Crystal Ball": {"Onyx Black": 12.282, "Black": 30.201999999999998, "just": 6.5195}, "Trapped Heart": {"Onyx Black": 11.638, "Black": 20.03, "just": 7.4205000000000005}, "Top Hat": {"Onyx Black": 12.213999999999999, "Black": 25.666000000000004, "just": 6.5365}, "Love Potion": {"Onyx Black": 10.122, "Black": 22.122, "just": 7.539499999999999}, "Flying Broom": {"Onyx Black": 11.076, "Black": 17.276, "just": 8.041}, "Cupid Charm": {"Onyx Black": 17.352, "Black": 36.152, "just": 9.282}, "Record Player": {"Onyx Black": 10.994, "Black": 20.654, "just": 6.6215}, "Eternal Rose": {"Onyx Black": 18.36, "Black": 31.560000000000002, "just": 10.709999999999999}, "Mad Pumpkin": {"Onyx Black": 26.194, "Black": 40.994, "just": 14.441499999999998}, "Voodoo Doll": {"Onyx Black": 23.766, "Black": 58.266, "just": 14.5435}, "Diamond Ring": {"Onyx Black": 22.85, "Black": 39.25, "just": 14.237499999999999}, "Toy Bear": {"Onyx Black": 25.0, "Black": 49.4, "just": 16.15}, "Vintage Cigar": {"Onyx Black": 44.59, "Black": 53.794, "just": 19.5415}, "Neko Helmet": {"Onyx Black": 37.054, "Black": 63.04600000000001, "just": 21.3265}, "Low Rider": {"Onyx Black": 34.26, "Black": 87.9, "just": 20.825}, "Signet Ring": {"Onyx Black": 36.64, "Black": 77.84,