{"Snoop Dogg": {"Sapphire": 2.111, "AI Dogg": 3.153, "King Ruby": 1.9305000000000003, "Cold Topaz": 2.0255, "Goldizzle": 6.780499999999999, "Doberman": 3.5805000000000002, "Chrome": 2.491, "Doggfather": 3.2670000000000003, "King Snoop": 4.549, "Black Diamond": 2.2060000000000004, "Onyx Black": 3.373333333333333, "Black": 10.552307692307691, "just": 1.496}, "Swag Bag": {"Leopard": 1.9949999999999999, "Happy Herbs": 2.945, "April 20th": 2.945, "Darkness": 2.1849999999999996, "Take It Easy": 2.4699999999999998, "Cashback": 2.945, "Gin & Jewels": 2.375, "Bulk Order": 2.4699999999999998, "Snoop Life": 2.565, "Missionary": 6.6499999999999995, "Boiling Hot": 2.375, "Onyx Black": 3.1500000000000004, "Black": 6.949999999999999, "just": 1.615}, "Snoop Cigar": {"Onyx Black": 7.695, "Black": 18.450000000000003, "just": 3.74}, "Lol Pop": {"Einstein": 1.518, "Pumpkin": 1.518, "Angelina": 2.0460000000000003, "Sick Leave": 1.518, "Hexed Helix": 1.518, "Jolly Roger": 1.584, "Watermelon": 1.3860000000000001, "Blood Sucker": 1.6500000000000001, "Cookie Dip": 1.4520000000000002, "Heart Pop": 1.518, "Nostalgia": 1.3860000000000001, "Glowstick": 2.0460000000000003, "Shock Wave": 1.3860000000000001, "Comic Crunch": 1.4520000000000002, "Soap Bubbles": 1.3860000000000001, "Jinxed": 1.7160000000000002, "Crystalline": 1.3860000000000001, "Celestia": 2.0460000000000003, "Rosebud": 1.584, "Cobweb": 1.4520000000000002, "Pink Foil": 1.3860000000000001, "Dark Sky": 1.518, "Satellite": 1.7160000000000002, "Icicle": 1.3860000000000001, "Fire Vortex": 1.3860000000000001, "Andromeda": 1.584, "Gold Star": 1.518, "Dark Portal": 1.7820000000000003, "Mortal Sin": 3.6959999999999997, "Blood Ember": 1.518, "Love Bubbles": 1.4520000000000002, "Milky Way": 1.4520000000000002, "Sweetheart": 1.518, "Doodle Art": 1.3860000000000001, "Romance": 1.3860000000000001, "Sailor Moon": 1.4520000000000002, "Onyx Black": 1.9100000000000001, "Black": 5.345, "just": 1.122}, "B-Day Candle": {"Final Boss": 1.9995, "Happy Meows": 1.9995, "Purr Magic": 1.9995, "On Fire": 1.9995, "Pixel Wish": 1.9995, "Kaboom!": 1.7415000000000003, "Payday": 1.9995, "Onyx Black": 1.7, "Black": 5.135, "just": 1.0965}, "Desk Calendar": {"Peach Week": 2.0615, "Sunday": 2.0615, "Durov Day": 2.66, "Fawkes Night": 4.655, "Burning Time": 2.0615, "Independence": 2.66, "Pepe Plans": 11.325000000000001, "Checklist": 1.7955000000000003, "Hodler": 3.7239999999999998, "Tic Tac Toe": 1.7955000000000003, "Investor": 5.365, "Adult Tasks": 25.665, "Fund Manager": 2.0615, "Deadline": 2.0615, "Heartbreak": 1.5294999999999999, "Balloon Face": 1.5294999999999999, "Telegram": 2.0615, "Onyx Black": 1.6600000000000001, "Black": 5.985, "just": 1.1305}, "Lunar Snake": {"Dragon Ball": 4.935, "Hellspawn": 2.1854999999999998, "Python Dev": 2.1854999999999998, "Soul Eater": 2.1854999999999998, "Psychedelic": 1.7625, "Hot Cherry": 1.9035, "Synthwave": 4.935, "Timelock": 1.6214999999999997, "Onyx Black": 2.205, "Black": 5.455, "just": 1.1985}, "Xmas Stocking": {"Onyx Black": 2.015, "Black": 5.43, "just": 1.1815}, "Snake Box": {"Onyx Black": 2.165, "Black": 5.935, "just": 1.1645}, "Pet Snake": {"Onyx Black": 2.4050000000000002, "Black": 5.754999999999999, "just": 1.5385}, "Candy Cane": {"Designer": 5.390000000000001, "Grinch": 3.08, "Sticky Sweet": 2.079, "Hex Pot": 3.08, "Onyx Black": 2.2199999999999998, "Black": 6.155, "just": 1.309}, "Whip Cupcake": {"Deep State": 1.9305, "Toncoin": 2.86, "Bitcoin": 10.615, "Resistance": 5.005, "Sponge Duck": 2.2165, "Onyx Black": 2.015, "Black": 5.465, "just": 1.2155}, "Big Year": {"YouTubes": 2.9295, "Bitcoin": 5.292, "Gold Mine": 6.614999999999999, "Creator": 2.9295, "Qing Dynasty": 3.78, "Big Brother": 2.9295, "The Hobbit": 3.78, "The Nether": 2.079, "Pokeball": 2.5515, "Cheshire Cat": 2.3625, "Telegram": 5.292, "Pavel Durov": 5.292, "First Website": 1.9845, "Game Boy": 2.079, "Onyx Black": 3.42, "Black": 8.37, "just": 1.6064999999999998}, "Homemade Cake": {"Onyx Black": 2.235, "Black": 5.435, "just": 1.4195}, "Cookie Heart": {"Onyx Black": 2.4250000000000003, "Black": 7.425000000000001, "just": 1.581}, "Jester Hat": {"Onyx Black": 2.63, "Black": 6.73, "just": 1.4109999999999998}, "Holiday Drink": {"Onyx Black": 2.92, "Black": 5.87, "just": 1.564}, "Ginger Cookie": {"Onyx Black": 3.92, "Black": 6.42, "just": 1.564}, "Hypno Lollipop": {"Onyx Black": 2.87, "Black": 6.470000000000001, "just": 1.649}, "Winter Wreath": {"Onyx Black": 2.69, "Black": 9.395, "just": 1.6064999999999998}, "Party Sparkler": {"Onyx Black": 4.33, "Black": 7.5, "just": 1.7}, "Jingle Bells": {"Onyx Black": 2.7800000000000002, "Black": 6.984999999999999, "just": 1.7594999999999998}, "Tama Gadget": {"Onyx Black": 3.2800000000000002, "Black": 7.029999999999999, "just": 1.751}, "Jack-in-the-Box": {"Onyx Black": 3.12, "Black": 7.925000000000001, "just": 1.8615}, "Star Notepad": {"Onyx Black": 3.94, "Black": 9.010000000000002, "just": 2.0229999999999997}, "Easter Egg": {"Onyx Black": 3.885, "Black": 11.035000000000002, "just": 2.0995}, "Santa Hat": {"Onyx Black": 3.462, "Black": 8.241999999999999, "just": 2.0995}, "Hex Pot": {"Onyx Black": 3.9250000000000003, "Black": 10.350000000000001, "just": 2.295}, "Restless Jar": {"Onyx Black": 3.95, "Black": 8.42, "just": 2.04}, "Lush Bouquet": {"Onyx Black": 4.355, "Black": 8.004999999999999, "just": 2.3035}, "Spiced Wine": {"Onyx Black": 2.882, "Black": 6.678000000000001, "just": 2.0995}, "Snow Globe": {"Onyx Black": 4.15, "Black": 10.375, "just": 2.3375}, "Joyful Bundle": {"Onyx Black": 4.085, "Black": 8.145, "just": 2.3715}, "Light Sword": {"Onyx Black": 4.102, "Black": 9.782, "just": 2.5245}, "Witch Hat": {"Onyx Black": 4.365, "Black": 11.950000000000001, "just": 2.465}, "Bow Tie": {"Onyx Black": 4.112, "Black": 13.26, "just": 2.686}, "Eternal Candle": {"Onyx Black": 4.808, "Black": 11.828, "just": 2.8729999999999998}, "Jelly Bunny": {"Onyx Black": 4.550000000000001, "Black": 10.325, "just": 2.72}, "Bunny Muffin": {"Onyx Black": 6.022, "Black": 11.622, "just": 2.8645}, "Spy Agaric": {"Onyx Black": 5.09, "Black": 11.89, "just": 2.6774999999999998}, "Evil Eye": {"Onyx Black": 6.1240000000000006, "Black": 13.123999999999999, "just": 3.009}, "Snow Mittens": {"Onyx Black": 4.76, "Black": 7.635999999999999, "just": 3.06}, "Berry Box": {"Onyx Black": 4.806, "Black": 11.834, "just": 3.1875}, "Valentine Box": {"Onyx Black": 8.596, "Black": 12.756, "just": 3.961}, "Sakura Flower": {"Onyx Black": 6.398, "Black": 14.598, "just": 3.6805}, "Hanging Star": {"Onyx Black": 8.17, "Black": 14.966000000000001, "just": 4.2075000000000005}, "Sleigh Bell": {"Onyx Black": 10.588000000000001, "Black": 18.387999999999998, "just": 5.933}, "Love Candle": {"Onyx Black": 9.92, "Black": 16.8, "just": 6.8}, "Skull Flower": {"Onyx Black": 10.72, "Black": 16.8, "just": 6.8}, "Crystal Ball": {"Onyx Black": 12.143999999999998, "Black": 30.864, "just": 6.324}, "Trapped Heart": {"Onyx Black": 11.41, "Black": 20.177999999999997, "just": 7.097499999999999}, "Top Hat": {"Onyx Black": 12.454, "Black": 25.906000000000002, "just": 6.8765}, "Love Potion": {"Onyx Black": 10.194, "Black": 22.194, "just": 7.6415}, "Flying Broom": {"Onyx Black": 11.040000000000001, "Black": 17.240000000000002, "just": 7.99}, "Cupid Charm": {"Onyx Black": 17.724, "Black": 36.524, "just": 9.809}, "Record Player": {"Onyx Black": 11.174, "Black": 20.834000000000003, "just": 6.8765}, "Eternal Rose": {"Onyx Black": 18.42, "Black": 33.62, "just": 10.795}, "Mad Pumpkin": {"Onyx Black": 26.439999999999998, "Black": 42.44, "just": 14.79}, "Voodoo Doll": {"Onyx Black": 23.082, "Black": 57.582, "just": 13.5745}, "Diamond Ring": {"Onyx Black": 22.214, "Black": 38.614, "just": 13.3365}, "Toy Bear": {"Onyx Black": 24.9, "Black": 49.4, "just": 16.15}, "Vintage Cigar": {"Onyx Black": 44.474000000000004, "Black": 60.474000000000004, "just": 19.371499999999997}, "Neko Helmet": {"Onyx Black": 38.056, "Black": 64.048, "just": 22.746000000000002}, "Low Rider": {"Onyx Black": 34.576,