{"Snoop Dogg": {"Goldizzle": 7.8955, "Sapphire": 2.0585, "Doberman": 3.763, "AI Dogg": 2.7565, "Black Diamond": 2.1155, "Doggfather": 3.2405, "King Snoop": 6.0805, "Chrome": 2.5665, "Onyx Black": 3.756666666666667, "Black": 10.200769230769229, "just": 1.5895000000000001}, "Swag Bag": {"Boiling Hot": 2.7, "Darkness": 2.1, "Take It Easy": 2.6, "Gin & Jewels": 2.4, "Cashback": 3.1, "Snoop Life": 2.5, "April 20th": 2.7, "Missionary": 8.45, "Golden Nugs": 2.1, "Bulk Order": 2.2, "Happy Herbs": 3.1, "Onyx Black": 3.95, "Black": 7.195, "just": 1.7}, "Snoop Cigar": {"Onyx Black": 8.42, "Black": 19.945, "just": 4.165}, "Lol Pop": {"Einstein": 1.716, "Plastic Ice": 1.5015, "Pumpkin": 2.2165, "Milky Way": 1.5015, "Sick Leave": 1.5015, "Blood Sucker": 1.716, "Mortal Sin": 2.86, "Heart Pop": 1.5015, "Love Bubbles": 1.6444999999999999, "Cobweb": 1.573, "Rosebud": 1.716, "Nostalgia": 1.5015, "Dark Sky": 1.573, "Crystalline": 1.5015, "Shock Wave": 1.5015, "Comic Crunch": 1.5015, "Doodle Art": 1.573, "Andromeda": 1.9305, "Glowstick": 1.9305, "Blood Ember": 1.6730999999999998, "Angelina": 2.2165, "Hexed Helix": 1.573, "Gold Star": 1.5015, "Satellite": 1.6730999999999998, "Fire Vortex": 1.5015, "Jolly Roger": 1.6730999999999998, "Icicle": 1.5015, "Celestia": 1.9305, "Jinxed": 1.716, "Dark Portal": 1.573, "Sweetheart": 1.716, "Onyx Black": 1.915, "Black": 4.96, "just": 1.2155}, "B-Day Candle": {"Kaboom!": 2.1545, "On Fire": 2.1545, "Final Boss": 2.1545, "Payday": 2.1545, "Pixel Wish": 2.1545, "Purr Magic": 2.1545, "Happy Meows": 2.1545, "Onyx Black": 1.7850000000000001, "Black": 4.945, "just": 1.1815}, "Desk Calendar": {"Hodler": 4.62, "Checklist": 1.7820000000000003, "Adult Tasks": 25.605, "Deadline": 2.0460000000000003, "Telegram": 2.64, "Fawkes Night": 5.605, "Tic Tac Toe": 1.6500000000000001, "Independence": 2.0460000000000003, "Burning Time": 2.0460000000000003, "Peach Week": 2.0460000000000003, "Durov Day": 6.6000000000000005, "Investor": 9.535, "Balloon Face": 1.6500000000000001, "Sunday": 2.0460000000000003, "Fund Manager": 2.64, "Pepe Plans": 14.155, "Heartbreak": 1.5444, "Onyx Black": 1.7349999999999999, "Black": 4.98, "just": 1.122}, "Lunar Snake": {"Dragon Ball": 5.145, "Soul Eater": 2.2785, "Psychedelic": 1.911, "Hellspawn": 1.911, "Hot Cherry": 1.9845000000000002, "Synthwave": 5.145, "Timelock": 2.2785, "Python Dev": 2.2785, "Onyx Black": 2.835, "Black": 5.475, "just": 1.2495}, "Xmas Stocking": {"Onyx Black": 2.035, "Black": 5.905, "just": 1.2069999999999999}, "Snake Box": {"Onyx Black": 2.17, "Black": 6.0249999999999995, "just": 1.3175}, "Pet Snake": {"Onyx Black": 2.43, "Black": 5.915000000000001, "just": 1.581}, "Candy Cane": {"Sticky Sweet": 1.975, "Grinch": 3.16, "Designer": 5.53, "Hex Pot": 3.16, "Onyx Black": 2.14, "Black": 5.795, "just": 1.343}, "Whip Cupcake": {"Resistance": 5.390000000000001, "Deep State": 2.079, "Bitcoin": 11.77, "Toncoin": 2.387, "Sponge Duck": 2.387, "Onyx Black": 2.435, "Black": 5.43, "just": 1.309}, "Big Year": {"Bitcoin": 5.263999999999999, "Game Boy": 2.068, "Qing Dynasty": 2.9139999999999997, "Gold Mine": 6.58, "Pokeball": 2.538, "YouTubes": 2.9139999999999997, "Cheshire Cat": 2.9139999999999997, "The Hobbit": 3.76, "Telegram": 5.263999999999999, "The Nether": 2.538, "First Website": 2.538, "Creator": 2.9139999999999997, "Balloons": 1.974, "Big Brother": 2.9139999999999997, "Pavel Durov": 8.940000000000001, "Onyx Black": 3.535, "Black": 8.440000000000001, "just": 1.5979999999999999}, "Homemade Cake": {"Onyx Black": 2.225, "Black": 5.324999999999999, "just": 1.581}, "Cookie Heart": {"Onyx Black": 2.73, "Black": 6.63, "just": 1.666}, "Jester Hat": {"Onyx Black": 2.545, "Black": 6.47, "just": 1.5215}, "Holiday Drink": {"Onyx Black": 2.645, "Black": 6.275, "just": 1.5725}, "Ginger Cookie": {"Onyx Black": 3.625, "Black": 7.220000000000001, "just": 1.6575}, "Hypno Lollipop": {"Onyx Black": 3.3200000000000003, "Black": 7.345, "just": 1.6915}, "Winter Wreath": {"Moon Cat": 90.97, "Onyx Black": 2.87, "Black": 7.92, "just": 1.649}, "Party Sparkler": {"Onyx Black": 2.9, "Black": 6.699999999999999, "just": 1.615}, "Jingle Bells": {"Onyx Black": 2.935, "Black": 6.39, "just": 1.6915}, "Tama Gadget": {"Onyx Black": 3.43, "Black": 6.760000000000001, "just": 1.734}, "Jack-in-the-Box": {"Onyx Black": 3.1, "Black": 6.8500000000000005, "just": 1.87}, "Star Notepad": {"Onyx Black": 3.605, "Black": 9.32, "just": 1.9889999999999999}, "Easter Egg": {"Onyx Black": 3.77, "Black": 10.855, "just": 2.38}, "Santa Hat": {"Onyx Black": 3.746, "Black": 9.206, "just": 2.3035}, "Hex Pot": {"Onyx Black": 3.955, "Black": 9.315000000000001, "just": 2.3035}, "Restless Jar": {"Onyx Black": 3.715, "Black": 8.559999999999999, "just": 2.2355}, "Lush Bouquet": {"Onyx Black": 4.72, "Black": 8.25, "just": 2.5925}, "Spiced Wine": {"Onyx Black": 3.0300000000000002, "Black": 6.866, "just": 2.0825}, "Snow Globe": {"Onyx Black": 7.5, "Black": 10.1, "just": 2.55}, "Joyful Bundle": {"Onyx Black": 4.9350000000000005, "Black": 8.934999999999999, "just": 2.4395000000000002}, "Light Sword": {"Onyx Black": 4.852, "Black": 10.267999999999999, "just": 2.652}, "Witch Hat": {"Onyx Black": 4.675, "Black": 12.024999999999999, "just": 2.5925}, "Bow Tie": {"Onyx Black": 6.3100000000000005, "Black": 12.306, "just": 2.7115}, "Eternal Candle": {"Onyx Black": 5.38, "Black": 10.972, "just": 3.094}, "Jelly Bunny": {"Onyx Black": 4.84, "Black": 11.395, "just": 2.7965}, "Bunny Muffin": {"Onyx Black": 6.782, "Black": 16.782, "just": 3.5444999999999998}, "Spy Agaric": {"Onyx Black": 6.848, "Black": 10.392, "just": 2.907}, "Evil Eye": {"Onyx Black": 6.9239999999999995, "Black": 14.328, "just": 3.298}, "Snow Mittens": {"Onyx Black": 5.904, "Black": 8.624, "just": 3.264}, "Berry Box": {"Onyx Black": 4.798, "Black": 10.494, "just": 3.1705}, "Valentine Box": {"Onyx Black": 7.05, "Black": 12.65, "just": 4.0375}, "Sakura Flower": {"Onyx Black": 6.884, "Black": 16.28, "just": 4.369}, "Hanging Star": {"Onyx Black": 9.074000000000002, "Black": 15.322, "just": 4.9895}, "Sleigh Bell": {"Onyx Black": 10.894, "Black": 24.094, "just": 6.3665}, "Love Candle": {"Onyx Black": 10.38, "Black": 15.740000000000002, "just": 7.565}, "Skull Flower": {"Onyx Black": 11.059999999999999, "Black": 18.379999999999995, "just": 6.885}, "Crystal Ball": {"Onyx Black": 12.276, "Black": 27.112000000000002, "just": 6.681}, "Trapped Heart": {"Onyx Black": 11.533999999999999, "Black": 20.733999999999998, "just": 6.706499999999999}, "Top Hat": {"Onyx Black": 14.29, "Black": 26.381999999999998, "just": 6.7745}, "Love Potion": {"Onyx Black": 12.505999999999998, "Black": 23.87, "just": 8.321499999999999}, "Flying Broom": {"Onyx Black": 10.774, "Black": 18.774, "just": 7.896499999999999}, "Cupid Charm": {"Onyx Black": 18.118, "Black": 32.717999999999996, "just": 9.8005}, "Record Player": {"Onyx Black": 10.356, "Black": 20.356, "just": 6.170999999999999}, "Eternal Rose": {"Onyx Black": 18.108, "Black": 35.587999999999994, "just": 11.883000000000001}, "Mad Pumpkin": {"Onyx Black": 23.828, "Black": 40.228, "just": 15.623}, "Voodoo Doll": {"Onyx Black": 24.564, "Black": 48.184, "just": 14.994}, "Diamond Ring": {"Onyx Black": 20.734, "Black": 41.534, "just": 13.5065}, "Toy Bear": {"Onyx Black": 30.924, "Black": 46.924, "just": 20.009}, "Vintage Cigar": {"Onyx Black": 33.8, "Black": 57.8, "just": 19.55}, "Neko Helmet": {"Onyx Black": 37.244, "Black": 64.644, "just": 23.578999999999997}, "Low Rider": {"Onyx Black": 33.134, "Black": 76.73400000000001, "just": 22.0065}, "Signet Ring": {"Onyx Black": 37.6, "Black": 74.8, "just": 23.8}, "Electric Skull": {"Onyx Black": 42.366, "Black": 75.17, "just": 27.1575}, "Kissed Frog": {"Onyx Black": 43.986000000000004, "Black": 78.634, "just": 26.6815}, "Swiss Watch": {"Onyx Black": 47.27, "Black": 75.27000000000001, "just": 33.5325}, "Sharp Tongue": {"Onyx Black": 53.826, "Black": 139.826, "just": 33.7535}, "Genie Lamp": {"Onyx Black": 67.682, "Black": 185.28199999999998, "just": 42.049499999999995},