{"Snoop Dogg": {"Doggfather": 3.0105000000000004, "Black Diamond": 2.2155, "Goldizzle": 7.2405, "Green Light": 1.9020000000000001, "AI Dogg": 3.058, "Sapphire": 2.016, "Doberman": 3.3905000000000003, "Cold Topaz": 2.016, "King Snoop": 5.0905000000000005, "Chrome": 2.263, "King Ruby": 1.7595000000000003, "Onyx Black": 2.87, "Black": 10.27923076923077, "just": 1.3685}, "Swag Bag": {"Happy Herbs": 2.7745, "Bulk Order": 1.9690000000000003, "Gin & Jewels": 2.327, "Take It Easy": 2.148, "Boiling Hot": 2.0585, "Snoop Life": 2.2375, "April 20th": 2.7745, "Dogg’s Loot": 1.8795000000000002, "Darkness": 1.9690000000000003, "Cashback": 2.7745, "P.I.M.P.": 1.9690000000000003, "Missionary": 6.265000000000001, "Onyx Black": 2.765, "Black": 6.89, "just": 1.5215}, "Snoop Cigar": {"Onyx Black": 8.24, "Black": 18.740000000000002, "just": 3.8080000000000003}, "Lol Pop": {"Sick Leave": 1.344, "Rosebud": 1.6640000000000001, "Doodle Art": 1.6, "Blood Sucker": 1.6, "Andromeda": 1.6640000000000001, "Sweetheart": 1.472, "Fire Vortex": 1.4080000000000001, "Soap Bubbles": 1.344, "Milky Way": 1.4080000000000001, "Glowstick": 1.9840000000000002, "Pumpkin": 1.472, "Mortal Sin": 3.5839999999999996, "Blood Ember": 1.6640000000000001, "Dark Sky": 1.472, "Jolly Roger": 1.6640000000000001, "Cobweb": 1.4080000000000001, "Einstein": 1.4080000000000001, "Angelina": 1.9840000000000002, "Hexed Helix": 1.4080000000000001, "Heart Pop": 1.4080000000000001, "Icicle": 1.4080000000000001, "Comic Crunch": 1.344, "Wonka Berry": 1.344, "Love Bubbles": 1.6, "Jinxed": 1.472, "Pink Foil": 1.344, "Sailor Moon": 1.472, "Watermelon": 1.4080000000000001, "Satellite": 1.6, "Dark Portal": 1.6, "Nostalgia": 1.344, "Cookie Dip": 1.472, "Celestia": 1.9840000000000002, "Onyx Black": 1.79, "Black": 4.864999999999999, "just": 1.088}, "B-Day Candle": {"Kaboom!": 1.9065, "Purr Magic": 2.46, "Payday": 2.46, "On Fire": 2.46, "Pixel Wish": 1.9065, "Shocker": 1.9065, "Final Boss": 1.9065, "Happy Meows": 2.46, "Onyx Black": 1.63, "Black": 4.115, "just": 1.0454999999999999}, "Desk Calendar": {"Pepe Plans": 4.305, "Checklist": 1.9065, "Balloon Face": 1.599, "Hodler": 4.305, "Fawkes Night": 3.444, "Fund Manager": 1.9065, "Independence": 3.444, "Burning Time": 1.9065, "Deadline": 2.46, "Investor": 4.305, "Heartbreak": 1.4144999999999999, "Peach Week": 1.6605, "Telegram": 1.9065, "Durov Day": 2.46, "Adult Tasks": 4.305, "Sunday": 2.46, "Tic Tac Toe": 1.9065, "Onyx Black": 1.76, "Black": 4.654999999999999, "just": 1.0454999999999999}, "Lunar Snake": {"Timelock": 1.89, "Soul Eater": 2.17, "Dragon Ball": 4.8999999999999995, "Python Dev": 2.17, "Hellspawn": 2.17, "Hot Cherry": 2.17, "Synthwave": 3.9199999999999995, "Psychedelic": 2.17, "Onyx Black": 1.95, "Black": 4.799999999999999, "just": 1.19}, "Xmas Stocking": {"Onyx Black": 1.975, "Black": 4.65, "just": 1.1475}, "Snake Box": {"Onyx Black": 1.965, "Black": 4.765, "just": 1.1305}, "Pet Snake": {"Onyx Black": 2.075, "Black": 5.324999999999999, "just": 1.4024999999999999}, "Candy Cane": {"Grinch": 2.604, "Hex Pot": 2.604, "Sticky Sweet": 2.2680000000000002, "Designer": 5.88, "Onyx Black": 2.4, "Black": 6.1899999999999995, "just": 1.428}, "Whip Cupcake": {"Sponge Duck": 2.17, "Resistance": 4.8999999999999995, "Bitcoin": 4.8999999999999995, "Toncoin": 2.17, "Deep State": 2.17, "Onyx Black": 2.0999999999999996, "Black": 4.945, "just": 1.19}, "Big Year": {"Game Boy": 2.2375, "Bitcoin": 5.012, "Creator": 2.327, "Qing Dynasty": 2.7745, "Pokeball": 2.7745, "The Nether": 2.327, "Balloons": 1.8795000000000002, "Pavel Durov": 3.58, "Big Brother": 2.7745, "Telegram": 5.012, "Gold Mine": 5.012, "The Hobbit": 3.58, "YouTubes": 2.7745, "First Website": 2.2375, "Cheshire Cat": 1.9690000000000003, "Onyx Black": 2.795, "Black": 7.845, "just": 1.5215}, "Homemade Cake": {"Onyx Black": 1.93, "Black": 4.779999999999999, "just": 1.326}, "Cookie Heart": {"Onyx Black": 2.435, "Black": 6.83, "just": 1.496}, "Jester Hat": {"Onyx Black": 2.83, "Black": 6.335, "just": 1.4195}, "Holiday Drink": {"Onyx Black": 2.325, "Black": 5.885, "just": 1.5045}, "Ginger Cookie": {"Onyx Black": 2.815, "Black": 6.365, "just": 1.5555}, "Hypno Lollipop": {"Onyx Black": 2.6950000000000003, "Black": 6.89, "just": 1.5215}, "Winter Wreath": {"Onyx Black": 2.38, "Black": 8.805, "just": 1.5385}, "Party Sparkler": {"Onyx Black": 2.45, "Black": 6.449999999999999, "just": 1.615}, "Jingle Bells": {"Onyx Black": 2.6350000000000002, "Black": 5.4, "just": 1.53}, "Tama Gadget": {"Onyx Black": 2.625, "Black": 6.13, "just": 1.496}, "Jack-in-the-Box": {"Onyx Black": 2.545, "Black": 7.77, "just": 1.7764999999999997}, "Star Notepad": {"Onyx Black": 3.3, "Black": 9.295, "just": 1.8275}, "Easter Egg": {"Onyx Black": 3.7750000000000004, "Black": 10.825000000000001, "just": 2.04}, "Santa Hat": {"Onyx Black": 3.2350000000000003, "Black": 9.735, "just": 2.0995}, "Hex Pot": {"Onyx Black": 3.73, "Black": 7.954999999999999, "just": 2.0909999999999997}, "Restless Jar": {"Onyx Black": 3.84, "Black": 7.94, "just": 2.0229999999999997}, "Lush Bouquet": {"Onyx Black": 3.4450000000000003, "Black": 8.595, "just": 2.2864999999999998}, "Spiced Wine": {"Onyx Black": 3.1, "Black": 7.5, "just": 1.7}, "Snow Globe": {"Onyx Black": 4.055, "Black": 9.129999999999999, "just": 2.0909999999999997}, "Joyful Bundle": {"Onyx Black": 3.6950000000000003, "Black": 8.52, "just": 2.244}, "Light Sword": {"Onyx Black": 4.115, "Black": 11.415000000000001, "just": 2.4055}, "Witch Hat": {"Onyx Black": 3.9850000000000003, "Black": 10.16, "just": 2.3545}, "Bow Tie": {"Onyx Black": 4.775, "Black": 14.775000000000002, "just": 2.72}, "Eternal Candle": {"Onyx Black": 5.220000000000001, "Black": 10.215, "just": 2.499}, "Jelly Bunny": {"Onyx Black": 4.6, "Black": 10.094999999999999, "just": 2.72}, "Bunny Muffin": {"Onyx Black": 4.59, "Black": 11.14, "just": 2.8729999999999998}, "Spy Agaric": {"Onyx Black": 5.359999999999999, "Black": 9.959999999999999, "just": 2.4905}, "Evil Eye": {"Onyx Black": 5.734999999999999, "Black": 14.19, "just": 2.9579999999999997}, "Snow Mittens": {"Onyx Black": 4.62, "Black": 8.865, "just": 2.499}, "Berry Box": {"Onyx Black": 4.735, "Black": 14.245, "just": 2.9665}, "Valentine Box": {"Onyx Black": 5.92, "Black": 10.91, "just": 3.264}, "Sakura Flower": {"Onyx Black": 5.640000000000001, "Black": 17.994999999999997, "just": 3.3915}, "Hanging Star": {"Onyx Black": 7.6899999999999995, "Black": 17.39, "just": 4.063}, "Sleigh Bell": {"Onyx Black": 9.77, "Black": 17.765, "just": 4.709}, "Love Candle": {"Onyx Black": 7.755000000000001, "Black": 14.555, "just": 5.1935}, "Skull Flower": {"Onyx Black": 8.565, "Black": 19.42, "just": 4.9639999999999995}, "Crystal Ball": {"Onyx Black": 10.205, "Black": 30.720000000000002, "just": 5.474}, "Trapped Heart": {"Onyx Black": 10.47, "Black": 22.97, "just": 6.7490000000000006}, "Top Hat": {"Onyx Black": 16.465, "Black": 26.17, "just": 6.494}, "Love Potion": {"Onyx Black": 10.195, "Black": 26.544999999999998, "just": 6.8765}, "Flying Broom": {"Onyx Black": 10.844999999999999, "Black": 21.845, "just": 7.386499999999999}, "Cupid Charm": {"Onyx Black": 16.465, "Black": 33.465, "just": 8.4405}, "Record Player": {"Onyx Black": 10.094999999999999, "Black": 24.095, "just": 6.961499999999999}, "Eternal Rose": {"Onyx Black": 19.245, "Black": 36.74, "just": 11.4665}, "Mad Pumpkin": {"Onyx Black": 18.15, "Black": 39.650000000000006, "just": 12.155000000000001}, "Voodoo Doll": {"Onyx Black": 20.425, "Black": 40.425, "just": 12.622499999999999}, "Diamond Ring": {"Onyx Black": 20.335, "Black": 43.635000000000005, "just": 12.9795}, "Toy Bear": {"Onyx Black": 22.25, "Black": 51.245, "just": 14.875}, "Vintage Cigar": {"Onyx Black": 43.465, "Black": 62.464999999999996, "just": 18.6405}, "Neko Helmet": {"Onyx Black": 41.980000000000004, "Black": 71.97999999999999, "just": 20.366}, "Low Rider": {"Onyx Black": 37.75, "Black": 100.25, "just": 19.974999999999998}, "Signet Ring": {"Onyx Black": 33.14, "Black": 90.25, "just": 19.125},