{"Snoop Dogg": {"King Snoop": 4.4655, "Cold Topaz": 1.9730000000000003, "Goldizzle": 6.770999999999999, "AI Dogg": 2.8655, "Black Diamond": 2.1155, "Sapphire": 2.239, "Chrome": 2.3435, "Doggfather": 2.965, "King Ruby": 1.9730000000000003, "Doberman": 3.231, "Onyx Black": 3.25, "Black": 10.033076923076923, "just": 1.5385}, "Swag Bag": {"Dogg’s Loot": 2.1, "Missionary": 8.495000000000001, "Leopard": 2.2, "Gin & Jewels": 2.6, "Boiling Hot": 2.4, "P.I.M.P.": 2.1, "Darkness": 2.1, "April 20th": 3.1, "Aviators": 2.1, "Cashback": 3.1, "Snoop Life": 3.1, "Take It Easy": 2.7, "Happy Herbs": 3.1, "Bulk Order": 2.3, "Onyx Black": 3.15, "Black": 7.5, "just": 1.7}, "Snoop Cigar": {"Onyx Black": 7.845000000000001, "Black": 19.22, "just": 4.0715}, "Lol Pop": {"Hollywood": 1.554, "Doodle Art": 1.6280000000000001, "Einstein": 1.7315999999999998, "Sick Leave": 1.554, "Satellite": 1.85, "Hexed Helix": 1.85, "Blood Ember": 1.7315999999999998, "Icy Touch": 1.554, "Milky Way": 1.554, "Andromeda": 1.998, "Cobweb": 1.554, "Sweetheart": 1.85, "Dark Portal": 1.85, "Rosebud": 1.7315999999999998, "Angelina": 2.294, "Celestia": 2.294, "Blood Sucker": 1.998, "Heart Pop": 1.6280000000000001, "Love Bubbles": 1.85, "Glowstick": 1.998, "Mortal Sin": 2.96, "Shock Wave": 1.554, "Dark Sky": 1.6280000000000001, "Pumpkin": 1.7315999999999998, "Gold Star": 1.554, "Nostalgia": 1.554, "Jinxed": 1.6280000000000001, "Onyx Black": 1.99, "Black": 5.220000000000001, "just": 1.258}, "B-Day Candle": {"Kaboom!": 2.17, "Pixel Wish": 2.17, "Purr Magic": 2.17, "On Fire": 2.17, "Happy Meows": 2.17, "Payday": 2.17, "Final Boss": 2.17, "Onyx Black": 1.845, "Black": 5.16, "just": 1.19}, "Desk Calendar": {"Deadline": 2.201, "Adult Tasks": 27.615000000000002, "Durov Day": 4.97, "Heartbreak": 1.562, "Sunday": 1.917, "Burning Time": 2.201, "Tic Tac Toe": 2.201, "Independence": 2.201, "Investor": 8.71, "Pepe Plans": 12.705, "Fund Manager": 2.201, "Balloon Face": 1.8459999999999999, "Hodler": 4.97, "Peach Week": 2.201, "Checklist": 2.201, "Fawkes Night": 2.84, "Telegram": 2.201, "Onyx Black": 1.865, "Black": 5.31, "just": 1.2069999999999999}, "Lunar Snake": {"Hot Cherry": 1.998, "Synthwave": 5.18, "Soul Eater": 2.294, "Python Dev": 1.998, "Dragon Ball": 5.18, "Hellspawn": 1.998, "Timelock": 2.294, "Psychedelic": 1.85, "Onyx Black": 2.335, "Black": 5.4350000000000005, "just": 1.258}, "Xmas Stocking": {"Onyx Black": 2.25, "Black": 5.775, "just": 1.292}, "Snake Box": {"Onyx Black": 2.175, "Black": 5.42, "just": 1.326}, "Pet Snake": {"Onyx Black": 2.525, "Black": 5.945, "just": 1.615}, "Candy Cane": {"Sticky Sweet": 2.3560000000000003, "Grinch": 3.04, "Designer": 5.32, "Hex Pot": 4.255999999999999, "Onyx Black": 2.26, "Black": 5.605, "just": 1.292}, "Whip Cupcake": {"Sponge Duck": 2.542, "Resistance": 5.739999999999999, "Toncoin": 2.542, "Deep State": 2.214, "Bitcoin": 13.57, "Onyx Black": 2.17, "Black": 5.72, "just": 1.394}, "Big Year": {"YouTubes": 2.945, "Qing Dynasty": 2.945, "Gold Mine": 6.6499999999999995, "Pavel Durov": 10.4, "Creator": 2.945, "Telegram": 5.319999999999999, "Big Brother": 2.945, "Game Boy": 2.09, "Bitcoin": 5.319999999999999, "The Hobbit": 3.8, "Pokeball": 2.565, "First Website": 2.223, "Balloons": 2.1849999999999996, "The Nether": 2.945, "Cheshire Cat": 2.945, "Onyx Black": 3.9499999999999997, "Black": 9.1, "just": 1.615}, "Homemade Cake": {"Onyx Black": 2.3649999999999998, "Black": 5.6450000000000005, "just": 1.6064999999999998}, "Cookie Heart": {"Onyx Black": 2.645, "Black": 6.6899999999999995, "just": 1.6064999999999998}, "Jester Hat": {"Onyx Black": 2.46, "Black": 6.375, "just": 1.4875}, "Holiday Drink": {"Onyx Black": 2.7, "Black": 6.074999999999999, "just": 1.615}, "Ginger Cookie": {"Onyx Black": 3.55, "Black": 7.125000000000001, "just": 1.6575}, "Hypno Lollipop": {"Onyx Black": 3.45, "Black": 6.765, "just": 1.6404999999999998}, "Winter Wreath": {"Moon Cat": 90.99000000000001, "Onyx Black": 2.54, "Black": 6.984999999999999, "just": 1.683}, "Party Sparkler": {"Onyx Black": 2.96, "Black": 7.41, "just": 1.632}, "Jingle Bells": {"Onyx Black": 2.945, "Black": 6.145, "just": 1.7764999999999997}, "Tama Gadget": {"Onyx Black": 3.47, "Black": 6.784999999999999, "just": 1.802}, "Jack-in-the-Box": {"Onyx Black": 3.1, "Black": 6.95, "just": 1.87}, "Star Notepad": {"Onyx Black": 3.75, "Black": 9.425, "just": 1.9975}, "Easter Egg": {"Onyx Black": 3.8, "Black": 10.879999999999999, "just": 2.4225}, "Santa Hat": {"Onyx Black": 3.76, "Black": 8.276, "just": 2.38}, "Hex Pot": {"Onyx Black": 4.0, "Black": 9.84, "just": 2.3715}, "Restless Jar": {"Onyx Black": 3.945, "Black": 9.260000000000002, "just": 2.227}, "Lush Bouquet": {"Onyx Black": 5.244999999999999, "Black": 8.84, "just": 2.7115}, "Spiced Wine": {"Onyx Black": 3.3819999999999997, "Black": 7.09, "just": 2.1845}, "Snow Globe": {"Onyx Black": 4.885, "Black": 11.389999999999999, "just": 2.363}, "Joyful Bundle": {"Onyx Black": 4.385, "Black": 9.61, "just": 2.3545}, "Light Sword": {"Onyx Black": 4.396, "Black": 9.8, "just": 2.55}, "Witch Hat": {"Onyx Black": 4.2, "Black": 12.049999999999999, "just": 2.635}, "Bow Tie": {"Onyx Black": 4.682, "Black": 11.962, "just": 2.7795}, "Eternal Candle": {"Onyx Black": 5.39, "Black": 11.190000000000001, "just": 3.1025}, "Jelly Bunny": {"Onyx Black": 5.09, "Black": 10.18, "just": 2.8729999999999998}, "Bunny Muffin": {"Onyx Black": 4.554, "Black": 11.554, "just": 3.0515}, "Spy Agaric": {"Onyx Black": 5.4879999999999995, "Black": 10.48, "just": 2.9579999999999997}, "Evil Eye": {"Onyx Black": 6.318, "Black": 13.39, "just": 3.1025}, "Snow Mittens": {"Onyx Black": 6.286, "Black": 8.086, "just": 3.2385}, "Berry Box": {"Onyx Black": 5.272, "Black": 10.751999999999999, "just": 3.332}, "Valentine Box": {"Onyx Black": 7.24, "Black": 12.879999999999999, "just": 4.08}, "Sakura Flower": {"Onyx Black": 6.9, "Black": 16.104, "just": 4.114}, "Hanging Star": {"Onyx Black": 8.164, "Black": 15.364, "just": 5.049}, "Sleigh Bell": {"Onyx Black": 12.620000000000001, "Black": 20.619999999999997, "just": 6.545}, "Love Candle": {"Onyx Black": 10.17, "Black": 17.11, "just": 7.097499999999999}, "Skull Flower": {"Onyx Black": 11.42, "Black": 18.18, "just": 6.545}, "Crystal Ball": {"Onyx Black": 12.341999999999999, "Black": 27.182, "just": 6.7745}, "Trapped Heart": {"Onyx Black": 12.29, "Black": 19.130000000000003, "just": 7.2675}, "Top Hat": {"Onyx Black": 15.27, "Black": 26.874, "just": 7.471499999999999}, "Love Potion": {"Onyx Black": 11.358, "Black": 23.954, "just": 8.4405}, "Flying Broom": {"Onyx Black": 12.488, "Black": 17.288, "just": 8.058}, "Cupid Charm": {"Onyx Black": 16.84, "Black": 32.64, "just": 9.69}, "Record Player": {"Onyx Black": 10.488, "Black": 20.727999999999998, "just": 6.6979999999999995}, "Eternal Rose": {"Onyx Black": 19.1, "Black": 33.54, "just": 11.815}, "Mad Pumpkin": {"Onyx Black": 24.2, "Black": 39.8, "just": 16.15}, "Voodoo Doll": {"Onyx Black": 24.216, "Black": 44.635999999999996, "just": 14.500999999999998}, "Diamond Ring": {"Onyx Black": 21.094, "Black": 41.494, "just": 14.016499999999999}, "Toy Bear": {"Onyx Black": 33.8, "Black": 50.2, "just": 22.95}, "Vintage Cigar": {"Onyx Black": 37.128, "Black": 60.528000000000006, "just": 21.148}, "Neko Helmet": {"Onyx Black": 38.980000000000004, "Black": 66.9, "just": 24.055}, "Low Rider": {"Onyx Black": 32.534, "Black": 82.934, "just": 21.1565}, "Signet Ring": {"Onyx Black": 37.954, "Black": 76.754, "just": 24.3015}, "Electric Skull": {"Onyx Black": 45.546, "Black": 75.95, "just": 28.2625}, "Kissed Frog": {"Onyx Black": 45.48, "Black": 80.28, "just": 28.729999999999997}, "Swiss Watch": {"Onyx Black": 42.660000000000004, "Black": 72.66, "just": 29.835}, "Sharp Tongue": {"Onyx Black": 56.214, "Black": 141.014, "just": 35.436499999999995}, "Genie Lamp": {"Onyx Black": 67.97, "Black": 185.97000000000003, "just": 42.4575}, "Scared Cat": {"Onyx Black": 73.994, "Black": 173.994, "just": 42.4915}, "Westside Sign": {"Onyx Black": 65.4, "Black": 138.6, "just": 43.35},