{"Snoop Dogg": {"King Ruby": 2.0490000000000004, "Black Gold": 2.011, "King Snoop": 5.824, "Goldizzle": 7.5215, "AI Dogg": 3.046, "Doberman": 3.7155000000000005, "Black Diamond": 2.0965000000000003, "Sapphire": 2.1439999999999997, "Emerald": 1.992, "Cold Topaz": 2.0015, "Green Light": 1.992, "Chrome": 2.5810000000000004, "Doggfather": 3.4305000000000003, "Onyx Black": 3.69, "Black": 10.266923076923076, "just": 1.6064999999999998}, "Swag Bag": {"Snoop Life": 2.6, "Boiling Hot": 2.7, "Take It Easy": 2.6, "Missionary": 8.5, "April 20th": 3.1, "Dogg’s Loot": 2.2, "Bulk Order": 2.34, "Cashback": 3.1, "Leopard": 2.1, "Gin & Jewels": 2.6, "Golden Nugs": 2.1, "Darkness": 2.2, "Happy Herbs": 3.1, "Onyx Black": 3.735, "Black": 7.25, "just": 1.7}, "Snoop Cigar": {"Onyx Black": 8.42, "Black": 19.94, "just": 4.156499999999999}, "Lol Pop": {"Dark Portal": 1.728, "Doodle Art": 1.584, "Jinxed": 1.584, "Andromeda": 1.944, "Glowstick": 1.944, "Milky Way": 1.512, "Watermelon": 1.512, "Nostalgia": 1.512, "Gold Star": 1.512, "Love Bubbles": 1.6847999999999999, "Celestia": 1.944, "Blood Sucker": 1.8719999999999999, "Dark Sky": 1.584, "Einstein": 1.6847999999999999, "Heart Pop": 1.512, "Jolly Roger": 1.656, "Crystalline": 1.512, "Pumpkin": 2.2319999999999998, "Mortal Sin": 4.032, "Blood Ember": 1.6847999999999999, "Sweetheart": 1.728, "Rosebud": 1.728, "Fire Vortex": 1.584, "Comic Crunch": 1.512, "Shock Wave": 1.512, "Angelina": 2.2319999999999998, "Crystal Comet": 1.512, "Satellite": 1.6847999999999999, "Cobweb": 1.584, "Hexed Helix": 1.728, "Plastic Ice": 1.512, "Hollywood": 1.512, "Onyx Black": 1.97, "Black": 5.07, "just": 1.224}, "B-Day Candle": {"Purr Magic": 2.108, "Final Boss": 2.108, "Happy Meows": 2.108, "Kaboom!": 2.108, "Payday": 2.108, "On Fire": 2.108, "Pixel Wish": 2.108, "Onyx Black": 1.77, "Black": 5.055, "just": 1.1560000000000001}, "Desk Calendar": {"Heartbreak": 1.4740000000000002, "Independence": 2.0770000000000004, "Balloon Face": 1.7420000000000002, "Peach Week": 2.0770000000000004, "Tic Tac Toe": 1.675, "Checklist": 2.0770000000000004, "Durov Day": 6.8149999999999995, "Investor": 8.17, "Adult Tasks": 25.615, "Hodler": 4.69, "Pepe Plans": 14.67, "Telegram": 2.68, "Fund Manager": 2.0770000000000004, "Deadline": 2.0770000000000004, "Burning Time": 2.0770000000000004, "Sunday": 2.0770000000000004, "Fawkes Night": 5.42, "Onyx Black": 1.795, "Black": 5.115, "just": 1.139}, "Lunar Snake": {"Timelock": 2.3095, "Soul Eater": 2.3095, "Hellspawn": 2.0115000000000003, "Psychedelic": 1.788, "Python Dev": 2.3095, "Synthwave": 4.172, "Hot Cherry": 2.0115000000000003, "Dragon Ball": 5.215, "Onyx Black": 2.245, "Black": 5.46, "just": 1.2665}, "Xmas Stocking": {"Onyx Black": 1.9899999999999998, "Black": 5.96, "just": 1.2155}, "Snake Box": {"Onyx Black": 1.9249999999999998, "Black": 5.275, "just": 1.3175}, "Pet Snake": {"Onyx Black": 2.45, "Black": 6.07, "just": 1.615}, "Candy Cane": {"Grinch": 3.06, "Hex Pot": 3.06, "Sticky Sweet": 2.0655, "Designer": 5.355, "Onyx Black": 2.085, "Black": 5.775, "just": 1.3005}, "Whip Cupcake": {"Sponge Duck": 2.542, "Toncoin": 2.542, "Resistance": 5.739999999999999, "Bitcoin": 11.82, "Deep State": 2.214, "Onyx Black": 2.565, "Black": 5.32, "just": 1.394}, "Big Year": {"Creator": 2.8830000000000005, "Cheshire Cat": 2.8830000000000005, "Gold Mine": 6.510000000000001, "Game Boy": 2.0460000000000003, "Pavel Durov": 9.355, "Balloons": 1.9530000000000003, "Big Brother": 2.8830000000000005, "Bitcoin": 5.208, "Telegram": 5.208, "The Hobbit": 3.72, "First Website": 2.1762, "YouTubes": 2.8830000000000005, "The Nether": 2.8830000000000005, "Pokeball": 2.511, "Qing Dynasty": 3.72, "Onyx Black": 3.5300000000000002, "Black": 8.93, "just": 1.581}, "Homemade Cake": {"Onyx Black": 2.2800000000000002, "Black": 5.085000000000001, "just": 1.5895000000000001}, "Cookie Heart": {"Onyx Black": 2.5700000000000003, "Black": 6.470000000000001, "just": 1.649}, "Jester Hat": {"Onyx Black": 2.645, "Black": 6.47, "just": 1.5215}, "Holiday Drink": {"Onyx Black": 2.705, "Black": 6.09, "just": 1.6404999999999998}, "Ginger Cookie": {"Onyx Black": 3.5300000000000002, "Black": 7.080000000000001, "just": 1.581}, "Hypno Lollipop": {"Onyx Black": 3.3049999999999997, "Black": 7.355, "just": 1.6235}, "Winter Wreath": {"Moon Cat": 100.99000000000001, "Onyx Black": 2.8899999999999997, "Black": 6.49, "just": 1.683}, "Party Sparkler": {"Onyx Black": 3.0149999999999997, "Black": 6.965, "just": 1.6404999999999998}, "Jingle Bells": {"Onyx Black": 2.98, "Black": 6.49, "just": 1.6915}, "Tama Gadget": {"Onyx Black": 3.135, "Black": 6.775, "just": 1.7594999999999998}, "Jack-in-the-Box": {"Onyx Black": 3.115, "Black": 6.865, "just": 1.8955}, "Star Notepad": {"Onyx Black": 3.62, "Black": 8.77, "just": 1.9889999999999999}, "Easter Egg": {"Onyx Black": 3.785, "Black": 10.87, "just": 2.4055}, "Santa Hat": {"Onyx Black": 3.7640000000000002, "Black": 9.224, "just": 2.329}, "Hex Pot": {"Onyx Black": 3.975, "Black": 9.315000000000001, "just": 2.3375}, "Restless Jar": {"Onyx Black": 3.735, "Black": 8.690000000000001, "just": 2.2355}, "Lush Bouquet": {"Onyx Black": 4.875, "Black": 8.370000000000001, "just": 2.5925}, "Spiced Wine": {"Onyx Black": 3.3200000000000003, "Black": 6.92, "just": 2.159}, "Snow Globe": {"Onyx Black": 4.375, "Black": 10.02, "just": 2.3375}, "Joyful Bundle": {"Onyx Black": 4.525, "Black": 9.425, "just": 2.4225}, "Light Sword": {"Onyx Black": 4.894, "Black": 10.314, "just": 2.7115}, "Witch Hat": {"Onyx Black": 4.49, "Black": 11.99, "just": 2.533}, "Bow Tie": {"Onyx Black": 5.484, "Black": 12.276, "just": 2.669}, "Eternal Candle": {"Onyx Black": 5.38, "Black": 10.972, "just": 3.094}, "Jelly Bunny": {"Onyx Black": 5.025, "Black": 11.774999999999999, "just": 3.0174999999999996}, "Bunny Muffin": {"Onyx Black": 6.763999999999999, "Black": 17.164, "just": 3.5189999999999997}, "Spy Agaric": {"Onyx Black": 6.890000000000001, "Black": 10.434000000000001, "just": 2.9665}, "Evil Eye": {"Onyx Black": 6.8740000000000006, "Black": 12.674, "just": 3.2215}, "Snow Mittens": {"Onyx Black": 6.054, "Black": 8.854, "just": 3.4764999999999997}, "Berry Box": {"Onyx Black": 4.8919999999999995, "Black": 10.692, "just": 3.247}, "Valentine Box": {"Onyx Black": 7.27, "Black": 12.709999999999999, "just": 4.1225}, "Sakura Flower": {"Onyx Black": 7.014, "Black": 13.43, "just": 4.2924999999999995}, "Hanging Star": {"Onyx Black": 9.4, "Black": 15.64, "just": 5.44}, "Sleigh Bell": {"Onyx Black": 10.764, "Black": 24.003999999999998, "just": 6.239}, "Love Candle": {"Onyx Black": 10.474, "Black": 15.794, "just": 7.6415}, "Skull Flower": {"Onyx Black": 11.6, "Black": 18.32, "just": 6.8}, "Crystal Ball": {"Onyx Black": 12.354, "Black": 27.194000000000003, "just": 6.7915}, "Trapped Heart": {"Onyx Black": 11.934000000000001, "Black": 20.793999999999997, "just": 6.7915}, "Top Hat": {"Onyx Black": 14.4, "Black": 27.2, "just": 6.8}, "Love Potion": {"Onyx Black": 12.564, "Black": 23.924, "just": 8.398}, "Flying Broom": {"Onyx Black": 11.372, "Black": 19.092, "just": 8.177}, "Cupid Charm": {"Onyx Black": 18.57, "Black": 32.97, "just": 10.157499999999999}, "Record Player": {"Onyx Black": 10.464, "Black": 20.464000000000002, "just": 6.324}, "Eternal Rose": {"Onyx Black": 18.0, "Black": 35.596, "just": 11.9}, "Mad Pumpkin": {"Onyx Black": 23.612000000000002, "Black": 40.012, "just": 15.316999999999998}, "Voodoo Doll": {"Onyx Black": 24.42, "Black": 50.44, "just": 14.79}, "Diamond Ring": {"Onyx Black": 21.04, "Black": 41.84, "just": 13.939999999999998}, "Toy Bear": {"Onyx Black": 31.628, "Black": 48.348, "just": 20.892999999999997}, "Vintage Cigar": {"Onyx Black": 35.194, "Black": 57.593999999999994, "just": 20.391499999999997}, "Neko Helmet": {"Onyx Black": 36.5, "Black": 63.9, "just": 22.525}, "Low Rider": {"Onyx Black": 32.9, "Black": 75.3, "just": 21.675}, "Signet Ring": {"Onyx Black": 37.306, "Black": 74.506, "just": 23.3835}, "Electric Skull": {"Onyx Black": 42.716, "Black": 74.72, "just": 26.52},