{"Snoop Dogg": {"Goldizzle": 7.0655, "Doggfather": 3.134, "Chrome": 2.2535000000000003, "King Snoop": 4.7105, "Black Diamond": 2.1775, "Doberman": 3.6755, "Sapphire": 2.0255, "AI Dogg": 3.4854999999999996, "Onyx Black": 3.3900000000000006, "Black": 10.79, "just": 1.5215}, "Swag Bag": {"April 20th": 2.8830000000000005, "P.I.M.P.": 1.9530000000000003, "Gin & Jewels": 2.325, "Boiling Hot": 2.511, "Happy Herbs": 2.8830000000000005, "Bulk Order": 2.325, "Missionary": 6.510000000000001, "Take It Easy": 2.418, "Golden Nugs": 1.9530000000000003, "Darkness": 2.232, "Snoop Life": 2.418, "Leopard": 2.0460000000000003, "Cashback": 2.8830000000000005, "Onyx Black": 2.92, "Black": 6.930000000000001, "just": 1.581}, "Snoop Cigar": {"Onyx Black": 7.665, "Black": 17.215, "just": 3.7655}, "Lol Pop": {"Pumpkin": 1.4489999999999998, "Satellite": 1.7249999999999999, "Icicle": 1.4489999999999998, "Einstein": 1.518, "Watermelon": 1.4489999999999998, "Blood Sucker": 1.5869999999999997, "Portable Pop": 1.4489999999999998, "Celestia": 2.139, "Dark Sky": 1.518, "Blood Ember": 1.518, "Sweetheart": 1.518, "Hexed Helix": 1.518, "Jinxed": 1.518, "Dark Portal": 2.139, "Pink Foil": 1.4489999999999998, "Angelina": 2.139, "Heart Pop": 1.518, "Cookie Dip": 1.518, "Doodle Art": 1.4489999999999998, "Cobweb": 1.5869999999999997, "Wonka Berry": 1.4489999999999998, "Sick Leave": 1.518, "Nostalgia": 1.4489999999999998, "Rosebud": 1.7249999999999999, "Mortal Sin": 3.8639999999999994, "Love Bubbles": 1.4489999999999998, "Comic Crunch": 1.5869999999999997, "Milky Way": 1.4489999999999998, "Glowstick": 2.139, "Sailor Moon": 1.5869999999999997, "Andromeda": 1.5869999999999997, "Jolly Roger": 1.5869999999999997, "Onyx Black": 1.905, "Black": 5.405, "just": 1.1729999999999998}, "B-Day Candle": {"Purr Magic": 2.0615, "On Fire": 2.0615, "Kaboom!": 1.7955000000000003, "Happy Meows": 2.0615, "Pixel Wish": 2.0615, "Final Boss": 2.66, "Payday": 2.0615, "Onyx Black": 1.715, "Black": 5.6, "just": 1.1305}, "Desk Calendar": {"Burning Time": 2.0305, "Telegram": 2.0305, "Sunday": 2.0305, "Durov Day": 2.0305, "Hodler": 3.6679999999999997, "Checklist": 1.7685000000000002, "Fawkes Night": 6.154999999999999, "Fund Manager": 2.0305, "Independence": 2.62, "Pepe Plans": 11.475000000000001, "Peach Week": 2.0305, "Deadline": 2.0305, "Balloon Face": 1.5065, "Investor": 5.3100000000000005, "Adult Tasks": 27.654999999999998, "Heartbreak": 1.7685000000000002, "Tic Tac Toe": 1.6375000000000002, "Onyx Black": 1.69, "Black": 7.299999999999999, "just": 1.1135}, "Lunar Snake": {"Hot Cherry": 2.1854999999999998, "Synthwave": 7.905, "Dragon Ball": 4.935, "Hellspawn": 2.1854999999999998, "Timelock": 1.6214999999999997, "Psychedelic": 1.7625, "Python Dev": 2.1854999999999998, "Soul Eater": 1.9035, "Onyx Black": 1.955, "Black": 5.4, "just": 1.1985}, "Xmas Stocking": {"Onyx Black": 2.01, "Black": 5.595, "just": 1.1815}, "Snake Box": {"Onyx Black": 1.955, "Black": 8.07, "just": 1.139}, "Pet Snake": {"Onyx Black": 2.525, "Black": 5.645, "just": 1.5215}, "Candy Cane": {"Grinch": 2.4025000000000003, "Designer": 5.425, "Hex Pot": 3.1, "Sticky Sweet": 2.0925000000000002, "Onyx Black": 2.35, "Black": 5.725, "just": 1.3175}, "Whip Cupcake": {"Deep State": 1.944, "Sponge Duck": 2.88, "Resistance": 5.04, "Bitcoin": 10.719999999999999, "Toncoin": 2.2319999999999998, "Onyx Black": 1.9949999999999999, "Black": 5.470000000000001, "just": 1.224}, "Big Year": {"Gold Mine": 6.825, "Big Brother": 2.6325000000000003, "Game Boy": 2.2424999999999997, "Qing Dynasty": 3.9, "First Website": 2.0475, "Telegram": 5.46, "Pavel Durov": 5.46, "Bitcoin": 6.825, "YouTubes": 3.0225, "Creator": 3.0225, "The Hobbit": 3.9, "The Nether": 2.0475, "Pokeball": 2.6325000000000003, "Cheshire Cat": 2.34, "Onyx Black": 3.45, "Black": 8.4, "just": 1.6575}, "Homemade Cake": {"Onyx Black": 2.045, "Black": 5.53, "just": 1.4109999999999998}, "Cookie Heart": {"Onyx Black": 2.355, "Black": 6.355, "just": 1.5385}, "Jester Hat": {"Onyx Black": 2.795, "Black": 6.725, "just": 1.4024999999999999}, "Holiday Drink": {"Onyx Black": 2.645, "Black": 5.8950000000000005, "just": 1.5215}, "Ginger Cookie": {"Onyx Black": 3.3950000000000005, "Black": 6.38, "just": 1.53}, "Hypno Lollipop": {"Onyx Black": 2.91, "Black": 6.444999999999999, "just": 1.6064999999999998}, "Winter Wreath": {"Onyx Black": 2.635, "Black": 9.934999999999999, "just": 1.6744999999999999}, "Party Sparkler": {"Onyx Black": 2.74, "Black": 6.99, "just": 1.683}, "Jingle Bells": {"Onyx Black": 2.6950000000000003, "Black": 6.449999999999999, "just": 1.615}, "Tama Gadget": {"Onyx Black": 3.415, "Black": 7.49, "just": 1.683}, "Jack-in-the-Box": {"Onyx Black": 3.16, "Black": 8.085, "just": 1.8444999999999998}, "Star Notepad": {"Onyx Black": 3.69, "Black": 9.075, "just": 2.0229999999999997}, "Easter Egg": {"Onyx Black": 3.95, "Black": 11.25, "just": 2.125}, "Santa Hat": {"Onyx Black": 3.35, "Black": 8.35, "just": 2.2525}, "Hex Pot": {"Onyx Black": 3.725, "Black": 9.350000000000001, "just": 2.295}, "Restless Jar": {"Onyx Black": 3.74, "Black": 8.459999999999999, "just": 2.108}, "Lush Bouquet": {"Onyx Black": 4.325, "Black": 8.025, "just": 2.2525}, "Spiced Wine": {"Onyx Black": 2.822, "Black": 6.7940000000000005, "just": 2.0315}, "Snow Globe": {"Onyx Black": 4.125, "Black": 8.2, "just": 2.295}, "Joyful Bundle": {"Onyx Black": 3.745, "Black": 8.095, "just": 2.2864999999999998}, "Light Sword": {"Onyx Black": 4.404, "Black": 9.564, "just": 2.499}, "Witch Hat": {"Onyx Black": 4.34, "Black": 11.889999999999999, "just": 2.363}, "Bow Tie": {"Onyx Black": 4.15, "Black": 13.55, "just": 2.7624999999999997}, "Eternal Candle": {"Onyx Black": 4.864, "Black": 10.424, "just": 2.924}, "Jelly Bunny": {"Onyx Black": 4.41, "Black": 10.4, "just": 2.8219999999999996}, "Bunny Muffin": {"Onyx Black": 5.264, "Black": 12.463999999999999, "just": 2.924}, "Spy Agaric": {"Onyx Black": 5.054, "Black": 11.854, "just": 2.6264999999999996}, "Evil Eye": {"Onyx Black": 6.59, "Black": 13.230000000000002, "just": 3.1025}, "Snow Mittens": {"Onyx Black": 4.894, "Black": 7.774, "just": 2.9665}, "Berry Box": {"Onyx Black": 4.55, "Black": 11.75, "just": 3.0515}, "Valentine Box": {"Onyx Black": 9.420000000000002, "Black": 12.82, "just": 3.995}, "Sakura Flower": {"Onyx Black": 6.54, "Black": 14.579999999999998, "just": 3.655}, "Hanging Star": {"Onyx Black": 6.9799999999999995, "Black": 14.196, "just": 4.25}, "Sleigh Bell": {"Onyx Black": 10.894, "Black": 15.866, "just": 6.3665}, "Love Candle": {"Onyx Black": 9.434000000000001, "Black": 17.034, "just": 7.1315}, "Skull Flower": {"Onyx Black": 8.89, "Black": 15.693999999999999, "just": 6.3665}, "Crystal Ball": {"Onyx Black": 12.326, "Black": 26.35, "just": 6.1625}, "Trapped Heart": {"Onyx Black": 11.71, "Black": 21.11, "just": 7.522499999999999}, "Top Hat": {"Onyx Black": 13.45, "Black": 22.65, "just": 6.5874999999999995}, "Love Potion": {"Onyx Black": 10.1, "Black": 23.04, "just": 7.14}, "Flying Broom": {"Onyx Black": 10.26, "Black": 17.46, "just": 7.734999999999999}, "Cupid Charm": {"Onyx Black": 15.652, "Black": 34.452, "just": 9.145999999999999}, "Record Player": {"Onyx Black": 11.120000000000001, "Black": 20.396, "just": 6.8}, "Eternal Rose": {"Onyx Black": 19.516, "Black": 35.916, "just": 11.780999999999999}, "Mad Pumpkin": {"Onyx Black": 24.793999999999997, "Black": 42.794, "just": 15.291499999999997}, "Voodoo Doll": {"Onyx Black": 23.176000000000002, "Black": 40.376000000000005, "just": 13.566}, "Diamond Ring": {"Onyx Black": 20.336, "Black": 37.54, "just": 13.515}, "Toy Bear": {"Onyx Black": 25.67, "Black": 43.274, "just": 15.971499999999999}, "Vintage Cigar": {"Onyx Black": 45.794, "Black": 61.794, "just": 21.2415}, "Neko Helmet": {"Onyx Black": 40.8, "Black": 64.79599999999999, "just": 23.8}, "Low Rider": {"Onyx Black": 35.57, "Black": 91.17, "just": 22.057499999999997}, "Signet Ring": {"Onyx Black": 37.42, "Black": 78.62, "just": 23.544999999999998}, "Electric Skull": {"Onyx Black": 40.674, "Black": 70.27,