{"Snoop Dogg": {"Chrome": 2.3055000000000003, "King Snoop": 4.741, "Black Diamond": 2.0490000000000004, "Doberman": 3.5255, "Goldizzle": 7.3255, "King Ruby": 2.0015, "AI Dogg": 3.0504999999999995, "Emerald": 1.8210000000000002, "Doggfather": 2.799, "Cold Topaz": 1.9255, "Sapphire": 1.992, "Onyx Black": 3.243333333333333, "Black": 10.396153846153846, "just": 1.4875}, "Swag Bag": {"Cashback": 3.1, "Gin & Jewels": 2.5, "Darkness": 2.34, "P.I.M.P.": 2.1, "April 20th": 3.1, "Missionary": 8.695, "Happy Herbs": 3.1, "Boiling Hot": 2.4, "Snoop Life": 2.4, "Leopard": 2.1, "Bulk Order": 2.2, "Take It Easy": 2.7, "Aviators": 2.1, "Onyx Black": 3.095, "Black": 7.45, "just": 1.7}, "Snoop Cigar": {"Onyx Black": 7.4, "Black": 18.9, "just": 4.08}, "Lol Pop": {"Angelina": 2.325, "Milky Way": 1.5750000000000002, "Pumpkin": 1.5750000000000002, "Heart Pop": 1.5750000000000002, "Hexed Helix": 1.7249999999999999, "Sweetheart": 1.875, "Jinxed": 1.755, "Mortal Sin": 3.0, "Blood Ember": 1.6500000000000001, "Celestia": 2.325, "Cookie Dip": 1.5750000000000002, "Shock Wave": 1.6500000000000001, "Crystal Comet": 1.5750000000000002, "Comic Crunch": 1.5750000000000002, "Glowstick": 2.325, "Einstein": 1.6500000000000001, "Cobweb": 1.6500000000000001, "Rosebud": 1.755, "Doodle Art": 1.5750000000000002, "Satellite": 1.7249999999999999, "Love Bubbles": 1.9500000000000002, "Dark Portal": 1.7999999999999998, "Dark Sky": 1.5750000000000002, "Andromeda": 1.9500000000000002, "Jolly Roger": 1.7249999999999999, "Blood Sucker": 2.0250000000000004, "Onyx Black": 2.05, "Black": 5.245, "just": 1.275}, "B-Day Candle": {"Purr Magic": 2.263, "Payday": 2.263, "Kaboom!": 1.971, "Happy Meows": 2.263, "On Fire": 2.263, "Pixel Wish": 2.263, "Final Boss": 2.263, "Onyx Black": 1.95, "Black": 5.199999999999999, "just": 1.2409999999999999}, "Desk Calendar": {"Pepe Plans": 14.71, "Peach Week": 2.294, "Burning Time": 1.998, "Hodler": 5.18, "Heartbreak": 1.554, "Independence": 2.294, "Deadline": 2.294, "Balloon Face": 1.998, "Fund Manager": 2.294, "Fawkes Night": 2.96, "Investor": 7.1899999999999995, "Checklist": 1.998, "Sunday": 1.998, "Tic Tac Toe": 2.294, "Telegram": 2.294, "Adult Tasks": 26.53, "Durov Day": 4.144, "Onyx Black": 1.925, "Black": 5.334999999999999, "just": 1.258}, "Lunar Snake": {"Synthwave": 4.34, "Hot Cherry": 2.4025000000000003, "Soul Eater": 2.0925000000000002, "Timelock": 2.4025000000000003, "Psychedelic": 2.4025000000000003, "Dragon Ball": 5.425, "Python Dev": 2.4025000000000003, "Hellspawn": 2.015, "Onyx Black": 2.52, "Black": 5.275, "just": 1.3175}, "Xmas Stocking": {"Onyx Black": 2.415, "Black": 5.51, "just": 1.36}, "Snake Box": {"Onyx Black": 2.16, "Black": 5.789999999999999, "just": 1.394}, "Pet Snake": {"Onyx Black": 2.5, "Black": 5.6899999999999995, "just": 1.513}, "Candy Cane": {"Sticky Sweet": 2.4800000000000004, "Grinch": 3.2, "Designer": 7.300000000000001, "Hex Pot": 3.2, "Onyx Black": 2.355, "Black": 5.859999999999999, "just": 1.36}, "Whip Cupcake": {"Resistance": 5.46, "Bitcoin": 14.88, "Deep State": 2.418, "Toncoin": 2.418, "Sponge Duck": 2.418, "Onyx Black": 2.25, "Black": 5.779999999999999, "just": 1.326}, "Big Year": {"First Website": 2.1, "Balloons": 2.2, "Pavel Durov": 7.0, "Pokeball": 2.7, "Gold Mine": 7.0, "Telegram": 5.6, "Qing Dynasty": 3.1, "YouTubes": 4.0, "Bitcoin": 5.6, "Game Boy": 2.4, "Cheshire Cat": 3.1, "Creator": 2.7, "Big Brother": 3.1, "The Hobbit": 4.0, "The Nether": 3.1, "Onyx Black": 3.62, "Black": 9.2, "just": 1.7}, "Homemade Cake": {"Onyx Black": 2.375, "Black": 5.4, "just": 1.5725}, "Cookie Heart": {"Onyx Black": 2.67, "Black": 6.920000000000001, "just": 1.6575}, "Jester Hat": {"Onyx Black": 2.755, "Black": 6.585000000000001, "just": 1.5045}, "Holiday Drink": {"Onyx Black": 2.695, "Black": 6.444999999999999, "just": 1.6064999999999998}, "Ginger Cookie": {"Onyx Black": 3.5999999999999996, "Black": 6.9, "just": 1.615}, "Hypno Lollipop": {"Onyx Black": 3.075, "Black": 6.7250000000000005, "just": 1.6575}, "Winter Wreath": {"Moon Cat": 106.265, "Onyx Black": 2.975, "Black": 7.195, "just": 1.7}, "Party Sparkler": {"Onyx Black": 3.17, "Black": 6.965, "just": 1.649}, "Jingle Bells": {"Onyx Black": 2.835, "Black": 6.225, "just": 1.785}, "Tama Gadget": {"Onyx Black": 3.495, "Black": 6.935, "just": 1.8444999999999998}, "Jack-in-the-Box": {"Onyx Black": 3.215, "Black": 7.13, "just": 1.9209999999999998}, "Star Notepad": {"Onyx Black": 3.875, "Black": 9.425, "just": 1.9975}, "Easter Egg": {"Onyx Black": 3.8200000000000003, "Black": 10.905000000000001, "just": 2.465}, "Santa Hat": {"Onyx Black": 3.952, "Black": 8.276, "just": 2.38}, "Hex Pot": {"Onyx Black": 4.01, "Black": 9.899999999999999, "just": 2.38}, "Restless Jar": {"Onyx Black": 3.9800000000000004, "Black": 9.514999999999999, "just": 2.176}, "Lush Bouquet": {"Onyx Black": 4.515000000000001, "Black": 9.0, "just": 2.5925}, "Spiced Wine": {"Onyx Black": 3.56, "Black": 6.896, "just": 2.125}, "Snow Globe": {"Onyx Black": 4.465, "Black": 11.459999999999999, "just": 2.4905}, "Joyful Bundle": {"Onyx Black": 3.68, "Black": 9.684999999999999, "just": 2.4395000000000002}, "Light Sword": {"Onyx Black": 4.618, "Black": 10.698, "just": 2.6944999999999997}, "Witch Hat": {"Onyx Black": 4.585, "Black": 12.084999999999999, "just": 2.6944999999999997}, "Bow Tie": {"Onyx Black": 4.71, "Black": 12.15, "just": 2.7624999999999997}, "Eternal Candle": {"Onyx Black": 5.114, "Black": 10.59, "just": 3.0515}, "Jelly Bunny": {"Onyx Black": 4.65, "Black": 10.629999999999999, "just": 2.8049999999999997}, "Bunny Muffin": {"Onyx Black": 4.593999999999999, "Black": 11.554, "just": 3.0515}, "Spy Agaric": {"Onyx Black": 5.674, "Black": 10.546, "just": 3.0515}, "Evil Eye": {"Onyx Black": 6.292, "Black": 12.08, "just": 3.06}, "Snow Mittens": {"Onyx Black": 5.782, "Black": 8.782, "just": 3.3745000000000003}, "Berry Box": {"Onyx Black": 5.39, "Black": 11.510000000000002, "just": 3.1025}, "Valentine Box": {"Onyx Black": 7.274, "Black": 12.074000000000002, "just": 4.0715}, "Sakura Flower": {"Onyx Black": 6.406, "Black": 15.49, "just": 4.3775}, "Hanging Star": {"Onyx Black": 7.788, "Black": 15.124, "just": 4.743}, "Sleigh Bell": {"Onyx Black": 10.514, "Black": 20.518, "just": 6.4005}, "Love Candle": {"Onyx Black": 10.574, "Black": 18.293999999999997, "just": 7.2165}, "Skull Flower": {"Onyx Black": 11.762, "Black": 18.762, "just": 7.0295}, "Crystal Ball": {"Onyx Black": 12.57, "Black": 28.21, "just": 7.097499999999999}, "Trapped Heart": {"Onyx Black": 13.07, "Black": 17.869999999999997, "just": 7.182499999999999}, "Top Hat": {"Onyx Black": 15.8, "Black": 21.4, "just": 7.6499999999999995}, "Love Potion": {"Onyx Black": 13.934000000000001, "Black": 23.93, "just": 8.4065}, "Flying Broom": {"Onyx Black": 12.888, "Black": 18.688000000000002, "just": 8.058}, "Cupid Charm": {"Onyx Black": 17.152, "Black": 30.752000000000002, "just": 10.132}, "Record Player": {"Onyx Black": 10.48, "Black": 20.68, "just": 6.63}, "Eternal Rose": {"Onyx Black": 21.236, "Black": 34.672, "just": 12.291}, "Mad Pumpkin": {"Onyx Black": 24.8, "Black": 40.8, "just": 17.0}, "Voodoo Doll": {"Onyx Black": 23.672, "Black": 46.072, "just": 15.402000000000001}, "Diamond Ring": {"Onyx Black": 22.028, "Black": 43.632, "just": 14.211999999999998}, "Toy Bear": {"Onyx Black": 34.08, "Black": 51.56, "just": 22.61}, "Vintage Cigar": {"Onyx Black": 36.984, "Black": 65.584, "just": 20.944}, "Neko Helmet": {"Onyx Black": 38.194, "Black": 58.594, "just": 22.941499999999998}, "Low Rider": {"Onyx Black": 33.194, "Black": 81.594, "just": 22.091499999999996}, "Signet Ring": {"Onyx Black": 38.08, "Black": 80.876, "just": 24.48}, "Electric Skull": {"Onyx Black": 46.1, "Black": 76.1, "just": 28.474999999999998}, "Kissed Frog": {"Onyx Black": 45.59, "Black": 80.394, "just": 28.8915}, "Swiss Watch": {"Onyx Black": 43.27, "Black": 72.87, "just": 30.1325}, "Sharp Tongue": {"Onyx Black": 57.734, "Black": 145.334, "just": 36.4565}, "Genie Lamp": {"Onyx Black": 58.6, "Black": 186.6, "just": 43.35},