{"Snoop Dogg": {"Goldizzle": 7.858, "King Ruby": 1.7215, "Black Diamond": 2.1965000000000003, "Doberman": 3.476, "Cold Topaz": 1.9305000000000003, "Emerald": 1.731, "Chrome": 2.364, "Black Gold": 1.7215, "Doggfather": 3.0485, "Sapphire": 1.94, "AI Dogg": 2.8965, "King Snoop": 4.5680000000000005, "Onyx Black": 2.8533333333333335, "Black": 10.033846153846154, "just": 1.343}, "Swag Bag": {"Darkness": 2.1275, "Boiling Hot": 2.3125, "Cashback": 2.8675, "Snoop Life": 2.1275, "April 20th": 2.8675, "Golden Nugs": 1.9425000000000001, "Happy Herbs": 2.8675, "Take It Easy": 1.9425000000000001, "Gin & Jewels": 2.3125, "Missionary": 6.4750000000000005, "Bulk Order": 1.9425000000000001, "Onyx Black": 3.075, "Black": 6.925000000000001, "just": 1.5725}, "Snoop Cigar": {"Onyx Black": 8.120000000000001, "Black": 18.22, "just": 3.774}, "Lol Pop": {"Nostalgia": 1.56, "Wonka Berry": 1.4300000000000002, "Andromeda": 2.015, "Cobweb": 1.4300000000000002, "Shock Wave": 1.3650000000000002, "Angelina": 2.015, "Blood Sucker": 1.56, "Icicle": 1.3650000000000002, "Love Bubbles": 1.3650000000000002, "Jolly Roger": 1.56, "Satellite": 1.6900000000000002, "Soap Bubbles": 1.4300000000000002, "Einstein": 1.4300000000000002, "Portable Pop": 1.3650000000000002, "Rosebud": 1.4949999999999999, "Dark Portal": 2.015, "Watermelon": 1.4300000000000002, "Cookie Dip": 1.6900000000000002, "Jinxed": 1.4300000000000002, "Sweetheart": 1.4949999999999999, "Pink Foil": 1.3650000000000002, "Milky Way": 1.4300000000000002, "Fire Vortex": 1.4300000000000002, "Pumpkin": 1.4300000000000002, "Mortal Sin": 2.6, "Heart Pop": 1.3650000000000002, "Glowstick": 2.015, "Comic Crunch": 1.3650000000000002, "Celestia": 2.015, "Dark Sky": 1.4949999999999999, "Blood Ember": 1.4300000000000002, "Doodle Art": 1.4949999999999999, "Hexed Helix": 1.4949999999999999, "Sailor Moon": 1.4949999999999999, "Onyx Black": 1.7999999999999998, "Black": 4.99, "just": 1.105}, "B-Day Candle": {"Final Boss": 1.9065, "Payday": 1.9065, "On Fire": 1.9065, "Happy Meows": 2.46, "Kaboom!": 1.9065, "Shocker": 1.9065, "Purr Magic": 1.9065, "Pixel Wish": 1.9065, "Onyx Black": 1.615, "Black": 4.709999999999999, "just": 1.0454999999999999}, "Desk Calendar": {"Investor": 4.2, "Hodler": 4.2, "Tic Tac Toe": 1.62, "Balloon Face": 1.5, "Pepe Plans": 4.2, "Sunday": 1.8599999999999999, "Independence": 3.36, "Burning Time": 1.8599999999999999, "Fund Manager": 1.8599999999999999, "Heartbreak": 1.32, "Telegram": 1.8599999999999999, "Checklist": 1.8599999999999999, "Durov Day": 2.4, "Deadline": 2.4, "Fawkes Night": 4.2, "Adult Tasks": 4.2, "Peach Week": 1.62, "Onyx Black": 1.6, "Black": 5.4, "just": 1.02}, "Lunar Snake": {"Psychedelic": 2.0925000000000002, "Hellspawn": 3.78, "Dragon Ball": 4.7250000000000005, "Hot Cherry": 2.0925000000000002, "Soul Eater": 2.0925000000000002, "Timelock": 1.8225000000000002, "Synthwave": 3.78, "Python Dev": 2.0925000000000002, "Onyx Black": 1.975, "Black": 5.075000000000001, "just": 1.1475}, "Xmas Stocking": {"Onyx Black": 1.8900000000000001, "Black": 4.904999999999999, "just": 1.1135}, "Snake Box": {"Onyx Black": 1.795, "Black": 4.65, "just": 1.105}, "Pet Snake": {"Onyx Black": 2.32, "Black": 5.295, "just": 1.394}, "Candy Cane": {"Hex Pot": 3.0, "Designer": 5.25, "Grinch": 3.0, "Sticky Sweet": 2.325, "Onyx Black": 2.35, "Black": 6.75, "just": 1.275}, "Whip Cupcake": {"Deep State": 2.1235000000000004, "Bitcoin": 4.795, "Sponge Duck": 2.74, "Resistance": 4.795, "Toncoin": 2.1235000000000004, "Onyx Black": 2.135, "Black": 5.3100000000000005, "just": 1.1645}, "Big Year": {"Game Boy": 2.21, "Balloons": 1.87, "First Website": 1.9549999999999998, "Gold Mine": 4.76, "Pavel Durov": 4.76, "Creator": 2.295, "YouTubes": 2.635, "Big Brother": 2.295, "Telegram": 4.76, "Pokeball": 2.635, "The Hobbit": 3.4, "Cheshire Cat": 2.295, "Qing Dynasty": 3.4, "The Nether": 2.125, "Bitcoin": 4.76, "Onyx Black": 2.65, "Black": 7.8500000000000005, "just": 1.4449999999999998}, "Homemade Cake": {"Onyx Black": 2.045, "Black": 4.925000000000001, "just": 1.36}, "Cookie Heart": {"Onyx Black": 2.33, "Black": 6.3549999999999995, "just": 1.496}, "Jester Hat": {"Onyx Black": 2.8550000000000004, "Black": 6.550000000000001, "just": 1.36}, "Holiday Drink": {"Onyx Black": 2.29, "Black": 5.57, "just": 1.4789999999999999}, "Ginger Cookie": {"Onyx Black": 3.4000000000000004, "Black": 6.3999999999999995, "just": 1.53}, "Hypno Lollipop": {"Onyx Black": 2.575, "Black": 6.84, "just": 1.53}, "Winter Wreath": {"Onyx Black": 2.44, "Black": 8.855, "just": 1.4535}, "Party Sparkler": {"Onyx Black": 2.955, "Black": 7.855, "just": 1.6235}, "Jingle Bells": {"Onyx Black": 2.43, "Black": 6.300000000000001, "just": 1.4449999999999998}, "Tama Gadget": {"Onyx Black": 3.1500000000000004, "Black": 6.374999999999999, "just": 1.53}, "Jack-in-the-Box": {"Onyx Black": 3.02, "Black": 7.72, "just": 1.7764999999999997}, "Star Notepad": {"Onyx Black": 4.09, "Black": 8.815, "just": 1.853}, "Easter Egg": {"Onyx Black": 3.875, "Black": 11.169999999999998, "just": 1.9975}, "Santa Hat": {"Onyx Black": 3.1550000000000002, "Black": 9.450000000000001, "just": 1.785}, "Hex Pot": {"Onyx Black": 3.5349999999999997, "Black": 7.944999999999999, "just": 1.9549999999999998}, "Restless Jar": {"Onyx Black": 3.825, "Black": 7.675000000000001, "just": 2.006}, "Lush Bouquet": {"Onyx Black": 3.54, "Black": 8.615, "just": 2.3205}, "Spiced Wine": {"Onyx Black": 2.995, "Black": 7.785, "just": 1.615}, "Snow Globe": {"Onyx Black": 3.88, "Black": 9.004999999999999, "just": 1.8784999999999998}, "Joyful Bundle": {"Onyx Black": 3.65, "Black": 8.0, "just": 2.125}, "Light Sword": {"Onyx Black": 4.5, "Black": 11.25, "just": 2.38}, "Witch Hat": {"Onyx Black": 4.03, "Black": 10.385, "just": 2.3545}, "Bow Tie": {"Onyx Black": 4.555, "Black": 14.555, "just": 2.6435}, "Eternal Candle": {"Onyx Black": 5.199999999999999, "Black": 13.950000000000001, "just": 2.465}, "Jelly Bunny": {"Onyx Black": 4.945, "Black": 9.795, "just": 2.6264999999999996}, "Bunny Muffin": {"Onyx Black": 5.02, "Black": 21.590000000000003, "just": 2.7115}, "Spy Agaric": {"Onyx Black": 5.225, "Black": 10.725000000000001, "just": 2.5075000000000003}, "Evil Eye": {"Onyx Black": 5.6850000000000005, "Black": 15.54, "just": 2.8729999999999998}, "Snow Mittens": {"Onyx Black": 4.515, "Black": 8.555, "just": 2.6435}, "Berry Box": {"Onyx Black": 4.625, "Black": 13.944999999999999, "just": 2.9665}, "Valentine Box": {"Onyx Black": 7.945, "Black": 10.945, "just": 3.3065}, "Sakura Flower": {"Onyx Black": 7.1, "Black": 17.85, "just": 3.57}, "Hanging Star": {"Onyx Black": 7.625, "Black": 16.475, "just": 4.2075000000000005}, "Sleigh Bell": {"Onyx Black": 10.41, "Black": 17.485, "just": 5.0745}, "Love Candle": {"Onyx Black": 7.845000000000001, "Black": 15.344999999999999, "just": 5.4315}, "Skull Flower": {"Onyx Black": 8.66, "Black": 16.965, "just": 5.0405}, "Crystal Ball": {"Onyx Black": 13.294999999999998, "Black": 28.299999999999997, "just": 5.609999999999999}, "Trapped Heart": {"Onyx Black": 11.89, "Black": 23.39, "just": 6.613}, "Top Hat": {"Onyx Black": 16.27, "Black": 26.145, "just": 6.451499999999999}, "Love Potion": {"Onyx Black": 10.21, "Black": 28.46, "just": 6.732}, "Flying Broom": {"Onyx Black": 10.870000000000001, "Black": 19.369999999999997, "just": 7.429}, "Cupid Charm": {"Onyx Black": 16.495, "Black": 36.995, "just": 8.4915}, "Record Player": {"Onyx Black": 11.745000000000001, "Black": 23.840000000000003, "just": 6.5365}, "Eternal Rose": {"Onyx Black": 20.799999999999997, "Black": 36.3, "just": 10.709999999999999}, "Mad Pumpkin": {"Onyx Black": 18.465, "Black": 46.72, "just": 12.274}, "Voodoo Doll": {"Onyx Black": 22.835, "Black": 46.335, "just": 13.3195}, "Diamond Ring": {"Onyx Black": 20.4, "Black": 43.915, "just": 13.455499999999999}, "Toy Bear": {"Onyx Black": 24.92, "Black": 53.42, "just": 15.164}, "Vintage Cigar": {"Onyx Black": 47.995000000000005, "Black": 73.495, "just": 18.691499999999998}, "Neko Helmet": {"Onyx Black": 41.245000000000005, "Black": 71.24,