{"Snoop Dogg": {"Sapphire": 2.1060000000000003, "AI Dogg": 2.856, "King Snoop": 4.8455, "Doggfather": 3.1930000000000005, "Chrome": 2.3055000000000003, "Emerald": 1.8780000000000001, "Goldizzle": 7.0405, "Black Diamond": 2.0015, "Doberman": 3.1930000000000005, "Onyx Black": 3.256666666666667, "Black": 10.39769230769231, "just": 1.5215}, "Swag Bag": {"Boiling Hot": 2.388, "Cashback": 3.0845000000000002, "Aviators": 2.0895, "Happy Herbs": 3.0845000000000002, "Missionary": 6.965, "P.I.M.P.": 2.0895, "April 20th": 3.0845000000000002, "Take It Easy": 2.6865, "Leopard": 2.3283, "Snoop Life": 2.4875, "Darkness": 2.189, "Dogg’s Loot": 2.0895, "Bulk Order": 2.2885, "Gin & Jewels": 2.388, "Onyx Black": 3.0949999999999998, "Black": 7.495, "just": 1.6915}, "Snoop Cigar": {"Onyx Black": 7.9, "Black": 19.244999999999997, "just": 4.114}, "Lol Pop": {"Hexed Helix": 1.764, "Heart Pop": 1.5435, "Dark Sky": 1.617, "Love Bubbles": 1.6905, "Einstein": 1.7198999999999998, "Magic Wand": 1.5435, "Dark Portal": 1.911, "Nostalgia": 1.5435, "Jinxed": 1.764, "Crystal Comet": 1.5435, "Blood Ember": 1.5435, "Jolly Roger": 1.8375, "Mortal Sin": 4.116, "Angelina": 2.2785, "Milky Way": 1.617, "Sick Leave": 1.5435, "Celestia": 2.2785, "Andromeda": 1.9845000000000002, "Blood Sucker": 1.9845000000000002, "Cobweb": 1.5435, "Pumpkin": 1.5435, "Rosebud": 1.7198999999999998, "Hollywood": 1.5435, "Plastic Ice": 1.5435, "Doodle Art": 1.617, "Satellite": 1.7198999999999998, "Sweetheart": 1.8375, "Glowstick": 2.2785, "Comic Crunch": 1.5435, "Onyx Black": 2.035, "Black": 5.175000000000001, "just": 1.2495}, "B-Day Candle": {"Purr Magic": 2.1545, "On Fire": 2.1545, "Happy Meows": 2.1545, "Pixel Wish": 2.1545, "Kaboom!": 2.1545, "Final Boss": 2.1545, "Payday": 2.1545, "Onyx Black": 1.8199999999999998, "Black": 4.945, "just": 1.1815}, "Desk Calendar": {"Heartbreak": 1.573, "Fund Manager": 2.2165, "Checklist": 1.9305, "Independence": 2.2165, "Deadline": 2.2165, "Investor": 8.715, "Burning Time": 2.2165, "Tic Tac Toe": 2.2165, "Balloon Face": 1.859, "Hodler": 5.005, "Fawkes Night": 2.86, "Telegram": 2.2165, "Durov Day": 5.005, "Sunday": 1.7874999999999999, "Adult Tasks": 27.66, "Pepe Plans": 14.709999999999999, "Peach Week": 2.2165, "Onyx Black": 1.7650000000000001, "Black": 5.09, "just": 1.2155}, "Lunar Snake": {"Python Dev": 1.971, "Timelock": 2.263, "Psychedelic": 2.263, "Hot Cherry": 2.263, "Hellspawn": 1.971, "Synthwave": 5.109999999999999, "Dragon Ball": 5.109999999999999, "Soul Eater": 2.263, "Onyx Black": 2.4299999999999997, "Black": 5.43, "just": 1.2409999999999999}, "Xmas Stocking": {"Onyx Black": 2.175, "Black": 5.17, "just": 1.2325}, "Snake Box": {"Onyx Black": 1.9, "Black": 5.385, "just": 1.258}, "Pet Snake": {"Onyx Black": 2.41, "Black": 6.17, "just": 1.547}, "Candy Cane": {"Designer": 6.245, "Hex Pot": 4.172, "Sticky Sweet": 2.3095, "Grinch": 2.98, "Onyx Black": 2.345, "Black": 5.745, "just": 1.2665}, "Whip Cupcake": {"Resistance": 6.489999999999999, "Bitcoin": 14.525, "Sponge Duck": 2.4025000000000003, "Deep State": 2.4025000000000003, "Toncoin": 2.4025000000000003, "Onyx Black": 2.125, "Black": 5.415, "just": 1.3175}, "Big Year": {"Bitcoin": 5.4879999999999995, "Creator": 2.646, "Pavel Durov": 8.48, "The Nether": 3.038, "Balloons": 2.156, "Big Brother": 3.038, "Cheshire Cat": 2.646, "Qing Dynasty": 3.038, "The Hobbit": 3.92, "Pokeball": 2.646, "Game Boy": 2.2931999999999997, "Telegram": 3.92, "Gold Mine": 6.859999999999999, "First Website": 2.058, "YouTubes": 3.038, "Onyx Black": 3.605, "Black": 9.18, "just": 1.666}, "Homemade Cake": {"Onyx Black": 2.35, "Black": 5.625, "just": 1.5725}, "Cookie Heart": {"Onyx Black": 2.44, "Black": 6.695, "just": 1.615}, "Jester Hat": {"Onyx Black": 2.69, "Black": 6.090000000000001, "just": 1.513}, "Holiday Drink": {"Onyx Black": 2.675, "Black": 6.215, "just": 1.615}, "Ginger Cookie": {"Onyx Black": 3.55, "Black": 6.87, "just": 1.6575}, "Hypno Lollipop": {"Onyx Black": 3.4749999999999996, "Black": 6.9350000000000005, "just": 1.683}, "Winter Wreath": {"Moon Cat": 106.265, "Onyx Black": 3.0, "Black": 7.0, "just": 1.7}, "Party Sparkler": {"Onyx Black": 2.98, "Black": 7.249999999999999, "just": 1.666}, "Jingle Bells": {"Onyx Black": 2.8449999999999998, "Black": 6.225, "just": 1.8615}, "Tama Gadget": {"Onyx Black": 3.475, "Black": 6.805000000000001, "just": 1.8104999999999998}, "Jack-in-the-Box": {"Onyx Black": 3.205, "Black": 7.109999999999999, "just": 1.8955}, "Star Notepad": {"Onyx Black": 3.8000000000000003, "Black": 9.225000000000001, "just": 2.0825}, "Easter Egg": {"Onyx Black": 3.795, "Black": 10.875, "just": 2.4139999999999997}, "Santa Hat": {"Onyx Black": 3.8419999999999996, "Black": 8.198, "just": 2.2695}, "Hex Pot": {"Onyx Black": 4.015000000000001, "Black": 9.989999999999998, "just": 2.4055}, "Restless Jar": {"Onyx Black": 3.8, "Black": 9.280000000000001, "just": 2.21}, "Lush Bouquet": {"Onyx Black": 4.585, "Black": 8.845, "just": 2.7115}, "Spiced Wine": {"Onyx Black": 3.322, "Black": 6.558, "just": 2.0145}, "Snow Globe": {"Onyx Black": 4.895, "Black": 11.399999999999999, "just": 2.38}, "Joyful Bundle": {"Onyx Black": 3.975, "Black": 9.625, "just": 2.38}, "Light Sword": {"Onyx Black": 4.558, "Black": 9.878, "just": 2.6605}, "Witch Hat": {"Onyx Black": 4.4799999999999995, "Black": 11.555, "just": 2.6435}, "Bow Tie": {"Onyx Black": 4.699999999999999, "Black": 11.664000000000001, "just": 2.8049999999999997}, "Eternal Candle": {"Onyx Black": 5.433999999999999, "Black": 11.234, "just": 2.8815}, "Jelly Bunny": {"Onyx Black": 5.1850000000000005, "Black": 10.675, "just": 2.907}, "Bunny Muffin": {"Onyx Black": 4.728, "Black": 11.704, "just": 3.264}, "Spy Agaric": {"Onyx Black": 5.470000000000001, "Black": 10.462, "just": 2.9325}, "Evil Eye": {"Onyx Black": 6.220000000000001, "Black": 13.420000000000002, "just": 3.145}, "Snow Mittens": {"Onyx Black": 5.818, "Black": 8.733999999999998, "just": 3.4255}, "Berry Box": {"Onyx Black": 5.5200000000000005, "Black": 10.74, "just": 3.315}, "Valentine Box": {"Onyx Black": 7.279999999999999, "Black": 12.879999999999999, "just": 4.08}, "Sakura Flower": {"Onyx Black": 6.564, "Black": 16.164, "just": 4.199}, "Hanging Star": {"Onyx Black": 9.058, "Black": 15.218, "just": 4.9555}, "Sleigh Bell": {"Onyx Black": 9.96, "Black": 20.56, "just": 6.46}, "Love Candle": {"Onyx Black": 10.358, "Black": 17.242, "just": 7.1655}, "Skull Flower": {"Onyx Black": 11.762, "Black": 18.682, "just": 7.0295}, "Crystal Ball": {"Onyx Black": 12.479999999999999, "Black": 28.119999999999997, "just": 6.969999999999999}, "Trapped Heart": {"Onyx Black": 12.634, "Black": 17.434, "just": 7.1315}, "Top Hat": {"Onyx Black": 14.92, "Black": 26.52, "just": 6.969999999999999}, "Love Potion": {"Onyx Black": 13.376000000000001, "Black": 23.78, "just": 8.194}, "Flying Broom": {"Onyx Black": 12.082, "Black": 17.682000000000002, "just": 8.0495}, "Cupid Charm": {"Onyx Black": 16.656, "Black": 32.856, "just": 9.996}, "Record Player": {"Onyx Black": 10.6, "Black": 20.8, "just": 6.8}, "Eternal Rose": {"Onyx Black": 20.594, "Black": 30.634, "just": 12.2315}, "Mad Pumpkin": {"Onyx Black": 24.2, "Black": 40.176, "just": 16.15}, "Voodoo Doll": {"Onyx Black": 23.68, "Black": 44.480000000000004, "just": 14.28}, "Diamond Ring": {"Onyx Black": 21.394, "Black": 42.194, "just": 14.441499999999998}, "Toy Bear": {"Onyx Black": 33.434, "Black": 53.594, "just": 22.091499999999996}, "Vintage Cigar": {"Onyx Black": 36.888, "Black": 64.648, "just": 20.808}, "Neko Helmet": {"Onyx Black": 38.775999999999996, "Black": 67.49600000000001, "just": 23.766000000000002}, "Low Rider": {"Onyx Black": 32.894, "Black": 84.18199999999999, "just": 21.6665}, "Signet Ring": {"Onyx Black": 37.774, "Black": 76.934, "just": 24.046499999999998}, "Electric Skull": {"Onyx Black": 44.06, "Black": 76.064, "just": 28.423999999999996}, "Kissed Frog": {"Onyx Black": 46.02, "Black": 80.82, "just": 29.495}, "Swiss Watch": {"Onyx Black": 42.816, "Black": 72.816, "just": 30.055999999999997},