{"Snoop Dogg": {"Black Diamond": 2.125, "Doberman": 3.5255, "King Ruby": 1.9255, "King Snoop": 4.8455, "Goldizzle": 7.3065, "Green Light": 1.9445000000000001, "AI Dogg": 2.8605, "Cold Topaz": 2.0015, "Emerald": 1.9634999999999998, "Doggfather": 2.8415, "Sapphire": 2.0775, "Chrome": 2.3765, "Onyx Black": 3.2233333333333336, "Black": 10.546923076923076, "just": 1.5045}, "Swag Bag": {"Happy Herbs": 3.0845000000000002, "Boiling Hot": 2.4875, "Aviators": 2.0895, "Leopard": 2.0895, "Darkness": 2.189, "April 20th": 3.0845000000000002, "Snoop Life": 2.388, "Golden Nugs": 2.0895, "Cashback": 3.0845000000000002, "Gin & Jewels": 2.587, "Take It Easy": 2.3283, "Bulk Order": 2.3283, "Missionary": 8.695, "Onyx Black": 2.945, "Black": 7.495, "just": 1.6915}, "Snoop Cigar": {"Onyx Black": 7.885, "Black": 17.395, "just": 4.0715}, "Lol Pop": {"Doodle Art": 1.656, "Glowstick": 1.944, "Love Bubbles": 1.8719999999999999, "Sweetheart": 1.7999999999999998, "Einstein": 1.728, "Watermelon": 1.512, "Blood Sucker": 1.944, "Jinxed": 1.6847999999999999, "Dark Sky": 1.584, "Plastic Ice": 1.512, "Jolly Roger": 1.728, "Mortal Sin": 4.032, "Angelina": 2.2319999999999998, "Heart Pop": 1.584, "Hexed Helix": 1.584, "Blood Ember": 1.584, "Milky Way": 1.512, "Sailor Moon": 1.512, "Cookie Dip": 1.512, "Cobweb": 1.584, "Pumpkin": 1.512, "Dark Portal": 1.7999999999999998, "Rosebud": 1.728, "Romance": 1.512, "Andromeda": 1.7999999999999998, "Satellite": 1.6847999999999999, "Shock Wave": 1.584, "Fire Vortex": 1.512, "Comic Crunch": 1.512, "Celestia": 2.2319999999999998, "Onyx Black": 2.02, "Black": 5.220000000000001, "just": 1.224}, "B-Day Candle": {"Payday": 2.17, "On Fire": 2.8, "Kaboom!": 1.89, "Purr Magic": 2.17, "Pixel Wish": 2.17, "Final Boss": 2.17, "Happy Meows": 2.17, "Onyx Black": 2.02, "Black": 5.244999999999999, "just": 1.19}, "Desk Calendar": {"Deadline": 2.1235000000000004, "Adult Tasks": 22.685000000000002, "Pepe Plans": 14.684999999999999, "Burning Time": 2.1235000000000004, "Investor": 7.135000000000001, "Balloon Face": 1.8495000000000004, "Independence": 2.1235000000000004, "Fawkes Night": 3.836, "Peach Week": 2.1235000000000004, "Durov Day": 2.74, "Hodler": 4.795, "Heartbreak": 1.5070000000000003, "Fund Manager": 2.1235000000000004, "Checklist": 2.1235000000000004, "Telegram": 2.1235000000000004, "Sunday": 2.1235000000000004, "Onyx Black": 1.71, "Black": 5.34, "just": 1.1645}, "Lunar Snake": {"Python Dev": 2.3095, "Soul Eater": 2.3095, "Dragon Ball": 5.215, "Hellspawn": 2.3095, "Synthwave": 5.215, "Hot Cherry": 2.3095, "Psychedelic": 2.3095, "Timelock": 1.937, "Onyx Black": 2.22, "Black": 5.49, "just": 1.2665}, "Xmas Stocking": {"Onyx Black": 2.25, "Black": 5.5, "just": 1.275}, "Snake Box": {"Onyx Black": 2.1550000000000002, "Black": 5.535, "just": 1.3345}, "Pet Snake": {"Onyx Black": 2.4850000000000003, "Black": 6.14, "just": 1.4875}, "Candy Cane": {"Hex Pot": 3.18, "Sticky Sweet": 2.4645, "Grinch": 3.18, "Designer": 9.045, "Onyx Black": 2.35, "Black": 5.77, "just": 1.3515}, "Whip Cupcake": {"Sponge Duck": 2.4025000000000003, "Resistance": 6.7749999999999995, "Toncoin": 2.4025000000000003, "Deep State": 2.0925000000000002, "Bitcoin": 12.565, "Onyx Black": 2.24, "Black": 6.02, "just": 1.3175}, "Big Year": {"Balloons": 2.3574999999999995, "Cheshire Cat": 3.1774999999999998, "Pavel Durov": 5.739999999999999, "Qing Dynasty": 3.1774999999999998, "Game Boy": 2.255, "Creator": 2.7675, "Pokeball": 2.7675, "YouTubes": 4.1, "Telegram": 4.1, "Gold Mine": 7.174999999999999, "Big Brother": 3.1774999999999998, "The Nether": 2.7675, "The Hobbit": 4.1, "Bitcoin": 5.739999999999999, "First Website": 2.255, "Onyx Black": 3.645, "Black": 9.274999999999999, "just": 1.7424999999999997}, "Homemade Cake": {"Onyx Black": 2.2800000000000002, "Black": 5.404999999999999, "just": 1.5385}, "Cookie Heart": {"Onyx Black": 2.66, "Black": 6.675000000000001, "just": 1.5725}, "Jester Hat": {"Onyx Black": 2.6, "Black": 5.875, "just": 1.4875}, "Holiday Drink": {"Onyx Black": 2.545, "Black": 6.094999999999999, "just": 1.615}, "Ginger Cookie": {"Onyx Black": 3.7699999999999996, "Black": 7.23, "just": 1.6915}, "Hypno Lollipop": {"Onyx Black": 3.08, "Black": 6.170000000000001, "just": 1.666}, "Winter Wreath": {"Moon Cat": 86.0, "Onyx Black": 2.975, "Black": 7.195, "just": 1.7}, "Party Sparkler": {"Onyx Black": 3.2199999999999998, "Black": 7.295000000000001, "just": 1.6575}, "Jingle Bells": {"Onyx Black": 2.825, "Black": 6.550000000000001, "just": 1.7934999999999999}, "Tama Gadget": {"Onyx Black": 3.485, "Black": 6.585, "just": 1.8444999999999998}, "Jack-in-the-Box": {"Onyx Black": 3.08, "Black": 7.075, "just": 1.9124999999999999}, "Star Notepad": {"Onyx Black": 4.05, "Black": 9.545, "just": 2.04}, "Easter Egg": {"Onyx Black": 3.795, "Black": 10.77, "just": 2.4139999999999997}, "Santa Hat": {"Onyx Black": 3.956, "Black": 8.396, "just": 2.3459999999999996}, "Hex Pot": {"Onyx Black": 4.055, "Black": 10.19, "just": 2.4565}, "Restless Jar": {"Onyx Black": 4.015000000000001, "Black": 8.815000000000001, "just": 2.2355}, "Lush Bouquet": {"Onyx Black": 4.49, "Black": 8.9, "just": 2.55}, "Spiced Wine": {"Onyx Black": 3.3019999999999996, "Black": 6.7299999999999995, "just": 2.1675}, "Snow Globe": {"Onyx Black": 4.37, "Black": 10.87, "just": 2.329}, "Joyful Bundle": {"Onyx Black": 3.895, "Black": 9.399999999999999, "just": 2.38}, "Light Sword": {"Onyx Black": 4.58, "Black": 9.86, "just": 2.635}, "Witch Hat": {"Onyx Black": 4.635, "Black": 12.139999999999999, "just": 2.788}, "Bow Tie": {"Onyx Black": 4.74, "Black": 12.336, "just": 2.754}, "Eternal Candle": {"Onyx Black": 4.9719999999999995, "Black": 10.652, "just": 3.077}, "Jelly Bunny": {"Onyx Black": 4.78, "Black": 10.665, "just": 2.856}, "Bunny Muffin": {"Onyx Black": 4.674, "Black": 12.213999999999999, "just": 3.1365}, "Spy Agaric": {"Onyx Black": 5.58, "Black": 10.492, "just": 2.975}, "Evil Eye": {"Onyx Black": 6.215999999999999, "Black": 12.059999999999999, "just": 2.975}, "Snow Mittens": {"Onyx Black": 5.74, "Black": 8.256, "just": 3.315}, "Berry Box": {"Onyx Black": 5.414, "Black": 10.613999999999999, "just": 3.1365}, "Valentine Box": {"Onyx Black": 7.614000000000001, "Black": 13.213999999999999, "just": 3.9865000000000004}, "Sakura Flower": {"Onyx Black": 6.422000000000001, "Black": 15.466000000000001, "just": 4.343500000000001}, "Hanging Star": {"Onyx Black": 7.77, "Black": 15.11, "just": 4.717499999999999}, "Sleigh Bell": {"Onyx Black": 10.379999999999999, "Black": 20.380000000000003, "just": 6.205}, "Love Candle": {"Onyx Black": 10.234, "Black": 16.753999999999998, "just": 7.6415}, "Skull Flower": {"Onyx Black": 12.154, "Black": 17.794, "just": 7.3015}, "Crystal Ball": {"Onyx Black": 12.594, "Black": 28.03, "just": 7.1315}, "Trapped Heart": {"Onyx Black": 13.006, "Black": 17.846, "just": 7.1485}, "Top Hat": {"Onyx Black": 12.963999999999999, "Black": 21.364, "just": 7.598999999999999}, "Love Potion": {"Onyx Black": 12.364, "Black": 23.696, "just": 8.075}, "Flying Broom": {"Onyx Black": 12.84, "Black": 19.64, "just": 7.99}, "Cupid Charm": {"Onyx Black": 17.936, "Black": 30.740000000000002, "just": 10.115}, "Record Player": {"Onyx Black": 10.134, "Black": 20.733999999999998, "just": 6.706499999999999}, "Eternal Rose": {"Onyx Black": 19.996, "Black": 35.980000000000004, "just": 11.9}, "Mad Pumpkin": {"Onyx Black": 23.698, "Black": 41.298, "just": 16.8555}, "Voodoo Doll": {"Onyx Black": 23.022, "Black": 45.82599999999999, "just": 15.0535}, "Diamond Ring": {"Onyx Black": 22.29, "Black": 43.894000000000005, "just": 14.016499999999999}, "Toy Bear": {"Onyx Black": 33.4, "Black": 51.239999999999995, "just": 21.59}, "Vintage Cigar": {"Onyx Black": 37.2, "Black": 68.2, "just": 21.25}, "Neko Helmet": {"Onyx Black": 38.974000000000004, "Black": 64.974, "just": 24.046499999999998}, "Low Rider": {"Onyx Black": 33.164, "Black": 81.56400000000001, "just": 22.049}, "Signet Ring": {"Onyx Black": 37.3, "Black": 80.096, "just": 23.375}, "Electric Skull": {"Onyx Black": 42.814,