{"Snoop Dogg": {"Goldizzle": 7.3255, "Doggfather": 2.8605, "Doberman": 3.5255, "AI Dogg": 2.9079999999999995, "Sapphire": 1.9255, "King Snoop": 4.4465, "Chrome": 2.0205, "King Ruby": 1.9064999999999999, "Black Diamond": 1.992, "Onyx Black": 3.1833333333333336, "Black": 10.634615384615385, "just": 1.4875}, "Swag Bag": {"Snoop Life": 2.548, "April 20th": 3.038, "Missionary": 6.859999999999999, "Take It Easy": 2.2931999999999997, "Dogg’s Loot": 2.058, "Bulk Order": 2.2931999999999997, "Gin & Jewels": 2.548, "Cashback": 3.038, "Darkness": 2.254, "Boiling Hot": 2.646, "Happy Herbs": 3.038, "Golden Nugs": 2.156, "Leopard": 2.2931999999999997, "Onyx Black": 3.075, "Black": 7.9799999999999995, "just": 1.666}, "Snoop Cigar": {"Onyx Black": 7.6899999999999995, "Black": 19.625, "just": 4.1225}, "Lol Pop": {"Milky Way": 1.54, "Sick Leave": 1.47, "Blood Sucker": 1.75, "Heart Pop": 1.6099999999999999, "Fire Vortex": 1.47, "Mortal Sin": 2.8, "Jolly Roger": 1.75, "Pink Foil": 1.47, "Satellite": 1.68, "Hexed Helix": 1.54, "Jinxed": 1.54, "Icicle": 1.47, "Dark Sky": 1.47, "Sailor Moon": 1.47, "Doodle Art": 1.638, "Pumpkin": 1.47, "Rosebud": 1.6099999999999999, "Shock Wave": 1.54, "Cobweb": 1.54, "Sweetheart": 1.8199999999999998, "Romance": 1.47, "Portable Pop": 1.47, "Glowstick": 2.17, "Blood Ember": 1.6099999999999999, "Plastic Ice": 1.47, "Einstein": 1.75, "Celestia": 2.17, "Angelina": 2.17, "Dark Portal": 1.6099999999999999, "Watermelon": 1.47, "Cookie Dip": 1.47, "Comic Crunch": 1.47, "Andromeda": 1.89, "Magic Wand": 1.47, "Love Bubbles": 1.6099999999999999, "Onyx Black": 1.99, "Black": 5.195, "just": 1.19}, "B-Day Candle": {"Payday": 2.1545, "Happy Meows": 2.78, "Final Boss": 2.1545, "On Fire": 2.1545, "Purr Magic": 2.1545, "Kaboom!": 1.8765, "Pixel Wish": 2.1545, "Onyx Black": 1.795, "Black": 5.1450000000000005, "just": 1.1815}, "Desk Calendar": {"Hodler": 4.8999999999999995, "Fawkes Night": 3.9199999999999995, "Adult Tasks": 23.2, "Deadline": 2.17, "Balloon Face": 2.17, "Pepe Plans": 13.445, "Telegram": 2.17, "Independence": 2.8, "Checklist": 1.89, "Sunday": 1.89, "Fund Manager": 2.17, "Burning Time": 2.17, "Investor": 7.199999999999999, "Durov Day": 2.8, "Peach Week": 2.17, "Tic Tac Toe": 1.68, "Heartbreak": 1.6099999999999999, "Onyx Black": 1.8, "Black": 5.324999999999999, "just": 1.19}, "Lunar Snake": {"Timelock": 1.9500000000000002, "Synthwave": 5.25, "Dragon Ball": 5.25, "Python Dev": 2.325, "Soul Eater": 2.0250000000000004, "Psychedelic": 2.325, "Hot Cherry": 2.325, "Hellspawn": 2.325, "Onyx Black": 2.225, "Black": 5.75, "just": 1.275}, "Xmas Stocking": {"Onyx Black": 2.6799999999999997, "Black": 5.45, "just": 1.275}, "Snake Box": {"Onyx Black": 2.18, "Black": 6.175, "just": 1.2495}, "Pet Snake": {"Onyx Black": 2.475, "Black": 6.15, "just": 1.4705}, "Candy Cane": {"Designer": 5.565, "Sticky Sweet": 2.4645, "Grinch": 3.18, "Hex Pot": 2.4645, "Onyx Black": 2.365, "Black": 5.87, "just": 1.3515}, "Whip Cupcake": {"Deep State": 2.0250000000000004, "Toncoin": 2.325, "Resistance": 7.895, "Sponge Duck": 2.325, "Bitcoin": 9.25, "Onyx Black": 2.145, "Black": 5.55, "just": 1.275}, "Big Year": {"Game Boy": 2.233, "Balloons": 2.3750999999999998, "First Website": 2.1315, "Big Brother": 3.1464999999999996, "YouTubes": 4.06, "The Nether": 2.5374999999999996, "Bitcoin": 7.1049999999999995, "Telegram": 4.06, "Creator": 2.7405, "The Hobbit": 4.06, "Cheshire Cat": 2.3750999999999998, "Qing Dynasty": 3.1464999999999996, "Pokeball": 2.7405, "Gold Mine": 7.1049999999999995, "Pavel Durov": 7.1049999999999995, "Onyx Black": 3.635, "Black": 9.665000000000001, "just": 1.7254999999999998}, "Homemade Cake": {"Onyx Black": 2.34, "Black": 5.4350000000000005, "just": 1.5979999999999999}, "Cookie Heart": {"Onyx Black": 2.5549999999999997, "Black": 6.905, "just": 1.632}, "Jester Hat": {"Onyx Black": 2.87, "Black": 6.37, "just": 1.5215}, "Holiday Drink": {"Onyx Black": 2.4699999999999998, "Black": 6.42, "just": 1.649}, "Ginger Cookie": {"Onyx Black": 3.8049999999999997, "Black": 7.27, "just": 1.751}, "Hypno Lollipop": {"Onyx Black": 2.945, "Black": 6.24, "just": 1.6915}, "Winter Wreath": {"Moon Cat": 96.00500000000001, "Onyx Black": 2.98, "Black": 7.5, "just": 1.7084999999999997}, "Party Sparkler": {"Onyx Black": 3.2350000000000003, "Black": 6.975, "just": 1.6744999999999999}, "Jingle Bells": {"Onyx Black": 2.71, "Black": 6.78, "just": 1.802}, "Tama Gadget": {"Onyx Black": 3.4749999999999996, "Black": 6.334999999999999, "just": 1.8275}, "Jack-in-the-Box": {"Onyx Black": 3.085, "Black": 7.075, "just": 1.9124999999999999}, "Star Notepad": {"Onyx Black": 4.05, "Black": 9.549999999999999, "just": 2.04}, "Easter Egg": {"Onyx Black": 3.77, "Black": 10.745000000000001, "just": 2.3715}, "Santa Hat": {"Onyx Black": 3.974, "Black": 8.414000000000001, "just": 2.3715}, "Hex Pot": {"Onyx Black": 4.035, "Black": 9.899999999999999, "just": 2.38}, "Restless Jar": {"Onyx Black": 3.72, "Black": 9.645, "just": 2.1165000000000003}, "Lush Bouquet": {"Onyx Black": 4.325, "Black": 7.7, "just": 2.5075000000000003}, "Spiced Wine": {"Onyx Black": 3.128, "Black": 7.0600000000000005, "just": 2.278}, "Snow Globe": {"Onyx Black": 4.4799999999999995, "Black": 10.93, "just": 2.431}, "Joyful Bundle": {"Onyx Black": 3.9699999999999998, "Black": 10.924999999999999, "just": 2.4225}, "Light Sword": {"Onyx Black": 4.772, "Black": 10.655999999999999, "just": 2.635}, "Witch Hat": {"Onyx Black": 4.565, "Black": 12.084999999999999, "just": 2.703}, "Bow Tie": {"Onyx Black": 4.79, "Black": 12.342, "just": 2.7624999999999997}, "Eternal Candle": {"Onyx Black": 4.84, "Black": 10.64, "just": 2.8899999999999997}, "Jelly Bunny": {"Onyx Black": 4.495, "Black": 9.995000000000001, "just": 2.9665}, "Bunny Muffin": {"Onyx Black": 4.696, "Black": 14.056000000000001, "just": 3.026}, "Spy Agaric": {"Onyx Black": 5.574, "Black": 10.486, "just": 2.9665}, "Evil Eye": {"Onyx Black": 6.33, "Black": 12.590000000000002, "just": 3.1025}, "Snow Mittens": {"Onyx Black": 5.064, "Black": 8.264, "just": 3.2129999999999996}, "Berry Box": {"Onyx Black": 5.942, "Black": 10.622, "just": 3.3235}, "Valentine Box": {"Onyx Black": 7.268000000000001, "Black": 12.708, "just": 4.063}, "Sakura Flower": {"Onyx Black": 6.496, "Black": 15.4, "just": 4.25}, "Hanging Star": {"Onyx Black": 7.7620000000000005, "Black": 15.202, "just": 4.547499999999999}, "Sleigh Bell": {"Onyx Black": 10.404, "Black": 20.804, "just": 6.239}, "Love Candle": {"Onyx Black": 9.978, "Black": 17.177999999999997, "just": 7.335500000000001}, "Skull Flower": {"Onyx Black": 11.174, "Black": 17.817999999999998, "just": 7.335500000000001}, "Crystal Ball": {"Onyx Black": 11.978, "Black": 27.782, "just": 6.7745}, "Trapped Heart": {"Onyx Black": 13.204, "Black": 18.363999999999997, "just": 7.429}, "Top Hat": {"Onyx Black": 12.85, "Black": 22.369999999999997, "just": 7.4375}, "Love Potion": {"Onyx Black": 11.174, "Black": 23.573999999999998, "just": 7.896499999999999}, "Flying Broom": {"Onyx Black": 12.87, "Black": 19.67, "just": 8.032499999999999}, "Cupid Charm": {"Onyx Black": 16.54, "Black": 30.14, "just": 9.265}, "Record Player": {"Onyx Black": 10.238, "Black": 20.878, "just": 6.910500000000001}, "Eternal Rose": {"Onyx Black": 20.366, "Black": 34.769999999999996, "just": 11.8575}, "Mad Pumpkin": {"Onyx Black": 22.558, "Black": 41.078, "just": 15.240499999999999}, "Voodoo Doll": {"Onyx Black": 22.589999999999996, "Black": 46.794, "just": 14.441499999999998}, "Diamond Ring": {"Onyx Black": 22.35, "Black": 43.95399999999999, "just": 14.1015}, "Toy Bear": {"Onyx Black": 36.708, "Black": 53.623999999999995, "just": 24.973}, "Vintage Cigar": {"Onyx Black": 37.158, "Black": 54.958, "just": 21.1905}, "Neko Helmet": {"Onyx Black": 38.5, "Black": 66.46000000000001, "just": 23.375}, "Low Rider": {"Onyx Black": 33.294, "Black": 86.89399999999999, "just": 21.6665}, "Signet Ring": {"Onyx Black": 37.774, "Black": 80.57000000000001, "just": 24.046499999999998}, "Electric Skull": {"Onyx Black": 45.7, "Black": 76.1,