{"Snoop Dogg": {"Sapphire": 2.0395, "Goldizzle": 6.945500000000001, "King Snoop": 4.6365, "Emerald": 1.916, "Black Diamond": 2.0300000000000002, "Doberman": 3.6205000000000007, "Doggfather": 3.0504999999999995, "AI Dogg": 3.0504999999999995, "King Ruby": 1.9255, "Chrome": 2.296, "Black Gold": 2.0015, "Onyx Black": 3.2466666666666666, "Black": 10.401538461538461, "just": 1.4789999999999999}, "Swag Bag": {"Leopard": 2.3, "Gin & Jewels": 2.6, "April 20th": 3.1, "Darkness": 2.2, "Take It Easy": 2.6, "Happy Herbs": 3.1, "Snoop Life": 2.6, "Bulk Order": 2.5, "Cashback": 3.1, "Golden Nugs": 2.2, "Missionary": 7.0, "Boiling Hot": 2.6, "Onyx Black": 3.1, "Black": 7.25, "just": 1.7}, "Snoop Cigar": {"Onyx Black": 7.545, "Black": 19.369999999999997, "just": 4.114}, "Lol Pop": {"Love Bubbles": 1.6099999999999999, "Doodle Art": 1.68, "Mortal Sin": 3.9199999999999995, "Angelina": 2.17, "Icicle": 1.47, "Portable Pop": 1.47, "Blood Ember": 1.6099999999999999, "Magic Wand": 1.47, "Hexed Helix": 1.6099999999999999, "Jolly Roger": 1.54, "Rosebud": 1.54, "Celestia": 2.17, "Dark Portal": 1.75, "Andromeda": 1.89, "Blood Sucker": 1.89, "Shock Wave": 1.6099999999999999, "Jinxed": 1.54, "Dark Sky": 1.75, "Cookie Dip": 1.54, "Watermelon": 1.47, "Sweetheart": 1.89, "Einstein": 1.47, "Cobweb": 1.54, "Heart Pop": 1.54, "Sailor Moon": 1.47, "Fire Vortex": 1.47, "Glowstick": 2.17, "Satellite": 1.68, "Milky Way": 1.54, "Pumpkin": 1.47, "Onyx Black": 1.945, "Black": 5.244999999999999, "just": 1.19}, "B-Day Candle": {"Pixel Wish": 2.0770000000000004, "Happy Meows": 2.68, "Final Boss": 2.0770000000000004, "Purr Magic": 2.0770000000000004, "Payday": 2.0770000000000004, "Kaboom!": 1.8090000000000002, "On Fire": 2.0770000000000004, "Onyx Black": 1.745, "Black": 5.11, "just": 1.139}, "Desk Calendar": {"Telegram": 2.1545, "Checklist": 2.1545, "Heartbreak": 1.5984999999999998, "Investor": 4.864999999999999, "Pepe Plans": 10.19, "Deadline": 2.1545, "Fawkes Night": 2.78, "Fund Manager": 2.1545, "Sunday": 1.8765, "Independence": 2.78, "Durov Day": 2.1545, "Burning Time": 1.8765, "Balloon Face": 2.1545, "Tic Tac Toe": 1.8765, "Hodler": 4.864999999999999, "Adult Tasks": 24.145, "Peach Week": 1.8765, "Onyx Black": 1.7650000000000001, "Black": 5.38, "just": 1.1815}, "Lunar Snake": {"Hot Cherry": 2.0115000000000003, "Timelock": 1.937, "Psychedelic": 1.8625, "Synthwave": 5.215, "Hellspawn": 2.3095, "Soul Eater": 2.3095, "Python Dev": 2.3095, "Dragon Ball": 5.215, "Onyx Black": 2.22, "Black": 5.845, "just": 1.2665}, "Xmas Stocking": {"Onyx Black": 2.65, "Black": 5.69, "just": 1.275}, "Snake Box": {"Onyx Black": 2.2, "Black": 6.170000000000001, "just": 1.2325}, "Pet Snake": {"Onyx Black": 2.35, "Black": 5.87, "just": 1.4875}, "Candy Cane": {"Sticky Sweet": 2.4645, "Hex Pot": 3.18, "Designer": 8.395, "Grinch": 3.18, "Onyx Black": 2.37, "Black": 5.895, "just": 1.3515}, "Whip Cupcake": {"Bitcoin": 9.26, "Toncoin": 2.3560000000000003, "Resistance": 5.32, "Sponge Duck": 2.3560000000000003, "Deep State": 2.3560000000000003, "Onyx Black": 2.2350000000000003, "Black": 5.66, "just": 1.292}, "Big Year": {"Pokeball": 2.6500000000000004, "YouTubes": 4.24, "Pavel Durov": 4.24, "Cheshire Cat": 2.4379999999999997, "Bitcoin": 5.936, "Telegram": 4.24, "Qing Dynasty": 3.2860000000000005, "Game Boy": 2.2260000000000004, "Big Brother": 2.8620000000000005, "Gold Mine": 7.42, "The Hobbit": 3.2860000000000005, "The Nether": 2.7560000000000002, "Creator": 2.8620000000000005, "First Website": 2.3320000000000003, "Onyx Black": 3.68, "Black": 9.925, "just": 1.802}, "Homemade Cake": {"Onyx Black": 2.42, "Black": 5.365, "just": 1.5725}, "Cookie Heart": {"Onyx Black": 2.535, "Black": 6.930000000000001, "just": 1.5895000000000001}, "Jester Hat": {"Onyx Black": 2.475, "Black": 6.4750000000000005, "just": 1.513}, "Holiday Drink": {"Onyx Black": 2.435, "Black": 6.405, "just": 1.6235}, "Ginger Cookie": {"Onyx Black": 3.82, "Black": 7.295, "just": 1.7764999999999997}, "Hypno Lollipop": {"Onyx Black": 2.815, "Black": 6.5200000000000005, "just": 1.8104999999999998}, "Winter Wreath": {"Moon Cat": 105.49000000000001, "Onyx Black": 2.965, "Black": 7.84, "just": 1.683}, "Party Sparkler": {"Onyx Black": 2.9699999999999998, "Black": 6.970000000000001, "just": 1.649}, "Jingle Bells": {"Onyx Black": 2.86, "Black": 6.765, "just": 1.8104999999999998}, "Tama Gadget": {"Onyx Black": 3.215, "Black": 6.715000000000001, "just": 1.8104999999999998}, "Jack-in-the-Box": {"Onyx Black": 3.125, "Black": 7.37, "just": 1.9040000000000001}, "Star Notepad": {"Onyx Black": 4.01, "Black": 9.485, "just": 1.9295}, "Easter Egg": {"Onyx Black": 3.8249999999999997, "Black": 11.099999999999998, "just": 2.38}, "Santa Hat": {"Onyx Black": 3.504, "Black": 8.444, "just": 2.4139999999999997}, "Hex Pot": {"Onyx Black": 3.89, "Black": 10.094999999999999, "just": 2.3715}, "Restless Jar": {"Onyx Black": 3.74, "Black": 10.185, "just": 2.1504999999999996}, "Lush Bouquet": {"Onyx Black": 4.335, "Black": 7.484999999999999, "just": 2.5245}, "Spiced Wine": {"Onyx Black": 2.846, "Black": 6.898000000000001, "just": 2.0485}, "Snow Globe": {"Onyx Black": 4.484999999999999, "Black": 10.934999999999999, "just": 2.4395000000000002}, "Joyful Bundle": {"Onyx Black": 3.62, "Black": 7.995, "just": 2.3715}, "Light Sword": {"Onyx Black": 4.856, "Black": 10.059999999999999, "just": 2.635}, "Witch Hat": {"Onyx Black": 4.42, "Black": 11.695, "just": 2.8815}, "Bow Tie": {"Onyx Black": 4.894, "Black": 12.629999999999999, "just": 2.7624999999999997}, "Eternal Candle": {"Onyx Black": 5.054, "Black": 11.086000000000002, "just": 2.9665}, "Jelly Bunny": {"Onyx Black": 5.025, "Black": 10.725000000000001, "just": 2.9325}, "Bunny Muffin": {"Onyx Black": 4.928, "Black": 14.536, "just": 3.043}, "Spy Agaric": {"Onyx Black": 5.5840000000000005, "Black": 10.456, "just": 2.924}, "Evil Eye": {"Onyx Black": 6.42, "Black": 13.280000000000001, "just": 3.23}, "Snow Mittens": {"Onyx Black": 5.09, "Black": 8.186, "just": 3.1025}, "Berry Box": {"Onyx Black": 5.91, "Black": 10.709999999999999, "just": 3.2725}, "Valentine Box": {"Onyx Black": 7.279999999999999, "Black": 12.719999999999999, "just": 4.08}, "Sakura Flower": {"Onyx Black": 6.76, "Black": 15.4, "just": 4.25}, "Hanging Star": {"Onyx Black": 8.036000000000001, "Black": 15.232, "just": 4.59}, "Sleigh Bell": {"Onyx Black": 10.152000000000001, "Black": 18.148, "just": 5.882}, "Love Candle": {"Onyx Black": 11.044, "Black": 19.644, "just": 7.429}, "Skull Flower": {"Onyx Black": 11.312, "Black": 18.916, "just": 7.531}, "Crystal Ball": {"Onyx Black": 11.815999999999999, "Black": 27.819999999999997, "just": 6.545}, "Trapped Heart": {"Onyx Black": 13.347999999999999, "Black": 18.628, "just": 7.633}, "Top Hat": {"Onyx Black": 12.4, "Black": 22.6, "just": 6.8}, "Love Potion": {"Onyx Black": 10.969999999999999, "Black": 23.369999999999997, "just": 7.607499999999999}, "Flying Broom": {"Onyx Black": 13.482, "Black": 20.042, "just": 8.0495}, "Cupid Charm": {"Onyx Black": 16.688, "Black": 32.328, "just": 10.098}, "Record Player": {"Onyx Black": 10.76, "Black": 20.8, "just": 6.8}, "Eternal Rose": {"Onyx Black": 20.172, "Black": 35.772, "just": 11.576999999999998}, "Mad Pumpkin": {"Onyx Black": 22.22, "Black": 41.215999999999994, "just": 14.194999999999999}, "Voodoo Doll": {"Onyx Black": 22.29, "Black": 45.814, "just": 14.016499999999999}, "Diamond Ring": {"Onyx Black": 22.086, "Black": 42.57000000000001, "just": 13.7275}, "Toy Bear": {"Onyx Black": 25.756, "Black": 48.03999999999999, "just": 17.34}, "Vintage Cigar": {"Onyx Black": 38.64, "Black": 54.64, "just": 20.74}, "Neko Helmet": {"Onyx Black": 37.6, "Black": 75.6, "just": 22.099999999999998}, "Low Rider": {"Onyx Black": 34.06, "Black": 87.3, "just": 21.675}, "Signet Ring": {"Onyx Black": 36.724000000000004, "Black": 79.524, "just": 22.558999999999997}, "Electric Skull": {"Onyx Black": 46.22, "Black": 72.22, "just": 28.645000000000003}, "Kissed Frog": {"Onyx Black": 48.974000000000004, "Black": 82.57400000000001,