{"Snoop Dogg": {"Black Diamond": 2.1155, "Chrome": 2.4905, "Goldizzle": 7.8955, "Cold Topaz": 1.9730000000000003, "Sapphire": 2.0585, "Doggfather": 3.2405, "Doberman": 3.763, "AI Dogg": 2.6565, "King Snoop": 6.0805, "Onyx Black": 3.7300000000000004, "Black": 10.186923076923076, "just": 1.5385}, "Swag Bag": {"Gin & Jewels": 2.4, "Happy Herbs": 3.1, "Missionary": 8.45, "Boiling Hot": 2.6, "April 20th": 3.1, "Bulk Order": 2.2, "Take It Easy": 2.6, "Cashback": 3.1, "Snoop Life": 2.5, "Darkness": 2.1, "Golden Nugs": 2.1, "Onyx Black": 3.95, "Black": 7.195, "just": 1.7}, "Snoop Cigar": {"Onyx Black": 8.415, "Black": 19.94, "just": 4.156499999999999}, "Lol Pop": {"Jinxed": 1.716, "Einstein": 1.716, "Shock Wave": 1.5015, "Plastic Ice": 1.5015, "Glowstick": 1.9305, "Angelina": 2.2165, "Nostalgia": 1.5015, "Blood Sucker": 1.716, "Blood Ember": 1.6730999999999998, "Hexed Helix": 1.573, "Sick Leave": 1.5015, "Jolly Roger": 1.6730999999999998, "Andromeda": 1.9305, "Dark Portal": 1.6730999999999998, "Milky Way": 1.5015, "Satellite": 1.6730999999999998, "Love Bubbles": 1.6444999999999999, "Icicle": 1.5015, "Dark Sky": 1.573, "Comic Crunch": 1.5015, "Doodle Art": 1.573, "Cobweb": 1.573, "Fire Vortex": 1.5015, "Heart Pop": 1.5015, "Sweetheart": 1.716, "Rosebud": 1.716, "Mortal Sin": 2.86, "Gold Star": 1.5015, "Celestia": 1.9305, "Crystalline": 1.5015, "Pumpkin": 2.2165, "Onyx Black": 1.915, "Black": 4.955, "just": 1.2155}, "B-Day Candle": {"Payday": 2.139, "Pixel Wish": 2.139, "On Fire": 2.139, "Happy Meows": 2.139, "Kaboom!": 2.139, "Purr Magic": 2.139, "Final Boss": 2.139, "Onyx Black": 1.78, "Black": 4.9350000000000005, "just": 1.1729999999999998}, "Desk Calendar": {"Fund Manager": 2.0770000000000004, "Tic Tac Toe": 1.675, "Checklist": 1.8090000000000002, "Peach Week": 2.0770000000000004, "Balloon Face": 1.675, "Fawkes Night": 5.615, "Deadline": 2.0770000000000004, "Independence": 2.0770000000000004, "Sunday": 2.0770000000000004, "Heartbreak": 1.5678, "Investor": 9.545, "Telegram": 2.68, "Hodler": 4.69, "Burning Time": 2.0770000000000004, "Pepe Plans": 14.165, "Durov Day": 6.61, "Adult Tasks": 25.615, "Onyx Black": 1.745, "Black": 4.99, "just": 1.139}, "Lunar Snake": {"Soul Eater": 2.2785, "Hot Cherry": 1.9845000000000002, "Timelock": 2.2785, "Python Dev": 2.2785, "Hellspawn": 1.911, "Dragon Ball": 5.145, "Psychedelic": 1.911, "Synthwave": 5.145, "Onyx Black": 2.835, "Black": 5.475, "just": 1.2495}, "Xmas Stocking": {"Onyx Black": 2.035, "Black": 5.905, "just": 1.2069999999999999}, "Snake Box": {"Onyx Black": 2.165, "Black": 6.0200000000000005, "just": 1.309}, "Pet Snake": {"Onyx Black": 2.435, "Black": 5.920000000000001, "just": 1.5895000000000001}, "Candy Cane": {"Hex Pot": 3.14, "Grinch": 3.14, "Designer": 5.495, "Sticky Sweet": 1.9625000000000001, "Onyx Black": 2.1350000000000002, "Black": 5.79, "just": 1.3345}, "Whip Cupcake": {"Toncoin": 2.387, "Bitcoin": 11.77, "Resistance": 5.390000000000001, "Sponge Duck": 2.387, "Deep State": 2.079, "Onyx Black": 2.435, "Black": 5.43, "just": 1.309}, "Big Year": {"Bitcoin": 5.292, "Gold Mine": 6.614999999999999, "Creator": 2.9295, "YouTubes": 3.78, "Big Brother": 2.9295, "Balloons": 1.9845, "The Hobbit": 3.78, "The Nether": 2.5515, "Pokeball": 2.5515, "Pavel Durov": 9.395, "Cheshire Cat": 2.9295, "Telegram": 5.292, "First Website": 2.5515, "Qing Dynasty": 2.9295, "Game Boy": 2.079, "Onyx Black": 3.54, "Black": 8.945, "just": 1.6064999999999998}, "Homemade Cake": {"Onyx Black": 2.225, "Black": 5.324999999999999, "just": 1.581}, "Cookie Heart": {"Onyx Black": 2.685, "Black": 6.539999999999999, "just": 1.6744999999999999}, "Jester Hat": {"Onyx Black": 2.495, "Black": 6.47, "just": 1.5215}, "Holiday Drink": {"Onyx Black": 2.67, "Black": 6.299999999999999, "just": 1.615}, "Ginger Cookie": {"Onyx Black": 3.62, "Black": 7.215, "just": 1.649}, "Hypno Lollipop": {"Onyx Black": 3.3200000000000003, "Black": 7.345, "just": 1.6915}, "Winter Wreath": {"Moon Cat": 90.965, "Onyx Black": 2.8649999999999998, "Black": 7.915, "just": 1.6404999999999998}, "Party Sparkler": {"Onyx Black": 2.9, "Black": 6.695, "just": 1.615}, "Jingle Bells": {"Onyx Black": 2.9000000000000004, "Black": 6.790000000000001, "just": 1.785}, "Tama Gadget": {"Onyx Black": 3.41, "Black": 6.74, "just": 1.7}, "Jack-in-the-Box": {"Onyx Black": 3.13, "Black": 6.93, "just": 1.9209999999999998}, "Star Notepad": {"Onyx Black": 3.575, "Black": 9.14, "just": 1.9379999999999997}, "Easter Egg": {"Onyx Black": 3.77, "Black": 10.855, "just": 2.38}, "Santa Hat": {"Onyx Black": 3.776, "Black": 9.235999999999999, "just": 2.3459999999999996}, "Hex Pot": {"Onyx Black": 3.955, "Black": 9.315000000000001, "just": 2.3035}, "Restless Jar": {"Onyx Black": 3.735, "Black": 8.58, "just": 2.2695}, "Lush Bouquet": {"Onyx Black": 4.72, "Black": 8.25, "just": 2.5925}, "Spiced Wine": {"Onyx Black": 2.944, "Black": 6.859999999999999, "just": 2.074}, "Snow Globe": {"Onyx Black": 7.5, "Black": 10.1, "just": 2.55}, "Joyful Bundle": {"Onyx Black": 4.93, "Black": 8.93, "just": 2.431}, "Light Sword": {"Onyx Black": 4.852, "Black": 10.267999999999999, "just": 2.652}, "Witch Hat": {"Onyx Black": 4.67, "Black": 12.02, "just": 2.584}, "Bow Tie": {"Onyx Black": 6.286, "Black": 12.282000000000002, "just": 2.6774999999999998}, "Eternal Candle": {"Onyx Black": 5.3740000000000006, "Black": 10.966000000000001, "just": 3.0854999999999997}, "Jelly Bunny": {"Onyx Black": 4.865, "Black": 11.42, "just": 2.839}, "Bunny Muffin": {"Onyx Black": 6.782, "Black": 16.782, "just": 3.5444999999999998}, "Spy Agaric": {"Onyx Black": 6.848, "Black": 10.392, "just": 2.907}, "Evil Eye": {"Onyx Black": 6.728, "Black": 14.328, "just": 3.298}, "Snow Mittens": {"Onyx Black": 5.970000000000001, "Black": 8.690000000000001, "just": 3.3575}, "Berry Box": {"Onyx Black": 4.798, "Black": 10.494, "just": 3.1705}, "Valentine Box": {"Onyx Black": 7.038, "Black": 12.638, "just": 4.0205}, "Sakura Flower": {"Onyx Black": 6.974, "Black": 16.37, "just": 4.4965}, "Hanging Star": {"Onyx Black": 9.092, "Black": 15.340000000000002, "just": 5.015000000000001}, "Sleigh Bell": {"Onyx Black": 10.894, "Black": 24.094, "just": 6.3665}, "Love Candle": {"Onyx Black": 10.362, "Black": 15.722000000000001, "just": 7.539499999999999}, "Skull Flower": {"Onyx Black": 11.059999999999999, "Black": 18.379999999999995, "just": 6.885}, "Crystal Ball": {"Onyx Black": 12.282, "Black": 27.118000000000002, "just": 6.6895}, "Trapped Heart": {"Onyx Black": 11.533999999999999, "Black": 20.733999999999998, "just": 6.706499999999999}, "Top Hat": {"Onyx Black": 14.296, "Black": 26.387999999999998, "just": 6.783}, "Love Potion": {"Onyx Black": 12.596, "Black": 23.96, "just": 8.449}, "Flying Broom": {"Onyx Black": 11.494, "Black": 27.174, "just": 7.896499999999999}, "Cupid Charm": {"Onyx Black": 18.016, "Black": 32.616, "just": 9.655999999999999}, "Record Player": {"Onyx Black": 10.356, "Black": 20.356, "just": 6.170999999999999}, "Eternal Rose": {"Onyx Black": 18.108, "Black": 35.587999999999994, "just": 11.883000000000001}, "Mad Pumpkin": {"Onyx Black": 23.828, "Black": 40.228, "just": 15.623}, "Voodoo Doll": {"Onyx Black": 24.18, "Black": 47.8, "just": 14.45}, "Diamond Ring": {"Onyx Black": 20.619999999999997, "Black": 41.42, "just": 13.344999999999999}, "Toy Bear": {"Onyx Black": 30.93, "Black": 46.93000000000001, "just": 20.017500000000002}, "Vintage Cigar": {"Onyx Black": 33.8, "Black": 57.8, "just": 19.55}, "Neko Helmet": {"Onyx Black": 37.268, "Black": 64.668, "just": 23.613}, "Low Rider": {"Onyx Black": 33.134, "Black": 76.73400000000001, "just": 22.0065}, "Signet Ring": {"Onyx Black": 37.6, "Black": 74.8, "just": 23.8}, "Electric Skull": {"Onyx Black": 42.348, "Black": 75.152, "just": 27.132}, "Kissed Frog": {"Onyx Black": 43.866, "Black": 78.514, "just": 26.5115}, "Swiss Watch": {"Onyx Black": 47.54, "Black": 75.53999999999999, "just": 33.915}, "Sharp Tongue": {"Onyx Black": 53.826, "Black": 139.826, "just": 33.7535}, "Genie Lamp": {"Onyx Black": 67.394, "Black": 184.994,