{"Snoop Dogg": {"AI Dogg": 3.2005, "Doggfather": 2.8205, "Goldizzle": 6.860499999999999, "Sapphire": 2.1205000000000003, "King Ruby": 1.9305000000000003, "Green Light": 1.8545000000000003, "Chrome": 2.3735, "Cold Topaz": 2.0255, "Doberman": 3.6755, "Black Diamond": 2.263, "Emerald": 1.9305000000000003, "King Snoop": 4.473, "Black Gold": 1.7785000000000002, "Onyx Black": 2.953333333333333, "Black": 10.176923076923076, "just": 1.36}, "Swag Bag": {"Take It Easy": 2.375, "Golden Nugs": 1.9949999999999999, "P.I.M.P.": 2.09, "Missionary": 6.6499999999999995, "Leopard": 1.9949999999999999, "Happy Herbs": 2.945, "April 20th": 2.945, "Gin & Jewels": 2.4699999999999998, "Snoop Life": 2.565, "Bulk Order": 2.375, "Cashback": 2.945, "Darkness": 2.09, "Boiling Hot": 2.565, "Onyx Black": 3.1500000000000004, "Black": 6.945, "just": 1.615}, "Snoop Cigar": {"Onyx Black": 8.34, "Black": 17.25, "just": 3.9015}, "Lol Pop": {"Fire Vortex": 1.4595, "Blood Ember": 1.5984999999999998, "Hexed Helix": 1.807, "Sick Leave": 1.4595, "Jolly Roger": 1.7374999999999998, "Sailor Moon": 1.5984999999999998, "Glowstick": 2.1545, "Celestia": 2.1545, "Red Shift": 1.4595, "Portable Pop": 1.4595, "Comic Crunch": 1.529, "Mortal Sin": 3.8919999999999995, "Sweetheart": 1.668, "Plastic Ice": 1.5984999999999998, "Blood Sucker": 1.5984999999999998, "Doodle Art": 1.4595, "Romance": 1.4595, "Shock Wave": 1.5984999999999998, "Rosebud": 1.5984999999999998, "Angelina": 2.1545, "Cobweb": 1.5984999999999998, "Andromeda": 1.807, "Icicle": 1.4595, "Milky Way": 1.5984999999999998, "Gold Star": 1.4595, "Dark Sky": 1.7374999999999998, "Einstein": 1.529, "Pumpkin": 1.529, "Heart Pop": 1.529, "Pink Foil": 1.4595, "Love Bubbles": 1.7374999999999998, "Watermelon": 1.4595, "Dark Portal": 1.529, "Jinxed": 1.7374999999999998, "Satellite": 1.7374999999999998, "Onyx Black": 1.995, "Black": 5.29, "just": 1.1815}, "B-Day Candle": {"Payday": 2.015, "Final Boss": 2.015, "Purr Magic": 2.015, "Happy Meows": 2.6, "Pixel Wish": 2.015, "Kaboom!": 2.015, "On Fire": 2.015, "Onyx Black": 1.65, "Black": 5.15, "just": 1.105}, "Desk Calendar": {"Deadline": 2.0615, "Independence": 2.66, "Hodler": 4.655, "Checklist": 2.0615, "Burning Time": 2.0615, "Telegram": 2.0615, "Adult Tasks": 23.665, "Tic Tac Toe": 2.0615, "Peach Week": 2.0615, "Fund Manager": 2.0615, "Pepe Plans": 10.905, "Sunday": 2.0615, "Heartbreak": 1.7955000000000003, "Durov Day": 2.66, "Fawkes Night": 2.66, "Balloon Face": 1.4630000000000003, "Investor": 5.41, "Onyx Black": 1.6600000000000001, "Black": 5.565, "just": 1.1305}, "Lunar Snake": {"Dragon Ball": 5.595, "Hot Cherry": 2.1545, "Hellspawn": 2.1545, "Python Dev": 2.1545, "Timelock": 1.8765, "Soul Eater": 2.1545, "Synthwave": 3.8919999999999995, "Psychedelic": 1.8765, "Onyx Black": 2.0949999999999998, "Black": 5.295, "just": 1.1815}, "Xmas Stocking": {"Onyx Black": 2.0949999999999998, "Black": 5.4399999999999995, "just": 1.1815}, "Snake Box": {"Onyx Black": 2.175, "Black": 5.195, "just": 1.1815}, "Pet Snake": {"Onyx Black": 2.48, "Black": 5.36, "just": 1.462}, "Candy Cane": {"Hex Pot": 2.98, "Designer": 5.215, "Sticky Sweet": 2.0115000000000003, "Grinch": 2.98, "Onyx Black": 2.345, "Black": 5.965, "just": 1.2665}, "Whip Cupcake": {"Resistance": 5.145, "Deep State": 2.2785, "Toncoin": 2.2785, "Sponge Duck": 2.2785, "Bitcoin": 9.985000000000001, "Onyx Black": 2.03, "Black": 5.235, "just": 1.2495}, "Big Year": {"Gold Mine": 5.319999999999999, "Creator": 2.945, "First Website": 2.1849999999999996, "Big Brother": 2.565, "Pokeball": 2.565, "The Nether": 2.09, "Qing Dynasty": 2.945, "Pavel Durov": 5.319999999999999, "The Hobbit": 2.945, "Telegram": 5.319999999999999, "YouTubes": 3.8, "Cheshire Cat": 2.375, "Game Boy": 2.1849999999999996, "Bitcoin": 5.319999999999999, "Onyx Black": 3.425, "Black": 8.7, "just": 1.615}, "Homemade Cake": {"Onyx Black": 2.285, "Black": 5.82, "just": 1.5045}, "Cookie Heart": {"Onyx Black": 2.635, "Black": 7.1, "just": 1.5725}, "Jester Hat": {"Onyx Black": 2.555, "Black": 6.32, "just": 1.4109999999999998}, "Holiday Drink": {"Onyx Black": 2.815, "Black": 5.815, "just": 1.5555}, "Ginger Cookie": {"Onyx Black": 3.5649999999999995, "Black": 6.49, "just": 1.7254999999999998}, "Hypno Lollipop": {"Onyx Black": 2.6950000000000003, "Black": 5.699999999999999, "just": 1.615}, "Winter Wreath": {"Onyx Black": 2.565, "Black": 8.87, "just": 1.6064999999999998}, "Party Sparkler": {"Onyx Black": 3.19, "Black": 7.19, "just": 1.5979999999999999}, "Jingle Bells": {"Onyx Black": 2.725, "Black": 6.875, "just": 1.4875}, "Tama Gadget": {"Onyx Black": 3.4400000000000004, "Black": 6.984999999999999, "just": 1.683}, "Jack-in-the-Box": {"Onyx Black": 3.105, "Black": 7.6000000000000005, "just": 1.87}, "Star Notepad": {"Onyx Black": 3.8899999999999997, "Black": 8.71, "just": 1.9379999999999997}, "Easter Egg": {"Onyx Black": 3.78, "Black": 10.985000000000001, "just": 2.2695}, "Santa Hat": {"Onyx Black": 3.256, "Black": 8.176, "just": 2.006}, "Hex Pot": {"Onyx Black": 4.035, "Black": 10.434999999999999, "just": 2.4395000000000002}, "Restless Jar": {"Onyx Black": 4.035, "Black": 9.785, "just": 2.1845}, "Lush Bouquet": {"Onyx Black": 4.87, "Black": 7.725, "just": 2.3375}, "Spiced Wine": {"Onyx Black": 2.8280000000000003, "Black": 6.764000000000001, "just": 1.853}, "Snow Globe": {"Onyx Black": 4.05, "Black": 10.25, "just": 2.125}, "Joyful Bundle": {"Onyx Black": 4.03, "Black": 7.84, "just": 2.278}, "Light Sword": {"Onyx Black": 4.168, "Black": 10.448, "just": 2.618}, "Witch Hat": {"Onyx Black": 4.3, "Black": 11.450000000000001, "just": 2.465}, "Bow Tie": {"Onyx Black": 4.92, "Black": 12.612000000000002, "just": 2.72}, "Eternal Candle": {"Onyx Black": 5.192, "Black": 10.792, "just": 2.8219999999999996}, "Jelly Bunny": {"Onyx Black": 4.495, "Black": 10.67, "just": 2.839}, "Bunny Muffin": {"Onyx Black": 5.442, "Black": 11.533999999999999, "just": 2.7965}, "Spy Agaric": {"Onyx Black": 4.720000000000001, "Black": 10.32, "just": 2.72}, "Evil Eye": {"Onyx Black": 6.548, "Black": 13.188, "just": 3.043}, "Snow Mittens": {"Onyx Black": 4.754, "Black": 7.6339999999999995, "just": 3.0515}, "Berry Box": {"Onyx Black": 5.154, "Black": 11.549999999999999, "just": 3.0515}, "Valentine Box": {"Onyx Black": 7.962, "Black": 12.438, "just": 3.6294999999999997}, "Sakura Flower": {"Onyx Black": 6.88, "Black": 13.780000000000001, "just": 4.08}, "Hanging Star": {"Onyx Black": 8.68, "Black": 15.2, "just": 4.539}, "Sleigh Bell": {"Onyx Black": 10.634, "Black": 18.614, "just": 6.5365}, "Love Candle": {"Onyx Black": 9.834, "Black": 14.393999999999998, "just": 6.7915}, "Skull Flower": {"Onyx Black": 9.734, "Black": 18.214, "just": 6.5365}, "Crystal Ball": {"Onyx Black": 12.079999999999998, "Black": 29.080000000000002, "just": 6.63}, "Trapped Heart": {"Onyx Black": 11.548, "Black": 20.148000000000003, "just": 7.293}, "Top Hat": {"Onyx Black": 12.4, "Black": 25.428, "just": 6.8}, "Love Potion": {"Onyx Black": 10.93, "Black": 22.134, "just": 7.556500000000001}, "Flying Broom": {"Onyx Black": 10.792, "Black": 19.951999999999998, "just": 7.922}, "Cupid Charm": {"Onyx Black": 17.54, "Black": 32.344, "just": 9.554}, "Record Player": {"Onyx Black": 11.102, "Black": 20.722, "just": 6.7745}, "Eternal Rose": {"Onyx Black": 18.04, "Black": 32.04, "just": 11.39}, "Mad Pumpkin": {"Onyx Black": 24.734, "Black": 41.134, "just": 15.2065}, "Voodoo Doll": {"Onyx Black": 21.89, "Black": 53.894000000000005, "just": 14.016499999999999}, "Diamond Ring": {"Onyx Black": 22.478, "Black": 41.678, "just": 13.710499999999998}, "Toy Bear": {"Onyx Black": 24.854, "Black": 47.334, "just": 16.0565}, "Vintage Cigar": {"Onyx Black": 32.9, "Black": 55.3, "just": 19.974999999999998}, "Neko Helmet": {"Onyx Black": 38.019999999999996, "Black": 76.02, "just": 22.695}, "Low Rider": {"Onyx Black": 34.53, "Black": 86.57000000000001, "just": 21.2075}, "Signet Ring": {"Onyx Black": 35.794, "Black": 74.994, "just": 21.2415}, "Electric Skull": {"Onyx Black": 42.141999999999996, "Black": 68.538,