{"Snoop Dogg": {"Chrome": 2.3055000000000003, "Doggfather": 2.8985000000000003, "Goldizzle": 7.3505, "King Snoop": 4.8455, "AI Dogg": 2.8845, "Black Diamond": 2.1060000000000003, "Doberman": 3.231, "Sapphire": 2.1060000000000003, "Onyx Black": 3.2666666666666666, "Black": 9.799999999999999, "just": 1.53}, "Swag Bag": {"Leopard": 2.376, "Happy Herbs": 3.069, "Aviators": 2.079, "P.I.M.P.": 2.079, "Bulk Order": 2.178, "Dogg’s Loot": 2.079, "Cashback": 3.069, "Snoop Life": 2.475, "Darkness": 2.178, "April 20th": 3.069, "Boiling Hot": 2.376, "Gin & Jewels": 2.475, "Take It Easy": 3.069, "Missionary": 6.93, "Onyx Black": 3.09, "Black": 7.49, "just": 1.683}, "Snoop Cigar": {"Onyx Black": 7.930000000000001, "Black": 19.275, "just": 4.165}, "Lol Pop": {"Jinxed": 1.6280000000000001, "Einstein": 1.7315999999999998, "Nostalgia": 1.554, "Andromeda": 1.998, "Hexed Helix": 1.85, "Sweetheart": 1.85, "Pumpkin": 1.6280000000000001, "Sick Leave": 1.554, "Milky Way": 1.6280000000000001, "Dark Portal": 1.924, "Dark Sky": 1.6280000000000001, "Glowstick": 2.294, "Love Bubbles": 1.702, "Jolly Roger": 1.85, "Hollywood": 1.554, "Heart Pop": 1.6280000000000001, "Mortal Sin": 2.96, "Doodle Art": 1.6280000000000001, "Celestia": 2.294, "Cobweb": 1.554, "Blood Ember": 1.554, "Rosebud": 1.7315999999999998, "Satellite": 1.85, "Comic Crunch": 1.554, "Angelina": 2.294, "Blood Sucker": 1.998, "Onyx Black": 2.04, "Black": 5.334999999999999, "just": 1.258}, "B-Day Candle": {"On Fire": 2.139, "Kaboom!": 2.139, "Pixel Wish": 2.139, "Final Boss": 2.139, "Payday": 2.139, "Happy Meows": 2.139, "Purr Magic": 2.139, "Onyx Black": 1.91, "Black": 5.154999999999999, "just": 1.1729999999999998}, "Desk Calendar": {"Fund Manager": 2.201, "Durov Day": 4.97, "Independence": 2.201, "Checklist": 1.917, "Adult Tasks": 27.655, "Balloon Face": 1.8459999999999999, "Pepe Plans": 14.705, "Burning Time": 2.201, "Heartbreak": 1.562, "Investor": 8.71, "Telegram": 2.201, "Sunday": 1.8459999999999999, "Peach Week": 2.201, "Fawkes Night": 2.84, "Hodler": 4.97, "Tic Tac Toe": 2.201, "Deadline": 2.201, "Onyx Black": 1.8599999999999999, "Black": 5.36, "just": 1.2069999999999999}, "Lunar Snake": {"Hot Cherry": 2.263, "Timelock": 2.263, "Dragon Ball": 5.109999999999999, "Hellspawn": 1.971, "Soul Eater": 2.263, "Psychedelic": 2.263, "Python Dev": 1.971, "Synthwave": 5.109999999999999, "Onyx Black": 2.325, "Black": 5.380000000000001, "just": 1.2409999999999999}, "Xmas Stocking": {"Onyx Black": 2.315, "Black": 5.539999999999999, "just": 1.258}, "Snake Box": {"Onyx Black": 2.19, "Black": 5.395, "just": 1.275}, "Pet Snake": {"Onyx Black": 2.39, "Black": 6.1450000000000005, "just": 1.513}, "Candy Cane": {"Grinch": 3.1, "Hex Pot": 4.34, "Sticky Sweet": 2.4025000000000003, "Designer": 5.425, "Onyx Black": 2.425, "Black": 5.7749999999999995, "just": 1.3175}, "Whip Cupcake": {"Deep State": 2.4025000000000003, "Toncoin": 2.4025000000000003, "Resistance": 6.489999999999999, "Sponge Duck": 2.4025000000000003, "Bitcoin": 13.775, "Onyx Black": 2.24, "Black": 5.415, "just": 1.3175}, "Big Year": {"Pavel Durov": 8.475, "First Website": 2.0475, "Telegram": 5.46, "Pokeball": 2.6325000000000003, "Game Boy": 2.145, "Gold Mine": 6.825, "Cheshire Cat": 3.0225, "The Nether": 3.0225, "Qing Dynasty": 3.0225, "The Hobbit": 3.9, "Creator": 2.6325000000000003, "Big Brother": 3.0225, "Balloons": 2.145, "Bitcoin": 5.46, "YouTubes": 3.0225, "Onyx Black": 4.425, "Black": 9.174999999999999, "just": 1.6575}, "Homemade Cake": {"Onyx Black": 2.35, "Black": 5.625, "just": 1.5725}, "Cookie Heart": {"Onyx Black": 2.4699999999999998, "Black": 6.7250000000000005, "just": 1.666}, "Jester Hat": {"Onyx Black": 2.635, "Black": 6.505000000000001, "just": 1.5045}, "Holiday Drink": {"Onyx Black": 2.675, "Black": 6.215, "just": 1.615}, "Ginger Cookie": {"Onyx Black": 3.5999999999999996, "Black": 6.844999999999999, "just": 1.615}, "Hypno Lollipop": {"Onyx Black": 3.465, "Black": 6.925, "just": 1.666}, "Winter Wreath": {"Moon Cat": 100.485, "Onyx Black": 2.9850000000000003, "Black": 6.984999999999999, "just": 1.6744999999999999}, "Party Sparkler": {"Onyx Black": 2.9749999999999996, "Black": 7.245, "just": 1.6575}, "Jingle Bells": {"Onyx Black": 2.835, "Black": 6.21, "just": 1.8444999999999998}, "Tama Gadget": {"Onyx Black": 3.465, "Black": 6.790000000000001, "just": 1.7934999999999999}, "Jack-in-the-Box": {"Onyx Black": 3.2, "Black": 6.95, "just": 1.87}, "Star Notepad": {"Onyx Black": 3.72, "Black": 9.145, "just": 1.9465}, "Easter Egg": {"Onyx Black": 3.795, "Black": 10.875, "just": 2.4139999999999997}, "Santa Hat": {"Onyx Black": 3.87, "Black": 8.245999999999999, "just": 2.3375}, "Hex Pot": {"Onyx Black": 3.995, "Black": 9.895, "just": 2.3715}, "Restless Jar": {"Onyx Black": 3.8049999999999997, "Black": 9.285, "just": 2.2184999999999997}, "Lush Bouquet": {"Onyx Black": 4.565, "Black": 8.825, "just": 2.6774999999999998}, "Spiced Wine": {"Onyx Black": 3.34, "Black": 6.571999999999999, "just": 2.04}, "Snow Globe": {"Onyx Black": 4.890000000000001, "Black": 11.395, "just": 2.3715}, "Joyful Bundle": {"Onyx Black": 3.965, "Black": 9.615, "just": 2.363}, "Light Sword": {"Onyx Black": 4.488, "Black": 9.812, "just": 2.5669999999999997}, "Witch Hat": {"Onyx Black": 4.0, "Black": 12.0, "just": 2.55}, "Bow Tie": {"Onyx Black": 4.694, "Black": 11.658000000000001, "just": 2.7965}, "Eternal Candle": {"Onyx Black": 5.458, "Black": 11.258000000000001, "just": 2.9155}, "Jelly Bunny": {"Onyx Black": 5.17, "Black": 10.595, "just": 2.8815}, "Bunny Muffin": {"Onyx Black": 4.74, "Black": 11.716, "just": 3.2809999999999997}, "Spy Agaric": {"Onyx Black": 5.476, "Black": 10.468, "just": 2.941}, "Evil Eye": {"Onyx Black": 5.954, "Black": 13.354, "just": 3.0515}, "Snow Mittens": {"Onyx Black": 5.758, "Black": 8.674, "just": 3.3405}, "Berry Box": {"Onyx Black": 5.314, "Black": 10.613999999999999, "just": 3.1365}, "Valentine Box": {"Onyx Black": 7.274, "Black": 12.873999999999999, "just": 4.0715}, "Sakura Flower": {"Onyx Black": 6.54, "Black": 16.14, "just": 4.165}, "Hanging Star": {"Onyx Black": 8.974, "Black": 15.134, "just": 4.8365}, "Sleigh Bell": {"Onyx Black": 12.5, "Black": 20.5, "just": 6.375}, "Love Candle": {"Onyx Black": 10.346, "Black": 17.206, "just": 7.1485}, "Skull Flower": {"Onyx Black": 11.606, "Black": 18.526, "just": 6.8084999999999996}, "Crystal Ball": {"Onyx Black": 12.354, "Black": 27.594, "just": 6.7915}, "Trapped Heart": {"Onyx Black": 12.82, "Black": 17.619999999999997, "just": 7.395}, "Top Hat": {"Onyx Black": 14.998000000000001, "Black": 26.598, "just": 7.0805}, "Love Potion": {"Onyx Black": 13.354, "Black": 23.762, "just": 8.1685}, "Flying Broom": {"Onyx Black": 12.07, "Black": 17.67, "just": 8.032499999999999}, "Cupid Charm": {"Onyx Black": 16.22, "Black": 32.81999999999999, "just": 9.944999999999999}, "Record Player": {"Onyx Black": 10.6, "Black": 20.8, "just": 6.8}, "Eternal Rose": {"Onyx Black": 20.36, "Black": 33.8, "just": 11.9}, "Mad Pumpkin": {"Onyx Black": 23.9, "Black": 39.876, "just": 15.725}, "Voodoo Doll": {"Onyx Black": 24.056, "Black": 44.660000000000004, "just": 14.535}, "Diamond Ring": {"Onyx Black": 21.268, "Black": 42.068, "just": 14.263}, "Toy Bear": {"Onyx Black": 33.734, "Black": 51.494, "just": 22.516499999999997}, "Vintage Cigar": {"Onyx Black": 36.774, "Black": 64.534, "just": 20.6465}, "Neko Helmet": {"Onyx Black": 38.764, "Black": 67.484, "just": 23.749}, "Low Rider": {"Onyx Black": 32.798, "Black": 84.08599999999998, "just": 21.530499999999996}, "Signet Ring": {"Onyx Black": 37.282, "Black": 76.44200000000001, "just": 23.3495}, "Electric Skull": {"Onyx Black": 44.096000000000004, "Black": 76.1, "just": 28.474999999999998}, "Kissed Frog": {"Onyx Black": 46.02, "Black": 80.82, "just": 29.495}, "Swiss Watch": {"Onyx Black": 42.72, "Black": 72.72, "just": 29.92}, "Sharp Tongue": {"Onyx Black": 56.388, "Black": 141.188, "just": 35.683}, "Genie Lamp": {"Onyx Black": 69.182, "Black": 187.182, "just": 44.174499999999995},