{"Snoop Dogg": {"King Ruby": 1.9255, "Doberman": 3.231, "Sapphire": 2.2105, "Chrome": 2.3055000000000003, "Cold Topaz": 2.087, "Doggfather": 2.9935, "Goldizzle": 6.8185, "AI Dogg": 2.856, "Black Diamond": 2.068, "King Snoop": 4.8455, "Onyx Black": 2.9299999999999997, "Black": 10.028461538461539, "just": 1.5215}, "Swag Bag": {"Bulk Order": 2.255, "Snoop Life": 2.7675, "Take It Easy": 2.5625, "Darkness": 2.1525, "Happy Herbs": 3.1774999999999998, "Missionary": 8.675, "Leopard": 2.1525, "Cashback": 3.1774999999999998, "Gin & Jewels": 2.5625, "April 20th": 3.1774999999999998, "Boiling Hot": 2.255, "Onyx Black": 3.175, "Black": 7.5249999999999995, "just": 1.7424999999999997}, "Snoop Cigar": {"Onyx Black": 7.925, "Black": 19.275, "just": 4.165}, "Lol Pop": {"Love Bubbles": 1.8375, "Angelina": 2.2785, "Blood Ember": 1.7198999999999998, "Hexed Helix": 1.8375, "Mortal Sin": 2.94, "Dark Sky": 1.617, "Milky Way": 1.5435, "Einstein": 1.7198999999999998, "Glowstick": 1.9845000000000002, "Andromeda": 1.9845000000000002, "Pumpkin": 1.8375, "Comic Crunch": 1.5435, "Hollywood": 1.5435, "Celestia": 2.2785, "Sweetheart": 1.8375, "Heart Pop": 1.617, "Dark Portal": 1.8375, "Satellite": 1.8375, "Icy Touch": 1.5435, "Gold Star": 1.5435, "Nostalgia": 1.5435, "Jinxed": 1.617, "Cobweb": 1.5435, "Rosebud": 1.7198999999999998, "Shock Wave": 1.5435, "Blood Sucker": 1.9845000000000002, "Doodle Art": 1.617, "Jolly Roger": 1.8375, "Sick Leave": 1.5435, "Onyx Black": 1.9849999999999999, "Black": 5.220000000000001, "just": 1.2495}, "B-Day Candle": {"Kaboom!": 1.9845000000000002, "Final Boss": 2.2785, "Payday": 2.2785, "On Fire": 2.2785, "Purr Magic": 2.2785, "Happy Meows": 2.2785, "Pixel Wish": 2.2785, "Onyx Black": 1.88, "Black": 5.195, "just": 1.2495}, "Desk Calendar": {"Telegram": 2.263, "Deadline": 2.263, "Adult Tasks": 27.635, "Durov Day": 5.109999999999999, "Independence": 2.263, "Balloon Face": 1.825, "Sunday": 1.971, "Checklist": 1.971, "Heartbreak": 1.606, "Investor": 8.73, "Peach Week": 2.263, "Hodler": 5.109999999999999, "Burning Time": 2.263, "Fawkes Night": 2.92, "Pepe Plans": 14.724999999999998, "Fund Manager": 2.263, "Tic Tac Toe": 2.263, "Onyx Black": 1.88, "Black": 5.33, "just": 1.2409999999999999}, "Lunar Snake": {"Psychedelic": 2.294, "Soul Eater": 2.294, "Hellspawn": 1.998, "Timelock": 2.294, "Dragon Ball": 5.18, "Python Dev": 1.998, "Hot Cherry": 2.294, "Synthwave": 5.18, "Onyx Black": 2.335, "Black": 5.039999999999999, "just": 1.258}, "Xmas Stocking": {"Onyx Black": 2.24, "Black": 5.76, "just": 1.2665}, "Snake Box": {"Onyx Black": 2.165, "Black": 5.015, "just": 1.3005}, "Pet Snake": {"Onyx Black": 2.37, "Black": 6.0200000000000005, "just": 1.4789999999999999}, "Candy Cane": {"Designer": 5.425, "Sticky Sweet": 2.4025000000000003, "Hex Pot": 4.34, "Grinch": 3.1, "Onyx Black": 2.275, "Black": 5.77, "just": 1.3175}, "Whip Cupcake": {"Sponge Duck": 2.542, "Deep State": 2.214, "Toncoin": 2.542, "Bitcoin": 13.82, "Resistance": 5.739999999999999, "Onyx Black": 2.185, "Black": 5.41, "just": 1.394}, "Big Year": {"Gold Mine": 6.755, "The Nether": 2.9915, "Pokeball": 2.6055, "Telegram": 5.404, "Cheshire Cat": 2.9915, "First Website": 2.2194999999999996, "The Hobbit": 3.86, "Creator": 2.6055, "Big Brother": 2.9915, "Qing Dynasty": 2.9915, "Bitcoin": 5.404, "YouTubes": 2.9915, "Pavel Durov": 10.415, "Balloons": 2.123, "Game Boy": 2.123, "Onyx Black": 3.965, "Black": 9.115, "just": 1.6404999999999998}, "Homemade Cake": {"Onyx Black": 2.37, "Black": 5.6450000000000005, "just": 1.6064999999999998}, "Cookie Heart": {"Onyx Black": 2.675, "Black": 6.695, "just": 1.615}, "Jester Hat": {"Onyx Black": 2.58, "Black": 6.495, "just": 1.4875}, "Holiday Drink": {"Onyx Black": 2.5, "Black": 6.215, "just": 1.615}, "Ginger Cookie": {"Onyx Black": 3.495, "Black": 6.89, "just": 1.6915}, "Hypno Lollipop": {"Onyx Black": 3.455, "Black": 6.77, "just": 1.649}, "Winter Wreath": {"Moon Cat": 100.49499999999999, "Onyx Black": 2.595, "Black": 6.99, "just": 1.6915}, "Party Sparkler": {"Onyx Black": 2.9850000000000003, "Black": 7.435, "just": 1.6744999999999999}, "Jingle Bells": {"Onyx Black": 2.95, "Black": 6.15, "just": 1.785}, "Tama Gadget": {"Onyx Black": 3.455, "Black": 6.77, "just": 1.7764999999999997}, "Jack-in-the-Box": {"Onyx Black": 3.13, "Black": 6.9799999999999995, "just": 1.9209999999999998}, "Star Notepad": {"Onyx Black": 3.7750000000000004, "Black": 9.2, "just": 2.04}, "Easter Egg": {"Onyx Black": 3.8049999999999997, "Black": 10.885, "just": 2.431}, "Santa Hat": {"Onyx Black": 3.902, "Black": 8.27, "just": 2.3715}, "Hex Pot": {"Onyx Black": 4.0, "Black": 9.84, "just": 2.3715}, "Restless Jar": {"Onyx Black": 3.995, "Black": 9.27, "just": 2.244}, "Lush Bouquet": {"Onyx Black": 4.615, "Black": 8.865, "just": 2.7455}, "Spiced Wine": {"Onyx Black": 3.43, "Black": 6.686, "just": 2.2015}, "Snow Globe": {"Onyx Black": 4.92, "Black": 11.424999999999999, "just": 2.4225}, "Joyful Bundle": {"Onyx Black": 3.95, "Black": 9.61, "just": 2.3545}, "Light Sword": {"Onyx Black": 4.486, "Black": 9.89, "just": 2.6774999999999998}, "Witch Hat": {"Onyx Black": 4.51, "Black": 12.075000000000001, "just": 2.6774999999999998}, "Bow Tie": {"Onyx Black": 4.634, "Black": 11.914, "just": 2.7115}, "Eternal Candle": {"Onyx Black": 5.39, "Black": 11.190000000000001, "just": 3.1025}, "Jelly Bunny": {"Onyx Black": 5.1, "Black": 10.19, "just": 2.8899999999999997}, "Bunny Muffin": {"Onyx Black": 4.652, "Black": 11.452, "just": 2.907}, "Spy Agaric": {"Onyx Black": 5.5, "Black": 10.492, "just": 2.975}, "Evil Eye": {"Onyx Black": 6.394, "Black": 13.474, "just": 3.2215}, "Snow Mittens": {"Onyx Black": 6.728, "Black": 8.728000000000002, "just": 3.298}, "Berry Box": {"Onyx Black": 5.26, "Black": 10.74, "just": 3.315}, "Valentine Box": {"Onyx Black": 7.234, "Black": 12.873999999999999, "just": 4.0715}, "Sakura Flower": {"Onyx Black": 6.918, "Black": 16.122, "just": 4.1395}, "Hanging Star": {"Onyx Black": 8.164, "Black": 15.364, "just": 5.049}, "Sleigh Bell": {"Onyx Black": 12.638, "Black": 20.637999999999998, "just": 6.5705}, "Love Candle": {"Onyx Black": 10.188, "Black": 17.183999999999997, "just": 7.123}, "Skull Flower": {"Onyx Black": 11.54, "Black": 18.46, "just": 6.715}, "Crystal Ball": {"Onyx Black": 12.341999999999999, "Black": 27.562, "just": 6.7745}, "Trapped Heart": {"Onyx Black": 12.356, "Black": 19.195999999999998, "just": 7.361}, "Top Hat": {"Onyx Black": 15.096, "Black": 26.7, "just": 7.225}, "Love Potion": {"Onyx Black": 13.16, "Black": 23.96, "just": 8.449}, "Flying Broom": {"Onyx Black": 11.876000000000001, "Black": 17.676000000000002, "just": 8.041}, "Cupid Charm": {"Onyx Black": 17.02, "Black": 32.81999999999999, "just": 9.944999999999999}, "Record Player": {"Onyx Black": 10.458, "Black": 20.698, "just": 6.6555}, "Eternal Rose": {"Onyx Black": 19.2, "Black": 33.6, "just": 11.9}, "Mad Pumpkin": {"Onyx Black": 24.2, "Black": 39.936, "just": 16.15}, "Voodoo Doll": {"Onyx Black": 24.056, "Black": 44.660000000000004, "just": 14.535}, "Diamond Ring": {"Onyx Black": 21.256, "Black": 41.656, "just": 14.246}, "Toy Bear": {"Onyx Black": 33.074, "Black": 50.674, "just": 21.921499999999998}, "Vintage Cigar": {"Onyx Black": 36.96, "Black": 61.56, "just": 20.91}, "Neko Helmet": {"Onyx Black": 38.974000000000004, "Black": 66.894, "just": 24.046499999999998}, "Low Rider": {"Onyx Black": 32.54, "Black": 83.828, "just": 21.165}, "Signet Ring": {"Onyx Black": 38.014, "Black": 75.214, "just": 24.3865}, "Electric Skull": {"Onyx Black": 45.55800000000001, "Black": 75.96199999999999, "just": 28.279500000000002}, "Kissed Frog": {"Onyx Black": 45.852000000000004, "Black": 80.652, "just": 29.257}, "Swiss Watch": {"Onyx Black": 45.0, "Black": 72.6, "just": 29.75}, "Sharp Tongue": {"Onyx Black": 56.208, "Black": 141.008, "just": 35.428}, "Genie Lamp": {"Onyx Black": 67.97, "Black": 185.97000000000003, "just": 42.4575}, "Scared Cat": {"Onyx Black": 73.994, "Black": 177.194, "just": 42.4915}, "Westside Sign": {"Onyx Black": 65.4,