{"Snoop Dogg": {"Chrome": 2.1535, "Doberman": 3.5255, "Sapphire": 1.8874999999999997, "AI Dogg": 2.8655, "Doggfather": 2.913, "King Snoop": 4.6080000000000005, "Goldizzle": 7.055999999999999, "Black Diamond": 2.011, "King Ruby": 1.8874999999999997, "Emerald": 2.0205, "Cold Topaz": 1.935, "Onyx Black": 3.5199999999999996, "Black": 10.664615384615384, "just": 1.513}, "Swag Bag": {"Missionary": 7.92, "April 20th": 3.007, "Happy Herbs": 3.007, "Leopard": 2.2697999999999996, "Darkness": 2.328, "Bulk Order": 2.2697999999999996, "Boiling Hot": 2.619, "Gin & Jewels": 2.522, "Cashback": 3.007, "Snoop Life": 2.522, "Take It Easy": 2.328, "Golden Nugs": 2.134, "Onyx Black": 3.215, "Black": 7.465, "just": 1.649}, "Snoop Cigar": {"Onyx Black": 7.66, "Black": 19.615, "just": 4.0715}, "Lol Pop": {"Celestia": 2.1854999999999998, "Romance": 1.4805, "Heart Pop": 1.551, "Dark Sky": 1.7625, "Blood Ember": 1.551, "Rosebud": 1.551, "Jinxed": 1.4805, "Fire Vortex": 1.4805, "Milky Way": 1.551, "Sailor Moon": 1.4805, "Angelina": 2.1854999999999998, "Glowstick": 2.1854999999999998, "Sick Leave": 1.4805, "Einstein": 1.551, "Love Bubbles": 1.6214999999999997, "Cookie Dip": 1.4805, "Cobweb": 1.551, "Wonka Berry": 1.4805, "Shock Wave": 1.6214999999999997, "Plastic Ice": 1.4805, "Doodle Art": 1.6496999999999997, "Watermelon": 1.4805, "Portable Pop": 1.4805, "Andromeda": 1.9035, "Blood Sucker": 1.7625, "Hexed Helix": 1.551, "Icicle": 1.4805, "Sweetheart": 1.833, "Pumpkin": 1.4805, "Satellite": 1.692, "Mortal Sin": 3.9479999999999995, "Pink Foil": 1.4805, "Dark Portal": 1.7625, "Jolly Roger": 1.551, "Onyx Black": 1.9500000000000002, "Black": 5.22, "just": 1.1985}, "B-Day Candle": {"On Fire": 2.1545, "Purr Magic": 2.1545, "Pixel Wish": 2.1545, "Happy Meows": 2.78, "Final Boss": 2.1545, "Payday": 2.1545, "Kaboom!": 1.8765, "Onyx Black": 1.77, "Black": 5.1450000000000005, "just": 1.1815}, "Desk Calendar": {"Investor": 4.864999999999999, "Deadline": 2.1545, "Checklist": 2.1545, "Independence": 2.78, "Fawkes Night": 2.78, "Telegram": 2.1545, "Hodler": 4.864999999999999, "Heartbreak": 1.5984999999999998, "Peach Week": 1.8765, "Durov Day": 2.78, "Sunday": 1.8765, "Adult Tasks": 24.145, "Tic Tac Toe": 1.8765, "Balloon Face": 2.1545, "Pepe Plans": 15.44, "Fund Manager": 2.1545, "Burning Time": 2.1545, "Onyx Black": 1.7650000000000001, "Black": 5.515, "just": 1.1815}, "Lunar Snake": {"Python Dev": 2.294, "Psychedelic": 2.294, "Timelock": 1.998, "Soul Eater": 2.294, "Hellspawn": 2.294, "Hot Cherry": 1.998, "Dragon Ball": 5.18, "Synthwave": 5.18, "Onyx Black": 2.215, "Black": 5.74, "just": 1.258}, "Xmas Stocking": {"Onyx Black": 2.325, "Black": 5.49, "just": 1.2665}, "Snake Box": {"Onyx Black": 2.175, "Black": 6.170000000000001, "just": 1.2325}, "Pet Snake": {"Onyx Black": 2.485, "Black": 5.865, "just": 1.4789999999999999}, "Candy Cane": {"Designer": 8.379999999999999, "Sticky Sweet": 3.12, "Grinch": 3.12, "Hex Pot": 3.12, "Onyx Black": 2.355, "Black": 5.869999999999999, "just": 1.326}, "Whip Cupcake": {"Deep State": 2.0250000000000004, "Bitcoin": 9.25, "Resistance": 5.25, "Toncoin": 2.325, "Sponge Duck": 2.325, "Onyx Black": 2.2199999999999998, "Black": 5.55, "just": 1.275}, "Big Year": {"First Website": 2.0895, "Pokeball": 2.6865, "Balloons": 2.0895, "Bitcoin": 6.965, "Pavel Durov": 5.572, "Cheshire Cat": 2.2885, "Big Brother": 3.0845000000000002, "The Hobbit": 3.98, "Qing Dynasty": 3.0845000000000002, "Creator": 3.0845000000000002, "Telegram": 3.98, "The Nether": 2.587, "Game Boy": 2.189, "Gold Mine": 6.965, "YouTubes": 3.0845000000000002, "Onyx Black": 3.615, "Black": 9.645, "just": 1.6915}, "Homemade Cake": {"Onyx Black": 2.435, "Black": 5.470000000000001, "just": 1.5979999999999999}, "Cookie Heart": {"Onyx Black": 2.7, "Black": 6.71, "just": 1.632}, "Jester Hat": {"Onyx Black": 2.385, "Black": 6.435, "just": 1.462}, "Holiday Drink": {"Onyx Black": 2.36, "Black": 6.41, "just": 1.632}, "Ginger Cookie": {"Onyx Black": 3.815, "Black": 7.28, "just": 1.768}, "Hypno Lollipop": {"Onyx Black": 2.95, "Black": 6.395, "just": 1.7}, "Winter Wreath": {"Moon Cat": 104.95, "Onyx Black": 2.925, "Black": 7.4, "just": 1.615}, "Party Sparkler": {"Onyx Black": 2.9850000000000003, "Black": 6.9799999999999995, "just": 1.6744999999999999}, "Jingle Bells": {"Onyx Black": 2.8499999999999996, "Black": 6.800000000000001, "just": 1.7934999999999999}, "Tama Gadget": {"Onyx Black": 3.49, "Black": 6.295, "just": 1.836}, "Jack-in-the-Box": {"Onyx Black": 3.125, "Black": 7.37, "just": 1.9040000000000001}, "Star Notepad": {"Onyx Black": 4.025, "Black": 9.5, "just": 1.9549999999999998}, "Easter Egg": {"Onyx Black": 3.8499999999999996, "Black": 11.075, "just": 2.4225}, "Santa Hat": {"Onyx Black": 4.032, "Black": 8.372, "just": 2.3120000000000003}, "Hex Pot": {"Onyx Black": 3.89, "Black": 10.09, "just": 2.38}, "Restless Jar": {"Onyx Black": 3.75, "Black": 10.169999999999998, "just": 2.1675}, "Lush Bouquet": {"Onyx Black": 4.335, "Black": 7.785, "just": 2.5245}, "Spiced Wine": {"Onyx Black": 2.976, "Black": 6.8759999999999994, "just": 2.0229999999999997}, "Snow Globe": {"Onyx Black": 4.435, "Black": 10.885, "just": 2.3545}, "Joyful Bundle": {"Onyx Black": 3.625, "Black": 7.999999999999999, "just": 2.38}, "Light Sword": {"Onyx Black": 4.8100000000000005, "Black": 10.625999999999998, "just": 2.5925}, "Witch Hat": {"Onyx Black": 3.875, "Black": 11.594999999999999, "just": 2.72}, "Bow Tie": {"Onyx Black": 4.884, "Black": 12.576, "just": 2.686}, "Eternal Candle": {"Onyx Black": 5.018000000000001, "Black": 10.846, "just": 2.9155}, "Jelly Bunny": {"Onyx Black": 4.825, "Black": 10.694999999999999, "just": 2.8899999999999997}, "Bunny Muffin": {"Onyx Black": 4.734, "Black": 14.081999999999999, "just": 2.9665}, "Spy Agaric": {"Onyx Black": 5.513999999999999, "Black": 10.426, "just": 2.8815}, "Evil Eye": {"Onyx Black": 6.396, "Black": 13.256, "just": 3.1959999999999997}, "Snow Mittens": {"Onyx Black": 5.02, "Black": 8.420000000000002, "just": 3.145}, "Berry Box": {"Onyx Black": 5.904, "Black": 10.704, "just": 3.264}, "Valentine Box": {"Onyx Black": 7.614000000000001, "Black": 12.654, "just": 3.9865000000000004}, "Sakura Flower": {"Onyx Black": 6.748, "Black": 15.388, "just": 4.2330000000000005}, "Hanging Star": {"Onyx Black": 8.376, "Black": 15.268, "just": 4.641}, "Sleigh Bell": {"Onyx Black": 10.302, "Black": 20.701999999999998, "just": 6.0945}, "Love Candle": {"Onyx Black": 10.144, "Black": 18.064, "just": 7.1739999999999995}, "Skull Flower": {"Onyx Black": 11.09, "Black": 18.094, "just": 7.2165}, "Crystal Ball": {"Onyx Black": 11.863999999999999, "Black": 27.868000000000002, "just": 6.613}, "Trapped Heart": {"Onyx Black": 13.347999999999999, "Black": 18.560000000000002, "just": 7.633}, "Top Hat": {"Onyx Black": 12.501999999999999, "Black": 22.022, "just": 6.9445}, "Love Potion": {"Onyx Black": 10.994, "Black": 23.394, "just": 7.6415}, "Flying Broom": {"Onyx Black": 12.713999999999999, "Black": 19.874000000000002, "just": 7.8115}, "Cupid Charm": {"Onyx Black": 16.387999999999998, "Black": 31.228, "just": 9.673}, "Record Player": {"Onyx Black": 10.454, "Black": 20.854, "just": 6.8765}, "Eternal Rose": {"Onyx Black": 20.990000000000002, "Black": 35.79, "just": 11.6025}, "Mad Pumpkin": {"Onyx Black": 22.262, "Black": 41.03, "just": 14.254499999999998}, "Voodoo Doll": {"Onyx Black": 22.458, "Black": 46.022000000000006, "just": 14.254499999999998}, "Diamond Ring": {"Onyx Black": 22.253999999999998, "Black": 45.83800000000001, "just": 13.965499999999999}, "Toy Bear": {"Onyx Black": 28.791999999999998, "Black": 49.132, "just": 18.886999999999997}, "Vintage Cigar": {"Onyx Black": 36.072, "Black": 54.592, "just": 20.672}, "Neko Helmet": {"Onyx Black": 38.194, "Black": 71.722, "just": 22.941499999999998}, "Low Rider": {"Onyx Black": 33.76, "Black": 87.0, "just": 21.25}, "Signet Ring": {"Onyx Black": 36.574, "Black": 79.374, "just": 22.3465}, "Electric Skull": {"Onyx Black": 45.794, "Black": 71.794, "just": 28.0415},