{"Snoop Dogg": {"AI Dogg": 3.1055, "Chrome": 2.4055000000000004, "Goldizzle": 7.055999999999999, "Black Diamond": 2.1300000000000003, "Doberman": 3.5330000000000004, "Doggfather": 3.1814999999999998, "Cold Topaz": 2.2439999999999998, "King Snoop": 4.511, "Sapphire": 2.5005, "Onyx Black": 3.303333333333333, "Black": 10.482307692307693, "just": 1.5215}, "Swag Bag": {"Gin & Jewels": 2.4, "Take It Easy": 2.496, "Boiling Hot": 2.592, "Cashback": 2.976, "Bulk Order": 2.496, "Darkness": 2.2079999999999997, "Happy Herbs": 2.976, "April 20th": 2.976, "Missionary": 6.72, "Leopard": 2.016, "Snoop Life": 2.592, "Onyx Black": 3.16, "Black": 7.45, "just": 1.632}, "Snoop Cigar": {"Onyx Black": 8.18, "Black": 17.235, "just": 3.7994999999999997}, "Lol Pop": {"Comic Crunch": 1.4850000000000003, "Icicle": 1.4175000000000002, "Blood Ember": 1.5525, "Pumpkin": 1.5525, "Celestia": 2.0925000000000002, "Heart Pop": 1.5525, "Sweetheart": 1.5525, "Mortal Sin": 3.78, "Love Bubbles": 1.4850000000000003, "Angelina": 2.0925000000000002, "Portable Pop": 1.4175000000000002, "Einstein": 1.4850000000000003, "Gold Star": 1.5525, "Shock Wave": 1.4850000000000003, "Watermelon": 1.4175000000000002, "Cookie Dip": 1.4850000000000003, "Fire Vortex": 1.4175000000000002, "Sick Leave": 1.4850000000000003, "Glowstick": 2.0925000000000002, "Dark Sky": 1.5525, "Nostalgia": 1.4175000000000002, "Sailor Moon": 1.5525, "Doodle Art": 1.4175000000000002, "Milky Way": 1.4175000000000002, "Dark Portal": 1.7550000000000001, "Jolly Roger": 1.5525, "Blood Sucker": 1.6875, "Jinxed": 1.4850000000000003, "Rosebud": 1.5525, "Hexed Helix": 1.5525, "Cobweb": 1.4175000000000002, "Satellite": 1.6875, "Pink Foil": 1.4175000000000002, "Andromeda": 2.0925000000000002, "Soap Bubbles": 1.4175000000000002, "Onyx Black": 1.85, "Black": 5.325000000000001, "just": 1.1475}, "B-Day Candle": {"Purr Magic": 2.0770000000000004, "On Fire": 2.0770000000000004, "Final Boss": 2.0770000000000004, "Kaboom!": 1.8090000000000002, "Happy Meows": 2.0770000000000004, "Pixel Wish": 2.0770000000000004, "Payday": 2.0770000000000004, "Onyx Black": 1.725, "Black": 5.17, "just": 1.139}, "Desk Calendar": {"Balloon Face": 1.4740000000000002, "Durov Day": 2.68, "Checklist": 1.675, "Deadline": 2.0770000000000004, "Sunday": 2.0770000000000004, "Fund Manager": 2.0770000000000004, "Hodler": 3.752, "Heartbreak": 1.541, "Fawkes Night": 4.69, "Peach Week": 2.0770000000000004, "Burning Time": 2.0770000000000004, "Adult Tasks": 25.069999999999997, "Telegram": 2.0770000000000004, "Independence": 2.68, "Pepe Plans": 11.155, "Investor": 4.69, "Tic Tac Toe": 1.608, "Onyx Black": 1.6400000000000001, "Black": 6.01, "just": 1.139}, "Lunar Snake": {"Dragon Ball": 4.97, "Synthwave": 4.97, "Timelock": 1.6329999999999998, "Psychedelic": 1.775, "Hot Cherry": 1.917, "Hellspawn": 2.201, "Python Dev": 2.201, "Soul Eater": 2.201, "Onyx Black": 2.06, "Black": 5.46, "just": 1.2069999999999999}, "Xmas Stocking": {"Onyx Black": 2.015, "Black": 5.419999999999999, "just": 1.1815}, "Snake Box": {"Onyx Black": 2.1550000000000002, "Black": 5.1850000000000005, "just": 1.1645}, "Pet Snake": {"Onyx Black": 2.525, "Black": 5.744999999999999, "just": 1.5215}, "Candy Cane": {"Grinch": 3.04, "Designer": 5.32, "Sticky Sweet": 2.052, "Hex Pot": 3.04, "Onyx Black": 2.435, "Black": 6.145, "just": 1.292}, "Whip Cupcake": {"Sponge Duck": 2.2785, "Toncoin": 2.2785, "Bitcoin": 10.585, "Resistance": 5.145, "Deep State": 1.9845000000000002, "Onyx Black": 2.1149999999999998, "Black": 5.3100000000000005, "just": 1.2495}, "Big Year": {"YouTubes": 2.673, "Game Boy": 2.079, "Big Brother": 3.069, "The Hobbit": 3.96, "The Nether": 2.079, "Gold Mine": 5.544, "Telegram": 5.544, "Pokeball": 2.673, "Qing Dynasty": 3.069, "Cheshire Cat": 2.2769999999999997, "Pavel Durov": 3.96, "Creator": 3.069, "Bitcoin": 5.544, "Onyx Black": 3.465, "Black": 8.93, "just": 1.683}, "Homemade Cake": {"Onyx Black": 2.165, "Black": 5.34, "just": 1.428}, "Cookie Heart": {"Onyx Black": 2.495, "Black": 7.345, "just": 1.564}, "Jester Hat": {"Onyx Black": 2.63, "Black": 6.58, "just": 1.4109999999999998}, "Holiday Drink": {"Onyx Black": 2.93, "Black": 5.885000000000001, "just": 1.5895000000000001}, "Ginger Cookie": {"Onyx Black": 3.9, "Black": 6.5, "just": 1.7}, "Hypno Lollipop": {"Onyx Black": 2.8499999999999996, "Black": 6.449999999999999, "just": 1.615}, "Winter Wreath": {"Onyx Black": 2.395, "Black": 9.344999999999999, "just": 1.5215}, "Party Sparkler": {"Onyx Black": 3.6500000000000004, "Black": 7.449999999999999, "just": 1.615}, "Jingle Bells": {"Onyx Black": 2.74, "Black": 6.995, "just": 1.6915}, "Tama Gadget": {"Onyx Black": 3.285, "Black": 7.029999999999999, "just": 1.7594999999999998}, "Jack-in-the-Box": {"Onyx Black": 3.085, "Black": 7.86, "just": 1.802}, "Star Notepad": {"Onyx Black": 3.85, "Black": 8.844999999999999, "just": 1.87}, "Easter Egg": {"Onyx Black": 3.8899999999999997, "Black": 10.74, "just": 2.108}, "Santa Hat": {"Onyx Black": 3.4739999999999998, "Black": 8.314, "just": 2.2015}, "Hex Pot": {"Onyx Black": 3.85, "Black": 10.350000000000001, "just": 2.295}, "Restless Jar": {"Onyx Black": 4.015, "Black": 8.46, "just": 2.1504999999999996}, "Lush Bouquet": {"Onyx Black": 4.285, "Black": 7.885, "just": 2.1845}, "Spiced Wine": {"Onyx Black": 2.886, "Black": 6.538, "just": 1.9635}, "Snow Globe": {"Onyx Black": 4.145, "Black": 10.370000000000001, "just": 2.329}, "Joyful Bundle": {"Onyx Black": 3.77, "Black": 8.145, "just": 2.3715}, "Light Sword": {"Onyx Black": 4.176, "Black": 9.776, "just": 2.516}, "Witch Hat": {"Onyx Black": 4.35, "Black": 11.940000000000001, "just": 2.448}, "Bow Tie": {"Onyx Black": 4.07, "Black": 12.654, "just": 2.6264999999999996}, "Eternal Candle": {"Onyx Black": 4.974, "Black": 11.974, "just": 2.7965}, "Jelly Bunny": {"Onyx Black": 4.15, "Black": 10.100000000000001, "just": 2.72}, "Bunny Muffin": {"Onyx Black": 5.52, "Black": 11.748000000000001, "just": 3.043}, "Spy Agaric": {"Onyx Black": 5.077999999999999, "Black": 11.873999999999999, "just": 2.6605}, "Evil Eye": {"Onyx Black": 6.1, "Black": 13.14, "just": 2.975}, "Snow Mittens": {"Onyx Black": 4.82, "Black": 7.696, "just": 3.145}, "Berry Box": {"Onyx Black": 5.268, "Black": 11.851999999999999, "just": 3.2129999999999996}, "Valentine Box": {"Onyx Black": 8.5, "Black": 12.620000000000001, "just": 3.8249999999999997}, "Sakura Flower": {"Onyx Black": 6.5600000000000005, "Black": 13.840000000000002, "just": 3.74}, "Hanging Star": {"Onyx Black": 8.26, "Black": 15.056, "just": 4.335}, "Sleigh Bell": {"Onyx Black": 10.4, "Black": 17.8, "just": 5.95}, "Love Candle": {"Onyx Black": 9.614, "Black": 16.494, "just": 6.3665}, "Skull Flower": {"Onyx Black": 10.474, "Black": 18.154, "just": 6.451499999999999}, "Crystal Ball": {"Onyx Black": 12.3, "Black": 30.22, "just": 6.545}, "Trapped Heart": {"Onyx Black": 11.644, "Black": 20.035999999999998, "just": 7.429}, "Top Hat": {"Onyx Black": 12.274000000000001, "Black": 25.726, "just": 6.6215}, "Love Potion": {"Onyx Black": 10.134, "Black": 22.134, "just": 7.556500000000001}, "Flying Broom": {"Onyx Black": 11.058, "Black": 17.258, "just": 8.0155}, "Cupid Charm": {"Onyx Black": 17.622, "Black": 36.422, "just": 9.664499999999999}, "Record Player": {"Onyx Black": 11.030000000000001, "Black": 20.689999999999998, "just": 6.672499999999999}, "Eternal Rose": {"Onyx Black": 18.522, "Black": 31.722, "just": 10.939499999999999}, "Mad Pumpkin": {"Onyx Black": 26.427999999999997, "Black": 41.228, "just": 14.772999999999998}, "Voodoo Doll": {"Onyx Black": 23.766, "Black": 58.266, "just": 14.5435}, "Diamond Ring": {"Onyx Black": 22.85, "Black": 39.25, "just": 14.237499999999999}, "Toy Bear": {"Onyx Black": 25.594, "Black": 49.994, "just": 16.9915}, "Vintage Cigar": {"Onyx Black": 44.656, "Black": 53.86, "just": 19.635}, "Neko Helmet": {"Onyx Black": 37.054, "Black": 63.04600000000001, "just": 21.3265}, "Low Rider": {"Onyx Black": 34.554, "Black": 88.19399999999999, "just": 21.2415}, "Signet Ring": {"Onyx Black": 36.1,