{"Snoop Dogg": {"Doggfather": 2.8274999999999997, "Black Diamond": 2.1060000000000003, "Chrome": 2.3055000000000003, "Sapphire": 2.1060000000000003, "Doberman": 3.231, "King Snoop": 4.8455, "AI Dogg": 2.8655, "Goldizzle": 7.3505, "Onyx Black": 3.2800000000000002, "Black": 10.27076923076923, "just": 1.564}, "Swag Bag": {"Cashback": 3.0845000000000002, "Bulk Order": 2.3283, "Snoop Life": 3.0845000000000002, "Darkness": 2.0895, "Dogg’s Loot": 2.0895, "Take It Easy": 2.6865, "Missionary": 6.965, "April 20th": 3.0845000000000002, "Leopard": 2.3283, "Boiling Hot": 2.388, "Aviators": 2.0895, "P.I.M.P.": 2.0895, "Gin & Jewels": 2.587, "Happy Herbs": 3.0845000000000002, "Onyx Black": 3.1550000000000002, "Black": 7.495, "just": 1.6915}, "Snoop Cigar": {"Onyx Black": 7.950000000000001, "Black": 19.294999999999998, "just": 4.199}, "Lol Pop": {"Andromeda": 1.9575, "Watermelon": 1.5225, "Cookie Dip": 1.5225, "Nostalgia": 1.5225, "Shock Wave": 1.5225, "Sailor Moon": 1.5225, "Celestia": 2.2475, "Blood Ember": 1.595, "Heart Pop": 1.595, "Magic Wand": 1.5225, "Hollywood": 1.5225, "Angelina": 2.2475, "Jolly Roger": 1.8125, "Blood Sucker": 1.9575, "Comic Crunch": 1.5225, "Love Bubbles": 1.885, "Einstein": 1.74, "Hexed Helix": 1.885, "Mortal Sin": 2.9, "Doodle Art": 1.6674999999999998, "Rosebud": 1.74, "Pumpkin": 1.595, "Milky Way": 1.595, "Glowstick": 2.2475, "Jinxed": 1.595, "Satellite": 1.8125, "Dark Portal": 1.885, "Dark Sky": 1.595, "Sweetheart": 1.8125, "Sick Leave": 1.5225, "Cobweb": 1.595, "Onyx Black": 2.025, "Black": 5.205, "just": 1.2325}, "B-Day Candle": {"Payday": 2.2319999999999998, "Purr Magic": 2.2319999999999998, "Pixel Wish": 2.2319999999999998, "On Fire": 2.2319999999999998, "Final Boss": 2.2319999999999998, "Happy Meows": 2.2319999999999998, "Kaboom!": 1.944, "Onyx Black": 1.94, "Black": 5.120000000000001, "just": 1.224}, "Desk Calendar": {"Burning Time": 2.2165, "Sunday": 1.9305, "Durov Day": 5.005, "Peach Week": 2.2165, "Independence": 2.2165, "Pepe Plans": 14.709999999999999, "Investor": 8.715, "Heartbreak": 1.573, "Fund Manager": 2.2165, "Telegram": 2.2165, "Tic Tac Toe": 2.2165, "Fawkes Night": 2.86, "Adult Tasks": 27.635, "Deadline": 2.2165, "Checklist": 2.2165, "Hodler": 5.005, "Balloon Face": 1.859, "Onyx Black": 1.8900000000000001, "Black": 5.365, "just": 1.2155}, "Lunar Snake": {"Soul Eater": 2.2785, "Psychedelic": 2.2785, "Timelock": 2.2785, "Hellspawn": 1.9845000000000002, "Python Dev": 1.9845000000000002, "Synthwave": 5.145, "Hot Cherry": 2.2785, "Dragon Ball": 5.145, "Onyx Black": 2.33, "Black": 5.47, "just": 1.2495}, "Xmas Stocking": {"Onyx Black": 2.31, "Black": 5.4350000000000005, "just": 1.2495}, "Snake Box": {"Onyx Black": 2.21, "Black": 5.414999999999999, "just": 1.309}, "Pet Snake": {"Onyx Black": 2.4, "Black": 6.154999999999999, "just": 1.53}, "Candy Cane": {"Sticky Sweet": 2.4335, "Hex Pot": 4.396, "Designer": 5.495, "Grinch": 3.14, "Onyx Black": 2.41, "Black": 5.785, "just": 1.3345}, "Whip Cupcake": {"Sponge Duck": 2.5575, "Toncoin": 2.5575, "Resistance": 5.7749999999999995, "Bitcoin": 13.825000000000001, "Deep State": 2.2275, "Onyx Black": 2.29, "Black": 5.324999999999999, "just": 1.4024999999999999}, "Big Year": {"Game Boy": 2.068, "Balloons": 2.162, "Cheshire Cat": 2.9139999999999997, "Gold Mine": 6.58, "Creator": 2.9139999999999997, "Big Brother": 2.9139999999999997, "The Nether": 2.9139999999999997, "Qing Dynasty": 2.9139999999999997, "Telegram": 5.263999999999999, "First Website": 1.974, "Pavel Durov": 9.940000000000001, "Bitcoin": 5.263999999999999, "Pokeball": 2.538, "The Hobbit": 3.76, "YouTubes": 2.9139999999999997, "Onyx Black": 4.390000000000001, "Black": 9.14, "just": 1.5979999999999999}, "Homemade Cake": {"Onyx Black": 2.3600000000000003, "Black": 5.635, "just": 1.5895000000000001}, "Cookie Heart": {"Onyx Black": 2.47, "Black": 6.7299999999999995, "just": 1.6744999999999999}, "Jester Hat": {"Onyx Black": 2.62, "Black": 6.515, "just": 1.5215}, "Holiday Drink": {"Onyx Black": 2.675, "Black": 6.215, "just": 1.615}, "Ginger Cookie": {"Onyx Black": 3.475, "Black": 6.87, "just": 1.666}, "Hypno Lollipop": {"Onyx Black": 3.46, "Black": 6.925000000000001, "just": 1.6575}, "Winter Wreath": {"Moon Cat": 100.485, "Onyx Black": 2.88, "Black": 6.984999999999999, "just": 1.6744999999999999}, "Party Sparkler": {"Onyx Black": 2.965, "Black": 7.24, "just": 1.649}, "Jingle Bells": {"Onyx Black": 2.8049999999999997, "Black": 6.165000000000001, "just": 1.7934999999999999}, "Tama Gadget": {"Onyx Black": 3.46, "Black": 6.780000000000001, "just": 1.785}, "Jack-in-the-Box": {"Onyx Black": 3.22, "Black": 6.97, "just": 1.9040000000000001}, "Star Notepad": {"Onyx Black": 3.7600000000000002, "Black": 9.184999999999999, "just": 2.0145}, "Easter Egg": {"Onyx Black": 3.825, "Black": 10.905000000000001, "just": 2.465}, "Santa Hat": {"Onyx Black": 3.886, "Black": 8.245999999999999, "just": 2.3375}, "Hex Pot": {"Onyx Black": 3.99, "Black": 9.88, "just": 2.363}, "Restless Jar": {"Onyx Black": 3.8200000000000003, "Black": 9.29, "just": 2.244}, "Lush Bouquet": {"Onyx Black": 4.59, "Black": 8.850000000000001, "just": 2.72}, "Spiced Wine": {"Onyx Black": 3.37, "Black": 6.601999999999999, "just": 2.0825}, "Snow Globe": {"Onyx Black": 4.87, "Black": 11.375, "just": 2.3375}, "Joyful Bundle": {"Onyx Black": 3.96, "Black": 9.61, "just": 2.3545}, "Light Sword": {"Onyx Black": 4.55, "Black": 9.878, "just": 2.6605}, "Witch Hat": {"Onyx Black": 4.515000000000001, "Black": 12.08, "just": 2.686}, "Bow Tie": {"Onyx Black": 4.574, "Black": 11.974, "just": 2.7965}, "Eternal Candle": {"Onyx Black": 5.46, "Black": 11.3, "just": 2.975}, "Jelly Bunny": {"Onyx Black": 5.13, "Black": 10.575, "just": 2.856}, "Bunny Muffin": {"Onyx Black": 4.536, "Black": 11.512, "just": 2.992}, "Spy Agaric": {"Onyx Black": 5.494, "Black": 10.486, "just": 2.9665}, "Evil Eye": {"Onyx Black": 6.008000000000001, "Black": 13.408, "just": 3.128}, "Snow Mittens": {"Onyx Black": 5.8, "Black": 8.0, "just": 3.4}, "Berry Box": {"Onyx Black": 5.144, "Black": 10.596, "just": 3.111}, "Valentine Box": {"Onyx Black": 7.24, "Black": 12.879999999999999, "just": 4.08}, "Sakura Flower": {"Onyx Black": 6.5280000000000005, "Black": 16.128, "just": 4.148}, "Hanging Star": {"Onyx Black": 8.504, "Black": 15.304, "just": 4.9639999999999995}, "Sleigh Bell": {"Onyx Black": 12.559999999999999, "Black": 20.56, "just": 6.46}, "Love Candle": {"Onyx Black": 10.298, "Black": 17.158, "just": 7.0805}, "Skull Flower": {"Onyx Black": 11.54, "Black": 18.46, "just": 6.715}, "Crystal Ball": {"Onyx Black": 12.293999999999999, "Black": 27.514000000000003, "just": 6.706499999999999}, "Trapped Heart": {"Onyx Black": 12.814, "Black": 17.614, "just": 7.386499999999999}, "Top Hat": {"Onyx Black": 14.92, "Black": 26.52, "just": 6.969999999999999}, "Love Potion": {"Onyx Black": 13.522, "Black": 23.93, "just": 8.4065}, "Flying Broom": {"Onyx Black": 12.07, "Black": 17.67, "just": 8.032499999999999}, "Cupid Charm": {"Onyx Black": 18.088, "Black": 32.688, "just": 9.758000000000001}, "Record Player": {"Onyx Black": 10.554, "Black": 20.793999999999997, "just": 6.7915}, "Eternal Rose": {"Onyx Black": 20.528, "Black": 33.768, "just": 12.138}, "Mad Pumpkin": {"Onyx Black": 24.128, "Black": 40.104, "just": 16.048}, "Voodoo Doll": {"Onyx Black": 23.996000000000002, "Black": 44.6, "just": 14.45}, "Diamond Ring": {"Onyx Black": 21.364, "Black": 42.164, "just": 14.399000000000001}, "Toy Bear": {"Onyx Black": 33.374, "Black": 51.094, "just": 22.0065}, "Vintage Cigar": {"Onyx Black": 36.894, "Black": 62.694, "just": 20.816499999999998}, "Neko Helmet": {"Onyx Black": 38.764, "Black": 67.484, "just": 23.749}, "Low Rider": {"Onyx Black": 32.6, "Black": 83.888, "just": 21.25}, "Signet Ring": {"Onyx Black": 37.84, "Black": 77.0, "just": 24.139999999999997}, "Electric Skull": {"Onyx Black": 43.976, "Black": 75.97999999999999, "just": 28.304999999999996}, "Kissed Frog": {"Onyx Black": 45.995999999999995, "Black": 80.79599999999999,