{"Snoop Dogg": {"Goldizzle": 7.531000000000001, "AI Dogg": 3.1075, "Doberman": 3.2405, "Cold Topaz": 2.0395, "Sapphire": 2.163, "Chrome": 2.4385, "Black Diamond": 2.2105, "King Snoop": 5.596, "Doggfather": 3.231, "Black Gold": 1.9730000000000003, "Onyx Black": 3.27, "Black": 10.034615384615384, "just": 1.5725}, "Swag Bag": {"Dogg’s Loot": 2.1734999999999998, "April 20th": 3.2085, "Bulk Order": 2.3804999999999996, "Darkness": 2.3804999999999996, "Happy Herbs": 3.2085, "Boiling Hot": 2.4218999999999995, "Missionary": 8.985, "Snoop Life": 2.7944999999999998, "Golden Nugs": 2.277, "Gin & Jewels": 2.5875, "Take It Easy": 2.5875, "Leopard": 2.277, "Cashback": 3.2085, "Onyx Black": 3.5, "Black": 7.535, "just": 1.7594999999999998}, "Snoop Cigar": {"Onyx Black": 8.415000000000001, "Black": 19.134999999999998, "just": 4.199}, "Lol Pop": {"Gold Star": 1.4909999999999999, "Einstein": 1.704, "Pink Foil": 1.4909999999999999, "Love Bubbles": 1.6613999999999998, "Dark Sky": 1.6329999999999998, "Andromeda": 1.917, "Hexed Helix": 1.775, "Rosebud": 1.704, "Jolly Roger": 1.6613999999999998, "Mortal Sin": 3.9759999999999995, "Glowstick": 1.917, "Satellite": 1.775, "Angelina": 2.201, "Blood Ember": 1.6613999999999998, "Blood Sucker": 1.917, "Fire Vortex": 1.562, "Watermelon": 1.4909999999999999, "Cobweb": 1.562, "Dark Portal": 1.775, "Heart Pop": 1.562, "Crystal Comet": 1.4909999999999999, "Shock Wave": 1.4909999999999999, "Plastic Ice": 1.4909999999999999, "Pumpkin": 1.704, "Sweetheart": 1.704, "Jinxed": 1.704, "Doodle Art": 1.6329999999999998, "Hollywood": 1.562, "Celestia": 2.201, "Onyx Black": 1.96, "Black": 5.145, "just": 1.2069999999999999}, "B-Day Candle": {"Payday": 2.1854999999999998, "Purr Magic": 2.1854999999999998, "On Fire": 2.1854999999999998, "Final Boss": 2.1854999999999998, "Happy Meows": 2.1854999999999998, "Kaboom!": 1.9035, "Pixel Wish": 2.1854999999999998, "Onyx Black": 1.85, "Black": 5.105, "just": 1.1985}, "Desk Calendar": {"Adult Tasks": 25.67, "Hodler": 4.7250000000000005, "Burning Time": 2.0925000000000002, "Peach Week": 2.0925000000000002, "Heartbreak": 1.5795, "Tic Tac Toe": 1.8225000000000002, "Independence": 2.0925000000000002, "Durov Day": 8.040000000000001, "Checklist": 2.0925000000000002, "Pepe Plans": 14.424999999999999, "Telegram": 2.7, "Investor": 9.424999999999999, "Fawkes Night": 4.7250000000000005, "Deadline": 2.0925000000000002, "Balloon Face": 1.7550000000000001, "Fund Manager": 2.0925000000000002, "Sunday": 2.0925000000000002, "Onyx Black": 1.85, "Black": 5.15, "just": 1.1475}, "Lunar Snake": {"Timelock": 2.3095, "Hellspawn": 2.0115000000000003, "Hot Cherry": 2.0115000000000003, "Python Dev": 2.3095, "Psychedelic": 2.3095, "Synthwave": 4.172, "Soul Eater": 2.0115000000000003, "Dragon Ball": 5.215, "Onyx Black": 2.44, "Black": 5.265, "just": 1.2665}, "Xmas Stocking": {"Onyx Black": 2.16, "Black": 5.749999999999999, "just": 1.2495}, "Snake Box": {"Onyx Black": 2.195, "Black": 5.57, "just": 1.394}, "Pet Snake": {"Onyx Black": 2.54, "Black": 6.085, "just": 1.5979999999999999}, "Candy Cane": {"Hex Pot": 3.08, "Grinch": 4.311999999999999, "Designer": 5.390000000000001, "Sticky Sweet": 2.079, "Onyx Black": 2.245, "Black": 5.815, "just": 1.309}, "Whip Cupcake": {"Toncoin": 2.5265, "Resistance": 5.705, "Sponge Duck": 2.5265, "Deep State": 2.2005, "Bitcoin": 12.815000000000001, "Onyx Black": 2.215, "Black": 5.49, "just": 1.3855}, "Big Year": {"Pokeball": 2.538, "Cheshire Cat": 2.9139999999999997, "Telegram": 6.58, "Game Boy": 2.068, "First Website": 2.1995999999999998, "Balloons": 2.068, "Gold Mine": 6.58, "The Hobbit": 3.76, "Creator": 2.9139999999999997, "Pavel Durov": 10.940000000000001, "Qing Dynasty": 2.9139999999999997, "Bitcoin": 5.263999999999999, "Big Brother": 2.9139999999999997, "The Nether": 2.538, "YouTubes": 2.9139999999999997, "Onyx Black": 3.94, "Black": 9.940000000000001, "just": 1.5979999999999999}, "Homemade Cake": {"Onyx Black": 2.34, "Black": 5.615, "just": 1.564}, "Cookie Heart": {"Onyx Black": 2.585, "Black": 6.4799999999999995, "just": 1.6744999999999999}, "Jester Hat": {"Onyx Black": 2.6, "Black": 6.3950000000000005, "just": 1.5215}, "Holiday Drink": {"Onyx Black": 2.7, "Black": 6.074999999999999, "just": 1.615}, "Ginger Cookie": {"Onyx Black": 3.5999999999999996, "Black": 7.174999999999999, "just": 1.615}, "Hypno Lollipop": {"Onyx Black": 3.375, "Black": 7.449999999999999, "just": 1.615}, "Winter Wreath": {"Moon Cat": 85.99499999999999, "Onyx Black": 2.99, "Black": 6.495, "just": 1.6915}, "Party Sparkler": {"Onyx Black": 3.4749999999999996, "Black": 7.420000000000001, "just": 1.6575}, "Jingle Bells": {"Onyx Black": 3.075, "Black": 6.9350000000000005, "just": 1.836}, "Tama Gadget": {"Onyx Black": 3.475, "Black": 6.805000000000001, "just": 1.8104999999999998}, "Jack-in-the-Box": {"Onyx Black": 3.125, "Black": 6.975, "just": 1.9124999999999999}, "Star Notepad": {"Onyx Black": 3.765, "Black": 9.64, "just": 2.0229999999999997}, "Easter Egg": {"Onyx Black": 3.825, "Black": 10.905000000000001, "just": 2.465}, "Santa Hat": {"Onyx Black": 3.692, "Black": 9.2, "just": 2.295}, "Hex Pot": {"Onyx Black": 3.95, "Black": 9.745000000000001, "just": 2.295}, "Restless Jar": {"Onyx Black": 3.5549999999999997, "Black": 9.125, "just": 2.176}, "Lush Bouquet": {"Onyx Black": 5.234999999999999, "Black": 8.785, "just": 2.6944999999999997}, "Spiced Wine": {"Onyx Black": 3.3440000000000003, "Black": 7.144, "just": 2.193}, "Snow Globe": {"Onyx Black": 4.789999999999999, "Black": 10.24, "just": 2.363}, "Joyful Bundle": {"Onyx Black": 4.93, "Black": 8.93, "just": 2.431}, "Light Sword": {"Onyx Black": 4.468, "Black": 10.668, "just": 2.652}, "Witch Hat": {"Onyx Black": 4.46, "Black": 11.959999999999999, "just": 2.4819999999999998}, "Bow Tie": {"Onyx Black": 6.144, "Black": 11.943999999999999, "just": 2.754}, "Eternal Candle": {"Onyx Black": 5.296, "Black": 10.932, "just": 3.026}, "Jelly Bunny": {"Onyx Black": 5.08, "Black": 10.219999999999999, "just": 2.941}, "Bunny Muffin": {"Onyx Black": 5.396, "Black": 11.596, "just": 3.111}, "Spy Agaric": {"Onyx Black": 6.046, "Black": 10.446, "just": 2.8985}, "Evil Eye": {"Onyx Black": 7.05, "Black": 13.45, "just": 3.1875}, "Snow Mittens": {"Onyx Black": 6.096, "Black": 8.372, "just": 3.366}, "Berry Box": {"Onyx Black": 5.26, "Black": 10.732000000000001, "just": 3.315}, "Valentine Box": {"Onyx Black": 7.2940000000000005, "Black": 13.934000000000001, "just": 4.156499999999999}, "Sakura Flower": {"Onyx Black": 7.11, "Black": 16.314, "just": 4.4115}, "Hanging Star": {"Onyx Black": 8.998000000000001, "Black": 15.238, "just": 4.8705}, "Sleigh Bell": {"Onyx Black": 11.857999999999999, "Black": 20.662, "just": 6.6045}, "Love Candle": {"Onyx Black": 10.34, "Black": 15.62, "just": 7.395}, "Skull Flower": {"Onyx Black": 11.394, "Black": 18.354, "just": 6.7915}, "Crystal Ball": {"Onyx Black": 12.347999999999999, "Black": 27.488, "just": 6.783}, "Trapped Heart": {"Onyx Black": 12.234000000000002, "Black": 20.293999999999997, "just": 7.2165}, "Top Hat": {"Onyx Black": 14.93, "Black": 27.573999999999998, "just": 7.046499999999999}, "Love Potion": {"Onyx Black": 12.652, "Black": 23.852000000000004, "just": 8.296}, "Flying Broom": {"Onyx Black": 12.32, "Black": 17.3, "just": 8.075}, "Cupid Charm": {"Onyx Black": 17.77, "Black": 32.97, "just": 10.157499999999999}, "Record Player": {"Onyx Black": 10.32, "Black": 20.56, "just": 6.46}, "Eternal Rose": {"Onyx Black": 18.814, "Black": 34.622, "just": 12.2145}, "Mad Pumpkin": {"Onyx Black": 23.894, "Black": 38.494, "just": 15.716499999999998}, "Voodoo Doll": {"Onyx Black": 24.288, "Black": 46.30799999999999, "just": 14.603}, "Diamond Ring": {"Onyx Black": 21.22, "Black": 43.62, "just": 14.194999999999999}, "Toy Bear": {"Onyx Black": 31.462, "Black": 49.194, "just": 21.9045}, "Vintage Cigar": {"Onyx Black": 36.41, "Black": 60.629999999999995, "just": 20.7315}, "Neko Helmet": {"Onyx Black": 37.6, "Black": 63.6, "just": 23.8}, "Low Rider": {"Onyx Black": 32.3, "Black": 79.896,