{"Snoop Dogg": {"AI Dogg": 2.963, "King Ruby": 1.7405, "Goldizzle": 6.4955, "Doggfather": 2.9155, "Green Light": 1.9305000000000003, "Doberman": 3.7705000000000006, "Chrome": 2.263, "King Snoop": 5.0905000000000005, "Black Gold": 1.7405, "Cold Topaz": 1.9210000000000003, "Sapphire": 1.9495000000000005, "Black Diamond": 2.1965000000000003, "Onyx Black": 2.8, "Black": 9.984615384615385, "just": 1.36}, "Swag Bag": {"Take It Easy": 2.116, "Darkness": 2.0240000000000005, "Gin & Jewels": 2.3920000000000003, "Bulk Order": 2.0240000000000005, "Happy Herbs": 2.8520000000000003, "Boiling Hot": 2.0240000000000005, "April 20th": 2.8520000000000003, "Cashback": 2.8520000000000003, "Missionary": 6.44, "Snoop Life": 2.4840000000000004, "Onyx Black": 2.795, "Black": 6.915, "just": 1.564}, "Snoop Cigar": {"Onyx Black": 7.865, "Black": 17.119999999999997, "just": 3.6889999999999996}, "Lol Pop": {"Dark Sky": 1.518, "Cobweb": 1.3860000000000001, "Satellite": 1.7160000000000002, "Celestia": 2.0460000000000003, "Comic Crunch": 1.3860000000000001, "Glowstick": 2.0460000000000003, "Jinxed": 1.518, "Einstein": 1.3860000000000001, "Doodle Art": 1.518, "Heart Pop": 1.3860000000000001, "Milky Way": 1.3860000000000001, "Watermelon": 1.4520000000000002, "Nostalgia": 1.3860000000000001, "Angelina": 2.0460000000000003, "Pumpkin": 1.518, "Love Bubbles": 1.6500000000000001, "Cookie Dip": 1.4520000000000002, "Sweetheart": 1.518, "Blood Sucker": 1.518, "Pink Foil": 1.3860000000000001, "Fire Vortex": 1.4520000000000002, "Hexed Helix": 1.4520000000000002, "Rosebud": 1.518, "Mortal Sin": 3.6959999999999997, "Blood Ember": 1.6500000000000001, "Andromeda": 1.518, "Jolly Roger": 1.6500000000000001, "Icicle": 1.4520000000000002, "Dark Portal": 1.584, "Soap Bubbles": 1.3860000000000001, "Sailor Moon": 1.584, "Onyx Black": 1.8450000000000002, "Black": 5.155, "just": 1.122}, "B-Day Candle": {"On Fire": 2.36, "Kaboom!": 1.829, "Purr Magic": 2.36, "Payday": 2.36, "Happy Meows": 2.36, "Final Boss": 1.829, "Shocker": 1.829, "Pixel Wish": 1.829, "Onyx Black": 1.5899999999999999, "Black": 4.6899999999999995, "just": 1.003}, "Desk Calendar": {"Checklist": 1.7979999999999998, "Fund Manager": 1.7979999999999998, "Investor": 4.06, "Pepe Plans": 4.06, "Durov Day": 2.32, "Heartbreak": 1.3339999999999999, "Balloon Face": 1.566, "Adult Tasks": 4.06, "Independence": 3.2479999999999998, "Peach Week": 1.566, "Deadline": 2.32, "Burning Time": 2.32, "Tic Tac Toe": 1.7979999999999998, "Telegram": 1.7979999999999998, "Fawkes Night": 3.2479999999999998, "Hodler": 4.06, "Sunday": 2.32, "Onyx Black": 1.58, "Black": 4.78, "just": 0.9859999999999999}, "Lunar Snake": {"Dragon Ball": 4.7250000000000005, "Soul Eater": 2.0925000000000002, "Python Dev": 2.0925000000000002, "Psychedelic": 2.0925000000000002, "Synthwave": 3.78, "Timelock": 1.6875, "Hot Cherry": 2.0925000000000002, "Hellspawn": 2.0925000000000002, "Onyx Black": 2.0250000000000004, "Black": 4.775, "just": 1.1475}, "Xmas Stocking": {"Onyx Black": 1.9050000000000002, "Black": 4.93, "just": 1.1560000000000001}, "Snake Box": {"Onyx Black": 1.9, "Black": 4.75, "just": 1.105}, "Pet Snake": {"Onyx Black": 2.2199999999999998, "Black": 5.324999999999999, "just": 1.4024999999999999}, "Candy Cane": {"Grinch": 2.4955000000000003, "Sticky Sweet": 2.4955000000000003, "Hex Pot": 3.22, "Designer": 5.635000000000001, "Onyx Black": 2.3000000000000003, "Black": 6.155, "just": 1.3685}, "Whip Cupcake": {"Sponge Duck": 2.86, "Resistance": 5.005, "Deep State": 1.9305, "Toncoin": 2.2165, "Bitcoin": 5.005, "Onyx Black": 2.1149999999999998, "Black": 5.2, "just": 1.2155}, "Big Year": {"Big Brother": 2.697, "Pavel Durov": 4.872, "Pokeball": 2.697, "The Hobbit": 3.48, "Telegram": 4.872, "Gold Mine": 4.872, "Bitcoin": 4.872, "YouTubes": 2.697, "Cheshire Cat": 2.262, "Balloons": 1.827, "Qing Dynasty": 2.697, "Creator": 3.48, "Game Boy": 2.262, "The Nether": 2.262, "First Website": 2.175, "Onyx Black": 2.72, "Black": 7.82, "just": 1.4789999999999999}, "Homemade Cake": {"Onyx Black": 1.905, "Black": 4.859999999999999, "just": 1.292}, "Cookie Heart": {"Onyx Black": 2.29, "Black": 6.77, "just": 1.4364999999999999}, "Jester Hat": {"Onyx Black": 2.5500000000000003, "Black": 6.105, "just": 1.3685}, "Holiday Drink": {"Onyx Black": 2.3049999999999997, "Black": 5.664999999999999, "just": 1.4705}, "Ginger Cookie": {"Onyx Black": 2.79, "Black": 5.845, "just": 1.5215}, "Hypno Lollipop": {"Onyx Black": 2.685, "Black": 6.835000000000001, "just": 1.5045}, "Winter Wreath": {"Onyx Black": 2.325, "Black": 8.375, "just": 1.4875}, "Party Sparkler": {"Onyx Black": 2.705, "Black": 6.46, "just": 1.632}, "Jingle Bells": {"Onyx Black": 2.44, "Black": 5.36, "just": 1.462}, "Tama Gadget": {"Onyx Black": 2.645, "Black": 6.154999999999999, "just": 1.5385}, "Jack-in-the-Box": {"Onyx Black": 2.7, "Black": 7.76, "just": 1.7594999999999998}, "Star Notepad": {"Onyx Black": 3.25, "Black": 9.2, "just": 1.7424999999999997}, "Easter Egg": {"Onyx Black": 3.59, "Black": 10.684999999999999, "just": 2.0229999999999997}, "Santa Hat": {"Onyx Black": 3.35, "Black": 9.649999999999999, "just": 1.9549999999999998}, "Hex Pot": {"Onyx Black": 3.805, "Black": 7.93, "just": 2.0485}, "Restless Jar": {"Onyx Black": 3.8, "Black": 7.6499999999999995, "just": 1.9549999999999998}, "Lush Bouquet": {"Onyx Black": 3.39, "Black": 8.54, "just": 2.193}, "Spiced Wine": {"Onyx Black": 2.925, "Black": 7.9, "just": 1.6575}, "Snow Globe": {"Onyx Black": 4.0, "Black": 9.075000000000001, "just": 1.9975}, "Joyful Bundle": {"Onyx Black": 3.445, "Black": 8.469999999999999, "just": 2.159}, "Light Sword": {"Onyx Black": 4.1450000000000005, "Black": 11.445, "just": 2.4565}, "Witch Hat": {"Onyx Black": 3.97, "Black": 10.145, "just": 2.329}, "Bow Tie": {"Onyx Black": 4.725, "Black": 14.725, "just": 2.635}, "Eternal Candle": {"Onyx Black": 5.199999999999999, "Black": 10.194999999999999, "just": 2.465}, "Jelly Bunny": {"Onyx Black": 4.43, "Black": 10.125, "just": 2.771}, "Bunny Muffin": {"Onyx Black": 4.495, "Black": 9.595, "just": 2.7115}, "Spy Agaric": {"Onyx Black": 5.359999999999999, "Black": 11.215, "just": 2.4905}, "Evil Eye": {"Onyx Black": 5.755000000000001, "Black": 15.76, "just": 2.992}, "Snow Mittens": {"Onyx Black": 4.7, "Black": 8.735, "just": 2.5245}, "Berry Box": {"Onyx Black": 4.7250000000000005, "Black": 14.235000000000001, "just": 2.9495}, "Valentine Box": {"Onyx Black": 5.895, "Black": 10.91, "just": 3.264}, "Sakura Flower": {"Onyx Black": 5.615, "Black": 17.97, "just": 3.3489999999999998}, "Hanging Star": {"Onyx Black": 7.59, "Black": 16.29, "just": 3.893}, "Sleigh Bell": {"Onyx Black": 9.945, "Black": 17.939999999999998, "just": 5.0065}, "Love Candle": {"Onyx Black": 7.695, "Black": 15.295, "just": 5.1765}, "Skull Flower": {"Onyx Black": 8.584999999999999, "Black": 19.44, "just": 4.998}, "Crystal Ball": {"Onyx Black": 10.23, "Black": 30.744999999999997, "just": 5.5165}, "Trapped Heart": {"Onyx Black": 10.345, "Black": 23.745, "just": 6.5365}, "Top Hat": {"Onyx Black": 16.115000000000002, "Black": 25.97, "just": 6.154}, "Love Potion": {"Onyx Black": 10.17, "Black": 26.52, "just": 6.833999999999999}, "Flying Broom": {"Onyx Black": 10.655000000000001, "Black": 21.4, "just": 7.0635}, "Cupid Charm": {"Onyx Black": 16.490000000000002, "Black": 33.489999999999995, "just": 8.483}, "Record Player": {"Onyx Black": 10.035, "Black": 24.035, "just": 6.8595}, "Eternal Rose": {"Onyx Black": 19.1, "Black": 34.099999999999994, "just": 11.219999999999999}, "Mad Pumpkin": {"Onyx Black": 18.369999999999997, "Black": 39.42, "just": 11.764}, "Voodoo Doll": {"Onyx Black": 20.35, "Black": 40.349999999999994, "just": 12.495}, "Diamond Ring": {"Onyx Black": 20.04, "Black": 43.54, "just": 12.818}, "Toy Bear": {"Onyx Black": 21.95, "Black": 51.245, "just": 14.875}, "Vintage Cigar": {"Onyx Black": 43.495000000000005, "Black": 62.495000000000005, "just": 18.691499999999998}, "Neko Helmet": {"Onyx Black": 41.864999999999995, "Black": 71.865, "just": 20.1705},