{"Snoop Dogg": {"Chrome": 2.0205, "Goldizzle": 7.315999999999999, "Doggfather": 2.851, "Sapphire": 1.992, "King Ruby": 1.935, "Black Diamond": 1.9730000000000003, "King Snoop": 4.4465, "AI Dogg": 2.9079999999999995, "Doberman": 3.6870000000000003, "Onyx Black": 3.25, "Black": 10.623846153846152, "just": 1.5045}, "Swag Bag": {"Take It Easy": 2.376, "Dogg’s Loot": 2.079, "Leopard": 2.2769999999999997, "Golden Nugs": 2.079, "Snoop Life": 2.475, "Bulk Order": 2.376, "Boiling Hot": 2.574, "April 20th": 3.069, "Darkness": 2.178, "Happy Herbs": 3.069, "Missionary": 8.49, "Cashback": 3.069, "Gin & Jewels": 2.574, "Onyx Black": 3.08, "Black": 7.99, "just": 1.683}, "Snoop Cigar": {"Onyx Black": 7.91, "Black": 19.595, "just": 4.114}, "Lol Pop": {"Plastic Ice": 1.5015, "Sailor Moon": 1.5015, "Satellite": 1.716, "Heart Pop": 1.573, "Pink Foil": 1.5015, "Angelina": 2.2165, "Celestia": 2.2165, "Watermelon": 1.5015, "Blood Sucker": 1.6730999999999998, "Jinxed": 1.573, "Mortal Sin": 2.86, "Romance": 1.5015, "Pumpkin": 1.5015, "Glowstick": 2.2165, "Doodle Art": 1.6444999999999999, "Cookie Dip": 1.5015, "Shock Wave": 1.573, "Dark Sky": 1.573, "Hexed Helix": 1.573, "Blood Ember": 1.573, "Dark Portal": 1.5015, "Fire Vortex": 1.5015, "Love Bubbles": 1.859, "Cobweb": 1.5015, "Milky Way": 1.5015, "Jolly Roger": 1.7874999999999999, "Sweetheart": 1.859, "Einstein": 1.716, "Andromeda": 1.859, "Rosebud": 1.573, "Onyx Black": 2.005, "Black": 5.215, "just": 1.2155}, "B-Day Candle": {"Pixel Wish": 2.1545, "Purr Magic": 2.1545, "Payday": 2.78, "On Fire": 2.1545, "Happy Meows": 2.78, "Final Boss": 2.78, "Kaboom!": 1.8765, "Onyx Black": 1.995, "Black": 5.19, "just": 1.1815}, "Desk Calendar": {"Deadline": 2.82, "Sunday": 1.9035, "Balloon Face": 1.9035, "Burning Time": 2.1854999999999998, "Peach Week": 2.1854999999999998, "Fawkes Night": 3.9479999999999995, "Hodler": 4.935, "Checklist": 1.9035, "Tic Tac Toe": 1.6496999999999997, "Adult Tasks": 22.205000000000002, "Telegram": 2.1854999999999998, "Heartbreak": 1.6214999999999997, "Independence": 2.1854999999999998, "Pepe Plans": 13.45, "Durov Day": 2.82, "Fund Manager": 2.1854999999999998, "Investor": 7.205, "Onyx Black": 1.8900000000000001, "Black": 5.295, "just": 1.1985}, "Lunar Snake": {"Psychedelic": 2.3405, "Synthwave": 5.285, "Dragon Ball": 5.285, "Hot Cherry": 2.3405, "Timelock": 1.963, "Python Dev": 2.3405, "Hellspawn": 2.0385, "Soul Eater": 2.0385, "Onyx Black": 2.055, "Black": 5.755, "just": 1.2834999999999999}, "Xmas Stocking": {"Onyx Black": 2.69, "Black": 5.460000000000001, "just": 1.292}, "Snake Box": {"Onyx Black": 2.18, "Black": 6.164999999999999, "just": 1.2495}, "Pet Snake": {"Onyx Black": 2.42, "Black": 6.16, "just": 1.513}, "Candy Cane": {"Sticky Sweet": 3.24, "Grinch": 4.536, "Designer": 5.67, "Hex Pot": 2.511, "Onyx Black": 2.38, "Black": 5.885000000000001, "just": 1.377}, "Whip Cupcake": {"Sponge Duck": 2.3560000000000003, "Toncoin": 2.3560000000000003, "Deep State": 1.9760000000000002, "Resistance": 7.01, "Bitcoin": 10.254999999999999, "Onyx Black": 2.06, "Black": 5.960000000000001, "just": 1.292}, "Big Year": {"Balloons": 2.388, "Cheshire Cat": 2.3283, "Pokeball": 2.6865, "First Website": 2.0895, "Game Boy": 2.189, "Creator": 2.6865, "The Hobbit": 3.98, "Gold Mine": 6.965, "YouTubes": 3.98, "Qing Dynasty": 3.0845000000000002, "Big Brother": 3.0845000000000002, "Pavel Durov": 6.965, "The Nether": 2.4875, "Bitcoin": 8.495, "Telegram": 5.572, "Onyx Black": 3.615, "Black": 9.645, "just": 1.6915}, "Homemade Cake": {"Onyx Black": 2.41, "Black": 5.35, "just": 1.5555}, "Cookie Heart": {"Onyx Black": 2.45, "Black": 6.699999999999999, "just": 1.615}, "Jester Hat": {"Onyx Black": 2.77, "Black": 6.36, "just": 1.5215}, "Holiday Drink": {"Onyx Black": 2.45, "Black": 6.4, "just": 1.615}, "Ginger Cookie": {"Onyx Black": 3.79, "Black": 7.255000000000001, "just": 1.7254999999999998}, "Hypno Lollipop": {"Onyx Black": 2.945, "Black": 6.235, "just": 1.6915}, "Winter Wreath": {"Moon Cat": 106.25999999999999, "Onyx Black": 2.97, "Black": 7.195, "just": 1.6915}, "Party Sparkler": {"Onyx Black": 3.2350000000000003, "Black": 7.734999999999999, "just": 1.6744999999999999}, "Jingle Bells": {"Onyx Black": 2.83, "Black": 6.734999999999999, "just": 1.7594999999999998}, "Tama Gadget": {"Onyx Black": 3.4749999999999996, "Black": 6.574999999999999, "just": 1.8275}, "Jack-in-the-Box": {"Onyx Black": 3.09, "Black": 7.08, "just": 1.9209999999999998}, "Star Notepad": {"Onyx Black": 4.0600000000000005, "Black": 9.559999999999999, "just": 2.057}, "Easter Egg": {"Onyx Black": 3.795, "Black": 10.77, "just": 2.4139999999999997}, "Santa Hat": {"Onyx Black": 3.974, "Black": 8.414000000000001, "just": 2.3715}, "Hex Pot": {"Onyx Black": 4.035, "Black": 9.899999999999999, "just": 2.38}, "Restless Jar": {"Onyx Black": 4.025, "Black": 9.675, "just": 2.1845}, "Lush Bouquet": {"Onyx Black": 4.48, "Black": 7.484999999999999, "just": 2.5245}, "Spiced Wine": {"Onyx Black": 3.128, "Black": 7.0600000000000005, "just": 2.278}, "Snow Globe": {"Onyx Black": 4.495, "Black": 10.195, "just": 2.4565}, "Joyful Bundle": {"Onyx Black": 3.92, "Black": 10.92, "just": 2.4139999999999997}, "Light Sword": {"Onyx Black": 4.79, "Black": 10.674, "just": 2.6605}, "Witch Hat": {"Onyx Black": 4.465, "Black": 11.985, "just": 2.533}, "Bow Tie": {"Onyx Black": 4.720000000000001, "Black": 12.312000000000001, "just": 2.72}, "Eternal Candle": {"Onyx Black": 4.966, "Black": 10.761999999999999, "just": 3.0685}, "Jelly Bunny": {"Onyx Black": 4.85, "Black": 10.745, "just": 2.975}, "Bunny Muffin": {"Onyx Black": 4.795999999999999, "Black": 13.056000000000001, "just": 3.1959999999999997}, "Spy Agaric": {"Onyx Black": 5.574, "Black": 10.482, "just": 2.9665}, "Evil Eye": {"Onyx Black": 6.318, "Black": 12.378, "just": 3.0854999999999997}, "Snow Mittens": {"Onyx Black": 5.136, "Black": 8.328, "just": 3.315}, "Berry Box": {"Onyx Black": 5.822, "Black": 10.597999999999999, "just": 3.2895}, "Valentine Box": {"Onyx Black": 7.268000000000001, "Black": 13.668, "just": 4.063}, "Sakura Flower": {"Onyx Black": 6.73, "Black": 15.634, "just": 4.581499999999999}, "Hanging Star": {"Onyx Black": 7.906000000000001, "Black": 15.154, "just": 4.7515}, "Sleigh Bell": {"Onyx Black": 10.5, "Black": 20.9, "just": 6.375}, "Love Candle": {"Onyx Black": 11.138, "Black": 17.358, "just": 7.5905}, "Skull Flower": {"Onyx Black": 13.258, "Black": 17.662, "just": 7.4544999999999995}, "Crystal Ball": {"Onyx Black": 11.971999999999998, "Black": 27.756, "just": 6.766}, "Trapped Heart": {"Onyx Black": 13.209999999999999, "Black": 18.369999999999997, "just": 7.4375}, "Top Hat": {"Onyx Black": 12.73, "Black": 22.25, "just": 7.2675}, "Love Potion": {"Onyx Black": 11.634, "Black": 23.573999999999998, "just": 7.896499999999999}, "Flying Broom": {"Onyx Black": 12.846, "Black": 19.646, "just": 7.9985}, "Cupid Charm": {"Onyx Black": 16.708, "Black": 30.308, "just": 9.503}, "Record Player": {"Onyx Black": 10.26, "Black": 20.86, "just": 6.885}, "Eternal Rose": {"Onyx Black": 20.384, "Black": 35.988, "just": 11.883000000000001}, "Mad Pumpkin": {"Onyx Black": 23.5, "Black": 42.0, "just": 16.575}, "Voodoo Doll": {"Onyx Black": 21.7, "Black": 47.1, "just": 14.875}, "Diamond Ring": {"Onyx Black": 22.451999999999998, "Black": 45.656, "just": 14.246}, "Toy Bear": {"Onyx Black": 33.954, "Black": 51.59, "just": 22.091499999999996}, "Vintage Cigar": {"Onyx Black": 37.164, "Black": 56.164, "just": 21.199}, "Neko Helmet": {"Onyx Black": 38.757999999999996, "Black": 66.678, "just": 23.7405}, "Low Rider": {"Onyx Black": 33.228, "Black": 79.228, "just": 21.572999999999997}, "Signet Ring": {"Onyx Black": 37.774, "Black": 80.534, "just": 24.046499999999998}, "Electric Skull": {"Onyx Black": 46.54, "Black": 76.94, "just": 29.665}, "Kissed Frog": {"Onyx Black": 47.19, "Black": 81.594, "just": 30.5915}, "Swiss Watch": {"Onyx Black": 45.228, "Black": 73.22800000000001, "just": 30.073}, "Sharp Tongue": {"Onyx Black": 58.676, "Black": 110.67599999999999,