{"Snoop Dogg": {"AI Dogg": 2.8655, "Goldizzle": 6.752, "Doggfather": 3.046, "King Snoop": 4.798, "Doberman": 3.231, "Sapphire": 2.163, "Black Diamond": 2.277, "Chrome": 2.353, "Onyx Black": 3.2700000000000005, "Black": 9.970000000000002, "just": 1.5895000000000001}, "Swag Bag": {"April 20th": 3.1620000000000004, "Missionary": 8.515, "Dogg’s Loot": 2.1420000000000003, "Happy Herbs": 3.1620000000000004, "Boiling Hot": 2.448, "P.I.M.P.": 2.1420000000000003, "Take It Easy": 2.7540000000000004, "Cashback": 3.1620000000000004, "Bulk Order": 2.3459999999999996, "Darkness": 2.244, "Snoop Life": 2.7540000000000004, "Leopard": 2.1420000000000003, "Gin & Jewels": 2.55, "Aviators": 2.1420000000000003, "Onyx Black": 3.17, "Black": 7.5200000000000005, "just": 1.734}, "Snoop Cigar": {"Onyx Black": 7.9, "Black": 19.275, "just": 4.165}, "Lol Pop": {"Hollywood": 1.554, "Blood Sucker": 1.998, "Mortal Sin": 2.96, "Love Bubbles": 1.85, "Celestia": 2.294, "Sick Leave": 1.554, "Nostalgia": 1.554, "Icy Touch": 1.554, "Heart Pop": 1.6280000000000001, "Dark Sky": 1.6280000000000001, "Hexed Helix": 1.85, "Pumpkin": 1.7315999999999998, "Satellite": 1.85, "Andromeda": 1.998, "Doodle Art": 1.6280000000000001, "Blood Ember": 1.7315999999999998, "Jolly Roger": 1.702, "Einstein": 1.7315999999999998, "Dark Portal": 1.85, "Gold Star": 1.554, "Milky Way": 1.554, "Sweetheart": 1.85, "Glowstick": 1.998, "Rosebud": 1.7315999999999998, "Shock Wave": 1.554, "Cobweb": 1.554, "Jinxed": 1.6280000000000001, "Angelina": 2.294, "Onyx Black": 1.99, "Black": 5.215, "just": 1.258}, "B-Day Candle": {"Purr Magic": 2.263, "Payday": 2.263, "Happy Meows": 2.263, "Pixel Wish": 2.263, "On Fire": 2.263, "Kaboom!": 1.971, "Final Boss": 2.263, "Onyx Black": 1.875, "Black": 5.1899999999999995, "just": 1.2409999999999999}, "Desk Calendar": {"Balloon Face": 1.8125, "Independence": 2.2475, "Peach Week": 2.2475, "Fund Manager": 2.2475, "Sunday": 1.9575, "Fawkes Night": 2.9, "Durov Day": 5.075, "Burning Time": 2.2475, "Deadline": 2.2475, "Heartbreak": 1.595, "Tic Tac Toe": 2.2475, "Checklist": 2.2475, "Adult Tasks": 27.63, "Pepe Plans": 12.219999999999999, "Investor": 9.725, "Telegram": 2.2475, "Hodler": 5.075, "Onyx Black": 1.88, "Black": 5.324999999999999, "just": 1.2325}, "Lunar Snake": {"Hellspawn": 2.0250000000000004, "Psychedelic": 1.875, "Hot Cherry": 1.9500000000000002, "Soul Eater": 2.325, "Python Dev": 2.0250000000000004, "Timelock": 2.325, "Synthwave": 4.199999999999999, "Dragon Ball": 5.25, "Onyx Black": 2.3449999999999998, "Black": 5.445, "just": 1.275}, "Xmas Stocking": {"Onyx Black": 2.24, "Black": 5.765, "just": 1.275}, "Snake Box": {"Onyx Black": 2.19, "Black": 5.425000000000001, "just": 1.36}, "Pet Snake": {"Onyx Black": 2.55, "Black": 5.970000000000001, "just": 1.6575}, "Candy Cane": {"Sticky Sweet": 2.4025000000000003, "Hex Pot": 4.34, "Grinch": 3.1, "Designer": 5.425, "Onyx Black": 2.275, "Black": 5.619999999999999, "just": 1.3175}, "Whip Cupcake": {"Deep State": 2.2680000000000002, "Toncoin": 2.604, "Sponge Duck": 2.604, "Resistance": 5.88, "Bitcoin": 13.59, "Onyx Black": 2.19, "Black": 5.74, "just": 1.428}, "Big Year": {"Big Brother": 2.945, "Game Boy": 2.09, "The Hobbit": 3.8, "Qing Dynasty": 2.945, "Balloons": 2.09, "Cheshire Cat": 2.945, "First Website": 2.223, "Creator": 2.945, "Telegram": 5.319999999999999, "The Nether": 2.945, "YouTubes": 2.945, "Gold Mine": 6.6499999999999995, "Pokeball": 2.565, "Pavel Durov": 13.450000000000001, "Bitcoin": 5.319999999999999, "Onyx Black": 4.645, "Black": 9.1, "just": 1.615}, "Homemade Cake": {"Onyx Black": 2.36, "Black": 5.640000000000001, "just": 1.5979999999999999}, "Cookie Heart": {"Onyx Black": 2.67, "Black": 6.715, "just": 1.649}, "Jester Hat": {"Onyx Black": 2.585, "Black": 6.385, "just": 1.5045}, "Holiday Drink": {"Onyx Black": 2.68, "Black": 6.055000000000001, "just": 1.581}, "Ginger Cookie": {"Onyx Black": 3.555, "Black": 7.13, "just": 1.666}, "Hypno Lollipop": {"Onyx Black": 3.45, "Black": 7.66, "just": 1.6404999999999998}, "Winter Wreath": {"Moon Cat": 90.99499999999999, "Onyx Black": 2.545, "Black": 6.99, "just": 1.6915}, "Party Sparkler": {"Onyx Black": 2.965, "Black": 7.415, "just": 1.6404999999999998}, "Jingle Bells": {"Onyx Black": 3.065, "Black": 6.159999999999999, "just": 1.8104999999999998}, "Tama Gadget": {"Onyx Black": 3.46, "Black": 6.780000000000001, "just": 1.785}, "Jack-in-the-Box": {"Onyx Black": 3.12, "Black": 6.97, "just": 1.9040000000000001}, "Star Notepad": {"Onyx Black": 3.725, "Black": 9.399999999999999, "just": 1.9549999999999998}, "Easter Egg": {"Onyx Black": 3.8, "Black": 10.879999999999999, "just": 2.4225}, "Santa Hat": {"Onyx Black": 3.73, "Black": 8.245999999999999, "just": 2.3375}, "Hex Pot": {"Onyx Black": 3.98, "Black": 9.82, "just": 2.3375}, "Restless Jar": {"Onyx Black": 3.9399999999999995, "Black": 9.25, "just": 2.2184999999999997}, "Lush Bouquet": {"Onyx Black": 5.244999999999999, "Black": 8.84, "just": 2.7115}, "Spiced Wine": {"Onyx Black": 3.2600000000000002, "Black": 7.296, "just": 2.125}, "Snow Globe": {"Onyx Black": 4.895, "Black": 11.399999999999999, "just": 2.38}, "Joyful Bundle": {"Onyx Black": 4.385, "Black": 9.61, "just": 2.3545}, "Light Sword": {"Onyx Black": 4.45, "Black": 9.854, "just": 2.6264999999999996}, "Witch Hat": {"Onyx Black": 4.175, "Black": 12.024999999999999, "just": 2.5925}, "Bow Tie": {"Onyx Black": 4.694, "Black": 11.974, "just": 2.7965}, "Eternal Candle": {"Onyx Black": 5.408, "Black": 11.208, "just": 3.128}, "Jelly Bunny": {"Onyx Black": 5.095, "Black": 10.185, "just": 2.8815}, "Bunny Muffin": {"Onyx Black": 4.714, "Black": 11.554, "just": 3.0515}, "Spy Agaric": {"Onyx Black": 5.888, "Black": 10.48, "just": 2.9579999999999997}, "Evil Eye": {"Onyx Black": 6.311999999999999, "Black": 13.384, "just": 3.094}, "Snow Mittens": {"Onyx Black": 6.279999999999999, "Black": 8.079999999999998, "just": 3.23}, "Berry Box": {"Onyx Black": 5.212, "Black": 10.692, "just": 3.247}, "Valentine Box": {"Onyx Black": 7.234, "Black": 12.873999999999999, "just": 4.0715}, "Sakura Flower": {"Onyx Black": 6.84, "Black": 16.043999999999997, "just": 4.029}, "Hanging Star": {"Onyx Black": 7.82, "Black": 15.219999999999999, "just": 4.845}, "Sleigh Bell": {"Onyx Black": 12.632000000000001, "Black": 20.632, "just": 6.561999999999999}, "Love Candle": {"Onyx Black": 10.17, "Black": 17.11, "just": 7.097499999999999}, "Skull Flower": {"Onyx Black": 11.594000000000001, "Black": 18.354, "just": 6.7915}, "Crystal Ball": {"Onyx Black": 12.293999999999999, "Black": 27.134, "just": 6.706499999999999}, "Trapped Heart": {"Onyx Black": 12.277999999999999, "Black": 19.118, "just": 7.250499999999999}, "Top Hat": {"Onyx Black": 15.258, "Black": 26.862000000000002, "just": 7.4544999999999995}, "Love Potion": {"Onyx Black": 12.734, "Black": 23.93, "just": 8.4065}, "Flying Broom": {"Onyx Black": 12.26, "Black": 17.06, "just": 7.734999999999999}, "Cupid Charm": {"Onyx Black": 17.067999999999998, "Black": 32.868, "just": 10.013}, "Record Player": {"Onyx Black": 10.41, "Black": 20.65, "just": 6.5874999999999995}, "Eternal Rose": {"Onyx Black": 18.8, "Black": 33.6, "just": 11.9}, "Mad Pumpkin": {"Onyx Black": 24.188000000000002, "Black": 39.788, "just": 16.133}, "Voodoo Doll": {"Onyx Black": 23.976, "Black": 44.396, "just": 14.161}, "Diamond Ring": {"Onyx Black": 21.07, "Black": 40.67, "just": 13.982499999999998}, "Toy Bear": {"Onyx Black": 33.794, "Black": 50.194, "just": 22.941499999999998}, "Vintage Cigar": {"Onyx Black": 36.808, "Black": 60.407999999999994, "just": 20.977999999999998}, "Neko Helmet": {"Onyx Black": 38.974000000000004, "Black": 66.57400000000001, "just": 24.046499999999998}, "Low Rider": {"Onyx Black": 32.798, "Black": 83.19800000000001, "just": 21.530499999999996}, "Signet Ring": {"Onyx Black": 37.912, "Black": 76.712, "just": 24.241999999999997}, "Electric Skull": {"Onyx Black": 45.51, "Black": 75.914, "just": 28.211499999999997}, "Kissed Frog": {"Onyx Black": 45.48, "Black": 80.08, "just": 28.729999999999997},