{"Snoop Dogg": {"Cold Topaz": 2.0255, "Doberman": 3.59, "AI Dogg": 3.3430000000000004, "Sapphire": 2.1585, "Doggfather": 3.096, "Chrome": 2.5195, "Black Diamond": 2.2535000000000003, "King Snoop": 4.682, "Emerald": 2.0255, "Goldizzle": 7.905499999999999, "Onyx Black": 3.5966666666666667, "Black": 10.636153846153846, "just": 1.5215}, "Swag Bag": {"Take It Easy": 2.388, "Missionary": 6.965, "Boiling Hot": 2.587, "April 20th": 3.0845000000000002, "Cashback": 3.0845000000000002, "Leopard": 2.0895, "Dogg’s Loot": 2.0895, "Snoop Life": 2.587, "Gin & Jewels": 2.587, "P.I.M.P.": 2.0895, "Darkness": 2.189, "Bulk Order": 2.4875, "Happy Herbs": 3.0845000000000002, "Onyx Black": 3.245, "Black": 7.245, "just": 1.6915}, "Snoop Cigar": {"Onyx Black": 7.654999999999999, "Black": 17.285, "just": 4.063}, "Lol Pop": {"Icy Touch": 1.5435, "Jinxed": 1.617, "Andromeda": 1.9845000000000002, "Love Bubbles": 1.8375, "Glowstick": 2.2785, "Plastic Ice": 1.5435, "Crystalline": 1.5435, "Blood Sucker": 1.6905, "Sailor Moon": 1.617, "Celestia": 2.2785, "Magic Wand": 1.5435, "Einstein": 1.617, "Sweetheart": 1.911, "Heart Pop": 1.617, "Pumpkin": 1.5435, "Dark Portal": 1.8375, "Rosebud": 1.7198999999999998, "Dark Sky": 1.6905, "Cobweb": 1.617, "Doodle Art": 1.617, "Watermelon": 1.5435, "Mortal Sin": 4.116, "Satellite": 1.7198999999999998, "Blood Ember": 1.7198999999999998, "Jolly Roger": 1.7198999999999998, "Angelina": 2.2785, "Shock Wave": 1.7198999999999998, "Milky Way": 1.617, "Hexed Helix": 1.7198999999999998, "Onyx Black": 2.025, "Black": 5.38, "just": 1.2495}, "B-Day Candle": {"Happy Meows": 2.0770000000000004, "On Fire": 2.0770000000000004, "Payday": 2.0770000000000004, "Final Boss": 2.0770000000000004, "Purr Magic": 2.0770000000000004, "Kaboom!": 1.8090000000000002, "Pixel Wish": 2.0770000000000004, "Onyx Black": 1.7349999999999999, "Black": 5.365, "just": 1.139}, "Desk Calendar": {"Burning Time": 2.0925000000000002, "Tic Tac Toe": 2.0925000000000002, "Independence": 2.7, "Heartbreak": 1.4850000000000003, "Deadline": 2.0925000000000002, "Adult Tasks": 26.175, "Balloon Face": 2.0925000000000002, "Investor": 5.8100000000000005, "Pepe Plans": 10.51, "Sunday": 1.8225000000000002, "Checklist": 2.0925000000000002, "Hodler": 4.7250000000000005, "Durov Day": 2.0925000000000002, "Fund Manager": 2.0925000000000002, "Telegram": 2.0925000000000002, "Peach Week": 2.0925000000000002, "Fawkes Night": 4.7250000000000005, "Onyx Black": 1.73, "Black": 5.5649999999999995, "just": 1.1475}, "Lunar Snake": {"Timelock": 1.989, "Synthwave": 5.355, "Hellspawn": 2.0655, "Hot Cherry": 2.0655, "Python Dev": 2.3715, "Soul Eater": 2.3715, "Dragon Ball": 5.355, "Psychedelic": 1.9125, "Onyx Black": 2.2600000000000002, "Black": 5.715000000000001, "just": 1.3005}, "Xmas Stocking": {"Onyx Black": 2.6849999999999996, "Black": 5.734999999999999, "just": 1.2495}, "Snake Box": {"Onyx Black": 2.1399999999999997, "Black": 5.640000000000001, "just": 1.258}, "Pet Snake": {"Onyx Black": 2.47, "Black": 5.845, "just": 1.4789999999999999}, "Candy Cane": {"Hex Pot": 3.16, "Designer": 4.4239999999999995, "Sticky Sweet": 2.4490000000000003, "Grinch": 3.16, "Onyx Black": 2.46, "Black": 5.965, "just": 1.343}, "Whip Cupcake": {"Deep State": 2.387, "Resistance": 5.390000000000001, "Bitcoin": 9.469999999999999, "Toncoin": 2.387, "Sponge Duck": 3.08, "Onyx Black": 2.245, "Black": 5.72, "just": 1.309}, "Big Year": {"Telegram": 4.32, "Big Brother": 2.9160000000000004, "Game Boy": 2.2680000000000002, "Creator": 2.9160000000000004, "Bitcoin": 4.32, "First Website": 2.3760000000000003, "The Hobbit": 3.3480000000000003, "Qing Dynasty": 3.3480000000000003, "YouTubes": 4.32, "The Nether": 3.3480000000000003, "Cheshire Cat": 2.3760000000000003, "Pokeball": 2.7, "Gold Mine": 4.32, "Pavel Durov": 4.32, "Onyx Black": 3.705, "Black": 8.68, "just": 1.836}, "Homemade Cake": {"Onyx Black": 2.395, "Black": 5.5600000000000005, "just": 1.53}, "Cookie Heart": {"Onyx Black": 2.61, "Black": 7.03, "just": 1.6404999999999998}, "Jester Hat": {"Onyx Black": 2.6399999999999997, "Black": 6.49, "just": 1.4705}, "Holiday Drink": {"Onyx Black": 2.625, "Black": 6.175000000000001, "just": 1.5725}, "Ginger Cookie": {"Onyx Black": 3.795, "Black": 6.52, "just": 1.7764999999999997}, "Hypno Lollipop": {"Onyx Black": 2.7800000000000002, "Black": 6.49, "just": 1.751}, "Winter Wreath": {"Moon Cat": 108.47, "Onyx Black": 2.69, "Black": 8.67, "just": 1.649}, "Party Sparkler": {"Onyx Black": 3.635, "Black": 7.984999999999999, "just": 1.683}, "Jingle Bells": {"Onyx Black": 2.88, "Black": 6.54, "just": 1.768}, "Tama Gadget": {"Onyx Black": 3.49, "Black": 6.550000000000001, "just": 1.785}, "Jack-in-the-Box": {"Onyx Black": 3.13, "Black": 7.62, "just": 1.9124999999999999}, "Star Notepad": {"Onyx Black": 3.3899999999999997, "Black": 9.64, "just": 1.9379999999999997}, "Easter Egg": {"Onyx Black": 3.645, "Black": 11.099999999999998, "just": 2.38}, "Santa Hat": {"Onyx Black": 3.25, "Black": 8.39, "just": 2.3375}, "Hex Pot": {"Onyx Black": 3.9349999999999996, "Black": 9.865, "just": 2.3205}, "Restless Jar": {"Onyx Black": 3.76, "Black": 10.51, "just": 2.142}, "Lush Bouquet": {"Onyx Black": 4.32, "Black": 7.970000000000001, "just": 2.499}, "Spiced Wine": {"Onyx Black": 2.988, "Black": 6.848000000000001, "just": 1.9719999999999998}, "Snow Globe": {"Onyx Black": 4.625, "Black": 12.875, "just": 2.3375}, "Joyful Bundle": {"Onyx Black": 3.665, "Black": 7.69, "just": 2.448}, "Light Sword": {"Onyx Black": 4.556, "Black": 10.655999999999999, "just": 2.686}, "Witch Hat": {"Onyx Black": 4.435, "Black": 11.785, "just": 3.0345}, "Bow Tie": {"Onyx Black": 4.912000000000001, "Black": 12.600000000000001, "just": 2.72}, "Eternal Candle": {"Onyx Black": 5.296, "Black": 11.3, "just": 2.975}, "Jelly Bunny": {"Onyx Black": 4.76, "Black": 11.195, "just": 2.992}, "Bunny Muffin": {"Onyx Black": 5.052, "Black": 10.616, "just": 3.1959999999999997}, "Spy Agaric": {"Onyx Black": 5.168, "Black": 10.36, "just": 2.788}, "Evil Eye": {"Onyx Black": 6.244, "Black": 12.644, "just": 3.1790000000000003}, "Snow Mittens": {"Onyx Black": 4.908, "Black": 7.964, "just": 3.128}, "Berry Box": {"Onyx Black": 5.88, "Black": 11.6, "just": 3.23}, "Valentine Box": {"Onyx Black": 7.586, "Black": 12.806, "just": 4.1735}, "Sakura Flower": {"Onyx Black": 6.928, "Black": 15.328, "just": 4.148}, "Hanging Star": {"Onyx Black": 8.574, "Black": 15.370000000000001, "just": 4.7855}, "Sleigh Bell": {"Onyx Black": 11.014, "Black": 18.61, "just": 6.5365}, "Love Candle": {"Onyx Black": 11.136, "Black": 20.612000000000002, "just": 7.105999999999999}, "Skull Flower": {"Onyx Black": 10.68, "Black": 19.04, "just": 7.14}, "Crystal Ball": {"Onyx Black": 11.294, "Black": 28.674, "just": 6.6215}, "Trapped Heart": {"Onyx Black": 12.937999999999999, "Black": 19.018, "just": 7.5905}, "Top Hat": {"Onyx Black": 12.122, "Black": 22.402, "just": 6.5195}, "Love Potion": {"Onyx Black": 10.978000000000002, "Black": 22.182000000000002, "just": 7.6245}, "Flying Broom": {"Onyx Black": 10.87, "Black": 18.302, "just": 8.032499999999999}, "Cupid Charm": {"Onyx Black": 16.774, "Black": 32.373999999999995, "just": 9.596499999999999}, "Record Player": {"Onyx Black": 11.102, "Black": 20.378, "just": 6.7745}, "Eternal Rose": {"Onyx Black": 17.3, "Black": 35.495999999999995, "just": 11.475}, "Mad Pumpkin": {"Onyx Black": 22.369999999999997, "Black": 38.17, "just": 14.407499999999999}, "Voodoo Doll": {"Onyx Black": 21.868, "Black": 48.007999999999996, "just": 14.177999999999999}, "Diamond Ring": {"Onyx Black": 22.598, "Black": 43.798, "just": 13.880499999999998}, "Toy Bear": {"Onyx Black": 24.85, "Black": 47.33, "just": 16.0565}, "Vintage Cigar": {"Onyx Black": 42.790000000000006, "Black": 56.014, "just": 20.9865}, "Neko Helmet": {"Onyx Black": 36.019999999999996, "Black": 76.02, "just": 22.695}, "Low Rider": {"Onyx Black": 33.992000000000004, "Black": 90.792, "just": 21.522}, "Signet Ring": {"Onyx Black": 37.252, "Black": 80.05199999999999, "just": 23.307000000000002},