{"Snoop Dogg": {"AI Dogg": 3.0060000000000002, "King Snoop": 4.6155, "Goldizzle": 7.2935, "Chrome": 2.5100000000000002, "Sapphire": 2.2155, "Doberman": 3.2005, "Doggfather": 2.9205, "Cold Topaz": 2.1205000000000003, "Black Diamond": 2.3865000000000003, "Onyx Black": 3.1966666666666663, "Black": 10.55923076923077, "just": 1.5215}, "Swag Bag": {"Gin & Jewels": 2.4375, "Cashback": 3.0225, "Darkness": 2.145, "Bulk Order": 2.4375, "Boiling Hot": 2.6325000000000003, "Missionary": 6.825, "Snoop Life": 2.535, "Leopard": 2.0475, "Take It Easy": 2.535, "Happy Herbs": 3.0225, "Dogg’s Loot": 2.0475, "April 20th": 3.0225, "Onyx Black": 3.075, "Black": 7.4, "just": 1.6575}, "Snoop Cigar": {"Onyx Black": 7.645, "Black": 17.29, "just": 4.0715}, "Lol Pop": {"Sweetheart": 1.885, "Dark Sky": 1.8125, "Shock Wave": 1.595, "Jinxed": 1.6674999999999998, "Jolly Roger": 1.74, "Gold Star": 1.5225, "Magic Wand": 1.595, "Einstein": 1.5225, "Comic Crunch": 1.5225, "Blood Sucker": 1.74, "Andromeda": 1.9575, "Angelina": 2.2475, "Dark Portal": 1.5225, "Celestia": 2.2475, "Crystalline": 1.595, "Milky Way": 1.5225, "Mortal Sin": 4.06, "Hexed Helix": 1.74, "Watermelon": 1.5225, "Plastic Ice": 1.595, "Rosebud": 1.74, "Pumpkin": 1.5225, "Blood Ember": 1.595, "Love Bubbles": 1.595, "Sailor Moon": 1.595, "Heart Pop": 1.595, "Glowstick": 1.9575, "Cobweb": 1.595, "Satellite": 1.74, "Onyx Black": 2.025, "Black": 5.1899999999999995, "just": 1.2325}, "B-Day Candle": {"Purr Magic": 2.015, "Payday": 2.015, "On Fire": 2.015, "Pixel Wish": 2.015, "Happy Meows": 2.015, "Kaboom!": 2.015, "Final Boss": 2.015, "Onyx Black": 1.705, "Black": 4.8950000000000005, "just": 1.105}, "Desk Calendar": {"Fawkes Night": 2.6, "Hodler": 4.55, "Peach Week": 2.015, "Independence": 2.6, "Sunday": 2.015, "Deadline": 2.015, "Balloon Face": 1.4949999999999999, "Burning Time": 2.015, "Pepe Plans": 10.635, "Fund Manager": 2.6, "Tic Tac Toe": 2.015, "Adult Tasks": 24.075000000000003, "Checklist": 2.015, "Durov Day": 2.6, "Telegram": 2.015, "Investor": 6.1499999999999995, "Heartbreak": 1.56, "Onyx Black": 1.6749999999999998, "Black": 5.595, "just": 1.105}, "Lunar Snake": {"Synthwave": 5.109999999999999, "Soul Eater": 2.263, "Timelock": 1.971, "Psychedelic": 1.752, "Python Dev": 2.263, "Dragon Ball": 5.109999999999999, "Hot Cherry": 1.971, "Hellspawn": 2.263, "Onyx Black": 2.23, "Black": 5.455, "just": 1.2409999999999999}, "Xmas Stocking": {"Onyx Black": 2.16, "Black": 5.7299999999999995, "just": 1.2409999999999999}, "Snake Box": {"Onyx Black": 2.105, "Black": 6.195, "just": 1.2069999999999999}, "Pet Snake": {"Onyx Black": 2.46, "Black": 5.6, "just": 1.4449999999999998}, "Candy Cane": {"Sticky Sweet": 2.0410000000000004, "Grinch": 3.14, "Hex Pot": 3.14, "Designer": 5.495, "Onyx Black": 2.48, "Black": 5.890000000000001, "just": 1.3345}, "Whip Cupcake": {"Resistance": 5.32, "Bitcoin": 9.709999999999999, "Sponge Duck": 3.04, "Toncoin": 2.3560000000000003, "Deep State": 2.052, "Onyx Black": 2.26, "Black": 5.200000000000001, "just": 1.292}, "Big Year": {"Game Boy": 2.3283, "The Hobbit": 3.0845000000000002, "Cheshire Cat": 2.3283, "Telegram": 5.572, "Gold Mine": 6.965, "First Website": 2.587, "Pokeball": 2.6865, "Pavel Durov": 5.572, "Bitcoin": 5.572, "Qing Dynasty": 3.0845000000000002, "The Nether": 3.98, "Creator": 3.0845000000000002, "YouTubes": 3.0845000000000002, "Big Brother": 3.0845000000000002, "Onyx Black": 3.62, "Black": 8.6, "just": 1.6915}, "Homemade Cake": {"Onyx Black": 2.3850000000000002, "Black": 5.585, "just": 1.513}, "Cookie Heart": {"Onyx Black": 2.42, "Black": 7.015, "just": 1.564}, "Jester Hat": {"Onyx Black": 2.645, "Black": 6.595000000000001, "just": 1.4364999999999999}, "Holiday Drink": {"Onyx Black": 2.36, "Black": 5.86, "just": 1.632}, "Ginger Cookie": {"Onyx Black": 3.385, "Black": 6.51, "just": 1.7594999999999998}, "Hypno Lollipop": {"Onyx Black": 2.9050000000000002, "Black": 6.0, "just": 1.7934999999999999}, "Winter Wreath": {"Moon Cat": 105.69500000000001, "Onyx Black": 2.795, "Black": 8.645, "just": 1.6064999999999998}, "Party Sparkler": {"Onyx Black": 4.895, "Black": 7.24, "just": 1.6915}, "Jingle Bells": {"Onyx Black": 3.005, "Black": 6.109999999999999, "just": 1.887}, "Tama Gadget": {"Onyx Black": 3.48, "Black": 7.035, "just": 1.768}, "Jack-in-the-Box": {"Onyx Black": 3.105, "Black": 7.6000000000000005, "just": 1.87}, "Star Notepad": {"Onyx Black": 3.87, "Black": 8.645, "just": 1.9040000000000001}, "Easter Egg": {"Onyx Black": 3.73, "Black": 10.94, "just": 2.193}, "Santa Hat": {"Onyx Black": 3.274, "Black": 8.314, "just": 2.2015}, "Hex Pot": {"Onyx Black": 3.5949999999999998, "Black": 10.095, "just": 2.2864999999999998}, "Restless Jar": {"Onyx Black": 3.505, "Black": 10.755, "just": 2.1334999999999997}, "Lush Bouquet": {"Onyx Black": 4.445, "Black": 8.44, "just": 2.4565}, "Spiced Wine": {"Onyx Black": 2.77, "Black": 6.866, "just": 1.9975}, "Snow Globe": {"Onyx Black": 4.14, "Black": 9.834999999999999, "just": 2.278}, "Joyful Bundle": {"Onyx Black": 3.6399999999999997, "Black": 7.890000000000001, "just": 2.363}, "Light Sword": {"Onyx Black": 4.61, "Black": 10.674, "just": 2.7115}, "Witch Hat": {"Onyx Black": 4.765, "Black": 12.225, "just": 3.383}, "Bow Tie": {"Onyx Black": 4.936, "Black": 12.636000000000001, "just": 2.754}, "Eternal Candle": {"Onyx Black": 5.288, "Black": 10.488, "just": 2.9579999999999997}, "Jelly Bunny": {"Onyx Black": 4.475, "Black": 11.68, "just": 2.941}, "Bunny Muffin": {"Onyx Black": 4.948, "Black": 11.627999999999998, "just": 3.043}, "Spy Agaric": {"Onyx Black": 4.608, "Black": 10.367999999999999, "just": 2.788}, "Evil Eye": {"Onyx Black": 6.354, "Black": 12.954, "just": 3.0515}, "Snow Mittens": {"Onyx Black": 4.814, "Black": 7.561999999999999, "just": 3.1365}, "Berry Box": {"Onyx Black": 5.868, "Black": 11.547999999999998, "just": 3.2129999999999996}, "Valentine Box": {"Onyx Black": 8.064, "Black": 12.524000000000001, "just": 3.774}, "Sakura Flower": {"Onyx Black": 6.952, "Black": 14.952, "just": 4.1819999999999995}, "Hanging Star": {"Onyx Black": 8.71, "Black": 15.23, "just": 4.581499999999999}, "Sleigh Bell": {"Onyx Black": 10.478, "Black": 16.058, "just": 6.315499999999999}, "Love Candle": {"Onyx Black": 11.102, "Black": 16.102, "just": 6.9445}, "Skull Flower": {"Onyx Black": 9.65, "Black": 18.590000000000003, "just": 6.5025}, "Crystal Ball": {"Onyx Black": 11.398, "Black": 28.637999999999998, "just": 6.5705}, "Trapped Heart": {"Onyx Black": 12.404, "Black": 19.244, "just": 7.429}, "Top Hat": {"Onyx Black": 11.892, "Black": 24.492, "just": 6.647}, "Love Potion": {"Onyx Black": 10.978000000000002, "Black": 22.182000000000002, "just": 7.6245}, "Flying Broom": {"Onyx Black": 10.84, "Black": 20.0, "just": 7.99}, "Cupid Charm": {"Onyx Black": 16.954, "Black": 32.554, "just": 9.8515}, "Record Player": {"Onyx Black": 11.0, "Black": 20.236, "just": 6.63}, "Eternal Rose": {"Onyx Black": 17.456, "Black": 33.856, "just": 11.696}, "Mad Pumpkin": {"Onyx Black": 22.826, "Black": 40.230000000000004, "just": 14.4925}, "Voodoo Doll": {"Onyx Black": 22.012, "Black": 50.056, "just": 14.246}, "Diamond Ring": {"Onyx Black": 22.52, "Black": 45.7, "just": 13.77}, "Toy Bear": {"Onyx Black": 24.298, "Black": 46.782, "just": 15.274499999999998}, "Vintage Cigar": {"Onyx Black": 43.31400000000001, "Black": 55.714, "just": 20.5615}, "Neko Helmet": {"Onyx Black": 37.84, "Black": 75.84, "just": 22.439999999999998}, "Low Rider": {"Onyx Black": 33.608000000000004, "Black": 90.40799999999999, "just": 20.977999999999998}, "Signet Ring": {"Onyx Black": 36.04, "Black": 73.63999999999999, "just": 21.59}, "Electric Skull": {"Onyx Black": 43.9, "Black": 67.896, "just": 25.925}, "Kissed Frog": {"Onyx Black": 42.572, "Black": 80.172, "just": 28.576999999999998}, "Swiss Watch": {"Onyx Black": 43.372, "Black": 69.37199999999999, "just": 30.276999999999997}, "Sharp Tongue": {"Onyx Black": 58.974000000000004, "Black": 107.994, "just": 33.9915}, "Genie Lamp": {"Onyx Black": 65.674, "Black": 229.874,