{"Snoop Dogg": {"Doggfather": 3.0485, "Doberman": 3.3905000000000003, "Black Diamond": 2.0255, "AI Dogg": 2.8870000000000005, "Sapphire": 1.94, "Chrome": 2.364, "Cold Topaz": 1.9970000000000003, "Goldizzle": 7.7155, "King Snoop": 4.5680000000000005, "Onyx Black": 2.8600000000000003, "Black": 10.038461538461538, "just": 1.36}, "Swag Bag": {"Gin & Jewels": 2.275, "Snoop Life": 2.093, "Cashback": 2.821, "Boiling Hot": 2.275, "Take It Easy": 2.0020000000000002, "Darkness": 2.093, "Happy Herbs": 2.821, "Bulk Order": 2.0020000000000002, "Missionary": 6.37, "April 20th": 2.821, "Golden Nugs": 1.9110000000000003, "Onyx Black": 3.16, "Black": 6.91, "just": 1.547}, "Snoop Cigar": {"Onyx Black": 8.105, "Black": 18.205, "just": 3.7485}, "Lol Pop": {"Jolly Roger": 1.548, "Doodle Art": 1.4834999999999998, "Einstein": 1.4834999999999998, "Dark Sky": 1.4834999999999998, "Jinxed": 1.4190000000000003, "Fire Vortex": 1.4190000000000003, "Satellite": 1.677, "Rosebud": 1.548, "Sailor Moon": 1.4834999999999998, "Portable Pop": 1.3545, "Andromeda": 1.9995, "Blood Ember": 1.4190000000000003, "Angelina": 1.9995, "Pink Foil": 1.3545, "Glowstick": 1.9995, "Watermelon": 1.4190000000000003, "Heart Pop": 1.3545, "Comic Crunch": 1.3545, "Nostalgia": 1.548, "Sweetheart": 1.4834999999999998, "Pumpkin": 1.4190000000000003, "Soap Bubbles": 1.4190000000000003, "Icicle": 1.3545, "Mortal Sin": 2.58, "Milky Way": 1.4190000000000003, "Wonka Berry": 1.4190000000000003, "Shock Wave": 1.3545, "Dark Portal": 1.9995, "Celestia": 1.9995, "Blood Sucker": 1.548, "Love Bubbles": 1.4190000000000003, "Cookie Dip": 1.677, "Hexed Helix": 1.4834999999999998, "Cobweb": 1.4190000000000003, "Onyx Black": 1.795, "Black": 4.9399999999999995, "just": 1.0965}, "B-Day Candle": {"Purr Magic": 1.9065, "Payday": 1.9065, "Kaboom!": 1.9065, "Final Boss": 1.9065, "On Fire": 1.9065, "Happy Meows": 2.46, "Pixel Wish": 1.9065, "Shocker": 1.9065, "Onyx Black": 1.615, "Black": 5.015000000000001, "just": 1.0454999999999999}, "Desk Calendar": {"Independence": 3.36, "Pepe Plans": 4.2, "Heartbreak": 1.32, "Telegram": 1.8599999999999999, "Adult Tasks": 4.2, "Balloon Face": 1.5, "Hodler": 4.2, "Checklist": 1.8599999999999999, "Peach Week": 1.62, "Investor": 4.2, "Fund Manager": 1.8599999999999999, "Deadline": 2.4, "Burning Time": 1.8599999999999999, "Tic Tac Toe": 1.62, "Sunday": 1.8599999999999999, "Fawkes Night": 4.2, "Durov Day": 2.4, "Onyx Black": 1.685, "Black": 5.4, "just": 1.02}, "Lunar Snake": {"Timelock": 1.863, "Synthwave": 3.8639999999999994, "Psychedelic": 2.139, "Hellspawn": 3.8639999999999994, "Soul Eater": 2.139, "Python Dev": 2.139, "Dragon Ball": 4.83, "Hot Cherry": 2.139, "Onyx Black": 1.99, "Black": 5.09, "just": 1.1729999999999998}, "Xmas Stocking": {"Onyx Black": 1.8900000000000001, "Black": 4.904999999999999, "just": 1.1135}, "Snake Box": {"Onyx Black": 1.7650000000000001, "Black": 5.154999999999999, "just": 1.1135}, "Pet Snake": {"Onyx Black": 2.32, "Black": 5.295, "just": 1.394}, "Candy Cane": {"Hex Pot": 3.0, "Designer": 5.25, "Sticky Sweet": 2.325, "Grinch": 3.0, "Onyx Black": 2.35, "Black": 6.745, "just": 1.275}, "Whip Cupcake": {"Deep State": 1.89, "Bitcoin": 4.8999999999999995, "Toncoin": 2.17, "Resistance": 4.8999999999999995, "Sponge Duck": 2.8, "Onyx Black": 2.125, "Black": 5.324999999999999, "just": 1.19}, "Big Year": {"The Nether": 2.1375, "Bitcoin": 4.787999999999999, "Pokeball": 2.6505, "Creator": 2.3085, "The Hobbit": 3.42, "Telegram": 4.787999999999999, "First Website": 2.1375, "Cheshire Cat": 2.223, "Balloons": 1.881, "YouTubes": 2.6505, "Big Brother": 2.223, "Game Boy": 2.223, "Gold Mine": 5.984999999999999, "Pavel Durov": 4.787999999999999, "Qing Dynasty": 3.42, "Onyx Black": 2.73, "Black": 7.8549999999999995, "just": 1.4535}, "Homemade Cake": {"Onyx Black": 2.035, "Black": 5.28, "just": 1.343}, "Cookie Heart": {"Onyx Black": 2.315, "Black": 6.334999999999999, "just": 1.4705}, "Jester Hat": {"Onyx Black": 2.87, "Black": 6.569999999999999, "just": 1.394}, "Holiday Drink": {"Onyx Black": 2.28, "Black": 5.5600000000000005, "just": 1.462}, "Ginger Cookie": {"Onyx Black": 3.385, "Black": 6.33, "just": 1.5045}, "Hypno Lollipop": {"Onyx Black": 2.7, "Black": 6.84, "just": 1.53}, "Winter Wreath": {"Onyx Black": 2.44, "Black": 8.855, "just": 1.4535}, "Party Sparkler": {"Onyx Black": 2.94, "Black": 7.69, "just": 1.5979999999999999}, "Jingle Bells": {"Onyx Black": 2.43, "Black": 6.300000000000001, "just": 1.4449999999999998}, "Tama Gadget": {"Onyx Black": 3.1500000000000004, "Black": 6.374999999999999, "just": 1.53}, "Jack-in-the-Box": {"Onyx Black": 3.02, "Black": 7.72, "just": 1.7764999999999997}, "Star Notepad": {"Onyx Black": 4.09, "Black": 8.805, "just": 1.853}, "Easter Egg": {"Onyx Black": 3.87, "Black": 11.165, "just": 1.9889999999999999}, "Santa Hat": {"Onyx Black": 3.1550000000000002, "Black": 9.450000000000001, "just": 1.785}, "Hex Pot": {"Onyx Black": 3.5599999999999996, "Black": 8.17, "just": 1.9975}, "Restless Jar": {"Onyx Black": 3.84, "Black": 7.6899999999999995, "just": 2.0315}, "Lush Bouquet": {"Onyx Black": 3.545, "Black": 8.620000000000001, "just": 2.329}, "Spiced Wine": {"Onyx Black": 2.99, "Black": 7.779999999999999, "just": 1.6064999999999998}, "Snow Globe": {"Onyx Black": 3.885, "Black": 9.01, "just": 1.887}, "Joyful Bundle": {"Onyx Black": 3.695, "Black": 8.045, "just": 2.2015}, "Light Sword": {"Onyx Black": 4.5, "Black": 11.25, "just": 2.38}, "Witch Hat": {"Onyx Black": 4.03, "Black": 10.385, "just": 2.3545}, "Bow Tie": {"Onyx Black": 4.55, "Black": 14.549999999999999, "just": 2.635}, "Eternal Candle": {"Onyx Black": 5.1850000000000005, "Black": 13.934999999999999, "just": 2.4395000000000002}, "Jelly Bunny": {"Onyx Black": 5.035, "Black": 10.035, "just": 2.7795}, "Bunny Muffin": {"Onyx Black": 4.785, "Black": 21.58, "just": 2.6944999999999997}, "Spy Agaric": {"Onyx Black": 5.220000000000001, "Black": 10.72, "just": 2.499}, "Evil Eye": {"Onyx Black": 5.6850000000000005, "Black": 15.54, "just": 2.8729999999999998}, "Snow Mittens": {"Onyx Black": 4.49, "Black": 8.54, "just": 2.618}, "Berry Box": {"Onyx Black": 4.2, "Black": 13.95, "just": 2.975}, "Valentine Box": {"Onyx Black": 7.99, "Black": 10.99, "just": 3.383}, "Sakura Flower": {"Onyx Black": 7.0, "Black": 17.75, "just": 3.4}, "Hanging Star": {"Onyx Black": 7.61, "Black": 16.46, "just": 4.1819999999999995}, "Sleigh Bell": {"Onyx Black": 10.41, "Black": 17.235, "just": 5.0745}, "Love Candle": {"Onyx Black": 7.875, "Black": 15.375, "just": 5.4825}, "Skull Flower": {"Onyx Black": 8.66, "Black": 16.965, "just": 5.0405}, "Crystal Ball": {"Onyx Black": 13.29, "Black": 28.294999999999998, "just": 5.6015}, "Trapped Heart": {"Onyx Black": 11.885, "Black": 23.384999999999998, "just": 6.6045}, "Top Hat": {"Onyx Black": 16.18, "Black": 26.055000000000003, "just": 6.2985}, "Love Potion": {"Onyx Black": 10.24, "Black": 28.49, "just": 6.783}, "Flying Broom": {"Onyx Black": 10.75, "Black": 19.25, "just": 7.225}, "Cupid Charm": {"Onyx Black": 16.5, "Black": 37.0, "just": 8.5}, "Record Player": {"Onyx Black": 11.73, "Black": 23.825, "just": 6.511}, "Eternal Rose": {"Onyx Black": 20.799999999999997, "Black": 36.3, "just": 10.709999999999999}, "Mad Pumpkin": {"Onyx Black": 18.43, "Black": 46.684999999999995, "just": 12.2145}, "Voodoo Doll": {"Onyx Black": 22.83, "Black": 46.33, "just": 13.311}, "Diamond Ring": {"Onyx Black": 20.395, "Black": 43.91, "just": 13.447}, "Toy Bear": {"Onyx Black": 24.905, "Black": 53.405, "just": 15.138499999999999}, "Vintage Cigar": {"Onyx Black": 47.845, "Black": 73.345, "just": 18.436500000000002}, "Neko Helmet": {"Onyx Black": 41.155, "Black": 71.14999999999999, "just": 18.9635}, "Low Rider": {"Onyx Black": 40.849999999999994, "Black": 106.85000000000001, "just": 20.994999999999997}, "Signet Ring": {"Onyx Black": 37.745, "Black": 85.745, "just": 19.9665}, "Electric Skull": {"Onyx Black": 37.480000000000004, "Black": 68.485, "just": 22.074499999999997}, "Kissed Frog": {"Onyx Black": 45.349999999999994,