{"Snoop Dogg": {"Black Diamond": 2.1155, "Doberman": 3.5255, "Cold Topaz": 1.9255, "Goldizzle": 7.135499999999999, "King Ruby": 1.8780000000000001, "Doggfather": 2.851, "King Snoop": 4.883500000000001, "AI Dogg": 2.9459999999999997, "Chrome": 2.3815, "Onyx Black": 3.2300000000000004, "Black": 10.413076923076922, "just": 1.5215}, "Swag Bag": {"April 20th": 3.0225, "Cashback": 3.0225, "Boiling Hot": 2.535, "Bulk Order": 2.34, "Snoop Life": 2.34, "Leopard": 2.2815, "Golden Nugs": 2.145, "Missionary": 8.475, "Happy Herbs": 3.0225, "Take It Easy": 2.34, "Gin & Jewels": 2.535, "Darkness": 2.2424999999999997, "Onyx Black": 3.0249999999999995, "Black": 7.7250000000000005, "just": 1.6575}, "Snoop Cigar": {"Onyx Black": 7.9, "Black": 16.91, "just": 4.097}, "Lol Pop": {"Sweetheart": 1.8459999999999999, "Mortal Sin": 2.84, "Blood Ember": 1.6329999999999998, "Hexed Helix": 1.562, "Blood Sucker": 1.917, "Glowstick": 2.201, "Satellite": 1.704, "Dark Sky": 1.562, "Romance": 1.4909999999999999, "Pumpkin": 1.4909999999999999, "Jinxed": 1.775, "Andromeda": 1.775, "Pink Foil": 1.4909999999999999, "Einstein": 1.704, "Rosebud": 1.6329999999999998, "Angelina": 2.201, "Watermelon": 1.4909999999999999, "Plastic Ice": 1.4909999999999999, "Fire Vortex": 1.4909999999999999, "Love Bubbles": 1.917, "Heart Pop": 1.6329999999999998, "Jolly Roger": 1.775, "Celestia": 2.201, "Comic Crunch": 1.4909999999999999, "Doodle Art": 1.6329999999999998, "Sailor Moon": 1.4909999999999999, "Cookie Dip": 1.4909999999999999, "Cobweb": 1.4909999999999999, "Shock Wave": 1.562, "Dark Portal": 1.775, "Milky Way": 1.4909999999999999, "Onyx Black": 2.01, "Black": 5.06, "just": 1.2069999999999999}, "B-Day Candle": {"Kaboom!": 1.8360000000000003, "Final Boss": 2.108, "Payday": 2.72, "Happy Meows": 2.72, "Purr Magic": 2.108, "On Fire": 2.108, "Pixel Wish": 2.108, "Onyx Black": 2.0, "Black": 5.430000000000001, "just": 1.1560000000000001}, "Desk Calendar": {"Telegram": 2.0615, "Balloon Face": 2.0615, "Checklist": 1.7955000000000003, "Durov Day": 2.66, "Heartbreak": 1.4630000000000003, "Investor": 7.115, "Fawkes Night": 3.7239999999999998, "Fund Manager": 2.0615, "Tic Tac Toe": 1.5294999999999999, "Adult Tasks": 21.165, "Burning Time": 2.0615, "Independence": 2.66, "Sunday": 2.0615, "Hodler": 4.655, "Peach Week": 2.0615, "Deadline": 2.0615, "Pepe Plans": 14.665000000000001, "Onyx Black": 1.83, "Black": 5.32, "just": 1.1305}, "Lunar Snake": {"Dragon Ball": 5.32, "Synthwave": 5.32, "Hot Cherry": 2.3560000000000003, "Timelock": 1.9760000000000002, "Psychedelic": 2.3560000000000003, "Hellspawn": 2.052, "Python Dev": 2.3560000000000003, "Soul Eater": 2.3560000000000003, "Onyx Black": 2.2350000000000003, "Black": 5.765000000000001, "just": 1.292}, "Xmas Stocking": {"Onyx Black": 2.6799999999999997, "Black": 5.515, "just": 1.3005}, "Snake Box": {"Onyx Black": 2.1950000000000003, "Black": 6.045, "just": 1.275}, "Pet Snake": {"Onyx Black": 2.5, "Black": 6.155, "just": 1.513}, "Candy Cane": {"Designer": 5.53, "Hex Pot": 3.16, "Sticky Sweet": 2.4490000000000003, "Grinch": 3.16, "Onyx Black": 2.29, "Black": 5.85, "just": 1.343}, "Whip Cupcake": {"Deep State": 2.0925000000000002, "Resistance": 5.425, "Toncoin": 2.4025000000000003, "Sponge Duck": 2.4025000000000003, "Bitcoin": 10.77, "Onyx Black": 2.245, "Black": 6.225, "just": 1.3175}, "Big Year": {"Game Boy": 2.255, "Cheshire Cat": 2.665, "Creator": 2.7675, "Telegram": 4.1, "Gold Mine": 7.174999999999999, "Pavel Durov": 7.174999999999999, "First Website": 2.255, "Pokeball": 2.7675, "The Hobbit": 4.1, "Balloons": 2.3574999999999995, "The Nether": 2.7675, "Big Brother": 3.1774999999999998, "Bitcoin": 5.739999999999999, "Qing Dynasty": 3.1774999999999998, "YouTubes": 4.1, "Onyx Black": 3.645, "Black": 9.675, "just": 1.7424999999999997}, "Homemade Cake": {"Onyx Black": 2.41, "Black": 5.345, "just": 1.564}, "Cookie Heart": {"Onyx Black": 2.67, "Black": 6.69, "just": 1.5979999999999999}, "Jester Hat": {"Onyx Black": 2.765, "Black": 6.285, "just": 1.513}, "Holiday Drink": {"Onyx Black": 2.49, "Black": 6.254999999999999, "just": 1.683}, "Ginger Cookie": {"Onyx Black": 3.78, "Black": 7.245, "just": 1.7084999999999997}, "Hypno Lollipop": {"Onyx Black": 2.945, "Black": 6.21, "just": 1.6915}, "Winter Wreath": {"Moon Cat": 101.0, "Onyx Black": 2.9, "Black": 7.195, "just": 1.7}, "Party Sparkler": {"Onyx Black": 3.1449999999999996, "Black": 7.705, "just": 1.6235}, "Jingle Bells": {"Onyx Black": 2.84, "Black": 6.725, "just": 1.785}, "Tama Gadget": {"Onyx Black": 3.495, "Black": 7.045, "just": 1.8615}, "Jack-in-the-Box": {"Onyx Black": 3.075, "Black": 7.0649999999999995, "just": 1.8955}, "Star Notepad": {"Onyx Black": 4.03, "Black": 9.53, "just": 2.006}, "Easter Egg": {"Onyx Black": 3.8, "Black": 10.775, "just": 2.4225}, "Santa Hat": {"Onyx Black": 3.968, "Black": 8.408000000000001, "just": 2.363}, "Hex Pot": {"Onyx Black": 4.045, "Black": 10.155, "just": 2.397}, "Restless Jar": {"Onyx Black": 4.109999999999999, "Black": 9.605, "just": 2.227}, "Lush Bouquet": {"Onyx Black": 4.495, "Black": 8.9, "just": 2.55}, "Spiced Wine": {"Onyx Black": 3.112, "Black": 6.76, "just": 2.21}, "Snow Globe": {"Onyx Black": 4.425, "Black": 10.175, "just": 2.4225}, "Joyful Bundle": {"Onyx Black": 3.91, "Black": 10.364999999999998, "just": 2.4055}, "Light Sword": {"Onyx Black": 4.666, "Black": 10.622, "just": 2.6435}, "Witch Hat": {"Onyx Black": 4.565, "Black": 12.075000000000001, "just": 2.6774999999999998}, "Bow Tie": {"Onyx Black": 4.746, "Black": 12.342, "just": 2.7624999999999997}, "Eternal Candle": {"Onyx Black": 4.864, "Black": 10.584, "just": 2.924}, "Jelly Bunny": {"Onyx Black": 4.845000000000001, "Black": 10.735, "just": 2.9665}, "Bunny Muffin": {"Onyx Black": 4.57, "Black": 12.190000000000001, "just": 2.9325}, "Spy Agaric": {"Onyx Black": 5.58, "Black": 10.492, "just": 2.975}, "Evil Eye": {"Onyx Black": 6.4, "Black": 12.239999999999998, "just": 3.23}, "Snow Mittens": {"Onyx Black": 4.98, "Black": 8.2, "just": 3.23}, "Berry Box": {"Onyx Black": 5.7219999999999995, "Black": 10.597999999999999, "just": 3.2895}, "Valentine Box": {"Onyx Black": 7.584, "Black": 13.184000000000001, "just": 3.9439999999999995}, "Sakura Flower": {"Onyx Black": 6.648, "Black": 15.652, "just": 4.607}, "Hanging Star": {"Onyx Black": 7.668, "Black": 14.988, "just": 4.522}, "Sleigh Bell": {"Onyx Black": 10.47, "Black": 20.869999999999997, "just": 6.3325}, "Love Candle": {"Onyx Black": 10.994, "Black": 17.354, "just": 7.6415}, "Skull Flower": {"Onyx Black": 11.908, "Black": 16.887999999999998, "just": 6.952999999999999}, "Crystal Ball": {"Onyx Black": 12.6, "Black": 28.020000000000003, "just": 7.14}, "Trapped Heart": {"Onyx Black": 13.174, "Black": 18.734, "just": 7.386499999999999}, "Top Hat": {"Onyx Black": 12.693999999999999, "Black": 21.494, "just": 7.2165}, "Love Potion": {"Onyx Black": 11.7, "Black": 23.636000000000003, "just": 7.99}, "Flying Broom": {"Onyx Black": 12.780000000000001, "Black": 19.58, "just": 7.905}, "Cupid Charm": {"Onyx Black": 16.854, "Black": 30.458, "just": 9.715499999999999}, "Record Player": {"Onyx Black": 10.266, "Black": 20.866, "just": 6.8934999999999995}, "Eternal Rose": {"Onyx Black": 20.216, "Black": 35.8, "just": 11.645}, "Mad Pumpkin": {"Onyx Black": 23.62, "Black": 41.81999999999999, "just": 16.744999999999997}, "Voodoo Doll": {"Onyx Black": 23.016, "Black": 47.42, "just": 15.044999999999998}, "Diamond Ring": {"Onyx Black": 22.056, "Black": 45.260000000000005, "just": 13.685}, "Toy Bear": {"Onyx Black": 34.274, "Black": 52.074, "just": 22.7715}, "Vintage Cigar": {"Onyx Black": 37.007999999999996, "Black": 56.007999999999996, "just": 20.977999999999998}, "Neko Helmet": {"Onyx Black": 38.734, "Black": 64.73400000000001, "just": 23.7065}, "Low Rider": {"Onyx Black": 32.6, "Black": 81.0, "just": 21.25}, "Signet Ring": {"Onyx Black": 36.994, "Black": 79.75399999999999, "just": 22.941499999999998}, "Electric Skull": {"Onyx Black": 42.1, "Black": 76.1, "just": 28.474999999999998},