{"Snoop Dogg": {"Goldizzle": 6.9705, "Emerald": 1.916, "AI Dogg": 2.818, "Doggfather": 2.8605, "Black Diamond": 2.0015, "King Snoop": 4.560499999999999, "Doberman": 3.4305000000000003, "Chrome": 2.1155, "Onyx Black": 3.2633333333333336, "Black": 10.65923076923077, "just": 1.5215}, "Swag Bag": {"Bulk Order": 2.3165999999999998, "Boiling Hot": 2.673, "Missionary": 6.93, "Take It Easy": 2.3165999999999998, "Gin & Jewels": 2.574, "Darkness": 2.2769999999999997, "Snoop Life": 2.475, "Leopard": 2.2769999999999997, "Cashback": 3.069, "Golden Nugs": 2.178, "Happy Herbs": 3.069, "April 20th": 3.069, "Onyx Black": 3.1849999999999996, "Black": 7.49, "just": 1.683}, "Snoop Cigar": {"Onyx Black": 7.575, "Black": 19.575, "just": 4.0375}, "Lol Pop": {"Pumpkin": 1.47, "Portable Pop": 1.47, "Dark Sky": 1.47, "Mortal Sin": 2.8, "Comic Crunch": 1.47, "Hexed Helix": 1.54, "Blood Ember": 1.6099999999999999, "Romance": 1.47, "Sailor Moon": 1.47, "Milky Way": 1.47, "Jinxed": 1.54, "Pink Foil": 1.47, "Doodle Art": 1.54, "Dark Portal": 1.6099999999999999, "Rosebud": 1.75, "Love Bubbles": 1.6099999999999999, "Blood Sucker": 1.75, "Cookie Dip": 1.47, "Glowstick": 2.17, "Shock Wave": 1.54, "Angelina": 2.17, "Einstein": 1.6099999999999999, "Watermelon": 1.47, "Plastic Ice": 1.47, "Jolly Roger": 1.75, "Sweetheart": 1.8199999999999998, "Icicle": 1.47, "Satellite": 1.68, "Magic Wand": 1.47, "Fire Vortex": 1.47, "Andromeda": 1.89, "Cobweb": 1.54, "Heart Pop": 1.638, "Celestia": 2.17, "Onyx Black": 1.95, "Black": 4.949999999999999, "just": 1.19}, "B-Day Candle": {"Purr Magic": 2.139, "Pixel Wish": 2.139, "Final Boss": 2.139, "Kaboom!": 1.863, "Happy Meows": 2.76, "On Fire": 2.139, "Payday": 2.139, "Onyx Black": 1.765, "Black": 5.140000000000001, "just": 1.1729999999999998}, "Desk Calendar": {"Burning Time": 2.139, "Fawkes Night": 2.76, "Fund Manager": 2.139, "Investor": 6.22, "Heartbreak": 1.5869999999999997, "Adult Tasks": 23.189999999999998, "Durov Day": 2.76, "Checklist": 2.139, "Balloon Face": 2.139, "Pepe Plans": 13.434999999999999, "Hodler": 4.83, "Independence": 2.76, "Tic Tac Toe": 1.7939999999999998, "Sunday": 1.863, "Telegram": 2.139, "Peach Week": 2.139, "Deadline": 2.139, "Onyx Black": 1.765, "Black": 5.34, "just": 1.1729999999999998}, "Lunar Snake": {"Soul Eater": 2.052, "Dragon Ball": 5.32, "Python Dev": 2.3560000000000003, "Hellspawn": 1.9, "Synthwave": 5.32, "Timelock": 1.9760000000000002, "Psychedelic": 2.3560000000000003, "Hot Cherry": 2.3560000000000003, "Onyx Black": 2.2350000000000003, "Black": 5.76, "just": 1.292}, "Xmas Stocking": {"Onyx Black": 2.69, "Black": 5.445, "just": 1.275}, "Snake Box": {"Onyx Black": 2.17, "Black": 6.165000000000001, "just": 1.2325}, "Pet Snake": {"Onyx Black": 2.485, "Black": 6.16, "just": 1.4789999999999999}, "Candy Cane": {"Grinch": 3.18, "Designer": 5.565, "Sticky Sweet": 3.18, "Hex Pot": 3.18, "Onyx Black": 2.365, "Black": 5.87, "just": 1.3515}, "Whip Cupcake": {"Resistance": 5.25, "Toncoin": 2.325, "Bitcoin": 9.25, "Sponge Duck": 2.325, "Deep State": 2.0250000000000004, "Onyx Black": 2.2, "Black": 5.55, "just": 1.275}, "Big Year": {"YouTubes": 4.06, "Cheshire Cat": 2.3750999999999998, "Game Boy": 2.233, "Pokeball": 2.7405, "Qing Dynasty": 3.1464999999999996, "Telegram": 4.06, "Big Brother": 3.1464999999999996, "Pavel Durov": 5.683999999999999, "First Website": 2.1315, "Creator": 2.7405, "Gold Mine": 7.1049999999999995, "The Hobbit": 4.06, "Bitcoin": 7.1049999999999995, "The Nether": 2.5374999999999996, "Onyx Black": 3.635, "Black": 9.665000000000001, "just": 1.7254999999999998}, "Homemade Cake": {"Onyx Black": 2.32, "Black": 5.415, "just": 1.564}, "Cookie Heart": {"Onyx Black": 2.69, "Black": 6.895, "just": 1.615}, "Jester Hat": {"Onyx Black": 2.8950000000000005, "Black": 6.395, "just": 1.53}, "Holiday Drink": {"Onyx Black": 2.445, "Black": 6.395, "just": 1.6064999999999998}, "Ginger Cookie": {"Onyx Black": 3.82, "Black": 7.285, "just": 1.7764999999999997}, "Hypno Lollipop": {"Onyx Black": 2.92, "Black": 6.265000000000001, "just": 1.649}, "Winter Wreath": {"Moon Cat": 100.99000000000001, "Onyx Black": 2.965, "Black": 7.484999999999999, "just": 1.683}, "Party Sparkler": {"Onyx Black": 3.425, "Black": 6.965000000000001, "just": 1.6575}, "Jingle Bells": {"Onyx Black": 2.7199999999999998, "Black": 6.8149999999999995, "just": 1.819}, "Tama Gadget": {"Onyx Black": 3.4850000000000003, "Black": 6.334999999999999, "just": 1.8275}, "Jack-in-the-Box": {"Onyx Black": 3.08, "Black": 7.0649999999999995, "just": 1.8955}, "Star Notepad": {"Onyx Black": 3.975, "Black": 9.475, "just": 1.9124999999999999}, "Easter Egg": {"Onyx Black": 3.8, "Black": 10.885, "just": 2.4225}, "Santa Hat": {"Onyx Black": 3.926, "Black": 8.366, "just": 2.3035}, "Hex Pot": {"Onyx Black": 4.035, "Black": 9.899999999999999, "just": 2.38}, "Restless Jar": {"Onyx Black": 3.745, "Black": 9.745000000000001, "just": 2.159}, "Lush Bouquet": {"Onyx Black": 4.325, "Black": 7.7749999999999995, "just": 2.5075000000000003}, "Spiced Wine": {"Onyx Black": 2.918, "Black": 6.8500000000000005, "just": 1.9805}, "Snow Globe": {"Onyx Black": 4.5, "Black": 10.950000000000001, "just": 2.465}, "Joyful Bundle": {"Onyx Black": 4.1, "Black": 8.025, "just": 2.4225}, "Light Sword": {"Onyx Black": 4.708, "Black": 10.584, "just": 2.533}, "Witch Hat": {"Onyx Black": 4.24, "Black": 12.015, "just": 2.584}, "Bow Tie": {"Onyx Black": 4.91, "Black": 12.342, "just": 2.7624999999999997}, "Eternal Candle": {"Onyx Black": 4.8580000000000005, "Black": 10.838, "just": 2.9155}, "Jelly Bunny": {"Onyx Black": 4.46, "Black": 10.704999999999998, "just": 2.907}, "Bunny Muffin": {"Onyx Black": 4.704000000000001, "Black": 14.076, "just": 3.009}, "Spy Agaric": {"Onyx Black": 5.55, "Black": 10.462, "just": 2.9325}, "Evil Eye": {"Onyx Black": 6.4079999999999995, "Black": 13.267999999999999, "just": 3.2129999999999996}, "Snow Mittens": {"Onyx Black": 5.068, "Black": 8.268, "just": 3.2129999999999996}, "Berry Box": {"Onyx Black": 5.960000000000001, "Black": 10.643999999999998, "just": 3.3489999999999998}, "Valentine Box": {"Onyx Black": 7.154, "Black": 12.594000000000001, "just": 3.9015}, "Sakura Flower": {"Onyx Black": 6.642, "Black": 15.442, "just": 4.3095}, "Hanging Star": {"Onyx Black": 7.8420000000000005, "Black": 15.238, "just": 4.5985}, "Sleigh Bell": {"Onyx Black": 10.379999999999999, "Black": 20.78, "just": 6.205}, "Love Candle": {"Onyx Black": 9.978, "Black": 17.177999999999997, "just": 7.335500000000001}, "Skull Flower": {"Onyx Black": 11.168, "Black": 18.172, "just": 7.326999999999999}, "Crystal Ball": {"Onyx Black": 11.899999999999999, "Black": 27.900000000000002, "just": 6.664}, "Trapped Heart": {"Onyx Black": 13.174, "Black": 18.37, "just": 7.386499999999999}, "Top Hat": {"Onyx Black": 12.454, "Black": 21.973999999999997, "just": 6.8765}, "Love Potion": {"Onyx Black": 11.108, "Black": 23.508, "just": 7.803}, "Flying Broom": {"Onyx Black": 12.876000000000001, "Black": 19.676000000000002, "just": 8.041}, "Cupid Charm": {"Onyx Black": 15.788, "Black": 30.188, "just": 9.333}, "Record Player": {"Onyx Black": 10.14, "Black": 20.740000000000002, "just": 6.715}, "Eternal Rose": {"Onyx Black": 20.19, "Black": 34.59, "just": 11.6025}, "Mad Pumpkin": {"Onyx Black": 22.462, "Black": 38.658, "just": 15.1045}, "Voodoo Doll": {"Onyx Black": 22.535999999999998, "Black": 46.099999999999994, "just": 14.364999999999998}, "Diamond Ring": {"Onyx Black": 22.392, "Black": 43.996, "just": 14.161}, "Toy Bear": {"Onyx Black": 31.458, "Black": 51.462, "just": 21.9045}, "Vintage Cigar": {"Onyx Black": 40.465999999999994, "Black": 54.06999999999999, "just": 19.932499999999997}, "Neko Helmet": {"Onyx Black": 38.488, "Black": 66.488, "just": 23.358}, "Low Rider": {"Onyx Black": 33.528, "Black": 87.528, "just": 21.997999999999998}, "Signet Ring": {"Onyx Black": 36.760000000000005, "Black": 79.56, "just": 22.61}, "Electric Skull": {"Onyx Black": 45.31, "Black": 75.71000000000001, "just": 27.9225}, "Kissed Frog": {"Onyx Black": 45.904,