{"Snoop Dogg": {"Emerald": 1.9305000000000003, "Chrome": 2.2060000000000004, "Black Diamond": 2.111, "King Snoop": 4.5680000000000005, "Cold Topaz": 1.845, "Doberman": 3.2955, "Doggfather": 3.3905000000000003, "Sapphire": 2.111, "AI Dogg": 3.153, "Goldizzle": 6.822500000000001, "Onyx Black": 3.026666666666667, "Black": 9.295384615384615, "just": 1.428}, "Swag Bag": {"Darkness": 2.093, "Take It Easy": 2.0020000000000002, "Snoop Life": 1.9110000000000003, "Gin & Jewels": 2.184, "Golden Nugs": 1.9110000000000003, "Bulk Order": 2.093, "Missionary": 6.37, "Cashback": 2.821, "Boiling Hot": 2.093, "Happy Herbs": 2.821, "April 20th": 2.821, "Onyx Black": 3.26, "Black": 7.3100000000000005, "just": 1.547}, "Snoop Cigar": {"Onyx Black": 7.895, "Black": 16.595, "just": 3.6465}, "Lol Pop": {"Fire Vortex": 1.3965, "Sailor Moon": 1.5294999999999999, "Doodle Art": 1.3965, "Rosebud": 1.3965, "Heart Pop": 1.3965, "Hexed Helix": 1.4630000000000003, "Pumpkin": 1.3965, "Crystalline": 1.3965, "Satellite": 1.729, "Cobweb": 1.5294999999999999, "Milky Way": 1.3965, "Watermelon": 1.4630000000000003, "Comic Crunch": 1.3965, "Nostalgia": 1.5294999999999999, "Angelina": 2.0615, "Wonka Berry": 1.4630000000000003, "Dark Sky": 1.5294999999999999, "Cookie Dip": 1.596, "Jinxed": 1.3965, "Celestia": 2.0615, "Mortal Sin": 2.66, "Glowstick": 2.0615, "Andromeda": 1.7955000000000003, "Dark Portal": 1.7955000000000003, "Jolly Roger": 1.6625, "Love Bubbles": 1.4630000000000003, "Blood Ember": 1.4630000000000003, "Sweetheart": 1.4630000000000003, "Blood Sucker": 1.6625, "Icicle": 1.4630000000000003, "Soap Bubbles": 1.3965, "Einstein": 1.5294999999999999, "Onyx Black": 1.7650000000000001, "Black": 5.0, "just": 1.1305}, "B-Day Candle": {"Payday": 1.9685000000000001, "Happy Meows": 1.9685000000000001, "Purr Magic": 1.9685000000000001, "Pixel Wish": 1.9685000000000001, "On Fire": 1.9685000000000001, "Kaboom!": 1.9685000000000001, "Shocker": 1.9685000000000001, "Final Boss": 1.9685000000000001, "Onyx Black": 1.715, "Black": 4.885, "just": 1.0795}, "Desk Calendar": {"Heartbreak": 1.3545, "Durov Day": 1.9995, "Tic Tac Toe": 1.677, "Burning Time": 1.9995, "Checklist": 1.9995, "Pepe Plans": 4.515000000000001, "Adult Tasks": 4.515000000000001, "Deadline": 1.9995, "Independence": 3.6119999999999997, "Investor": 4.515000000000001, "Sunday": 1.9995, "Fund Manager": 1.9995, "Fawkes Night": 4.515000000000001, "Telegram": 1.9995, "Peach Week": 1.7415000000000003, "Hodler": 3.6119999999999997, "Balloon Face": 1.4834999999999998, "Onyx Black": 1.72, "Black": 5.64, "just": 1.0965}, "Lunar Snake": {"Synthwave": 2.66, "Python Dev": 2.0615, "Hot Cherry": 2.0615, "Hellspawn": 2.0615, "Dragon Ball": 4.655, "Soul Eater": 2.0615, "Timelock": 1.729, "Psychedelic": 2.0615, "Onyx Black": 2.015, "Black": 5.4, "just": 1.1305}, "Xmas Stocking": {"Onyx Black": 1.9849999999999999, "Black": 5.16, "just": 1.122}, "Snake Box": {"Onyx Black": 1.75, "Black": 5.6499999999999995, "just": 1.105}, "Pet Snake": {"Onyx Black": 2.4050000000000002, "Black": 6.015, "just": 1.309}, "Candy Cane": {"Grinch": 2.96, "Designer": 5.18, "Sticky Sweet": 1.998, "Hex Pot": 2.96, "Onyx Black": 2.24, "Black": 6.74, "just": 1.258}, "Whip Cupcake": {"Resistance": 4.97, "Sponge Duck": 2.201, "Bitcoin": 4.97, "Deep State": 1.917, "Toncoin": 2.201, "Onyx Black": 2.16, "Black": 5.36, "just": 1.2069999999999999}, "Big Year": {"The Nether": 2.2, "Bitcoin": 4.928, "Pokeball": 2.728, "YouTubes": 2.728, "Telegram": 3.52, "Big Brother": 2.2, "The Hobbit": 3.52, "Cheshire Cat": 2.2880000000000003, "Creator": 2.728, "Balloons": 1.848, "Gold Mine": 6.16, "Qing Dynasty": 3.52, "Pavel Durov": 4.928, "First Website": 1.9360000000000002, "Game Boy": 2.2, "Onyx Black": 2.8550000000000004, "Black": 7.88, "just": 1.496}, "Homemade Cake": {"Onyx Black": 2.075, "Black": 5.195, "just": 1.2834999999999999}, "Cookie Heart": {"Onyx Black": 2.1950000000000003, "Black": 6.295000000000001, "just": 1.5215}, "Jester Hat": {"Onyx Black": 2.54, "Black": 6.245, "just": 1.2665}, "Holiday Drink": {"Onyx Black": 2.4699999999999998, "Black": 5.525, "just": 1.4024999999999999}, "Ginger Cookie": {"Onyx Black": 3.385, "Black": 6.135, "just": 1.5045}, "Hypno Lollipop": {"Onyx Black": 2.915, "Black": 5.92, "just": 1.564}, "Winter Wreath": {"Onyx Black": 2.43, "Black": 8.85, "just": 1.4449999999999998}, "Party Sparkler": {"Onyx Black": 3.01, "Black": 7.51, "just": 1.547}, "Jingle Bells": {"Onyx Black": 2.595, "Black": 6.345000000000001, "just": 1.4449999999999998}, "Tama Gadget": {"Onyx Black": 2.99, "Black": 6.565, "just": 1.513}, "Jack-in-the-Box": {"Onyx Black": 3.04, "Black": 7.715, "just": 1.768}, "Star Notepad": {"Onyx Black": 4.07, "Black": 8.64, "just": 1.819}, "Easter Egg": {"Onyx Black": 3.8549999999999995, "Black": 10.67, "just": 2.006}, "Santa Hat": {"Onyx Black": 3.1950000000000003, "Black": 9.595, "just": 2.0315}, "Hex Pot": {"Onyx Black": 3.565, "Black": 8.09, "just": 2.0229999999999997}, "Restless Jar": {"Onyx Black": 3.665, "Black": 8.39, "just": 1.9805}, "Lush Bouquet": {"Onyx Black": 3.51, "Black": 8.585, "just": 2.2695}, "Spiced Wine": {"Onyx Black": 2.995, "Black": 7.725, "just": 1.615}, "Snow Globe": {"Onyx Black": 3.88, "Black": 9.004999999999999, "just": 1.8784999999999998}, "Joyful Bundle": {"Onyx Black": 3.7199999999999998, "Black": 8.07, "just": 2.244}, "Light Sword": {"Onyx Black": 4.475, "Black": 10.87, "just": 2.3375}, "Witch Hat": {"Onyx Black": 4.385, "Black": 11.934999999999999, "just": 2.4395000000000002}, "Bow Tie": {"Onyx Black": 4.475, "Black": 14.225000000000001, "just": 2.5075000000000003}, "Eternal Candle": {"Onyx Black": 5.04, "Black": 12.790000000000001, "just": 2.618}, "Jelly Bunny": {"Onyx Black": 4.735, "Black": 10.024999999999999, "just": 2.6774999999999998}, "Bunny Muffin": {"Onyx Black": 5.895, "Black": 21.595, "just": 2.7965}, "Spy Agaric": {"Onyx Black": 5.225, "Black": 10.725000000000001, "just": 2.5075000000000003}, "Evil Eye": {"Onyx Black": 5.720000000000001, "Black": 15.575, "just": 2.9325}, "Snow Mittens": {"Onyx Black": 4.385, "Black": 8.46, "just": 2.4819999999999998}, "Berry Box": {"Onyx Black": 4.765000000000001, "Black": 13.77, "just": 3.009}, "Valentine Box": {"Onyx Black": 7.970000000000001, "Black": 11.92, "just": 3.3489999999999998}, "Sakura Flower": {"Onyx Black": 7.02, "Black": 17.77, "just": 3.4339999999999997}, "Hanging Star": {"Onyx Black": 7.42, "Black": 16.445, "just": 4.156499999999999}, "Sleigh Bell": {"Onyx Black": 10.245000000000001, "Black": 15.85, "just": 4.8875}, "Love Candle": {"Onyx Black": 8.08, "Black": 14.834999999999999, "just": 5.2444999999999995}, "Skull Flower": {"Onyx Black": 8.600000000000001, "Black": 16.91, "just": 4.947}, "Crystal Ball": {"Onyx Black": 13.43, "Black": 28.445, "just": 5.8565}, "Trapped Heart": {"Onyx Black": 11.86, "Black": 22.86, "just": 6.561999999999999}, "Top Hat": {"Onyx Black": 15.795, "Black": 26.145, "just": 6.451499999999999}, "Love Potion": {"Onyx Black": 10.375, "Black": 28.630000000000003, "just": 7.021}, "Flying Broom": {"Onyx Black": 10.74, "Black": 19.25, "just": 7.225}, "Cupid Charm": {"Onyx Black": 16.235, "Black": 36.739999999999995, "just": 8.058}, "Record Player": {"Onyx Black": 11.82, "Black": 23.915000000000003, "just": 6.664}, "Eternal Rose": {"Onyx Black": 21.0, "Black": 39.0, "just": 11.049999999999999}, "Mad Pumpkin": {"Onyx Black": 18.634999999999998, "Black": 46.89, "just": 12.562999999999999}, "Voodoo Doll": {"Onyx Black": 22.5, "Black": 46.0, "just": 12.75}, "Diamond Ring": {"Onyx Black": 19.81, "Black": 43.345, "just": 12.4865}, "Toy Bear": {"Onyx Black": 24.425, "Black": 53.175000000000004, "just": 14.322500000000002}, "Vintage Cigar": {"Onyx Black": 48.05, "Black": 69.80000000000001, "just": 18.785}, "Neko Helmet": {"Onyx Black": 41.11, "Black": 71.10499999999999, "just": 18.886999999999997}, "Low Rider": {"Onyx Black": 40.495000000000005, "Black": 106.49499999999999, "just": 20.391499999999997}, "Signet Ring": {"Onyx Black": 37.975,