{"Snoop Dogg": {"Black Diamond": 2.1490000000000005, "King Ruby": 2.0255, "Cold Topaz": 2.2155, "Sapphire": 2.1205000000000003, "AI Dogg": 3.096, "Doberman": 3.8560000000000003, "Doggfather": 3.3430000000000004, "King Snoop": 4.520500000000001, "Goldizzle": 6.875500000000001, "Chrome": 2.1490000000000005, "Onyx Black": 3.4566666666666666, "Black": 10.523846153846154, "just": 1.5045}, "Swag Bag": {"Take It Easy": 2.3125, "Cashback": 2.8675, "Darkness": 2.22, "Gin & Jewels": 2.3125, "April 20th": 2.8675, "Golden Nugs": 1.9425000000000001, "Snoop Life": 2.4975000000000005, "Bulk Order": 2.3125, "Boiling Hot": 2.3125, "Missionary": 6.4750000000000005, "Happy Herbs": 2.8675, "Leopard": 2.035, "Onyx Black": 2.9699999999999998, "Black": 6.925000000000001, "just": 1.5725}, "Snoop Cigar": {"Onyx Black": 7.55, "Black": 16.700000000000003, "just": 3.74}, "Lol Pop": {"Einstein": 1.5070000000000003, "Jolly Roger": 1.5755, "Blood Ember": 1.5070000000000003, "Milky Way": 1.4385000000000001, "Dark Sky": 1.5755, "Hexed Helix": 1.5070000000000003, "Sailor Moon": 1.5070000000000003, "Angelina": 2.1235000000000004, "Gold Star": 1.4385000000000001, "Cookie Dip": 1.4385000000000001, "Sweetheart": 1.5070000000000003, "Watermelon": 1.4385000000000001, "Nostalgia": 1.4385000000000001, "Celestia": 2.1235000000000004, "Jinxed": 1.7125000000000001, "Sick Leave": 1.4385000000000001, "Love Bubbles": 1.5070000000000003, "Mortal Sin": 3.836, "Comic Crunch": 1.5070000000000003, "Doodle Art": 1.5070000000000003, "Glowstick": 2.1235000000000004, "Satellite": 1.7125000000000001, "Andromeda": 1.5070000000000003, "Dark Portal": 2.1235000000000004, "Blood Sucker": 1.6440000000000001, "Pumpkin": 1.5070000000000003, "Heart Pop": 1.5070000000000003, "Rosebud": 1.6440000000000001, "Cobweb": 1.5070000000000003, "Icicle": 1.4385000000000001, "Onyx Black": 1.935, "Black": 5.3999999999999995, "just": 1.1645}, "B-Day Candle": {"Pixel Wish": 1.9840000000000002, "Kaboom!": 1.7280000000000002, "On Fire": 1.9840000000000002, "Final Boss": 1.9840000000000002, "Payday": 1.9840000000000002, "Purr Magic": 1.9840000000000002, "Happy Meows": 1.9840000000000002, "Onyx Black": 1.6400000000000001, "Black": 5.14, "just": 1.088}, "Desk Calendar": {"Investor": 5.345, "Checklist": 1.7415000000000003, "Adult Tasks": 27.595, "Peach Week": 1.9995, "Heartbreak": 1.7415000000000003, "Durov Day": 2.58, "Independence": 2.58, "Sunday": 1.9995, "Burning Time": 1.9995, "Fund Manager": 1.9995, "Balloon Face": 1.4834999999999998, "Fawkes Night": 6.090000000000001, "Hodler": 3.6119999999999997, "Tic Tac Toe": 1.7415000000000003, "Pepe Plans": 11.440000000000001, "Telegram": 1.9995, "Deadline": 1.9995, "Onyx Black": 1.645, "Black": 6.1450000000000005, "just": 1.0965}, "Lunar Snake": {"Soul Eater": 1.9305, "Hot Cherry": 2.2165, "Psychedelic": 1.7874999999999999, "Dragon Ball": 5.005, "Python Dev": 2.2165, "Hellspawn": 2.2165, "Timelock": 1.6444999999999999, "Synthwave": 5.005, "Onyx Black": 1.9649999999999999, "Black": 5.615, "just": 1.2155}, "Xmas Stocking": {"Onyx Black": 2.01, "Black": 5.444999999999999, "just": 1.1815}, "Snake Box": {"Onyx Black": 2.06, "Black": 6.195, "just": 1.122}, "Pet Snake": {"Onyx Black": 2.51, "Black": 5.87, "just": 1.4875}, "Candy Cane": {"Hex Pot": 3.06, "Designer": 5.355, "Grinch": 3.06, "Sticky Sweet": 2.0655, "Onyx Black": 2.265, "Black": 6.15, "just": 1.3005}, "Whip Cupcake": {"Sponge Duck": 2.9, "Resistance": 5.075, "Toncoin": 2.2475, "Deep State": 1.9575, "Bitcoin": 10.775, "Onyx Black": 1.9249999999999998, "Black": 5.715000000000001, "just": 1.2325}, "Big Year": {"YouTubes": 3.007, "First Website": 2.037, "Big Brother": 2.522, "Qing Dynasty": 3.88, "Gold Mine": 6.79, "Creator": 3.007, "Bitcoin": 5.4319999999999995, "The Nether": 2.037, "Telegram": 5.4319999999999995, "The Hobbit": 3.88, "Pokeball": 2.619, "Pavel Durov": 3.88, "Cheshire Cat": 2.328, "Game Boy": 2.231, "Onyx Black": 3.4450000000000003, "Black": 8.395, "just": 1.649}, "Homemade Cake": {"Onyx Black": 2.055, "Black": 5.4399999999999995, "just": 1.428}, "Cookie Heart": {"Onyx Black": 2.35, "Black": 7.89, "just": 1.53}, "Jester Hat": {"Onyx Black": 2.7800000000000002, "Black": 6.155, "just": 1.377}, "Holiday Drink": {"Onyx Black": 2.645, "Black": 5.8950000000000005, "just": 1.5215}, "Ginger Cookie": {"Onyx Black": 3.4000000000000004, "Black": 5.91, "just": 1.547}, "Hypno Lollipop": {"Onyx Black": 2.93, "Black": 6.484999999999999, "just": 1.6744999999999999}, "Winter Wreath": {"Onyx Black": 2.95, "Black": 9.399999999999999, "just": 1.615}, "Party Sparkler": {"Onyx Black": 3.205, "Black": 8.0, "just": 1.7169999999999999}, "Jingle Bells": {"Onyx Black": 2.88, "Black": 6.529999999999999, "just": 1.751}, "Tama Gadget": {"Onyx Black": 3.515, "Black": 7.545, "just": 1.7764999999999997}, "Jack-in-the-Box": {"Onyx Black": 3.1750000000000003, "Black": 7.930000000000001, "just": 1.87}, "Star Notepad": {"Onyx Black": 3.67, "Black": 9.04, "just": 1.9889999999999999}, "Easter Egg": {"Onyx Black": 3.85, "Black": 11.05, "just": 2.125}, "Santa Hat": {"Onyx Black": 3.27, "Black": 7.99, "just": 2.2525}, "Hex Pot": {"Onyx Black": 3.76, "Black": 10.39, "just": 2.363}, "Restless Jar": {"Onyx Black": 3.745, "Black": 8.465, "just": 2.1165000000000003}, "Lush Bouquet": {"Onyx Black": 4.415, "Black": 8.07, "just": 2.4139999999999997}, "Spiced Wine": {"Onyx Black": 3.052, "Black": 6.856, "just": 2.125}, "Snow Globe": {"Onyx Black": 4.16, "Black": 10.385, "just": 2.3545}, "Joyful Bundle": {"Onyx Black": 4.085, "Black": 8.145, "just": 2.3715}, "Light Sword": {"Onyx Black": 4.422, "Black": 10.482000000000001, "just": 2.5245}, "Witch Hat": {"Onyx Black": 3.9299999999999997, "Black": 11.93, "just": 2.431}, "Bow Tie": {"Onyx Black": 4.126, "Black": 13.126000000000001, "just": 2.7285}, "Eternal Candle": {"Onyx Black": 4.8100000000000005, "Black": 10.43, "just": 2.9325}, "Jelly Bunny": {"Onyx Black": 4.24, "Black": 10.395, "just": 2.8219999999999996}, "Bunny Muffin": {"Onyx Black": 4.84, "Black": 12.040000000000001, "just": 2.8899999999999997}, "Spy Agaric": {"Onyx Black": 5.072, "Black": 11.672, "just": 2.652}, "Evil Eye": {"Onyx Black": 6.577999999999999, "Black": 12.378, "just": 3.0854999999999997}, "Snow Mittens": {"Onyx Black": 5.07, "Black": 8.07, "just": 3.2215}, "Berry Box": {"Onyx Black": 4.556, "Black": 11.755999999999998, "just": 3.06}, "Valentine Box": {"Onyx Black": 8.668, "Black": 12.867999999999999, "just": 4.063}, "Sakura Flower": {"Onyx Black": 6.5520000000000005, "Black": 14.592, "just": 3.672}, "Hanging Star": {"Onyx Black": 8.614, "Black": 15.049999999999999, "just": 4.326499999999999}, "Sleigh Bell": {"Onyx Black": 10.9, "Black": 18.7, "just": 6.375}, "Love Candle": {"Onyx Black": 9.719999999999999, "Black": 16.92, "just": 6.969999999999999}, "Skull Flower": {"Onyx Black": 11.68, "Black": 17.880000000000003, "just": 8.33}, "Crystal Ball": {"Onyx Black": 12.476, "Black": 30.5, "just": 6.375}, "Trapped Heart": {"Onyx Black": 11.794, "Black": 20.954, "just": 7.6415}, "Top Hat": {"Onyx Black": 13.113999999999999, "Black": 23.153999999999996, "just": 7.3015}, "Love Potion": {"Onyx Black": 10.792, "Black": 24.796000000000003, "just": 7.361}, "Flying Broom": {"Onyx Black": 11.040000000000001, "Black": 19.64, "just": 7.99}, "Cupid Charm": {"Onyx Black": 17.478, "Black": 34.674, "just": 9.4605}, "Record Player": {"Onyx Black": 11.341999999999999, "Black": 20.578000000000003, "just": 7.114499999999999}, "Eternal Rose": {"Onyx Black": 19.326, "Black": 34.525999999999996, "just": 12.0785}, "Mad Pumpkin": {"Onyx Black": 26.939999999999998, "Black": 43.34, "just": 16.064999999999998}, "Voodoo Doll": {"Onyx Black": 24.28, "Black": 41.480000000000004, "just": 15.13}, "Diamond Ring": {"Onyx Black": 20.1, "Black": 37.5, "just": 14.025}, "Toy Bear": {"Onyx Black": 25.304000000000002, "Black": 50.956, "just": 15.521}, "Vintage Cigar": {"Onyx Black": 45.794, "Black": 58.994, "just": 21.2415}, "Neko Helmet": {"Onyx Black": 41.334, "Black": 65.33, "just": 24.5565},