{"Snoop Dogg": {"Cold Topaz": 1.9255, "Black Diamond": 2.1155, "King Ruby": 1.8780000000000001, "Doggfather": 2.9509999999999996, "King Snoop": 4.883500000000001, "Doberman": 3.5255, "AI Dogg": 2.9459999999999997, "Chrome": 2.3815, "Goldizzle": 7.2555, "Onyx Black": 3.2333333333333334, "Black": 10.63076923076923, "just": 1.53}, "Swag Bag": {"Cashback": 3.0225, "Gin & Jewels": 2.535, "Take It Easy": 2.34, "Bulk Order": 2.34, "Golden Nugs": 2.145, "Boiling Hot": 2.535, "Missionary": 8.475, "April 20th": 3.0225, "Snoop Life": 2.34, "Darkness": 2.2424999999999997, "Leopard": 2.2815, "Happy Herbs": 3.0225, "Onyx Black": 3.0249999999999995, "Black": 7.965000000000001, "just": 1.6575}, "Snoop Cigar": {"Onyx Black": 7.905, "Black": 17.415, "just": 4.1055}, "Lol Pop": {"Sweetheart": 1.859, "Cobweb": 1.5015, "Shock Wave": 1.573, "Blood Sucker": 1.9305, "Heart Pop": 1.573, "Pink Foil": 1.5015, "Jinxed": 1.7874999999999999, "Rosebud": 1.573, "Doodle Art": 1.6444999999999999, "Angelina": 2.2165, "Comic Crunch": 1.5015, "Satellite": 1.716, "Dark Portal": 1.7874999999999999, "Milky Way": 1.5015, "Watermelon": 1.5015, "Dark Sky": 1.573, "Pumpkin": 1.5015, "Jolly Roger": 1.7874999999999999, "Fire Vortex": 1.5015, "Romance": 1.5015, "Hexed Helix": 1.5015, "Cookie Dip": 1.5015, "Glowstick": 2.2165, "Blood Ember": 1.573, "Plastic Ice": 1.5015, "Andromeda": 1.7874999999999999, "Sailor Moon": 1.5015, "Celestia": 2.2165, "Einstein": 1.716, "Love Bubbles": 1.859, "Mortal Sin": 2.86, "Onyx Black": 2.015, "Black": 4.965, "just": 1.2155}, "B-Day Candle": {"Payday": 2.68, "Kaboom!": 1.8090000000000002, "Pixel Wish": 2.0770000000000004, "Final Boss": 2.0770000000000004, "On Fire": 2.0770000000000004, "Happy Meows": 2.68, "Purr Magic": 2.0770000000000004, "Onyx Black": 1.9900000000000002, "Black": 5.42, "just": 1.139}, "Desk Calendar": {"Heartbreak": 1.4520000000000002, "Fawkes Night": 3.6959999999999997, "Durov Day": 2.64, "Balloon Face": 2.0460000000000003, "Peach Week": 2.0460000000000003, "Pepe Plans": 14.66, "Investor": 7.11, "Deadline": 2.64, "Sunday": 2.0460000000000003, "Tic Tac Toe": 1.518, "Checklist": 1.7820000000000003, "Telegram": 2.0460000000000003, "Fund Manager": 2.0460000000000003, "Burning Time": 2.0460000000000003, "Adult Tasks": 21.16, "Independence": 2.64, "Hodler": 4.62, "Onyx Black": 1.8250000000000002, "Black": 5.315, "just": 1.122}, "Lunar Snake": {"Hellspawn": 2.325, "Hot Cherry": 2.325, "Dragon Ball": 5.25, "Synthwave": 5.25, "Python Dev": 2.325, "Timelock": 1.9500000000000002, "Psychedelic": 2.325, "Soul Eater": 2.325, "Onyx Black": 2.225, "Black": 5.755, "just": 1.275}, "Xmas Stocking": {"Onyx Black": 2.6799999999999997, "Black": 5.515, "just": 1.3005}, "Snake Box": {"Onyx Black": 2.1950000000000003, "Black": 6.045, "just": 1.275}, "Pet Snake": {"Onyx Black": 2.505, "Black": 6.159999999999999, "just": 1.5215}, "Candy Cane": {"Sticky Sweet": 2.4490000000000003, "Hex Pot": 3.16, "Designer": 5.53, "Grinch": 3.16, "Onyx Black": 2.29, "Black": 5.85, "just": 1.343}, "Whip Cupcake": {"Bitcoin": 10.749999999999998, "Sponge Duck": 2.3405, "Deep State": 2.0385, "Resistance": 5.285, "Toncoin": 2.3405, "Onyx Black": 2.225, "Black": 6.205, "just": 1.2834999999999999}, "Big Year": {"Big Brother": 3.1620000000000004, "YouTubes": 4.08, "Pavel Durov": 7.140000000000001, "Game Boy": 2.244, "Balloons": 2.3459999999999996, "Telegram": 4.08, "The Hobbit": 4.08, "Gold Mine": 7.140000000000001, "Cheshire Cat": 2.652, "First Website": 2.244, "Creator": 2.7540000000000004, "The Nether": 2.7540000000000004, "Qing Dynasty": 3.1620000000000004, "Pokeball": 2.7540000000000004, "Bitcoin": 5.712, "Onyx Black": 3.64, "Black": 9.670000000000002, "just": 1.734}, "Homemade Cake": {"Onyx Black": 2.41, "Black": 5.345, "just": 1.564}, "Cookie Heart": {"Onyx Black": 2.67, "Black": 6.69, "just": 1.5979999999999999}, "Jester Hat": {"Onyx Black": 2.765, "Black": 6.19, "just": 1.513}, "Holiday Drink": {"Onyx Black": 2.49, "Black": 6.254999999999999, "just": 1.683}, "Ginger Cookie": {"Onyx Black": 3.78, "Black": 7.245, "just": 1.7084999999999997}, "Hypno Lollipop": {"Onyx Black": 2.945, "Black": 6.21, "just": 1.6915}, "Winter Wreath": {"Moon Cat": 101.0, "Onyx Black": 2.9, "Black": 7.195, "just": 1.7}, "Party Sparkler": {"Onyx Black": 3.1449999999999996, "Black": 7.705, "just": 1.6235}, "Jingle Bells": {"Onyx Black": 2.835, "Black": 6.72, "just": 1.7764999999999997}, "Tama Gadget": {"Onyx Black": 3.495, "Black": 6.995000000000001, "just": 1.8615}, "Jack-in-the-Box": {"Onyx Black": 3.075, "Black": 7.0649999999999995, "just": 1.8955}, "Star Notepad": {"Onyx Black": 4.025, "Black": 9.525, "just": 1.9975}, "Easter Egg": {"Onyx Black": 3.8, "Black": 10.775, "just": 2.4225}, "Santa Hat": {"Onyx Black": 3.968, "Black": 8.408000000000001, "just": 2.363}, "Hex Pot": {"Onyx Black": 4.045, "Black": 10.155, "just": 2.397}, "Restless Jar": {"Onyx Black": 4.109999999999999, "Black": 9.605, "just": 2.227}, "Lush Bouquet": {"Onyx Black": 4.495, "Black": 8.9, "just": 2.55}, "Spiced Wine": {"Onyx Black": 3.112, "Black": 6.76, "just": 2.21}, "Snow Globe": {"Onyx Black": 4.425, "Black": 10.175, "just": 2.4225}, "Joyful Bundle": {"Onyx Black": 3.91, "Black": 10.364999999999998, "just": 2.4055}, "Light Sword": {"Onyx Black": 4.666, "Black": 10.622, "just": 2.6435}, "Witch Hat": {"Onyx Black": 4.585, "Black": 12.084999999999999, "just": 2.7115}, "Bow Tie": {"Onyx Black": 4.746, "Black": 12.342, "just": 2.7624999999999997}, "Eternal Candle": {"Onyx Black": 4.864, "Black": 10.584, "just": 2.924}, "Jelly Bunny": {"Onyx Black": 4.845000000000001, "Black": 10.735, "just": 2.9665}, "Bunny Muffin": {"Onyx Black": 4.57, "Black": 12.190000000000001, "just": 2.9325}, "Spy Agaric": {"Onyx Black": 5.58, "Black": 10.492, "just": 2.975}, "Evil Eye": {"Onyx Black": 6.4, "Black": 12.239999999999998, "just": 3.23}, "Snow Mittens": {"Onyx Black": 5.004, "Black": 8.224, "just": 3.264}, "Berry Box": {"Onyx Black": 5.7219999999999995, "Black": 10.597999999999999, "just": 3.2895}, "Valentine Box": {"Onyx Black": 7.584, "Black": 13.184000000000001, "just": 3.9439999999999995}, "Sakura Flower": {"Onyx Black": 6.648, "Black": 15.652, "just": 4.607}, "Hanging Star": {"Onyx Black": 7.716, "Black": 15.036, "just": 4.59}, "Sleigh Bell": {"Onyx Black": 10.47, "Black": 20.869999999999997, "just": 6.3325}, "Love Candle": {"Onyx Black": 10.994, "Black": 17.354, "just": 7.6415}, "Skull Flower": {"Onyx Black": 11.908, "Black": 16.887999999999998, "just": 6.952999999999999}, "Crystal Ball": {"Onyx Black": 12.6, "Black": 28.020000000000003, "just": 7.14}, "Trapped Heart": {"Onyx Black": 13.174, "Black": 19.134, "just": 7.386499999999999}, "Top Hat": {"Onyx Black": 12.693999999999999, "Black": 22.214, "just": 7.2165}, "Love Potion": {"Onyx Black": 11.718, "Black": 23.654, "just": 8.0155}, "Flying Broom": {"Onyx Black": 12.780000000000001, "Black": 19.58, "just": 7.905}, "Cupid Charm": {"Onyx Black": 16.776, "Black": 30.380000000000003, "just": 9.605}, "Record Player": {"Onyx Black": 10.266, "Black": 20.866, "just": 6.8934999999999995}, "Eternal Rose": {"Onyx Black": 20.216, "Black": 35.8, "just": 11.645}, "Mad Pumpkin": {"Onyx Black": 23.62, "Black": 41.81999999999999, "just": 16.744999999999997}, "Voodoo Doll": {"Onyx Black": 23.016, "Black": 48.62, "just": 15.044999999999998}, "Diamond Ring": {"Onyx Black": 22.056, "Black": 45.260000000000005, "just": 13.685}, "Toy Bear": {"Onyx Black": 34.382, "Black": 52.182, "just": 22.9245}, "Vintage Cigar": {"Onyx Black": 37.007999999999996, "Black": 56.007999999999996, "just": 20.977999999999998}, "Neko Helmet": {"Onyx Black": 38.734, "Black": 64.73400000000001, "just": 23.7065}, "Low Rider": {"Onyx Black": 32.6, "Black": 81.0, "just": 21.25}, "Signet Ring": {"Onyx Black": 36.994, "Black": 79.75399999999999, "just": 22.941499999999998}, "Electric Skull": {"Onyx Black": 42.394000000000005, "Black": 76.394, "just": 28.8915}, "Kissed Frog": {"Onyx Black": 46.19, "Black": 80.994, "just": 29.741500000000002},