{"Snoop Dogg": {"Doggfather": 2.8415, "AI Dogg": 2.8605, "Green Light": 1.9445000000000001, "Doberman": 3.5255, "Emerald": 1.9634999999999998, "Sapphire": 2.0775, "King Snoop": 4.8455, "King Ruby": 1.9255, "Cold Topaz": 2.0015, "Goldizzle": 7.3065, "Chrome": 2.367, "Black Diamond": 2.125, "Onyx Black": 3.1966666666666663, "Black": 10.55923076923077, "just": 1.5215}, "Swag Bag": {"Golden Nugs": 2.156, "Boiling Hot": 2.548, "Happy Herbs": 3.038, "Darkness": 2.156, "Cashback": 3.038, "Gin & Jewels": 2.548, "April 20th": 3.038, "Bulk Order": 2.254, "Snoop Life": 2.352, "Missionary": 8.68, "Aviators": 2.058, "Take It Easy": 2.352, "Leopard": 2.254, "Onyx Black": 2.98, "Black": 7.4799999999999995, "just": 1.666}, "Snoop Cigar": {"Onyx Black": 7.885, "Black": 18.794999999999998, "just": 4.0715}, "Lol Pop": {"Rosebud": 1.728, "Celestia": 2.2319999999999998, "Glowstick": 1.944, "Jinxed": 1.6847999999999999, "Dark Sky": 1.584, "Pink Foil": 1.512, "Watermelon": 1.512, "Pumpkin": 1.512, "Blood Ember": 1.584, "Romance": 1.512, "Einstein": 1.728, "Cookie Dip": 1.512, "Mortal Sin": 2.88, "Shock Wave": 1.584, "Heart Pop": 1.584, "Doodle Art": 1.656, "Love Bubbles": 1.8719999999999999, "Sailor Moon": 1.512, "Plastic Ice": 1.512, "Cobweb": 1.584, "Milky Way": 1.512, "Sweetheart": 1.7999999999999998, "Andromeda": 1.7999999999999998, "Comic Crunch": 1.512, "Jolly Roger": 1.728, "Blood Sucker": 1.944, "Dark Portal": 1.7999999999999998, "Satellite": 1.6847999999999999, "Hexed Helix": 1.584, "Fire Vortex": 1.512, "Angelina": 2.2319999999999998, "Onyx Black": 2.0149999999999997, "Black": 5.220000000000001, "just": 1.224}, "B-Day Candle": {"Kaboom!": 1.8765, "Pixel Wish": 2.1545, "Purr Magic": 2.1545, "Final Boss": 2.1545, "Payday": 2.1545, "Happy Meows": 2.1545, "On Fire": 2.78, "Onyx Black": 2.015, "Black": 5.29, "just": 1.1815}, "Desk Calendar": {"Deadline": 2.0925000000000002, "Sunday": 2.0925000000000002, "Peach Week": 2.0925000000000002, "Heartbreak": 1.4850000000000003, "Hodler": 4.7250000000000005, "Fawkes Night": 3.78, "Adult Tasks": 22.675, "Independence": 2.0925000000000002, "Fund Manager": 2.0925000000000002, "Durov Day": 2.7, "Balloon Face": 2.0925000000000002, "Pepe Plans": 14.674999999999999, "Investor": 7.125, "Checklist": 2.0925000000000002, "Burning Time": 2.0925000000000002, "Tic Tac Toe": 1.4850000000000003, "Telegram": 2.0925000000000002, "Onyx Black": 1.7, "Black": 5.33, "just": 1.1475}, "Lunar Snake": {"Hellspawn": 2.325, "Hot Cherry": 2.325, "Synthwave": 5.25, "Psychedelic": 2.325, "Dragon Ball": 5.25, "Timelock": 1.9500000000000002, "Python Dev": 2.325, "Soul Eater": 2.325, "Onyx Black": 2.225, "Black": 5.5, "just": 1.275}, "Xmas Stocking": {"Onyx Black": 2.5100000000000002, "Black": 5.515, "just": 1.3005}, "Snake Box": {"Onyx Black": 2.2199999999999998, "Black": 5.550000000000001, "just": 1.36}, "Pet Snake": {"Onyx Black": 2.495, "Black": 6.15, "just": 1.5045}, "Candy Cane": {"Designer": 9.045, "Grinch": 3.18, "Hex Pot": 3.18, "Sticky Sweet": 2.4645, "Onyx Black": 2.35, "Black": 5.77, "just": 1.3515}, "Whip Cupcake": {"Bitcoin": 10.759999999999998, "Toncoin": 2.3715, "Deep State": 2.0655, "Resistance": 8.115, "Sponge Duck": 2.3715, "Onyx Black": 2.235, "Black": 6.015000000000001, "just": 1.3005}, "Big Year": {"Big Brother": 3.1774999999999998, "Bitcoin": 5.739999999999999, "Cheshire Cat": 3.1774999999999998, "Qing Dynasty": 3.1774999999999998, "Telegram": 4.1, "Creator": 2.7675, "Pavel Durov": 7.174999999999999, "Pokeball": 2.7675, "Gold Mine": 7.174999999999999, "The Hobbit": 4.1, "YouTubes": 4.1, "First Website": 2.255, "Balloons": 2.3574999999999995, "The Nether": 2.7675, "Game Boy": 2.255, "Onyx Black": 3.645, "Black": 9.675, "just": 1.7424999999999997}, "Homemade Cake": {"Onyx Black": 2.285, "Black": 5.5200000000000005, "just": 1.547}, "Cookie Heart": {"Onyx Black": 2.685, "Black": 6.699999999999999, "just": 1.615}, "Jester Hat": {"Onyx Black": 2.745, "Black": 6.225, "just": 1.4875}, "Holiday Drink": {"Onyx Black": 2.61, "Black": 6.1049999999999995, "just": 1.632}, "Ginger Cookie": {"Onyx Black": 3.7649999999999997, "Black": 6.99, "just": 1.683}, "Hypno Lollipop": {"Onyx Black": 3.0700000000000003, "Black": 6.17, "just": 1.649}, "Winter Wreath": {"Moon Cat": 91.0, "Onyx Black": 2.9, "Black": 7.195, "just": 1.7}, "Party Sparkler": {"Onyx Black": 3.2, "Black": 7.275, "just": 1.6235}, "Jingle Bells": {"Onyx Black": 2.83, "Black": 6.550000000000001, "just": 1.7934999999999999}, "Tama Gadget": {"Onyx Black": 3.485, "Black": 6.585, "just": 1.8444999999999998}, "Jack-in-the-Box": {"Onyx Black": 3.085, "Black": 7.08, "just": 1.9209999999999998}, "Star Notepad": {"Onyx Black": 4.02, "Black": 9.515, "just": 1.9889999999999999}, "Easter Egg": {"Onyx Black": 3.795, "Black": 10.77, "just": 2.4139999999999997}, "Santa Hat": {"Onyx Black": 3.956, "Black": 8.396, "just": 2.3459999999999996}, "Hex Pot": {"Onyx Black": 4.055, "Black": 10.19, "just": 2.4565}, "Restless Jar": {"Onyx Black": 4.0649999999999995, "Black": 8.815000000000001, "just": 2.2355}, "Lush Bouquet": {"Onyx Black": 4.49, "Black": 8.9, "just": 2.55}, "Spiced Wine": {"Onyx Black": 3.2239999999999998, "Black": 6.652, "just": 2.057}, "Snow Globe": {"Onyx Black": 4.35, "Black": 10.850000000000001, "just": 2.295}, "Joyful Bundle": {"Onyx Black": 3.9050000000000002, "Black": 9.66, "just": 2.397}, "Light Sword": {"Onyx Black": 4.622, "Black": 9.902, "just": 2.6944999999999997}, "Witch Hat": {"Onyx Black": 4.68, "Black": 12.184999999999999, "just": 2.8645}, "Bow Tie": {"Onyx Black": 4.716, "Black": 12.312000000000001, "just": 2.72}, "Eternal Candle": {"Onyx Black": 4.882, "Black": 10.562000000000001, "just": 2.9495}, "Jelly Bunny": {"Onyx Black": 4.8, "Black": 10.684999999999999, "just": 2.8899999999999997}, "Bunny Muffin": {"Onyx Black": 4.692, "Black": 12.632000000000001, "just": 3.162}, "Spy Agaric": {"Onyx Black": 5.574, "Black": 10.486, "just": 2.9665}, "Evil Eye": {"Onyx Black": 6.263999999999999, "Black": 12.108, "just": 3.043}, "Snow Mittens": {"Onyx Black": 5.958, "Black": 8.274, "just": 3.3405}, "Berry Box": {"Onyx Black": 5.640000000000001, "Black": 10.68, "just": 3.23}, "Valentine Box": {"Onyx Black": 7.614000000000001, "Black": 13.213999999999999, "just": 3.9865000000000004}, "Sakura Flower": {"Onyx Black": 6.4879999999999995, "Black": 15.532, "just": 4.436999999999999}, "Hanging Star": {"Onyx Black": 7.776, "Black": 15.116, "just": 4.726}, "Sleigh Bell": {"Onyx Black": 10.452, "Black": 20.451999999999998, "just": 6.3069999999999995}, "Love Candle": {"Onyx Black": 10.994, "Black": 17.334, "just": 7.6415}, "Skull Flower": {"Onyx Black": 11.92, "Black": 17.560000000000002, "just": 6.969999999999999}, "Crystal Ball": {"Onyx Black": 12.419999999999998, "Black": 27.856, "just": 6.885}, "Trapped Heart": {"Onyx Black": 13.012, "Black": 17.851999999999997, "just": 7.157}, "Top Hat": {"Onyx Black": 12.988, "Black": 21.387999999999998, "just": 7.633}, "Love Potion": {"Onyx Black": 11.86, "Black": 23.636000000000003, "just": 7.99}, "Flying Broom": {"Onyx Black": 12.87, "Black": 19.67, "just": 8.032499999999999}, "Cupid Charm": {"Onyx Black": 17.816, "Black": 30.619999999999997, "just": 9.944999999999999}, "Record Player": {"Onyx Black": 10.134, "Black": 20.733999999999998, "just": 6.706499999999999}, "Eternal Rose": {"Onyx Black": 19.996, "Black": 34.4, "just": 11.9}, "Mad Pumpkin": {"Onyx Black": 23.560000000000002, "Black": 41.36, "just": 16.66}, "Voodoo Doll": {"Onyx Black": 22.896, "Black": 45.7, "just": 14.875}, "Diamond Ring": {"Onyx Black": 22.386, "Black": 43.989999999999995, "just": 14.152499999999998}, "Toy Bear": {"Onyx Black": 34.24, "Black": 52.08, "just": 22.78}, "Vintage Cigar": {"Onyx Black": 37.2, "Black": 67.4, "just": 21.25}, "Neko Helmet": {"Onyx Black": 38.974000000000004, "Black": 64.974, "just": 24.046499999999998}, "Low Rider": {"Onyx Black": 33.194, "Black": 81.594, "just": 22.091499999999996}, "Signet Ring": {"Onyx Black": 37.102000000000004, "Black": 79.898,