{"Snoop Dogg": {"Cold Topaz": 1.916, "Emerald": 2.0205, "Sapphire": 2.0490000000000004, "AI Dogg": 3.0504999999999995, "Doggfather": 2.8655, "Goldizzle": 7.5405, "Black Diamond": 2.087, "Chrome": 2.3435, "King Ruby": 2.0585, "Black Gold": 2.0015, "Doberman": 3.668, "King Snoop": 4.560499999999999, "Onyx Black": 3.4300000000000006, "Black": 10.114615384615384, "just": 1.5555}, "Swag Bag": {"Leopard": 2.2931999999999997, "April 20th": 3.038, "Cashback": 3.038, "Darkness": 2.254, "Boiling Hot": 2.646, "Missionary": 6.859999999999999, "Snoop Life": 2.548, "Gin & Jewels": 2.548, "Golden Nugs": 2.058, "Happy Herbs": 3.038, "Take It Easy": 2.548, "Bulk Order": 2.45, "Onyx Black": 3.08, "Black": 7.2299999999999995, "just": 1.666}, "Snoop Cigar": {"Onyx Black": 7.515000000000001, "Black": 19.314999999999998, "just": 4.0205}, "Lol Pop": {"Blood Ember": 1.54, "Angelina": 2.17, "Glowstick": 2.17, "Shock Wave": 1.6099999999999999, "Fire Vortex": 1.47, "Sailor Moon": 1.47, "Einstein": 1.47, "Comic Crunch": 1.47, "Milky Way": 1.54, "Cobweb": 1.54, "Magic Wand": 1.47, "Romance": 1.47, "Celestia": 2.17, "Rosebud": 1.54, "Blood Sucker": 1.89, "Watermelon": 1.47, "Sick Leave": 1.47, "Love Bubbles": 1.6099999999999999, "Jinxed": 1.54, "Sweetheart": 1.89, "Dark Sky": 1.75, "Doodle Art": 1.68, "Satellite": 1.68, "Jolly Roger": 1.54, "Hexed Helix": 1.6099999999999999, "Pumpkin": 1.47, "Icicle": 1.47, "Andromeda": 1.89, "Dark Portal": 1.68, "Cookie Dip": 1.54, "Mortal Sin": 3.9199999999999995, "Heart Pop": 1.54, "Plastic Ice": 1.47, "Portable Pop": 1.47, "Onyx Black": 1.8, "Black": 5.24, "just": 1.19}, "B-Day Candle": {"Happy Meows": 2.108, "On Fire": 2.108, "Final Boss": 2.108, "Payday": 2.108, "Pixel Wish": 2.108, "Kaboom!": 1.8360000000000003, "Purr Magic": 2.108, "Onyx Black": 1.725, "Black": 5.18, "just": 1.1560000000000001}, "Desk Calendar": {"Checklist": 2.1545, "Burning Time": 1.8765, "Pepe Plans": 10.530000000000001, "Balloon Face": 2.1545, "Fund Manager": 2.1545, "Investor": 4.864999999999999, "Telegram": 2.1545, "Fawkes Night": 2.78, "Peach Week": 1.8765, "Adult Tasks": 24.145, "Hodler": 4.864999999999999, "Independence": 2.78, "Deadline": 2.1545, "Tic Tac Toe": 2.1545, "Heartbreak": 1.4595, "Sunday": 1.8765, "Durov Day": 2.78, "Onyx Black": 1.7399999999999998, "Black": 5.589999999999999, "just": 1.1815}, "Lunar Snake": {"Dragon Ball": 5.25, "Psychedelic": 1.875, "Python Dev": 2.325, "Soul Eater": 2.325, "Hot Cherry": 2.0250000000000004, "Hellspawn": 2.325, "Synthwave": 5.25, "Timelock": 1.9500000000000002, "Onyx Black": 2.05, "Black": 5.98, "just": 1.275}, "Xmas Stocking": {"Onyx Black": 2.6849999999999996, "Black": 5.68, "just": 1.2495}, "Snake Box": {"Onyx Black": 1.9449999999999998, "Black": 6.14, "just": 1.1815}, "Pet Snake": {"Onyx Black": 2.41, "Black": 5.87, "just": 1.4789999999999999}, "Candy Cane": {"Sticky Sweet": 3.12, "Designer": 8.48, "Hex Pot": 3.12, "Grinch": 3.12, "Onyx Black": 2.355, "Black": 5.955, "just": 1.326}, "Whip Cupcake": {"Deep State": 2.3095, "Bitcoin": 9.219999999999999, "Toncoin": 2.3095, "Sponge Duck": 2.98, "Resistance": 5.215, "Onyx Black": 2.22, "Black": 5.68, "just": 1.2665}, "Big Year": {"Telegram": 4.2, "Pokeball": 2.7300000000000004, "The Nether": 2.7300000000000004, "The Hobbit": 3.2550000000000003, "Qing Dynasty": 3.2550000000000003, "Gold Mine": 7.3500000000000005, "YouTubes": 4.2, "Pavel Durov": 5.88, "Creator": 2.8350000000000004, "Game Boy": 2.205, "Bitcoin": 5.88, "Cheshire Cat": 2.415, "Big Brother": 2.8350000000000004, "First Website": 2.3100000000000005, "Onyx Black": 3.67, "Black": 10.325, "just": 1.785}, "Homemade Cake": {"Onyx Black": 2.44, "Black": 5.385000000000001, "just": 1.6064999999999998}, "Cookie Heart": {"Onyx Black": 2.54, "Black": 6.585, "just": 1.5979999999999999}, "Jester Hat": {"Onyx Black": 2.51, "Black": 6.4799999999999995, "just": 1.5215}, "Holiday Drink": {"Onyx Black": 2.465, "Black": 5.965, "just": 1.6404999999999998}, "Ginger Cookie": {"Onyx Black": 3.8, "Black": 6.5249999999999995, "just": 1.7424999999999997}, "Hypno Lollipop": {"Onyx Black": 2.795, "Black": 6.5, "just": 1.7764999999999997}, "Winter Wreath": {"Moon Cat": 105.49000000000001, "Onyx Black": 2.965, "Black": 7.99, "just": 1.683}, "Party Sparkler": {"Onyx Black": 3.4850000000000003, "Black": 6.49, "just": 1.683}, "Jingle Bells": {"Onyx Black": 2.895, "Black": 6.8, "just": 1.87}, "Tama Gadget": {"Onyx Black": 3.465, "Black": 6.805, "just": 1.7934999999999999}, "Jack-in-the-Box": {"Onyx Black": 3.15, "Black": 7.3950000000000005, "just": 1.9465}, "Star Notepad": {"Onyx Black": 4.01, "Black": 10.11, "just": 1.9295}, "Easter Egg": {"Onyx Black": 3.8149999999999995, "Black": 11.089999999999998, "just": 2.363}, "Santa Hat": {"Onyx Black": 3.48, "Black": 8.42, "just": 2.38}, "Hex Pot": {"Onyx Black": 3.9000000000000004, "Black": 10.104999999999999, "just": 2.3885}, "Restless Jar": {"Onyx Black": 3.75, "Black": 10.2, "just": 2.1675}, "Lush Bouquet": {"Onyx Black": 4.295, "Black": 7.995, "just": 2.5415}, "Spiced Wine": {"Onyx Black": 3.0300000000000002, "Black": 6.922, "just": 2.0825}, "Snow Globe": {"Onyx Black": 4.5, "Black": 11.375, "just": 2.38}, "Joyful Bundle": {"Onyx Black": 3.6550000000000002, "Black": 7.925000000000001, "just": 2.431}, "Light Sword": {"Onyx Black": 4.832, "Black": 10.536000000000001, "just": 2.601}, "Witch Hat": {"Onyx Black": 4.345000000000001, "Black": 11.62, "just": 2.754}, "Bow Tie": {"Onyx Black": 4.892, "Black": 12.624, "just": 2.754}, "Eternal Candle": {"Onyx Black": 5.1080000000000005, "Black": 11.14, "just": 3.043}, "Jelly Bunny": {"Onyx Black": 5.12, "Black": 10.72, "just": 2.924}, "Bunny Muffin": {"Onyx Black": 4.896, "Black": 14.488, "just": 2.975}, "Spy Agaric": {"Onyx Black": 5.258, "Black": 10.450000000000001, "just": 2.9155}, "Evil Eye": {"Onyx Black": 6.372, "Black": 13.232000000000001, "just": 3.162}, "Snow Mittens": {"Onyx Black": 5.12, "Black": 8.216000000000001, "just": 3.145}, "Berry Box": {"Onyx Black": 5.898, "Black": 11.617999999999999, "just": 3.2555}, "Valentine Box": {"Onyx Black": 7.16, "Black": 12.6, "just": 3.9099999999999997}, "Sakura Flower": {"Onyx Black": 6.77, "Black": 15.370000000000001, "just": 4.2075000000000005}, "Hanging Star": {"Onyx Black": 8.398, "Black": 15.274000000000001, "just": 4.6495}, "Sleigh Bell": {"Onyx Black": 10.32, "Black": 18.316000000000003, "just": 6.12}, "Love Candle": {"Onyx Black": 10.954, "Black": 19.554000000000002, "just": 7.3015}, "Skull Flower": {"Onyx Black": 11.09, "Black": 18.694, "just": 7.2165}, "Crystal Ball": {"Onyx Black": 11.846, "Black": 27.85, "just": 6.5874999999999995}, "Trapped Heart": {"Onyx Black": 13.336, "Black": 18.656000000000002, "just": 7.6160000000000005}, "Top Hat": {"Onyx Black": 12.382000000000001, "Black": 22.582, "just": 6.7745}, "Love Potion": {"Onyx Black": 10.994, "Black": 24.594, "just": 7.6415}, "Flying Broom": {"Onyx Black": 13.554, "Black": 20.113999999999997, "just": 8.1515}, "Cupid Charm": {"Onyx Black": 16.764, "Black": 32.764, "just": 10.149}, "Record Player": {"Onyx Black": 10.688, "Black": 20.727999999999998, "just": 6.6979999999999995}, "Eternal Rose": {"Onyx Black": 20.214, "Black": 36.194, "just": 11.6365}, "Mad Pumpkin": {"Onyx Black": 22.274, "Black": 41.269999999999996, "just": 14.2715}, "Voodoo Doll": {"Onyx Black": 22.512, "Black": 46.036, "just": 14.331}, "Diamond Ring": {"Onyx Black": 22.336, "Black": 45.519999999999996, "just": 13.515}, "Toy Bear": {"Onyx Black": 25.869999999999997, "Black": 48.153999999999996, "just": 17.5015}, "Vintage Cigar": {"Onyx Black": 38.4, "Black": 55.6, "just": 20.4}, "Neko Helmet": {"Onyx Black": 37.594, "Black": 75.594, "just": 22.091499999999996}, "Low Rider": {"Onyx Black": 34.34, "Black": 89.53999999999999, "just": 22.014999999999997}, "Signet Ring": {"Onyx Black": 36.964, "Black": 79.764, "just": 22.899}, "Electric Skull": {"Onyx Black": 45.5, "Black": 68.696, "just": 27.625}, "Kissed Frog": {"Onyx Black": 47.257999999999996, "Black": 80.858,