{"Snoop Dogg": {"Doberman": 3.5255, "King Ruby": 1.9064999999999999, "Chrome": 2.0490000000000004, "AI Dogg": 2.9079999999999995, "Goldizzle": 7.3255, "Doggfather": 2.8605, "Black Diamond": 1.992, "King Snoop": 4.4465, "Onyx Black": 3.1933333333333334, "Black": 10.633846153846152, "just": 1.513}, "Swag Bag": {"Snoop Life": 2.475, "Darkness": 2.2769999999999997, "Bulk Order": 2.3165999999999998, "Missionary": 7.99, "Take It Easy": 2.376, "Leopard": 2.2769999999999997, "Gin & Jewels": 2.574, "Cashback": 3.069, "Boiling Hot": 2.574, "Golden Nugs": 2.178, "Happy Herbs": 3.069, "Dogg’s Loot": 2.079, "April 20th": 3.069, "Onyx Black": 3.085, "Black": 7.99, "just": 1.683}, "Snoop Cigar": {"Onyx Black": 7.68, "Black": 19.615000000000002, "just": 4.1055}, "Lol Pop": {"Einstein": 1.7249999999999999, "Pink Foil": 1.4489999999999998, "Jolly Roger": 1.7249999999999999, "Jinxed": 1.5869999999999997, "Dark Portal": 1.5869999999999997, "Sweetheart": 1.7939999999999998, "Dark Sky": 1.4489999999999998, "Sailor Moon": 1.4489999999999998, "Plastic Ice": 1.4489999999999998, "Rosebud": 1.5869999999999997, "Andromeda": 1.863, "Shock Wave": 1.518, "Icicle": 1.4489999999999998, "Portable Pop": 1.4489999999999998, "Milky Way": 1.518, "Fire Vortex": 1.4489999999999998, "Love Bubbles": 1.863, "Glowstick": 2.139, "Magic Wand": 1.4489999999999998, "Angelina": 2.139, "Satellite": 1.7249999999999999, "Romance": 1.4489999999999998, "Hexed Helix": 1.518, "Blood Ember": 1.5869999999999997, "Watermelon": 1.518, "Blood Sucker": 1.7249999999999999, "Cobweb": 1.518, "Heart Pop": 1.5869999999999997, "Celestia": 2.139, "Doodle Art": 1.6145999999999998, "Pumpkin": 1.4489999999999998, "Comic Crunch": 1.4489999999999998, "Cookie Dip": 1.4489999999999998, "Sick Leave": 1.4489999999999998, "Mortal Sin": 2.76, "Onyx Black": 1.98, "Black": 5.1899999999999995, "just": 1.1729999999999998}, "B-Day Candle": {"Payday": 2.1545, "Final Boss": 2.1545, "Purr Magic": 2.1545, "Happy Meows": 2.78, "On Fire": 2.1545, "Kaboom!": 1.8765, "Pixel Wish": 2.1545, "Onyx Black": 1.795, "Black": 5.1450000000000005, "just": 1.1815}, "Desk Calendar": {"Heartbreak": 1.6099999999999999, "Balloon Face": 2.17, "Telegram": 2.17, "Deadline": 2.17, "Adult Tasks": 23.2, "Pepe Plans": 13.445, "Hodler": 4.8999999999999995, "Burning Time": 2.17, "Investor": 7.199999999999999, "Independence": 2.8, "Fund Manager": 2.17, "Checklist": 1.89, "Durov Day": 2.8, "Peach Week": 2.17, "Sunday": 1.89, "Fawkes Night": 3.9199999999999995, "Tic Tac Toe": 1.68, "Onyx Black": 1.8, "Black": 5.324999999999999, "just": 1.19}, "Lunar Snake": {"Psychedelic": 2.3405, "Python Dev": 2.3405, "Soul Eater": 2.0385, "Dragon Ball": 5.285, "Synthwave": 5.285, "Hot Cherry": 2.3405, "Hellspawn": 2.0385, "Timelock": 1.963, "Onyx Black": 2.23, "Black": 5.755, "just": 1.2834999999999999}, "Xmas Stocking": {"Onyx Black": 2.675, "Black": 5.445, "just": 1.2665}, "Snake Box": {"Onyx Black": 2.16, "Black": 6.155, "just": 1.2155}, "Pet Snake": {"Onyx Black": 2.475, "Black": 6.145, "just": 1.4705}, "Candy Cane": {"Grinch": 3.2, "Hex Pot": 2.4800000000000004, "Designer": 5.6000000000000005, "Sticky Sweet": 2.4800000000000004, "Onyx Black": 2.37, "Black": 5.875, "just": 1.36}, "Whip Cupcake": {"Bitcoin": 9.25, "Sponge Duck": 2.325, "Resistance": 7.895, "Deep State": 2.0250000000000004, "Toncoin": 2.325, "Onyx Black": 2.145, "Black": 5.55, "just": 1.275}, "Big Year": {"Pokeball": 2.6595, "Qing Dynasty": 3.0535, "First Website": 2.0685000000000002, "YouTubes": 3.94, "Cheshire Cat": 2.364, "The Hobbit": 3.94, "Balloons": 2.364, "Telegram": 3.94, "Gold Mine": 6.895, "Creator": 2.6595, "Big Brother": 3.0535, "Pavel Durov": 6.895, "The Nether": 2.4625, "Bitcoin": 6.895, "Game Boy": 2.1670000000000003, "Onyx Black": 3.6050000000000004, "Black": 9.635, "just": 1.6744999999999999}, "Homemade Cake": {"Onyx Black": 2.33, "Black": 5.425, "just": 1.581}, "Cookie Heart": {"Onyx Black": 2.545, "Black": 6.895, "just": 1.615}, "Jester Hat": {"Onyx Black": 2.875, "Black": 5.8999999999999995, "just": 1.53}, "Holiday Drink": {"Onyx Black": 2.475, "Black": 6.425000000000001, "just": 1.6575}, "Ginger Cookie": {"Onyx Black": 3.825, "Black": 7.290000000000001, "just": 1.785}, "Hypno Lollipop": {"Onyx Black": 2.945, "Black": 6.235, "just": 1.6915}, "Winter Wreath": {"Moon Cat": 91.0, "Onyx Black": 2.975, "Black": 7.495, "just": 1.7}, "Party Sparkler": {"Onyx Black": 3.2249999999999996, "Black": 6.965000000000001, "just": 1.6575}, "Jingle Bells": {"Onyx Black": 2.705, "Black": 6.755000000000001, "just": 1.7934999999999999}, "Tama Gadget": {"Onyx Black": 3.4699999999999998, "Black": 6.33, "just": 1.819}, "Jack-in-the-Box": {"Onyx Black": 3.085, "Black": 7.075, "just": 1.9124999999999999}, "Star Notepad": {"Onyx Black": 4.03, "Black": 9.53, "just": 2.006}, "Easter Egg": {"Onyx Black": 3.77, "Black": 10.745000000000001, "just": 2.3715}, "Santa Hat": {"Onyx Black": 3.974, "Black": 8.414000000000001, "just": 2.3715}, "Hex Pot": {"Onyx Black": 4.035, "Black": 9.899999999999999, "just": 2.38}, "Restless Jar": {"Onyx Black": 3.725, "Black": 9.65, "just": 2.125}, "Lush Bouquet": {"Onyx Black": 4.475, "Black": 7.704999999999999, "just": 2.516}, "Spiced Wine": {"Onyx Black": 3.128, "Black": 7.0600000000000005, "just": 2.278}, "Snow Globe": {"Onyx Black": 4.4799999999999995, "Black": 10.93, "just": 2.431}, "Joyful Bundle": {"Onyx Black": 3.965, "Black": 10.92, "just": 2.4139999999999997}, "Light Sword": {"Onyx Black": 4.79, "Black": 10.278, "just": 2.6605}, "Witch Hat": {"Onyx Black": 4.555, "Black": 12.075, "just": 2.686}, "Bow Tie": {"Onyx Black": 4.79, "Black": 12.342, "just": 2.7624999999999997}, "Eternal Candle": {"Onyx Black": 4.84, "Black": 10.64, "just": 2.8899999999999997}, "Jelly Bunny": {"Onyx Black": 4.845000000000001, "Black": 9.995000000000001, "just": 2.9665}, "Bunny Muffin": {"Onyx Black": 4.696, "Black": 14.056000000000001, "just": 3.026}, "Spy Agaric": {"Onyx Black": 5.561999999999999, "Black": 10.474, "just": 2.9495}, "Evil Eye": {"Onyx Black": 6.33, "Black": 12.590000000000002, "just": 3.1025}, "Snow Mittens": {"Onyx Black": 5.064, "Black": 8.264, "just": 3.2129999999999996}, "Berry Box": {"Onyx Black": 5.942, "Black": 10.622, "just": 3.3235}, "Valentine Box": {"Onyx Black": 7.268000000000001, "Black": 12.708, "just": 4.063}, "Sakura Flower": {"Onyx Black": 6.496, "Black": 15.4, "just": 4.25}, "Hanging Star": {"Onyx Black": 7.756, "Black": 15.196, "just": 4.539}, "Sleigh Bell": {"Onyx Black": 10.404, "Black": 20.804, "just": 6.239}, "Love Candle": {"Onyx Black": 10.258000000000001, "Black": 17.177999999999997, "just": 7.335500000000001}, "Skull Flower": {"Onyx Black": 11.258, "Black": 17.902, "just": 7.4544999999999995}, "Crystal Ball": {"Onyx Black": 11.978, "Black": 27.782, "just": 6.7745}, "Trapped Heart": {"Onyx Black": 13.204, "Black": 18.363999999999997, "just": 7.429}, "Top Hat": {"Onyx Black": 12.82, "Black": 22.339999999999996, "just": 7.395}, "Love Potion": {"Onyx Black": 11.15, "Black": 23.55, "just": 7.8625}, "Flying Broom": {"Onyx Black": 12.87, "Black": 19.67, "just": 8.032499999999999}, "Cupid Charm": {"Onyx Black": 16.528, "Black": 30.128, "just": 9.248000000000001}, "Record Player": {"Onyx Black": 10.244, "Black": 20.884, "just": 6.9190000000000005}, "Eternal Rose": {"Onyx Black": 20.372, "Black": 34.775999999999996, "just": 11.866}, "Mad Pumpkin": {"Onyx Black": 22.558, "Black": 41.058, "just": 15.240499999999999}, "Voodoo Doll": {"Onyx Black": 22.584, "Black": 46.788, "just": 14.433}, "Diamond Ring": {"Onyx Black": 22.356, "Black": 43.96000000000001, "just": 14.110000000000001}, "Toy Bear": {"Onyx Black": 35.3, "Black": 52.495999999999995, "just": 23.375}, "Vintage Cigar": {"Onyx Black": 37.164, "Black": 54.964, "just": 21.199}, "Neko Helmet": {"Onyx Black": 38.5, "Black": 66.46000000000001, "just": 23.375}, "Low Rider": {"Onyx Black": 33.269999999999996, "Black": 86.87, "just": 21.6325}, "Signet Ring": {"Onyx Black": 37.594, "Black": 80.39, "just": 23.7915},