{"Snoop Dogg": {"Green Light": 1.8355000000000004, "Black Diamond": 2.168, "Chrome": 2.1585, "Cold Topaz": 2.0065, "AI Dogg": 2.773, "Emerald": 1.8639999999999999, "Goldizzle": 7.2405, "Sapphire": 2.2060000000000004, "Doberman": 3.3430000000000004, "King Snoop": 5.280500000000001, "Doggfather": 2.8015, "Onyx Black": 2.836666666666667, "Black": 10.38076923076923, "just": 1.4024999999999999}, "Swag Bag": {"Dogg’s Loot": 1.9320000000000002, "Missionary": 6.44, "Happy Herbs": 2.8520000000000003, "Boiling Hot": 2.0240000000000005, "Bulk Order": 2.0240000000000005, "Snoop Life": 2.116, "Gin & Jewels": 2.3000000000000003, "April 20th": 2.8520000000000003, "Cashback": 2.8520000000000003, "Darkness": 2.0240000000000005, "Take It Easy": 2.3000000000000003, "Onyx Black": 2.8950000000000005, "Black": 6.67, "just": 1.564}, "Snoop Cigar": {"Onyx Black": 6.725, "Black": 19.225, "just": 3.7825}, "Lol Pop": {"Glowstick": 1.9685000000000001, "Dark Portal": 1.524, "Jinxed": 1.3335000000000001, "Einstein": 1.3970000000000002, "Comic Crunch": 1.3335000000000001, "Fire Vortex": 1.3335000000000001, "Icicle": 1.3970000000000002, "Blood Sucker": 1.5875, "Andromeda": 1.7145000000000001, "Romance": 1.3335000000000001, "Watermelon": 1.4605, "Love Bubbles": 1.651, "Rosebud": 1.651, "Liquid Lime": 1.3335000000000001, "Milky Way": 1.3335000000000001, "Celestia": 1.9685000000000001, "Satellite": 1.5875, "Heart Pop": 1.3335000000000001, "Dark Sky": 1.524, "Wonka Berry": 1.3335000000000001, "Angelina": 1.9685000000000001, "Blood Ember": 1.7145000000000001, "Hexed Helix": 1.3970000000000002, "Mortal Sin": 3.5559999999999996, "Doodle Art": 1.4605, "Cobweb": 1.3335000000000001, "Pumpkin": 1.4605, "Soap Bubbles": 1.3335000000000001, "Sweetheart": 1.4605, "Icy Touch": 1.3335000000000001, "Jolly Roger": 1.651, "Cookie Dip": 1.3970000000000002, "Onyx Black": 1.635, "Black": 4.6850000000000005, "just": 1.0795}, "B-Day Candle": {"On Fire": 1.922, "Kaboom!": 1.922, "Shocker": 1.922, "Purr Magic": 2.48, "Payday": 1.922, "Happy Meows": 2.48, "Pixel Wish": 1.922, "Final Boss": 1.922, "Onyx Black": 1.6400000000000001, "Black": 4.115, "just": 1.054}, "Desk Calendar": {"Independence": 3.472, "Telegram": 1.922, "Pepe Plans": 4.34, "Investor": 4.34, "Heartbreak": 1.426, "Deadline": 2.48, "Fund Manager": 1.922, "Peach Week": 1.6740000000000002, "Sunday": 2.48, "Burning Time": 1.922, "Hodler": 4.34, "Durov Day": 2.48, "Tic Tac Toe": 1.922, "Fawkes Night": 3.472, "Balloon Face": 1.612, "Checklist": 1.922, "Adult Tasks": 4.34, "Onyx Black": 1.615, "Black": 4.66, "just": 1.054}, "Lunar Snake": {"Synthwave": 3.808, "Hot Cherry": 2.108, "Dragon Ball": 4.760000000000001, "Hellspawn": 1.8360000000000003, "Soul Eater": 2.108, "Python Dev": 2.108, "Psychedelic": 2.108, "Timelock": 1.8360000000000003, "Onyx Black": 2.0100000000000002, "Black": 4.83, "just": 1.1560000000000001}, "Xmas Stocking": {"Onyx Black": 2.0100000000000002, "Black": 4.779999999999999, "just": 1.1560000000000001}, "Snake Box": {"Onyx Black": 1.9249999999999998, "Black": 4.8500000000000005, "just": 1.105}, "Pet Snake": {"Onyx Black": 2.295, "Black": 4.895, "just": 1.5215}, "Candy Cane": {"Grinch": 3.16, "Designer": 5.53, "Hex Pot": 2.4490000000000003, "Sticky Sweet": 1.975, "Onyx Black": 2.285, "Black": 6.79, "just": 1.343}, "Whip Cupcake": {"Bitcoin": 4.864999999999999, "Toncoin": 2.1545, "Resistance": 4.864999999999999, "Deep State": 2.1545, "Sponge Duck": 2.1545, "Onyx Black": 2.195, "Black": 4.995, "just": 1.1815}, "Big Year": {"Balloons": 1.87, "The Nether": 2.295, "Cheshire Cat": 2.125, "Creator": 2.295, "Game Boy": 2.21, "Pavel Durov": 4.76, "Gold Mine": 4.76, "Big Brother": 2.635, "YouTubes": 2.635, "First Website": 2.295, "Bitcoin": 4.76, "The Hobbit": 3.4, "Pokeball": 3.4, "Qing Dynasty": 3.4, "Telegram": 4.76, "Onyx Black": 2.8499999999999996, "Black": 7.800000000000001, "just": 1.4449999999999998}, "Homemade Cake": {"Onyx Black": 1.92, "Black": 4.8149999999999995, "just": 1.309}, "Cookie Heart": {"Onyx Black": 2.45, "Black": 5.625, "just": 1.4875}, "Jester Hat": {"Onyx Black": 2.7, "Black": 6.050000000000001, "just": 1.36}, "Holiday Drink": {"Onyx Black": 2.345, "Black": 5.260000000000001, "just": 1.462}, "Ginger Cookie": {"Onyx Black": 2.8449999999999998, "Black": 6.42, "just": 1.564}, "Hypno Lollipop": {"Onyx Black": 2.68, "Black": 5.88, "just": 1.496}, "Winter Wreath": {"Onyx Black": 2.385, "Black": 8.785, "just": 1.5045}, "Party Sparkler": {"Onyx Black": 3.065, "Black": 6.165, "just": 1.5555}, "Jingle Bells": {"Onyx Black": 2.615, "Black": 5.375, "just": 1.4875}, "Tama Gadget": {"Onyx Black": 2.61, "Black": 6.12, "just": 1.4789999999999999}, "Jack-in-the-Box": {"Onyx Black": 2.7649999999999997, "Black": 7.74, "just": 1.7254999999999998}, "Star Notepad": {"Onyx Black": 3.2699999999999996, "Black": 9.495000000000001, "just": 1.8615}, "Easter Egg": {"Onyx Black": 3.59, "Black": 10.985000000000001, "just": 2.193}, "Santa Hat": {"Onyx Black": 3.45, "Black": 9.7, "just": 2.04}, "Hex Pot": {"Onyx Black": 3.49, "Black": 7.664999999999999, "just": 2.108}, "Restless Jar": {"Onyx Black": 3.73, "Black": 8.120000000000001, "just": 2.0909999999999997}, "Lush Bouquet": {"Onyx Black": 3.395, "Black": 8.795, "just": 2.2015}, "Spiced Wine": {"Onyx Black": 3.255, "Black": 7.3999999999999995, "just": 1.7084999999999997}, "Snow Globe": {"Onyx Black": 4.0600000000000005, "Black": 9.11, "just": 2.057}, "Joyful Bundle": {"Onyx Black": 3.745, "Black": 7.87, "just": 2.329}, "Light Sword": {"Onyx Black": 4.135, "Black": 11.934999999999999, "just": 2.4395000000000002}, "Witch Hat": {"Onyx Black": 4.0600000000000005, "Black": 9.415, "just": 2.4055}, "Bow Tie": {"Onyx Black": 4.66, "Black": 14.660000000000002, "just": 2.5245}, "Eternal Candle": {"Onyx Black": 5.15, "Black": 10.2, "just": 2.465}, "Jelly Bunny": {"Onyx Black": 4.495, "Black": 10.14, "just": 2.7965}, "Bunny Muffin": {"Onyx Black": 4.475, "Black": 11.024999999999999, "just": 2.6774999999999998}, "Spy Agaric": {"Onyx Black": 5.34, "Black": 10.195, "just": 2.4565}, "Evil Eye": {"Onyx Black": 5.765000000000001, "Black": 14.265, "just": 3.009}, "Snow Mittens": {"Onyx Black": 4.355, "Black": 8.895, "just": 2.55}, "Berry Box": {"Onyx Black": 4.675, "Black": 14.18, "just": 2.856}, "Valentine Box": {"Onyx Black": 5.965, "Black": 10.965, "just": 3.3405}, "Sakura Flower": {"Onyx Black": 5.720000000000001, "Black": 13.575000000000001, "just": 3.5275000000000003}, "Hanging Star": {"Onyx Black": 7.25, "Black": 19.75, "just": 3.8249999999999997}, "Sleigh Bell": {"Onyx Black": 9.844999999999999, "Black": 17.845, "just": 4.8365}, "Love Candle": {"Onyx Black": 7.795, "Black": 14.594999999999999, "just": 5.2615}, "Skull Flower": {"Onyx Black": 8.59, "Black": 16.445, "just": 5.0065}, "Crystal Ball": {"Onyx Black": 10.11, "Black": 36.269999999999996, "just": 5.304}, "Trapped Heart": {"Onyx Black": 10.19, "Black": 23.19, "just": 6.273}, "Top Hat": {"Onyx Black": 13.625, "Black": 25.975, "just": 6.1625}, "Love Potion": {"Onyx Black": 10.145, "Black": 29.095, "just": 6.961499999999999}, "Flying Broom": {"Onyx Black": 10.835, "Black": 20.235, "just": 7.3694999999999995}, "Cupid Charm": {"Onyx Black": 15.75, "Black": 33.75, "just": 8.075}, "Record Player": {"Onyx Black": 10.245000000000001, "Black": 23.994999999999997, "just": 6.7915}, "Eternal Rose": {"Onyx Black": 18.990000000000002, "Black": 33.989999999999995, "just": 11.033}, "Mad Pumpkin": {"Onyx Black": 18.44, "Black": 40.94, "just": 11.798}, "Voodoo Doll": {"Onyx Black": 20.2, "Black": 40.2, "just": 12.24}, "Diamond Ring": {"Onyx Black": 21.115000000000002, "Black": 42.295, "just": 13.2515}, "Toy Bear": {"Onyx Black": 21.994999999999997, "Black": 50.995000000000005, "just": 14.441499999999998}, "Vintage Cigar": {"Onyx Black": 43.435, "Black": 62.435, "just": 18.5895}, "Neko Helmet": {"Onyx Black": 41.5, "Black": 71.5, "just": 19.55}, "Low Rider": {"Onyx Black": 38.15, "Black": 106.64999999999999, "just": 19.805},