{"Snoop Dogg": {"King Ruby": 2.0205, "Sapphire": 2.2295000000000003, "King Snoop": 6.068, "Black Diamond": 2.1915, "Doberman": 3.6205000000000007, "AI Dogg": 3.136, "Black Gold": 1.992, "Green Light": 1.8780000000000001, "Emerald": 1.9255, "Doggfather": 3.1930000000000005, "Goldizzle": 7.221, "Chrome": 2.348, "Onyx Black": 3.526666666666667, "Black": 9.641538461538461, "just": 1.513}, "Swag Bag": {"Snoop Life": 3.1, "Dogg’s Loot": 2.1, "Gin & Jewels": 2.5, "Cashback": 3.1, "Bulk Order": 2.3, "Boiling Hot": 2.5, "P.I.M.P.": 2.1, "Leopard": 2.2, "April 20th": 3.1, "Golden Nugs": 2.34, "Happy Herbs": 3.1, "Take It Easy": 2.7, "Aviators": 2.1, "Darkness": 2.34, "Missionary": 8.95, "Onyx Black": 3.465, "Black": 7.5, "just": 1.7}, "Snoop Cigar": {"Onyx Black": 8.42, "Black": 17.97, "just": 4.199}, "Lol Pop": {"Love Bubbles": 1.6789999999999998, "Hollywood": 1.533, "Hexed Helix": 1.825, "Shock Wave": 1.533, "Jolly Roger": 1.6789999999999998, "Doodle Art": 1.606, "Pink Foil": 1.533, "Dark Sky": 1.606, "Einstein": 1.7082, "Andromeda": 1.971, "Jinxed": 1.606, "Dark Portal": 1.752, "Blood Sucker": 1.825, "Cobweb": 1.606, "Fire Vortex": 1.533, "Celestia": 2.263, "Rosebud": 1.752, "Pumpkin": 1.752, "Sick Leave": 1.533, "Angelina": 2.263, "Satellite": 1.825, "Blood Ember": 1.606, "Mortal Sin": 2.92, "Gold Star": 1.533, "Heart Pop": 1.606, "Milky Way": 1.533, "Glowstick": 1.971, "Comic Crunch": 1.533, "Sweetheart": 1.825, "Onyx Black": 1.97, "Black": 5.164999999999999, "just": 1.2409999999999999}, "B-Day Candle": {"On Fire": 2.3095, "Happy Meows": 2.3095, "Final Boss": 2.3095, "Pixel Wish": 2.3095, "Purr Magic": 2.3095, "Payday": 2.3095, "Kaboom!": 2.0115000000000003, "Onyx Black": 1.8450000000000002, "Black": 5.1450000000000005, "just": 1.2665}, "Desk Calendar": {"Heartbreak": 1.584, "Hodler": 5.04, "Investor": 9.719999999999999, "Deadline": 2.2319999999999998, "Burning Time": 1.944, "Telegram": 2.2319999999999998, "Fund Manager": 2.2319999999999998, "Checklist": 2.2319999999999998, "Sunday": 1.944, "Adult Tasks": 25.715000000000003, "Tic Tac Toe": 1.944, "Independence": 2.2319999999999998, "Peach Week": 2.2319999999999998, "Fawkes Night": 2.2319999999999998, "Pepe Plans": 14.719999999999999, "Balloon Face": 1.7999999999999998, "Durov Day": 5.04, "Onyx Black": 1.775, "Black": 5.265000000000001, "just": 1.224}, "Lunar Snake": {"Hellspawn": 2.0385, "Timelock": 2.3405, "Hot Cherry": 2.0385, "Psychedelic": 1.8875, "Python Dev": 2.3405, "Soul Eater": 2.0385, "Synthwave": 4.228, "Dragon Ball": 5.285, "Onyx Black": 2.455, "Black": 5.74, "just": 1.2834999999999999}, "Xmas Stocking": {"Onyx Black": 2.2199999999999998, "Black": 5.784999999999999, "just": 1.309}, "Snake Box": {"Onyx Black": 2.165, "Black": 5.424999999999999, "just": 1.326}, "Pet Snake": {"Onyx Black": 2.5, "Black": 5.885, "just": 1.53}, "Candy Cane": {"Grinch": 4.396, "Hex Pot": 4.396, "Sticky Sweet": 2.1195000000000004, "Designer": 5.495, "Onyx Black": 2.285, "Black": 5.63, "just": 1.3345}, "Whip Cupcake": {"Sponge Duck": 2.5575, "Toncoin": 2.5575, "Bitcoin": 13.575000000000001, "Deep State": 2.2275, "Resistance": 5.7749999999999995, "Onyx Black": 2.2249999999999996, "Black": 5.525, "just": 1.4024999999999999}, "Big Year": {"Balloons": 2.079, "Pokeball": 2.5515, "YouTubes": 2.9295, "Pavel Durov": 12.695, "The Hobbit": 3.78, "Qing Dynasty": 2.9295, "Bitcoin": 5.292, "Telegram": 5.292, "Big Brother": 2.9295, "First Website": 2.2112999999999996, "Cheshire Cat": 2.9295, "The Nether": 2.9295, "Gold Mine": 6.614999999999999, "Creator": 2.9295, "Game Boy": 2.079, "Onyx Black": 3.9450000000000003, "Black": 9.945, "just": 1.6064999999999998}, "Homemade Cake": {"Onyx Black": 2.37, "Black": 5.664999999999999, "just": 1.615}, "Cookie Heart": {"Onyx Black": 2.565, "Black": 6.575, "just": 1.6404999999999998}, "Jester Hat": {"Onyx Black": 2.5, "Black": 6.074999999999999, "just": 1.53}, "Holiday Drink": {"Onyx Black": 2.695, "Black": 6.069999999999999, "just": 1.6064999999999998}, "Ginger Cookie": {"Onyx Black": 3.625, "Black": 6.7250000000000005, "just": 1.6575}, "Hypno Lollipop": {"Onyx Black": 3.425, "Black": 7.4750000000000005, "just": 1.6575}, "Winter Wreath": {"Moon Cat": 90.99000000000001, "Onyx Black": 2.9850000000000003, "Black": 6.74, "just": 1.683}, "Party Sparkler": {"Onyx Black": 2.9800000000000004, "Black": 7.435, "just": 1.6744999999999999}, "Jingle Bells": {"Onyx Black": 3.01, "Black": 7.035, "just": 1.887}, "Tama Gadget": {"Onyx Black": 3.46, "Black": 6.780000000000001, "just": 1.785}, "Jack-in-the-Box": {"Onyx Black": 3.115, "Black": 6.965, "just": 1.8955}, "Star Notepad": {"Onyx Black": 3.675, "Black": 10.690000000000001, "just": 2.04}, "Easter Egg": {"Onyx Black": 3.87, "Black": 10.95, "just": 2.5415}, "Santa Hat": {"Onyx Black": 3.742, "Black": 9.241999999999999, "just": 2.3545}, "Hex Pot": {"Onyx Black": 3.99, "Black": 9.83, "just": 2.3545}, "Restless Jar": {"Onyx Black": 3.575, "Black": 9.23, "just": 2.21}, "Lush Bouquet": {"Onyx Black": 5.23, "Black": 8.825, "just": 2.686}, "Spiced Wine": {"Onyx Black": 3.332, "Black": 7.135999999999999, "just": 2.176}, "Snow Globe": {"Onyx Black": 4.915, "Black": 11.17, "just": 2.4139999999999997}, "Joyful Bundle": {"Onyx Black": 4.9, "Black": 9.625, "just": 2.38}, "Light Sword": {"Onyx Black": 4.426, "Black": 10.625999999999998, "just": 2.5925}, "Witch Hat": {"Onyx Black": 4.5, "Black": 12.0, "just": 2.55}, "Bow Tie": {"Onyx Black": 4.918, "Black": 11.925999999999998, "just": 2.7285}, "Eternal Candle": {"Onyx Black": 5.354, "Black": 10.95, "just": 3.0515}, "Jelly Bunny": {"Onyx Black": 5.045, "Black": 10.185, "just": 2.8815}, "Bunny Muffin": {"Onyx Black": 5.3, "Black": 11.5, "just": 2.975}, "Spy Agaric": {"Onyx Black": 6.0760000000000005, "Black": 10.475999999999999, "just": 2.941}, "Evil Eye": {"Onyx Black": 6.960000000000001, "Black": 13.36, "just": 3.06}, "Snow Mittens": {"Onyx Black": 6.4, "Black": 8.4, "just": 3.4}, "Berry Box": {"Onyx Black": 4.728, "Black": 10.72, "just": 3.298}, "Valentine Box": {"Onyx Black": 7.24, "Black": 14.251999999999999, "just": 4.08}, "Sakura Flower": {"Onyx Black": 6.858, "Black": 16.061999999999998, "just": 4.054499999999999}, "Hanging Star": {"Onyx Black": 7.952, "Black": 15.351999999999999, "just": 5.032}, "Sleigh Bell": {"Onyx Black": 12.554, "Black": 20.554, "just": 6.451499999999999}, "Love Candle": {"Onyx Black": 10.134, "Black": 16.174, "just": 7.046499999999999}, "Skull Flower": {"Onyx Black": 11.424, "Black": 18.384, "just": 6.833999999999999}, "Crystal Ball": {"Onyx Black": 12.527999999999999, "Black": 27.964, "just": 7.037999999999999}, "Trapped Heart": {"Onyx Black": 12.2, "Black": 20.240000000000002, "just": 7.14}, "Top Hat": {"Onyx Black": 15.116, "Black": 28.159999999999997, "just": 7.31}, "Love Potion": {"Onyx Black": 12.62, "Black": 23.816000000000003, "just": 8.245}, "Flying Broom": {"Onyx Black": 12.488, "Black": 17.288, "just": 8.058}, "Cupid Charm": {"Onyx Black": 15.032, "Black": 32.232, "just": 9.962}, "Record Player": {"Onyx Black": 10.44, "Black": 20.68, "just": 6.63}, "Eternal Rose": {"Onyx Black": 18.874, "Black": 34.514, "just": 12.061499999999999}, "Mad Pumpkin": {"Onyx Black": 24.8, "Black": 39.4, "just": 17.0}, "Voodoo Doll": {"Onyx Black": 24.15, "Black": 44.653999999999996, "just": 14.526499999999999}, "Diamond Ring": {"Onyx Black": 21.310000000000002, "Black": 42.11, "just": 14.322500000000002}, "Toy Bear": {"Onyx Black": 30.708000000000002, "Black": 49.284, "just": 22.032}, "Vintage Cigar": {"Onyx Black": 36.47, "Black": 61.09, "just": 20.816499999999998}, "Neko Helmet": {"Onyx Black": 37.0, "Black": 63.4, "just": 22.95}, "Low Rider": {"Onyx Black": 32.234, "Black": 80.63400000000001, "just": 20.7315}, "Signet Ring": {"Onyx Black": 37.6, "Black": 72.796, "just": 23.8}, "Electric Skull": {"Onyx Black": 45.216, "Black": 75.62, "just": 27.795}, "Kissed Frog": {"Onyx Black": 45.0, "Black": 79.6, "just": 28.05}, "Swiss Watch": {"Onyx Black": 43.156, "Black": 71.956, "just": 29.970999999999997},