{"Snoop Dogg": {"Goldizzle": 7.2935, "Sapphire": 2.0445, "Doggfather": 2.9205, "King Snoop": 4.6155, "Doberman": 3.3905000000000003, "AI Dogg": 3.0060000000000002, "Chrome": 2.4530000000000003, "Black Diamond": 2.396, "Cold Topaz": 2.0255, "Onyx Black": 3.2233333333333336, "Black": 10.537692307692307, "just": 1.5555}, "Swag Bag": {"Happy Herbs": 3.038, "Darkness": 2.156, "April 20th": 3.038, "Boiling Hot": 2.646, "Leopard": 2.058, "Bulk Order": 2.45, "Dogg’s Loot": 2.058, "Snoop Life": 2.548, "Cashback": 3.038, "Take It Easy": 2.548, "Gin & Jewels": 2.45, "Missionary": 6.859999999999999, "Onyx Black": 3.18, "Black": 7.405, "just": 1.666}, "Snoop Cigar": {"Onyx Black": 8.3, "Black": 17.255, "just": 4.012}, "Lol Pop": {"Shock Wave": 1.595, "Watermelon": 1.5225, "Blood Sucker": 1.6674999999999998, "Satellite": 1.74, "Plastic Ice": 1.595, "Love Bubbles": 1.595, "Jinxed": 1.74, "Milky Way": 1.5225, "Glowstick": 1.9575, "Gold Star": 1.5225, "Dark Portal": 1.5225, "Sweetheart": 1.885, "Crystalline": 1.595, "Comic Crunch": 1.5225, "Dark Sky": 1.8125, "Hexed Helix": 1.885, "Jolly Roger": 1.74, "Celestia": 2.2475, "Angelina": 2.2475, "Blood Ember": 1.595, "Einstein": 1.5225, "Heart Pop": 1.595, "Andromeda": 1.9575, "Sailor Moon": 1.595, "Mortal Sin": 4.06, "Cobweb": 1.595, "Rosebud": 1.74, "Pumpkin": 1.5225, "Magic Wand": 1.595, "Onyx Black": 2.025, "Black": 5.125, "just": 1.2325}, "B-Day Candle": {"Kaboom!": 1.9840000000000002, "On Fire": 2.56, "Pixel Wish": 1.9840000000000002, "Final Boss": 1.9840000000000002, "Purr Magic": 1.9840000000000002, "Payday": 1.9840000000000002, "Happy Meows": 2.56, "Onyx Black": 1.6949999999999998, "Black": 5.034999999999999, "just": 1.088}, "Desk Calendar": {"Heartbreak": 1.6125, "Sunday": 1.9995, "Balloon Face": 1.4190000000000003, "Durov Day": 2.58, "Fund Manager": 2.58, "Hodler": 4.515000000000001, "Deadline": 1.9995, "Investor": 6.1450000000000005, "Pepe Plans": 10.815000000000001, "Peach Week": 1.9995, "Checklist": 1.9995, "Telegram": 1.9995, "Fawkes Night": 2.58, "Tic Tac Toe": 1.9995, "Adult Tasks": 24.31, "Independence": 2.58, "Burning Time": 1.9995, "Onyx Black": 1.69, "Black": 5.3950000000000005, "just": 1.0965}, "Lunar Snake": {"Soul Eater": 2.294, "Hot Cherry": 1.998, "Python Dev": 2.294, "Synthwave": 5.18, "Timelock": 1.998, "Hellspawn": 1.998, "Dragon Ball": 5.18, "Psychedelic": 1.85, "Onyx Black": 2.205, "Black": 5.465, "just": 1.258}, "Xmas Stocking": {"Onyx Black": 2.155, "Black": 5.675000000000001, "just": 1.2325}, "Snake Box": {"Onyx Black": 2.11, "Black": 5.9799999999999995, "just": 1.2155}, "Pet Snake": {"Onyx Black": 2.45, "Black": 5.59, "just": 1.428}, "Candy Cane": {"Designer": 5.46, "Hex Pot": 3.12, "Grinch": 3.12, "Sticky Sweet": 2.028, "Onyx Black": 2.4699999999999998, "Black": 5.885, "just": 1.326}, "Whip Cupcake": {"Bitcoin": 9.709999999999999, "Resistance": 5.32, "Toncoin": 2.3560000000000003, "Sponge Duck": 3.04, "Deep State": 2.052, "Onyx Black": 2.06, "Black": 5.205, "just": 1.292}, "Big Year": {"First Website": 2.6, "Cheshire Cat": 2.34, "Gold Mine": 5.6, "Pavel Durov": 5.6, "Telegram": 5.6, "Big Brother": 3.1, "The Nether": 4.0, "YouTubes": 3.1, "Qing Dynasty": 3.1, "Bitcoin": 5.6, "The Hobbit": 3.1, "Creator": 2.7, "Game Boy": 2.34, "Pokeball": 2.7, "Onyx Black": 3.625, "Black": 8.605, "just": 1.7}, "Homemade Cake": {"Onyx Black": 2.38, "Black": 5.58, "just": 1.5045}, "Cookie Heart": {"Onyx Black": 2.44, "Black": 7.034999999999999, "just": 1.5979999999999999}, "Jester Hat": {"Onyx Black": 2.65, "Black": 6.6000000000000005, "just": 1.4449999999999998}, "Holiday Drink": {"Onyx Black": 2.355, "Black": 5.555, "just": 1.6235}, "Ginger Cookie": {"Onyx Black": 3.355, "Black": 6.4799999999999995, "just": 1.7084999999999997}, "Hypno Lollipop": {"Onyx Black": 2.9050000000000002, "Black": 6.0, "just": 1.7934999999999999}, "Winter Wreath": {"Moon Cat": 105.7, "Onyx Black": 2.8, "Black": 8.65, "just": 1.615}, "Party Sparkler": {"Onyx Black": 4.5, "Black": 7.245, "just": 1.7}, "Jingle Bells": {"Onyx Black": 3.0, "Black": 6.8549999999999995, "just": 1.8784999999999998}, "Tama Gadget": {"Onyx Black": 3.485, "Black": 7.04, "just": 1.7764999999999997}, "Jack-in-the-Box": {"Onyx Black": 3.09, "Black": 7.585, "just": 1.8444999999999998}, "Star Notepad": {"Onyx Black": 3.88, "Black": 8.655000000000001, "just": 1.9209999999999998}, "Easter Egg": {"Onyx Black": 3.735, "Black": 10.945, "just": 2.2015}, "Santa Hat": {"Onyx Black": 3.3520000000000003, "Black": 8.392, "just": 2.3120000000000003}, "Hex Pot": {"Onyx Black": 3.92, "Black": 10.34, "just": 2.2864999999999998}, "Restless Jar": {"Onyx Black": 4.0, "Black": 9.754999999999999, "just": 2.1334999999999997}, "Lush Bouquet": {"Onyx Black": 4.425, "Black": 8.42, "just": 2.4225}, "Spiced Wine": {"Onyx Black": 2.85, "Black": 6.866, "just": 1.9975}, "Snow Globe": {"Onyx Black": 4.1, "Black": 10.05, "just": 2.21}, "Joyful Bundle": {"Onyx Black": 3.6399999999999997, "Black": 7.890000000000001, "just": 2.363}, "Light Sword": {"Onyx Black": 4.5600000000000005, "Black": 10.68, "just": 2.72}, "Witch Hat": {"Onyx Black": 4.415, "Black": 11.884999999999998, "just": 2.788}, "Bow Tie": {"Onyx Black": 4.942, "Black": 12.642, "just": 2.7624999999999997}, "Eternal Candle": {"Onyx Black": 5.27, "Black": 10.47, "just": 2.9325}, "Jelly Bunny": {"Onyx Black": 4.470000000000001, "Black": 11.675, "just": 2.9325}, "Bunny Muffin": {"Onyx Black": 4.948, "Black": 11.627999999999998, "just": 3.043}, "Spy Agaric": {"Onyx Black": 4.536, "Black": 10.296, "just": 2.686}, "Evil Eye": {"Onyx Black": 6.354, "Black": 12.954, "just": 3.0515}, "Snow Mittens": {"Onyx Black": 4.844, "Black": 7.592, "just": 3.1790000000000003}, "Berry Box": {"Onyx Black": 5.82, "Black": 11.547999999999998, "just": 3.2129999999999996}, "Valentine Box": {"Onyx Black": 8.07, "Black": 12.530000000000001, "just": 3.7825}, "Sakura Flower": {"Onyx Black": 6.94, "Black": 14.940000000000001, "just": 4.165}, "Hanging Star": {"Onyx Black": 8.734, "Black": 15.254, "just": 4.6155}, "Sleigh Bell": {"Onyx Black": 10.478, "Black": 16.058, "just": 6.315499999999999}, "Love Candle": {"Onyx Black": 10.29, "Black": 16.09, "just": 6.9275}, "Skull Flower": {"Onyx Black": 9.772, "Black": 18.572, "just": 6.477}, "Crystal Ball": {"Onyx Black": 11.44, "Black": 28.680000000000003, "just": 6.63}, "Trapped Heart": {"Onyx Black": 12.367999999999999, "Black": 19.208, "just": 7.377999999999999}, "Top Hat": {"Onyx Black": 11.85, "Black": 24.45, "just": 6.5874999999999995}, "Love Potion": {"Onyx Black": 10.972000000000001, "Black": 22.176000000000002, "just": 7.6160000000000005}, "Flying Broom": {"Onyx Black": 10.780000000000001, "Black": 19.939999999999998, "just": 7.905}, "Cupid Charm": {"Onyx Black": 17.918, "Black": 32.722, "just": 10.0895}, "Record Player": {"Onyx Black": 11.042, "Black": 20.278, "just": 6.6895}, "Eternal Rose": {"Onyx Black": 17.174, "Black": 33.574, "just": 11.296499999999998}, "Mad Pumpkin": {"Onyx Black": 22.776, "Black": 40.176, "just": 14.416}, "Voodoo Doll": {"Onyx Black": 22.03, "Black": 50.05, "just": 14.237499999999999}, "Diamond Ring": {"Onyx Black": 22.573999999999998, "Black": 45.754, "just": 13.846499999999999}, "Toy Bear": {"Onyx Black": 24.484, "Black": 46.968, "just": 15.538}, "Vintage Cigar": {"Onyx Black": 43.007999999999996, "Black": 55.408, "just": 20.128}, "Neko Helmet": {"Onyx Black": 38.044, "Black": 76.044, "just": 22.729}, "Low Rider": {"Onyx Black": 33.596000000000004, "Black": 90.396, "just": 20.961}, "Signet Ring": {"Onyx Black": 36.028, "Black": 73.628, "just": 21.572999999999997}, "Electric Skull": {"Onyx Black": 44.524, "Black": 68.52, "just": 26.808999999999997}, "Kissed Frog": {"Onyx Black": 43.194, "Black": 80.394, "just": 28.8915}, "Swiss Watch": {"Onyx Black": 43.384, "Black": 73.384, "just": 30.294}, "Sharp Tongue": {"Onyx Black": 58.974000000000004, "Black": 107.994, "just": 33.9915}, "Genie Lamp": {"Onyx Black": 65.674, "Black": 229.874, "just": 42.3215}, "Scared Cat": {"Onyx Black": 72.092,