{"Snoop Dogg": {"Goldizzle": 7.0505, "Sapphire": 2.1490000000000005, "Chrome": 2.4114999999999998, "Doggfather": 2.9819999999999998, "King Snoop": 4.473, "Cold Topaz": 2.1870000000000003, "AI Dogg": 2.906, "Emerald": 2.0255, "Black Gold": 1.826, "Green Light": 1.9115000000000002, "Doberman": 3.5710000000000006, "King Ruby": 2.016, "Black Diamond": 2.2915, "Onyx Black": 3.1999999999999997, "Black": 10.34, "just": 1.394}, "Swag Bag": {"Take It Easy": 2.561, "Snoop Life": 2.4625, "Gin & Jewels": 2.561, "Darkness": 2.1670000000000003, "Bulk Order": 2.4625, "Dogg’s Loot": 2.0685000000000002, "Boiling Hot": 2.6595, "Happy Herbs": 3.0535, "Cashback": 3.0535, "April 20th": 3.0535, "Missionary": 6.895, "Onyx Black": 3.335, "Black": 7.234999999999999, "just": 1.6744999999999999}, "Snoop Cigar": {"Onyx Black": 8.565, "Black": 16.82, "just": 3.9439999999999995}, "Lol Pop": {"Heart Pop": 1.54, "Icicle": 1.47, "Comic Crunch": 1.47, "Love Bubbles": 1.75, "Fire Vortex": 1.47, "Shock Wave": 1.6099999999999999, "Rosebud": 1.6099999999999999, "Romance": 1.47, "Einstein": 1.54, "Milky Way": 1.6099999999999999, "Doodle Art": 1.47, "Jinxed": 1.75, "Satellite": 1.75, "Angelina": 2.17, "Jolly Roger": 1.6099999999999999, "Celestia": 2.17, "Blood Sucker": 1.6099999999999999, "Red Shift": 1.47, "Dark Portal": 1.54, "Sweetheart": 1.68, "Pumpkin": 1.54, "Dark Sky": 1.75, "Andromeda": 1.89, "Hexed Helix": 1.8199999999999998, "Cobweb": 1.47, "Blood Ember": 1.54, "Sick Leave": 1.47, "Mortal Sin": 3.9199999999999995, "Watermelon": 1.47, "Glowstick": 2.17, "Sailor Moon": 1.6099999999999999, "Gold Star": 1.54, "Onyx Black": 1.95, "Black": 5.289999999999999, "just": 1.19}, "B-Day Candle": {"Final Boss": 2.0770000000000004, "Kaboom!": 1.8090000000000002, "Pixel Wish": 2.0770000000000004, "Purr Magic": 2.0770000000000004, "On Fire": 2.0770000000000004, "Happy Meows": 2.68, "Payday": 2.0770000000000004, "Onyx Black": 1.7200000000000002, "Black": 5.145, "just": 1.139}, "Desk Calendar": {"Fawkes Night": 2.7, "Heartbreak": 1.5525, "Sunday": 2.0925000000000002, "Tic Tac Toe": 1.6875, "Balloon Face": 1.4850000000000003, "Burning Time": 2.0925000000000002, "Fund Manager": 2.0925000000000002, "Durov Day": 2.7, "Checklist": 1.8225000000000002, "Independence": 2.7, "Adult Tasks": 23.125, "Investor": 5.675000000000001, "Pepe Plans": 10.975, "Telegram": 2.0925000000000002, "Hodler": 4.7250000000000005, "Deadline": 2.0925000000000002, "Peach Week": 2.0925000000000002, "Onyx Black": 1.62, "Black": 5.575000000000001, "just": 1.1475}, "Lunar Snake": {"Psychedelic": 1.9500000000000002, "Synthwave": 3.0, "Timelock": 1.9500000000000002, "Hellspawn": 2.0250000000000004, "Dragon Ball": 5.25, "Soul Eater": 2.325, "Hot Cherry": 2.0250000000000004, "Python Dev": 2.325, "Onyx Black": 2.2, "Black": 5.35, "just": 1.275}, "Xmas Stocking": {"Onyx Black": 2.145, "Black": 5.215, "just": 1.2155}, "Snake Box": {"Onyx Black": 1.855, "Black": 6.170000000000001, "just": 1.1560000000000001}, "Pet Snake": {"Onyx Black": 2.44, "Black": 5.29, "just": 1.394}, "Candy Cane": {"Grinch": 3.1, "Hex Pot": 3.1, "Designer": 5.425, "Sticky Sweet": 2.0925000000000002, "Onyx Black": 2.375, "Black": 5.994999999999999, "just": 1.3175}, "Whip Cupcake": {"Sponge Duck": 2.3560000000000003, "Toncoin": 2.3560000000000003, "Deep State": 2.3560000000000003, "Bitcoin": 10.01, "Resistance": 5.32, "Onyx Black": 2.0549999999999997, "Black": 5.705, "just": 1.292}, "Big Year": {"YouTubes": 3.038, "The Hobbit": 3.038, "Creator": 3.038, "Big Brother": 2.646, "Pokeball": 2.646, "Gold Mine": 5.4879999999999995, "Telegram": 5.4879999999999995, "Game Boy": 2.254, "First Website": 2.156, "Qing Dynasty": 3.038, "Bitcoin": 5.4879999999999995, "Cheshire Cat": 2.352, "Pavel Durov": 5.4879999999999995, "The Nether": 2.058, "Onyx Black": 3.455, "Black": 8.879999999999999, "just": 1.666}, "Homemade Cake": {"Onyx Black": 2.195, "Black": 5.795000000000001, "just": 1.4449999999999998}, "Cookie Heart": {"Onyx Black": 2.5949999999999998, "Black": 7.14, "just": 1.6064999999999998}, "Jester Hat": {"Onyx Black": 2.535, "Black": 6.33, "just": 1.4195}, "Holiday Drink": {"Onyx Black": 2.92, "Black": 5.6850000000000005, "just": 1.5895000000000001}, "Ginger Cookie": {"Onyx Black": 3.825, "Black": 6.549999999999999, "just": 1.8275}, "Hypno Lollipop": {"Onyx Black": 2.9050000000000002, "Black": 5.805, "just": 1.7934999999999999}, "Winter Wreath": {"Onyx Black": 2.58, "Black": 8.96, "just": 1.632}, "Party Sparkler": {"Onyx Black": 3.1950000000000003, "Black": 6.645, "just": 1.6064999999999998}, "Jingle Bells": {"Onyx Black": 2.7750000000000004, "Black": 6.925000000000001, "just": 1.5725}, "Tama Gadget": {"Onyx Black": 3.475, "Black": 7.0200000000000005, "just": 1.7424999999999997}, "Jack-in-the-Box": {"Onyx Black": 3.06, "Black": 7.815, "just": 1.8444999999999998}, "Star Notepad": {"Onyx Black": 3.88, "Black": 8.705, "just": 1.9209999999999998}, "Easter Egg": {"Onyx Black": 3.79, "Black": 11.044999999999998, "just": 2.2864999999999998}, "Santa Hat": {"Onyx Black": 3.5540000000000003, "Black": 8.434000000000001, "just": 2.3715}, "Hex Pot": {"Onyx Black": 4.05, "Black": 10.45, "just": 2.465}, "Restless Jar": {"Onyx Black": 4.005, "Black": 9.754999999999999, "just": 2.1334999999999997}, "Lush Bouquet": {"Onyx Black": 4.525, "Black": 7.664999999999999, "just": 2.3205}, "Spiced Wine": {"Onyx Black": 2.85, "Black": 6.022, "just": 1.8444999999999998}, "Snow Globe": {"Onyx Black": 4.15, "Black": 10.350000000000001, "just": 2.295}, "Joyful Bundle": {"Onyx Black": 3.465, "Black": 8.09, "just": 2.278}, "Light Sword": {"Onyx Black": 4.2219999999999995, "Black": 10.882000000000001, "just": 2.6944999999999997}, "Witch Hat": {"Onyx Black": 4.345000000000001, "Black": 11.995, "just": 2.5415}, "Bow Tie": {"Onyx Black": 4.95, "Black": 12.642, "just": 2.7624999999999997}, "Eternal Candle": {"Onyx Black": 5.2940000000000005, "Black": 10.893999999999998, "just": 2.9665}, "Jelly Bunny": {"Onyx Black": 4.73, "Black": 10.73, "just": 2.941}, "Bunny Muffin": {"Onyx Black": 5.514, "Black": 11.606, "just": 2.8985}, "Spy Agaric": {"Onyx Black": 4.720000000000001, "Black": 10.32, "just": 2.72}, "Evil Eye": {"Onyx Black": 6.4879999999999995, "Black": 13.088000000000001, "just": 2.9579999999999997}, "Snow Mittens": {"Onyx Black": 4.644, "Black": 7.184, "just": 3.1790000000000003}, "Berry Box": {"Onyx Black": 5.1419999999999995, "Black": 11.537999999999998, "just": 3.0345}, "Valentine Box": {"Onyx Black": 8.088000000000001, "Black": 12.564, "just": 3.8080000000000003}, "Sakura Flower": {"Onyx Black": 6.65, "Black": 13.75, "just": 4.0375}, "Hanging Star": {"Onyx Black": 8.656, "Black": 15.175999999999998, "just": 4.505}, "Sleigh Bell": {"Onyx Black": 10.648, "Black": 18.608, "just": 6.528}, "Love Candle": {"Onyx Black": 9.77, "Black": 15.969999999999999, "just": 6.7575}, "Skull Flower": {"Onyx Black": 9.788, "Black": 18.268, "just": 6.613}, "Crystal Ball": {"Onyx Black": 12.001999999999999, "Black": 29.601999999999997, "just": 6.5195}, "Trapped Heart": {"Onyx Black": 11.776, "Black": 19.772000000000002, "just": 7.6160000000000005}, "Top Hat": {"Onyx Black": 12.52, "Black": 25.972, "just": 6.969999999999999}, "Love Potion": {"Onyx Black": 10.966, "Black": 22.169999999999998, "just": 7.607499999999999}, "Flying Broom": {"Onyx Black": 10.9, "Black": 20.06, "just": 8.075}, "Cupid Charm": {"Onyx Black": 17.552, "Black": 33.556, "just": 9.571}, "Record Player": {"Onyx Black": 11.09, "Black": 20.726, "just": 6.7575}, "Eternal Rose": {"Onyx Black": 18.740000000000002, "Black": 32.34, "just": 11.815}, "Mad Pumpkin": {"Onyx Black": 24.366, "Black": 41.434, "just": 15.6315}, "Voodoo Doll": {"Onyx Black": 23.874, "Black": 54.542, "just": 14.9345}, "Diamond Ring": {"Onyx Black": 22.646, "Black": 45.82600000000001, "just": 13.9485}, "Toy Bear": {"Onyx Black": 25.49, "Black": 47.97, "just": 16.9575}, "Vintage Cigar": {"Onyx Black": 38.394, "Black": 55.594, "just": 20.391499999999997}, "Neko Helmet": {"Onyx Black": 37.3,