{"Snoop Dogg": {"Doggfather": 3.2955, "King Snoop": 4.416, "King Ruby": 2.0065, "Black Diamond": 2.1490000000000005, "Chrome": 2.4305, "Cold Topaz": 1.9115000000000002, "AI Dogg": 3.1625, "Sapphire": 2.016, "Goldizzle": 6.875500000000001, "Doberman": 3.5805000000000002, "Onyx Black": 3.44, "Black": 10.555384615384614, "just": 1.4789999999999999}, "Swag Bag": {"Happy Herbs": 2.945, "Gin & Jewels": 2.375, "April 20th": 2.945, "Missionary": 6.6499999999999995, "Cashback": 2.945, "Bulk Order": 2.4699999999999998, "Boiling Hot": 2.4699999999999998, "Darkness": 2.1849999999999996, "Take It Easy": 2.4699999999999998, "Snoop Life": 2.565, "Leopard": 2.09, "Onyx Black": 3.125, "Black": 6.949999999999999, "just": 1.615}, "Snoop Cigar": {"Onyx Black": 7.74, "Black": 18.494999999999997, "just": 3.8165}, "Lol Pop": {"Crystalline": 1.4175000000000002, "Love Bubbles": 1.4850000000000003, "Blood Ember": 1.5525, "Pumpkin": 1.5525, "Cobweb": 1.4850000000000003, "Blood Sucker": 1.6875, "Einstein": 1.4850000000000003, "Glowstick": 2.0925000000000002, "Watermelon": 1.4175000000000002, "Mortal Sin": 3.78, "Sick Leave": 1.5525, "Dark Sky": 1.5525, "Gold Star": 1.4850000000000003, "Pink Foil": 1.4175000000000002, "Cookie Dip": 1.4850000000000003, "Andromeda": 1.5525, "Dark Portal": 2.0925000000000002, "Nostalgia": 1.4175000000000002, "Celestia": 2.0925000000000002, "Hexed Helix": 1.5525, "Angelina": 2.0925000000000002, "Jinxed": 1.6875, "Sweetheart": 1.5525, "Satellite": 1.6875, "Heart Pop": 1.4850000000000003, "Wonka Berry": 1.4175000000000002, "Shock Wave": 1.4175000000000002, "Milky Way": 1.4175000000000002, "Doodle Art": 1.4850000000000003, "Portable Pop": 1.4175000000000002, "Jolly Roger": 1.5525, "Soap Bubbles": 1.4175000000000002, "Rosebud": 1.5525, "Sailor Moon": 1.4850000000000003, "Comic Crunch": 1.4850000000000003, "Icicle": 1.4175000000000002, "Onyx Black": 1.925, "Black": 5.395, "just": 1.1475}, "B-Day Candle": {"Kaboom!": 1.8225000000000002, "Final Boss": 2.0925000000000002, "Happy Meows": 2.0925000000000002, "Payday": 2.0925000000000002, "Purr Magic": 2.0925000000000002, "Pixel Wish": 2.0925000000000002, "On Fire": 2.0925000000000002, "Onyx Black": 1.74, "Black": 5.3149999999999995, "just": 1.1475}, "Desk Calendar": {"Checklist": 1.7685000000000002, "Fund Manager": 2.0305, "Peach Week": 2.0305, "Hodler": 3.6679999999999997, "Burning Time": 2.0305, "Durov Day": 2.62, "Balloon Face": 1.5065, "Deadline": 2.0305, "Telegram": 2.0305, "Pepe Plans": 11.39, "Adult Tasks": 25.654999999999998, "Investor": 5.35, "Tic Tac Toe": 1.7685000000000002, "Sunday": 2.0305, "Fawkes Night": 4.585, "Independence": 2.62, "Heartbreak": 1.6375000000000002, "Onyx Black": 1.65, "Black": 6.0, "just": 1.1135}, "Lunar Snake": {"Psychedelic": 1.75, "Hellspawn": 2.17, "Synthwave": 5.699999999999999, "Soul Eater": 1.89, "Dragon Ball": 5.6, "Python Dev": 2.17, "Timelock": 1.68, "Hot Cherry": 2.17, "Onyx Black": 2.0949999999999998, "Black": 5.594999999999999, "just": 1.19}, "Xmas Stocking": {"Onyx Black": 2.035, "Black": 5.465, "just": 1.2155}, "Snake Box": {"Onyx Black": 2.15, "Black": 5.92, "just": 1.139}, "Pet Snake": {"Onyx Black": 2.525, "Black": 5.880000000000001, "just": 1.513}, "Candy Cane": {"Sticky Sweet": 2.0655, "Designer": 5.355, "Grinch": 3.06, "Hex Pot": 3.06, "Onyx Black": 2.265, "Black": 6.15, "just": 1.3005}, "Whip Cupcake": {"Sponge Duck": 2.294, "Resistance": 5.18, "Toncoin": 2.96, "Bitcoin": 10.685, "Deep State": 1.998, "Onyx Black": 2.2350000000000003, "Black": 5.539999999999999, "just": 1.258}, "Big Year": {"Cheshire Cat": 2.34, "First Website": 2.0475, "Big Brother": 3.0225, "Pavel Durov": 5.46, "YouTubes": 3.0225, "The Hobbit": 3.9, "Qing Dynasty": 3.9, "Creator": 3.0225, "Game Boy": 2.0475, "Gold Mine": 6.825, "The Nether": 2.0475, "Bitcoin": 5.46, "Pokeball": 2.6325000000000003, "Telegram": 5.46, "Onyx Black": 3.45, "Black": 8.4, "just": 1.6575}, "Homemade Cake": {"Onyx Black": 2.035, "Black": 5.42, "just": 1.394}, "Cookie Heart": {"Onyx Black": 2.5149999999999997, "Black": 7.435, "just": 1.5979999999999999}, "Jester Hat": {"Onyx Black": 2.785, "Black": 6.569999999999999, "just": 1.394}, "Holiday Drink": {"Onyx Black": 2.66, "Black": 5.865, "just": 1.5555}, "Ginger Cookie": {"Onyx Black": 3.55, "Black": 6.425000000000001, "just": 1.5725}, "Hypno Lollipop": {"Onyx Black": 2.8449999999999998, "Black": 6.444999999999999, "just": 1.6064999999999998}, "Winter Wreath": {"Onyx Black": 2.71, "Black": 9.415, "just": 1.6404999999999998}, "Party Sparkler": {"Onyx Black": 4.375, "Black": 7.995, "just": 1.7764999999999997}, "Jingle Bells": {"Onyx Black": 2.855, "Black": 6.955, "just": 1.7084999999999997}, "Tama Gadget": {"Onyx Black": 3.4399999999999995, "Black": 6.995, "just": 1.6915}, "Jack-in-the-Box": {"Onyx Black": 3.12, "Black": 7.925000000000001, "just": 1.8615}, "Star Notepad": {"Onyx Black": 3.9450000000000003, "Black": 9.04, "just": 2.0315}, "Easter Egg": {"Onyx Black": 3.925, "Black": 11.075, "just": 2.1675}, "Santa Hat": {"Onyx Black": 3.474, "Black": 8.254, "just": 2.1165000000000003}, "Hex Pot": {"Onyx Black": 3.975, "Black": 10.399999999999999, "just": 2.38}, "Restless Jar": {"Onyx Black": 4.0, "Black": 8.469999999999999, "just": 2.125}, "Lush Bouquet": {"Onyx Black": 4.4350000000000005, "Black": 8.085, "just": 2.4395000000000002}, "Spiced Wine": {"Onyx Black": 3.0460000000000003, "Black": 6.69, "just": 2.1165000000000003}, "Snow Globe": {"Onyx Black": 4.195, "Black": 10.42, "just": 2.4139999999999997}, "Joyful Bundle": {"Onyx Black": 4.115, "Black": 8.175, "just": 2.4225}, "Light Sword": {"Onyx Black": 4.17, "Black": 10.370000000000001, "just": 2.5075000000000003}, "Witch Hat": {"Onyx Black": 4.375, "Black": 11.955, "just": 2.4735}, "Bow Tie": {"Onyx Black": 4.0280000000000005, "Black": 13.18, "just": 2.5669999999999997}, "Eternal Candle": {"Onyx Black": 4.822, "Black": 10.082, "just": 2.9495}, "Jelly Bunny": {"Onyx Black": 4.46, "Black": 10.434999999999999, "just": 2.907}, "Bunny Muffin": {"Onyx Black": 4.602, "Black": 11.682, "just": 2.9495}, "Spy Agaric": {"Onyx Black": 5.0600000000000005, "Black": 11.86, "just": 2.635}, "Evil Eye": {"Onyx Black": 6.220000000000001, "Black": 12.748000000000001, "just": 3.145}, "Snow Mittens": {"Onyx Black": 4.9879999999999995, "Black": 7.867999999999999, "just": 3.383}, "Berry Box": {"Onyx Black": 4.622, "Black": 11.809999999999999, "just": 3.1534999999999997}, "Valentine Box": {"Onyx Black": 8.608, "Black": 10.767999999999999, "just": 3.9779999999999998}, "Sakura Flower": {"Onyx Black": 6.3740000000000006, "Black": 14.574000000000002, "just": 3.6465}, "Hanging Star": {"Onyx Black": 8.624, "Black": 15.091999999999999, "just": 4.386}, "Sleigh Bell": {"Onyx Black": 10.624, "Black": 18.424, "just": 5.984}, "Love Candle": {"Onyx Black": 10.258, "Black": 16.458, "just": 6.315499999999999}, "Skull Flower": {"Onyx Black": 10.629999999999999, "Black": 16.71, "just": 6.672499999999999}, "Crystal Ball": {"Onyx Black": 12.584, "Black": 31.008, "just": 6.528}, "Trapped Heart": {"Onyx Black": 11.26, "Black": 19.247999999999998, "just": 6.885}, "Top Hat": {"Onyx Black": 12.394, "Black": 25.846000000000004, "just": 6.7915}, "Love Potion": {"Onyx Black": 10.534, "Black": 24.934, "just": 7.556500000000001}, "Flying Broom": {"Onyx Black": 10.962, "Black": 17.162, "just": 7.879499999999999}, "Cupid Charm": {"Onyx Black": 17.382, "Black": 34.182, "just": 9.3245}, "Record Player": {"Onyx Black": 11.264, "Black": 20.419999999999998, "just": 7.004}, "Eternal Rose": {"Onyx Black": 19.182000000000002, "Black": 34.382, "just": 11.8745}, "Mad Pumpkin": {"Onyx Black": 25.894, "Black": 41.894000000000005, "just": 14.016499999999999}, "Voodoo Doll": {"Onyx Black": 23.634, "Black": 58.134, "just": 14.3565}, "Diamond Ring": {"Onyx Black": 22.46, "Black": 37.260000000000005, "just": 13.685}, "Toy Bear": {"Onyx Black": 23.064, "Black": 41.06400000000001, "just": 15.674000000000001}, "Vintage Cigar": {"Onyx Black": 45.194, "Black": 61.194,