{"Snoop Dogg": {"Green Light": 1.9445000000000001, "Goldizzle": 7.3065, "King Snoop": 4.8455, "King Ruby": 1.9730000000000003, "Black Diamond": 2.125, "AI Dogg": 2.8605, "Sapphire": 2.0775, "Chrome": 2.367, "Doberman": 3.5255, "Doggfather": 2.8415, "Cold Topaz": 2.0015, "Emerald": 1.9634999999999998, "Onyx Black": 3.1933333333333334, "Black": 10.556923076923075, "just": 1.513}, "Swag Bag": {"Cashback": 3.069, "Missionary": 8.69, "Aviators": 2.079, "April 20th": 3.069, "Golden Nugs": 2.079, "Bulk Order": 2.2769999999999997, "Gin & Jewels": 2.574, "Happy Herbs": 3.069, "Leopard": 2.2769999999999997, "Snoop Life": 2.376, "Boiling Hot": 2.475, "Take It Easy": 2.376, "Darkness": 2.178, "Onyx Black": 2.99, "Black": 7.49, "just": 1.683}, "Snoop Cigar": {"Onyx Black": 7.880000000000001, "Black": 18.79, "just": 4.063}, "Lol Pop": {"Celestia": 2.2319999999999998, "Plastic Ice": 1.512, "Cobweb": 1.584, "Blood Ember": 1.584, "Watermelon": 1.512, "Romance": 1.512, "Satellite": 1.6847999999999999, "Jolly Roger": 1.728, "Glowstick": 1.944, "Fire Vortex": 1.512, "Jinxed": 1.6847999999999999, "Shock Wave": 1.584, "Doodle Art": 1.656, "Hexed Helix": 1.584, "Mortal Sin": 2.88, "Sailor Moon": 1.512, "Blood Sucker": 1.944, "Dark Portal": 1.7999999999999998, "Einstein": 1.728, "Angelina": 2.2319999999999998, "Rosebud": 1.728, "Heart Pop": 1.584, "Pumpkin": 1.512, "Pink Foil": 1.512, "Love Bubbles": 1.8719999999999999, "Dark Sky": 1.584, "Cookie Dip": 1.512, "Milky Way": 1.512, "Sweetheart": 1.7999999999999998, "Comic Crunch": 1.512, "Andromeda": 1.7999999999999998, "Onyx Black": 2.02, "Black": 5.220000000000001, "just": 1.224}, "B-Day Candle": {"Payday": 2.17, "Happy Meows": 2.17, "On Fire": 2.8, "Purr Magic": 2.17, "Pixel Wish": 2.17, "Final Boss": 2.17, "Kaboom!": 1.89, "Onyx Black": 2.02, "Black": 5.25, "just": 1.19}, "Desk Calendar": {"Balloon Face": 2.0925000000000002, "Fawkes Night": 3.78, "Hodler": 4.7250000000000005, "Independence": 2.0925000000000002, "Peach Week": 2.0925000000000002, "Investor": 7.125, "Durov Day": 2.7, "Sunday": 2.0925000000000002, "Adult Tasks": 22.675, "Burning Time": 2.0925000000000002, "Telegram": 2.0925000000000002, "Heartbreak": 1.4850000000000003, "Checklist": 2.0925000000000002, "Pepe Plans": 14.674999999999999, "Deadline": 2.0925000000000002, "Fund Manager": 2.0925000000000002, "Onyx Black": 1.7, "Black": 5.33, "just": 1.1475}, "Lunar Snake": {"Dragon Ball": 5.25, "Psychedelic": 2.325, "Hot Cherry": 2.325, "Python Dev": 2.325, "Timelock": 1.9500000000000002, "Soul Eater": 2.325, "Synthwave": 5.25, "Hellspawn": 2.325, "Onyx Black": 2.225, "Black": 5.495, "just": 1.275}, "Xmas Stocking": {"Onyx Black": 2.52, "Black": 5.525, "just": 1.3175}, "Snake Box": {"Onyx Black": 2.215, "Black": 5.545, "just": 1.3515}, "Pet Snake": {"Onyx Black": 2.49, "Black": 6.145, "just": 1.496}, "Candy Cane": {"Hex Pot": 3.18, "Sticky Sweet": 2.4645, "Designer": 9.045, "Grinch": 3.18, "Onyx Black": 2.35, "Black": 5.77, "just": 1.3515}, "Whip Cupcake": {"Toncoin": 2.418, "Bitcoin": 12.57, "Deep State": 2.1060000000000003, "Sponge Duck": 2.418, "Resistance": 6.779999999999999, "Onyx Black": 2.25, "Black": 6.025, "just": 1.326}, "Big Year": {"Bitcoin": 5.6, "Gold Mine": 7.0, "Pokeball": 2.7, "Creator": 2.7, "Pavel Durov": 7.0, "YouTubes": 4.0, "The Hobbit": 4.0, "Qing Dynasty": 3.1, "Cheshire Cat": 3.1, "Telegram": 5.6, "First Website": 2.2, "Balloons": 2.34, "The Nether": 2.7, "Game Boy": 2.2, "Big Brother": 3.1, "Onyx Black": 3.62, "Black": 9.25, "just": 1.7}, "Homemade Cake": {"Onyx Black": 2.2800000000000002, "Black": 5.51, "just": 1.5385}, "Cookie Heart": {"Onyx Black": 2.685, "Black": 6.699999999999999, "just": 1.615}, "Jester Hat": {"Onyx Black": 2.625, "Black": 6.225, "just": 1.4875}, "Holiday Drink": {"Onyx Black": 2.61, "Black": 6.1049999999999995, "just": 1.632}, "Ginger Cookie": {"Onyx Black": 3.7649999999999997, "Black": 6.99, "just": 1.683}, "Hypno Lollipop": {"Onyx Black": 3.085, "Black": 6.175, "just": 1.6744999999999999}, "Winter Wreath": {"Moon Cat": 86.0, "Onyx Black": 2.9, "Black": 7.195, "just": 1.7}, "Party Sparkler": {"Onyx Black": 3.205, "Black": 7.28, "just": 1.632}, "Jingle Bells": {"Onyx Black": 2.83, "Black": 6.550000000000001, "just": 1.7934999999999999}, "Tama Gadget": {"Onyx Black": 3.485, "Black": 6.585, "just": 1.8444999999999998}, "Jack-in-the-Box": {"Onyx Black": 3.075, "Black": 7.07, "just": 1.9040000000000001}, "Star Notepad": {"Onyx Black": 4.02, "Black": 9.515, "just": 1.9889999999999999}, "Easter Egg": {"Onyx Black": 3.795, "Black": 10.77, "just": 2.4139999999999997}, "Santa Hat": {"Onyx Black": 3.956, "Black": 8.396, "just": 2.3459999999999996}, "Hex Pot": {"Onyx Black": 4.055, "Black": 10.19, "just": 2.4565}, "Restless Jar": {"Onyx Black": 4.0600000000000005, "Black": 8.809999999999999, "just": 2.227}, "Lush Bouquet": {"Onyx Black": 4.49, "Black": 8.9, "just": 2.55}, "Spiced Wine": {"Onyx Black": 3.3259999999999996, "Black": 6.754, "just": 2.2015}, "Snow Globe": {"Onyx Black": 4.35, "Black": 10.850000000000001, "just": 2.295}, "Joyful Bundle": {"Onyx Black": 3.9050000000000002, "Black": 9.66, "just": 2.397}, "Light Sword": {"Onyx Black": 4.58, "Black": 9.86, "just": 2.635}, "Witch Hat": {"Onyx Black": 4.675, "Black": 12.18, "just": 2.856}, "Bow Tie": {"Onyx Black": 4.692, "Black": 12.288, "just": 2.686}, "Eternal Candle": {"Onyx Black": 4.882, "Black": 10.562000000000001, "just": 2.9495}, "Jelly Bunny": {"Onyx Black": 4.795, "Black": 10.68, "just": 2.8815}, "Bunny Muffin": {"Onyx Black": 4.692, "Black": 12.232000000000001, "just": 3.162}, "Spy Agaric": {"Onyx Black": 5.574, "Black": 10.486, "just": 2.9665}, "Evil Eye": {"Onyx Black": 6.263999999999999, "Black": 12.108, "just": 3.043}, "Snow Mittens": {"Onyx Black": 5.74, "Black": 8.256, "just": 3.315}, "Berry Box": {"Onyx Black": 5.634, "Black": 10.674, "just": 3.2215}, "Valentine Box": {"Onyx Black": 7.614000000000001, "Black": 13.213999999999999, "just": 3.9865000000000004}, "Sakura Flower": {"Onyx Black": 6.476000000000001, "Black": 15.52, "just": 4.42}, "Hanging Star": {"Onyx Black": 7.776, "Black": 15.116, "just": 4.726}, "Sleigh Bell": {"Onyx Black": 10.452, "Black": 20.451999999999998, "just": 6.3069999999999995}, "Love Candle": {"Onyx Black": 10.994, "Black": 17.234, "just": 7.6415}, "Skull Flower": {"Onyx Black": 12.1, "Black": 17.740000000000002, "just": 7.225}, "Crystal Ball": {"Onyx Black": 12.6, "Black": 28.036, "just": 7.14}, "Trapped Heart": {"Onyx Black": 13.006, "Black": 17.846, "just": 7.1485}, "Top Hat": {"Onyx Black": 12.982, "Black": 21.382, "just": 7.6245}, "Love Potion": {"Onyx Black": 12.346, "Black": 23.678000000000004, "just": 8.0495}, "Flying Broom": {"Onyx Black": 12.87, "Black": 19.67, "just": 8.032499999999999}, "Cupid Charm": {"Onyx Black": 17.816, "Black": 30.619999999999997, "just": 9.944999999999999}, "Record Player": {"Onyx Black": 10.134, "Black": 20.733999999999998, "just": 6.706499999999999}, "Eternal Rose": {"Onyx Black": 19.996, "Black": 33.6, "just": 11.9}, "Mad Pumpkin": {"Onyx Black": 23.560000000000002, "Black": 41.28, "just": 16.66}, "Voodoo Doll": {"Onyx Black": 22.896, "Black": 45.7, "just": 14.875}, "Diamond Ring": {"Onyx Black": 22.29, "Black": 43.894000000000005, "just": 14.016499999999999}, "Toy Bear": {"Onyx Black": 34.06, "Black": 51.9, "just": 22.525}, "Vintage Cigar": {"Onyx Black": 37.2, "Black": 67.4, "just": 21.25}, "Neko Helmet": {"Onyx Black": 38.974000000000004, "Black": 64.974, "just": 24.046499999999998}, "Low Rider": {"Onyx Black": 33.194, "Black": 81.594, "just": 22.091499999999996}, "Signet Ring": {"Onyx Black": 37.774, "Black": 80.57000000000001, "just": 24.046499999999998}, "Electric Skull": {"Onyx Black": 42.814, "Black": 76.814, "just": 29.486499999999996}, "Kissed Frog": {"Onyx Black": 46.49, "Black": 81.294, "just": 30.1665}, "Swiss Watch": {"Onyx Black": 45.278000000000006, "Black": 73.678, "just": 30.7105}, "Sharp Tongue": {"Onyx Black": 57.752, "Black": 145.35199999999998, "just": 36.482},