{"Snoop Dogg": {"Black Diamond": 2.1060000000000003, "Goldizzle": 7.5405, "Sapphire": 2.1155, "AI Dogg": 2.9269999999999996, "Chrome": 2.2865, "King Snoop": 4.9405, "Doggfather": 3.2119999999999997, "Cold Topaz": 1.9825, "Doberman": 3.231, "Onyx Black": 3.2466666666666666, "Black": 10.412307692307692, "just": 1.547}, "Swag Bag": {"Missionary": 7.174999999999999, "Snoop Life": 2.5625, "Leopard": 2.3985, "April 20th": 2.7675, "Take It Easy": 2.7675, "Aviators": 2.1525, "P.I.M.P.": 2.1525, "Dogg’s Loot": 2.1525, "Cashback": 3.1774999999999998, "Boiling Hot": 2.4599999999999995, "Gin & Jewels": 2.3985, "Happy Herbs": 3.1774999999999998, "Darkness": 2.255, "Bulk Order": 2.3574999999999995, "Onyx Black": 3.125, "Black": 7.374999999999999, "just": 1.7424999999999997}, "Snoop Cigar": {"Onyx Black": 7.955, "Black": 19.3, "just": 4.2075000000000005}, "Lol Pop": {"Glowstick": 2.2785, "Dark Sky": 1.617, "Doodle Art": 1.617, "Love Bubbles": 1.617, "Jolly Roger": 1.8375, "Pumpkin": 1.5435, "Nostalgia": 1.5435, "Crystal Comet": 1.5435, "Dark Portal": 1.911, "Hexed Helix": 1.8375, "Jinxed": 1.764, "Hollywood": 1.5435, "Rosebud": 1.7198999999999998, "Angelina": 2.2785, "Sweetheart": 1.617, "Andromeda": 1.9845000000000002, "Comic Crunch": 1.5435, "Blood Ember": 1.617, "Heart Pop": 1.5435, "Fire Vortex": 1.5435, "Magic Wand": 1.5435, "Milky Way": 1.617, "Celestia": 2.2785, "Sick Leave": 1.5435, "Cobweb": 1.5435, "Einstein": 1.7198999999999998, "Mortal Sin": 4.116, "Satellite": 1.7198999999999998, "Blood Sucker": 1.9845000000000002, "Onyx Black": 2.035, "Black": 5.1850000000000005, "just": 1.2495}, "B-Day Candle": {"Pixel Wish": 2.2475, "Payday": 2.2475, "Final Boss": 2.2475, "Kaboom!": 1.9575, "On Fire": 2.2475, "Purr Magic": 2.2475, "Happy Meows": 2.2475, "Onyx Black": 1.8250000000000002, "Black": 5.194999999999999, "just": 1.2325}, "Desk Calendar": {"Telegram": 2.263, "Fund Manager": 2.263, "Pepe Plans": 14.724999999999998, "Hodler": 5.109999999999999, "Checklist": 1.971, "Sunday": 1.898, "Deadline": 2.263, "Fawkes Night": 2.92, "Peach Week": 2.263, "Adult Tasks": 25.73, "Balloon Face": 1.825, "Burning Time": 2.263, "Tic Tac Toe": 2.263, "Durov Day": 5.109999999999999, "Investor": 8.73, "Heartbreak": 1.606, "Independence": 2.263, "Onyx Black": 1.88, "Black": 5.125, "just": 1.2409999999999999}, "Lunar Snake": {"Dragon Ball": 5.145, "Python Dev": 2.2785, "Hot Cherry": 2.2785, "Soul Eater": 2.2785, "Synthwave": 5.145, "Psychedelic": 2.2785, "Timelock": 2.2785, "Hellspawn": 1.9845000000000002, "Onyx Black": 2.235, "Black": 5.4799999999999995, "just": 1.2495}, "Xmas Stocking": {"Onyx Black": 2.185, "Black": 5.180000000000001, "just": 1.2495}, "Snake Box": {"Onyx Black": 2.045, "Black": 5.404999999999999, "just": 1.292}, "Pet Snake": {"Onyx Black": 2.4, "Black": 6.159999999999999, "just": 1.53}, "Candy Cane": {"Grinch": 2.92, "Designer": 7.180000000000001, "Sticky Sweet": 2.263, "Hex Pot": 4.088, "Onyx Black": 2.33, "Black": 5.7299999999999995, "just": 1.2409999999999999}, "Whip Cupcake": {"Bitcoin": 14.52, "Deep State": 2.387, "Sponge Duck": 2.387, "Toncoin": 2.387, "Resistance": 6.485, "Onyx Black": 2.17, "Black": 5.51, "just": 1.309}, "Big Year": {"YouTubes": 3.0535, "Telegram": 3.94, "The Hobbit": 3.94, "Game Boy": 2.364, "Big Brother": 3.0535, "Creator": 2.6595, "Bitcoin": 5.516, "Qing Dynasty": 3.0535, "Balloons": 2.2655, "Pokeball": 2.6595, "The Nether": 3.0535, "First Website": 2.0685000000000002, "Gold Mine": 6.895, "Pavel Durov": 9.98, "Cheshire Cat": 2.6595, "Onyx Black": 3.6100000000000003, "Black": 9.184999999999999, "just": 1.6744999999999999}, "Homemade Cake": {"Onyx Black": 2.34, "Black": 5.32, "just": 1.564}, "Cookie Heart": {"Onyx Black": 2.475, "Black": 6.7299999999999995, "just": 1.6744999999999999}, "Jester Hat": {"Onyx Black": 2.645, "Black": 6.095, "just": 1.5215}, "Holiday Drink": {"Onyx Black": 2.675, "Black": 6.215, "just": 1.615}, "Ginger Cookie": {"Onyx Black": 3.575, "Black": 6.895, "just": 1.7}, "Hypno Lollipop": {"Onyx Black": 3.485, "Black": 6.945, "just": 1.7}, "Winter Wreath": {"Moon Cat": 88.47500000000001, "Onyx Black": 2.9749999999999996, "Black": 6.9750000000000005, "just": 1.6575}, "Party Sparkler": {"Onyx Black": 3.035, "Black": 7.249999999999999, "just": 1.666}, "Jingle Bells": {"Onyx Black": 2.85, "Black": 6.235, "just": 1.87}, "Tama Gadget": {"Onyx Black": 3.46, "Black": 6.790000000000001, "just": 1.785}, "Jack-in-the-Box": {"Onyx Black": 3.215, "Black": 6.63, "just": 1.9209999999999998}, "Star Notepad": {"Onyx Black": 3.785, "Black": 9.21, "just": 2.057}, "Easter Egg": {"Onyx Black": 3.795, "Black": 10.875, "just": 2.4139999999999997}, "Santa Hat": {"Onyx Black": 3.86, "Black": 8.216000000000001, "just": 2.295}, "Hex Pot": {"Onyx Black": 4.02, "Black": 10.11, "just": 2.4055}, "Restless Jar": {"Onyx Black": 3.995, "Black": 9.305, "just": 2.244}, "Lush Bouquet": {"Onyx Black": 4.615, "Black": 8.875, "just": 2.7624999999999997}, "Spiced Wine": {"Onyx Black": 3.322, "Black": 6.558, "just": 2.0145}, "Snow Globe": {"Onyx Black": 4.880000000000001, "Black": 11.385, "just": 2.3545}, "Joyful Bundle": {"Onyx Black": 3.965, "Black": 9.61, "just": 2.3545}, "Light Sword": {"Onyx Black": 4.564, "Black": 10.68, "just": 2.669}, "Witch Hat": {"Onyx Black": 4.475, "Black": 11.549999999999999, "just": 2.635}, "Bow Tie": {"Onyx Black": 4.5440000000000005, "Black": 11.628, "just": 2.754}, "Eternal Candle": {"Onyx Black": 5.452, "Black": 11.652, "just": 2.907}, "Jelly Bunny": {"Onyx Black": 5.2, "Black": 10.695, "just": 2.9325}, "Bunny Muffin": {"Onyx Black": 4.758, "Black": 11.734, "just": 3.3065}, "Spy Agaric": {"Onyx Black": 5.59, "Black": 10.462, "just": 2.9325}, "Evil Eye": {"Onyx Black": 6.2379999999999995, "Black": 13.438, "just": 3.1705}, "Snow Mittens": {"Onyx Black": 5.8, "Black": 8.716, "just": 3.4}, "Berry Box": {"Onyx Black": 5.514, "Black": 10.734, "just": 3.3065}, "Valentine Box": {"Onyx Black": 7.279999999999999, "Black": 12.879999999999999, "just": 4.08}, "Sakura Flower": {"Onyx Black": 6.582, "Black": 16.182, "just": 4.2245}, "Hanging Star": {"Onyx Black": 9.082, "Black": 15.298000000000002, "just": 4.9895}, "Sleigh Bell": {"Onyx Black": 10.559999999999999, "Black": 20.56, "just": 6.46}, "Love Candle": {"Onyx Black": 10.568, "Black": 17.272, "just": 7.208}, "Skull Flower": {"Onyx Black": 11.774, "Black": 18.694, "just": 7.046499999999999}, "Crystal Ball": {"Onyx Black": 12.654, "Black": 28.293999999999997, "just": 7.2165}, "Trapped Heart": {"Onyx Black": 12.628, "Black": 17.427999999999997, "just": 7.123}, "Top Hat": {"Onyx Black": 14.943999999999999, "Black": 26.543999999999997, "just": 7.004}, "Love Potion": {"Onyx Black": 13.586, "Black": 23.990000000000002, "just": 8.4915}, "Flying Broom": {"Onyx Black": 12.034, "Black": 17.634, "just": 7.9815000000000005}, "Cupid Charm": {"Onyx Black": 16.662, "Black": 32.862, "just": 10.0045}, "Record Player": {"Onyx Black": 10.54, "Black": 20.740000000000002, "just": 6.715}, "Eternal Rose": {"Onyx Black": 20.63, "Black": 30.669999999999998, "just": 12.282499999999999}, "Mad Pumpkin": {"Onyx Black": 24.026, "Black": 40.001999999999995, "just": 15.903500000000001}, "Voodoo Doll": {"Onyx Black": 23.752000000000002, "Black": 39.352000000000004, "just": 14.382000000000001}, "Diamond Ring": {"Onyx Black": 21.872, "Black": 43.07599999999999, "just": 13.991}, "Toy Bear": {"Onyx Black": 32.84, "Black": 53.0, "just": 21.25}, "Vintage Cigar": {"Onyx Black": 36.894, "Black": 64.694, "just": 20.816499999999998}, "Neko Helmet": {"Onyx Black": 38.344, "Black": 67.064, "just": 23.153999999999996}, "Low Rider": {"Onyx Black": 32.894, "Black": 84.18199999999999, "just": 21.6665}, "Signet Ring": {"Onyx Black": 37.594, "Black": 76.754, "just": 23.7915}, "Electric Skull": {"Onyx Black": 44.054, "Black": 76.05799999999999, "just": 28.415499999999998}, "Kissed Frog": {"Onyx Black": 45.294, "Black": 80.094, "just": 28.4665}, "Swiss Watch": {"Onyx Black": 42.81, "Black": 72.81, "just": 30.0475},