{"Snoop Dogg": {"Cold Topaz": 2.0205, "Sapphire": 2.2295000000000003, "Doggfather": 3.3259999999999996, "Black Diamond": 2.258, "AI Dogg": 3.0885, "King Snoop": 5.881, "Chrome": 2.5810000000000004, "Doberman": 3.5255, "Goldizzle": 6.875500000000001, "Onyx Black": 3.833333333333333, "Black": 10.276923076923076, "just": 1.615}, "Swag Bag": {"Missionary": 8.975000000000001, "Dogg’s Loot": 2.1525, "April 20th": 3.1774999999999998, "Leopard": 2.1525, "Happy Herbs": 3.1774999999999998, "Bulk Order": 2.255, "Darkness": 2.255, "Snoop Life": 2.665, "Take It Easy": 2.665, "Gin & Jewels": 2.3985, "Boiling Hot": 2.7675, "Cashback": 3.1774999999999998, "Onyx Black": 3.77, "Black": 7.5249999999999995, "just": 1.7424999999999997}, "Snoop Cigar": {"Onyx Black": 8.415, "Black": 19.08, "just": 4.114}, "Lol Pop": {"Watermelon": 1.512, "Crystal Comet": 1.512, "Plastic Ice": 1.512, "Hexed Helix": 1.7999999999999998, "Cobweb": 1.584, "Blood Ember": 1.584, "Rosebud": 1.728, "Jolly Roger": 1.6847999999999999, "Gold Star": 1.512, "Pumpkin": 2.2319999999999998, "Einstein": 1.6847999999999999, "Glowstick": 1.944, "Love Bubbles": 1.6847999999999999, "Heart Pop": 1.584, "Milky Way": 1.512, "Dark Sky": 1.584, "Celestia": 1.944, "Blood Sucker": 1.8719999999999999, "Jinxed": 1.728, "Mortal Sin": 2.88, "Andromeda": 1.944, "Dark Portal": 1.7999999999999998, "Satellite": 1.7999999999999998, "Hollywood": 1.512, "Doodle Art": 1.584, "Shock Wave": 1.512, "Fire Vortex": 1.584, "Angelina": 2.2319999999999998, "Sweetheart": 1.728, "Onyx Black": 2.0149999999999997, "Black": 5.125, "just": 1.224}, "B-Day Candle": {"Happy Meows": 2.2319999999999998, "Kaboom!": 1.944, "On Fire": 2.2319999999999998, "Purr Magic": 2.2319999999999998, "Payday": 2.2319999999999998, "Pixel Wish": 2.2319999999999998, "Final Boss": 2.2319999999999998, "Onyx Black": 1.8699999999999999, "Black": 5.15, "just": 1.224}, "Desk Calendar": {"Hodler": 4.7250000000000005, "Sunday": 2.0925000000000002, "Tic Tac Toe": 1.6875, "Pepe Plans": 14.124999999999998, "Telegram": 2.7, "Balloon Face": 1.7550000000000001, "Adult Tasks": 25.625, "Checklist": 2.0925000000000002, "Heartbreak": 1.5525, "Peach Week": 2.0925000000000002, "Burning Time": 2.0925000000000002, "Investor": 8.575000000000001, "Independence": 2.0925000000000002, "Fawkes Night": 4.7250000000000005, "Durov Day": 6.925000000000001, "Fund Manager": 2.0925000000000002, "Deadline": 2.0925000000000002, "Onyx Black": 1.8, "Black": 5.025, "just": 1.1475}, "Lunar Snake": {"Timelock": 2.418, "Hellspawn": 2.1060000000000003, "Python Dev": 2.418, "Dragon Ball": 5.46, "Psychedelic": 1.9500000000000002, "Synthwave": 4.367999999999999, "Soul Eater": 2.418, "Hot Cherry": 2.1060000000000003, "Onyx Black": 2.425, "Black": 5.529999999999999, "just": 1.326}, "Xmas Stocking": {"Onyx Black": 2.075, "Black": 6.18, "just": 1.258}, "Snake Box": {"Onyx Black": 2.025, "Black": 5.495, "just": 1.275}, "Pet Snake": {"Onyx Black": 2.445, "Black": 6.0649999999999995, "just": 1.6064999999999998}, "Candy Cane": {"Grinch": 4.311999999999999, "Designer": 5.390000000000001, "Sticky Sweet": 2.079, "Hex Pot": 3.08, "Onyx Black": 2.12, "Black": 5.815, "just": 1.309}, "Whip Cupcake": {"Resistance": 5.425, "Bitcoin": 11.925, "Toncoin": 2.4025000000000003, "Sponge Duck": 2.4025000000000003, "Deep State": 2.0925000000000002, "Onyx Black": 2.15, "Black": 5.4, "just": 1.3175}, "Big Year": {"Balloons": 1.974, "Gold Mine": 6.58, "Pavel Durov": 9.940000000000001, "Telegram": 6.58, "Bitcoin": 5.263999999999999, "Cheshire Cat": 2.9139999999999997, "The Hobbit": 3.76, "First Website": 2.1995999999999998, "Creator": 2.538, "The Nether": 2.538, "Pokeball": 2.538, "YouTubes": 2.9139999999999997, "Game Boy": 2.068, "Qing Dynasty": 2.9139999999999997, "Big Brother": 2.9139999999999997, "Onyx Black": 3.54, "Black": 9.434999999999999, "just": 1.5979999999999999}, "Homemade Cake": {"Onyx Black": 2.235, "Black": 5.390000000000001, "just": 1.5979999999999999}, "Cookie Heart": {"Onyx Black": 2.505, "Black": 6.45, "just": 1.6235}, "Jester Hat": {"Onyx Black": 2.6950000000000003, "Black": 6.590000000000001, "just": 1.5215}, "Holiday Drink": {"Onyx Black": 2.65, "Black": 6.0249999999999995, "just": 1.53}, "Ginger Cookie": {"Onyx Black": 3.59, "Black": 7.255, "just": 1.5979999999999999}, "Hypno Lollipop": {"Onyx Black": 3.3150000000000004, "Black": 7.465, "just": 1.6404999999999998}, "Winter Wreath": {"Moon Cat": 106.25999999999999, "Onyx Black": 2.895, "Black": 6.495, "just": 1.6915}, "Party Sparkler": {"Onyx Black": 3.3449999999999998, "Black": 7.1899999999999995, "just": 1.615}, "Jingle Bells": {"Onyx Black": 2.8, "Black": 6.709999999999999, "just": 1.615}, "Tama Gadget": {"Onyx Black": 3.465, "Black": 6.795, "just": 1.7934999999999999}, "Jack-in-the-Box": {"Onyx Black": 3.115, "Black": 6.865, "just": 1.8955}, "Star Notepad": {"Onyx Black": 3.675, "Black": 9.125, "just": 1.9975}, "Easter Egg": {"Onyx Black": 3.84, "Black": 10.92, "just": 2.4905}, "Santa Hat": {"Onyx Black": 3.722, "Black": 9.182, "just": 2.2695}, "Hex Pot": {"Onyx Black": 3.9450000000000003, "Black": 9.315, "just": 2.2864999999999998}, "Restless Jar": {"Onyx Black": 3.7750000000000004, "Black": 8.725, "just": 2.2525}, "Lush Bouquet": {"Onyx Black": 4.995, "Black": 8.594999999999999, "just": 2.5415}, "Spiced Wine": {"Onyx Black": 3.082, "Black": 6.878, "just": 2.0995}, "Snow Globe": {"Onyx Black": 4.785, "Black": 10.184999999999999, "just": 2.5245}, "Joyful Bundle": {"Onyx Black": 4.845, "Black": 9.665000000000001, "just": 2.4565}, "Light Sword": {"Onyx Black": 4.864000000000001, "Black": 10.484, "just": 2.669}, "Witch Hat": {"Onyx Black": 4.43, "Black": 11.93, "just": 2.431}, "Bow Tie": {"Onyx Black": 6.2, "Black": 11.8, "just": 2.55}, "Eternal Candle": {"Onyx Black": 5.216, "Black": 10.804, "just": 2.856}, "Jelly Bunny": {"Onyx Black": 4.9399999999999995, "Black": 11.64, "just": 2.8729999999999998}, "Bunny Muffin": {"Onyx Black": 6.7940000000000005, "Black": 17.554, "just": 3.3915}, "Spy Agaric": {"Onyx Black": 6.968, "Black": 10.440000000000001, "just": 2.8899999999999997}, "Evil Eye": {"Onyx Black": 7.062, "Black": 14.262, "just": 3.2045}, "Snow Mittens": {"Onyx Black": 6.036, "Black": 8.856000000000002, "just": 3.4509999999999996}, "Berry Box": {"Onyx Black": 4.808, "Black": 10.608, "just": 3.128}, "Valentine Box": {"Onyx Black": 7.24, "Black": 13.271999999999998, "just": 4.08}, "Sakura Flower": {"Onyx Black": 7.04, "Black": 15.048, "just": 4.318}, "Hanging Star": {"Onyx Black": 8.562000000000001, "Black": 15.202, "just": 4.8195}, "Sleigh Bell": {"Onyx Black": 11.176, "Black": 24.016, "just": 6.256}, "Love Candle": {"Onyx Black": 10.478, "Black": 15.794, "just": 7.6415}, "Skull Flower": {"Onyx Black": 11.636, "Black": 18.355999999999998, "just": 6.851}, "Crystal Ball": {"Onyx Black": 11.284, "Black": 26.764000000000003, "just": 6.7490000000000006}, "Trapped Heart": {"Onyx Black": 12.078000000000001, "Black": 20.938000000000002, "just": 6.9955}, "Top Hat": {"Onyx Black": 14.434, "Black": 27.462, "just": 6.6045}, "Love Potion": {"Onyx Black": 12.396, "Black": 23.756, "just": 8.16}, "Flying Broom": {"Onyx Black": 11.324, "Black": 19.043999999999997, "just": 8.108999999999998}, "Cupid Charm": {"Onyx Black": 18.684, "Black": 33.084, "just": 10.319}, "Record Player": {"Onyx Black": 10.440000000000001, "Black": 20.44, "just": 6.29}, "Eternal Rose": {"Onyx Black": 18.372, "Black": 34.376000000000005, "just": 11.866}, "Mad Pumpkin": {"Onyx Black": 24.128, "Black": 37.328, "just": 16.048}, "Voodoo Doll": {"Onyx Black": 24.594, "Black": 46.614000000000004, "just": 15.0365}, "Diamond Ring": {"Onyx Black": 21.854, "Black": 43.458, "just": 13.965499999999999}, "Toy Bear": {"Onyx Black": 31.28, "Black": 48.4, "just": 20.4}, "Vintage Cigar": {"Onyx Black": 35.480000000000004, "Black": 59.879999999999995, "just": 20.23}, "Neko Helmet": {"Onyx Black": 36.5, "Black": 61.9, "just": 22.525}, "Low Rider": {"Onyx Black": 32.6, "Black": 76.2, "just": 21.25},