{"Snoop Dogg": {"King Ruby": 2.0015, "AI Dogg": 2.8605, "Cold Topaz": 1.9730000000000003, "Black Diamond": 2.0490000000000004, "Chrome": 2.2865, "Green Light": 1.9445000000000001, "Sapphire": 2.0205, "King Snoop": 4.8075, "Goldizzle": 7.3255, "Doberman": 3.5255, "Doggfather": 2.837, "Onyx Black": 3.2533333333333334, "Black": 10.403076923076922, "just": 1.513}, "Swag Bag": {"Happy Herbs": 3.0845000000000002, "Leopard": 2.189, "Cashback": 3.0845000000000002, "Gin & Jewels": 2.4875, "Missionary": 8.69, "Snoop Life": 2.388, "April 20th": 3.0845000000000002, "Darkness": 2.388, "Bulk Order": 2.2885, "Boiling Hot": 2.4875, "Take It Easy": 2.587, "Aviators": 2.0895, "Onyx Black": 3.09, "Black": 7.445, "just": 1.6915}, "Snoop Cigar": {"Onyx Black": 7.375, "Black": 18.875, "just": 4.0375}, "Lol Pop": {"Hexed Helix": 1.7249999999999999, "Einstein": 1.6500000000000001, "Heart Pop": 1.5750000000000002, "Sweetheart": 1.875, "Milky Way": 1.5750000000000002, "Dark Portal": 1.7999999999999998, "Jinxed": 1.6500000000000001, "Blood Sucker": 1.875, "Shock Wave": 1.6500000000000001, "Love Bubbles": 1.9500000000000002, "Jolly Roger": 1.7249999999999999, "Pumpkin": 1.5750000000000002, "Dark Sky": 1.5750000000000002, "Doodle Art": 1.5750000000000002, "Blood Ember": 1.6500000000000001, "Glowstick": 2.325, "Angelina": 2.325, "Celestia": 2.325, "Andromeda": 2.0250000000000004, "Comic Crunch": 1.5750000000000002, "Cobweb": 1.6500000000000001, "Satellite": 1.7249999999999999, "Mortal Sin": 3.0, "Rosebud": 1.755, "Onyx Black": 2.05, "Black": 5.245, "just": 1.275}, "B-Day Candle": {"Pixel Wish": 2.17, "Payday": 2.17, "Purr Magic": 2.17, "Happy Meows": 2.17, "Kaboom!": 2.17, "On Fire": 2.8, "Final Boss": 2.8, "Onyx Black": 1.925, "Black": 5.1, "just": 1.19}, "Desk Calendar": {"Sunday": 2.1545, "Checklist": 1.8765, "Pepe Plans": 14.69, "Durov Day": 4.864999999999999, "Adult Tasks": 26.485, "Telegram": 2.1545, "Tic Tac Toe": 2.1545, "Deadline": 2.1545, "Burning Time": 2.1545, "Independence": 2.1545, "Balloon Face": 1.8765, "Heartbreak": 1.4595, "Peach Week": 2.1545, "Fund Manager": 2.1545, "Fawkes Night": 3.8919999999999995, "Investor": 7.145, "Hodler": 4.864999999999999, "Onyx Black": 1.88, "Black": 5.295, "just": 1.1815}, "Lunar Snake": {"Hellspawn": 2.0250000000000004, "Synthwave": 5.25, "Timelock": 2.325, "Psychedelic": 2.325, "Hot Cherry": 2.325, "Dragon Ball": 5.25, "Soul Eater": 2.325, "Python Dev": 2.325, "Onyx Black": 2.25, "Black": 5.5, "just": 1.275}, "Xmas Stocking": {"Onyx Black": 2.35, "Black": 5.455, "just": 1.2495}, "Snake Box": {"Onyx Black": 2.145, "Black": 5.84, "just": 1.2665}, "Pet Snake": {"Onyx Black": 2.5250000000000004, "Black": 5.715, "just": 1.5555}, "Candy Cane": {"Hex Pot": 3.14, "Grinch": 3.14, "Sticky Sweet": 2.4335, "Designer": 7.285, "Onyx Black": 2.34, "Black": 5.845, "just": 1.3345}, "Whip Cupcake": {"Toncoin": 2.4025000000000003, "Resistance": 6.2749999999999995, "Deep State": 2.015, "Bitcoin": 14.875, "Sponge Duck": 2.4025000000000003, "Onyx Black": 2.245, "Black": 5.7749999999999995, "just": 1.3175}, "Big Year": {"Pokeball": 2.7405, "YouTubes": 4.06, "Big Brother": 3.1464999999999996, "Telegram": 4.06, "Creator": 2.7405, "Pavel Durov": 7.1049999999999995, "Cheshire Cat": 2.7405, "The Nether": 2.7405, "Balloons": 2.3345, "The Hobbit": 4.06, "First Website": 2.1315, "Game Boy": 2.5374999999999996, "Gold Mine": 7.1049999999999995, "Bitcoin": 5.683999999999999, "Qing Dynasty": 3.1464999999999996, "Onyx Black": 3.6399999999999997, "Black": 9.215, "just": 1.7254999999999998}, "Homemade Cake": {"Onyx Black": 2.4299999999999997, "Black": 5.1899999999999995, "just": 1.5979999999999999}, "Cookie Heart": {"Onyx Black": 2.66, "Black": 6.905, "just": 1.632}, "Jester Hat": {"Onyx Black": 2.54, "Black": 5.885, "just": 1.5045}, "Holiday Drink": {"Onyx Black": 2.57, "Black": 6.4750000000000005, "just": 1.6575}, "Ginger Cookie": {"Onyx Black": 3.75, "Black": 7.000000000000001, "just": 1.6575}, "Hypno Lollipop": {"Onyx Black": 3.075, "Black": 6.925000000000001, "just": 1.6575}, "Winter Wreath": {"Moon Cat": 100.99499999999999, "Onyx Black": 2.97, "Black": 7.19, "just": 1.6915}, "Party Sparkler": {"Onyx Black": 3.17, "Black": 7.24, "just": 1.649}, "Jingle Bells": {"Onyx Black": 2.795, "Black": 6.22, "just": 1.7764999999999997}, "Tama Gadget": {"Onyx Black": 3.4850000000000003, "Black": 6.574999999999999, "just": 1.8275}, "Jack-in-the-Box": {"Onyx Black": 3.08, "Black": 7.13, "just": 1.9209999999999998}, "Star Notepad": {"Onyx Black": 3.875, "Black": 9.425, "just": 1.9975}, "Easter Egg": {"Onyx Black": 3.8200000000000003, "Black": 10.905000000000001, "just": 2.465}, "Santa Hat": {"Onyx Black": 3.968, "Black": 8.276, "just": 2.38}, "Hex Pot": {"Onyx Black": 4.01, "Black": 9.899999999999999, "just": 2.38}, "Restless Jar": {"Onyx Black": 3.97, "Black": 8.77, "just": 2.159}, "Lush Bouquet": {"Onyx Black": 4.51, "Black": 8.995000000000001, "just": 2.584}, "Spiced Wine": {"Onyx Black": 3.56, "Black": 7.048, "just": 2.125}, "Snow Globe": {"Onyx Black": 4.47, "Black": 11.464999999999998, "just": 2.499}, "Joyful Bundle": {"Onyx Black": 3.8449999999999998, "Black": 9.695, "just": 2.4565}, "Light Sword": {"Onyx Black": 4.6, "Black": 10.68, "just": 2.669}, "Witch Hat": {"Onyx Black": 4.6, "Black": 12.100000000000001, "just": 2.72}, "Bow Tie": {"Onyx Black": 4.712, "Black": 12.156, "just": 2.771}, "Eternal Candle": {"Onyx Black": 4.958, "Black": 10.438000000000002, "just": 2.8305}, "Jelly Bunny": {"Onyx Black": 4.6, "Black": 10.684999999999999, "just": 2.8899999999999997}, "Bunny Muffin": {"Onyx Black": 4.482, "Black": 11.482000000000001, "just": 2.9495}, "Spy Agaric": {"Onyx Black": 5.668, "Black": 10.54, "just": 3.043}, "Evil Eye": {"Onyx Black": 6.1, "Black": 12.02, "just": 2.975}, "Snow Mittens": {"Onyx Black": 5.782, "Black": 7.981999999999999, "just": 3.3745000000000003}, "Berry Box": {"Onyx Black": 5.444, "Black": 11.564, "just": 3.1790000000000003}, "Valentine Box": {"Onyx Black": 7.6739999999999995, "Black": 13.674, "just": 4.0715}, "Sakura Flower": {"Onyx Black": 6.338, "Black": 15.382000000000001, "just": 4.2245}, "Hanging Star": {"Onyx Black": 7.782, "Black": 15.122, "just": 4.7345}, "Sleigh Bell": {"Onyx Black": 10.405999999999999, "Black": 20.409999999999997, "just": 6.2475}, "Love Candle": {"Onyx Black": 10.822, "Black": 18.462, "just": 7.4544999999999995}, "Skull Flower": {"Onyx Black": 11.738, "Black": 18.738, "just": 6.9955}, "Crystal Ball": {"Onyx Black": 12.419999999999998, "Black": 28.060000000000002, "just": 6.885}, "Trapped Heart": {"Onyx Black": 13.094000000000001, "Black": 17.894, "just": 7.2165}, "Top Hat": {"Onyx Black": 15.638, "Black": 21.238, "just": 7.4205000000000005}, "Love Potion": {"Onyx Black": 13.916, "Black": 23.912, "just": 8.380999999999998}, "Flying Broom": {"Onyx Black": 12.888, "Black": 18.688000000000002, "just": 8.058}, "Cupid Charm": {"Onyx Black": 17.122, "Black": 30.722, "just": 10.0895}, "Record Player": {"Onyx Black": 10.48, "Black": 20.68, "just": 6.63}, "Eternal Rose": {"Onyx Black": 21.242, "Black": 34.682, "just": 12.2995}, "Mad Pumpkin": {"Onyx Black": 24.782, "Black": 40.982, "just": 16.9745}, "Voodoo Doll": {"Onyx Black": 25.02, "Black": 46.239999999999995, "just": 15.639999999999999}, "Diamond Ring": {"Onyx Black": 22.058, "Black": 43.658, "just": 14.254499999999998}, "Toy Bear": {"Onyx Black": 34.5, "Black": 51.980000000000004, "just": 23.205}, "Vintage Cigar": {"Onyx Black": 37.17, "Black": 66.57, "just": 21.2075}, "Neko Helmet": {"Onyx Black": 38.403999999999996, "Black": 60.804, "just": 23.239}, "Low Rider": {"Onyx Black": 33.194, "Black": 81.594, "just": 22.091499999999996}, "Signet Ring": {"Onyx Black": 38.014, "Black": 80.81, "just": 24.3865}, "Electric Skull": {"Onyx Black": 46.172, "Black": 76.172, "just": 28.576999999999998}, "Kissed Frog": {"Onyx Black": 46.43, "Black": 81.23400000000001, "just": 30.0815}, "Swiss Watch": {"Onyx Black": 42.868, "Black": 72.468, "just": 29.563},