{"Snoop Dogg": {"King Ruby": 2.0490000000000004, "Black Gold": 2.0015, "AI Dogg": 3.0885, "Goldizzle": 7.5405, "Cold Topaz": 1.916, "Doggfather": 3.098, "Black Diamond": 2.0585, "Chrome": 2.3435, "Doberman": 3.6109999999999998, "King Snoop": 4.6365, "Emerald": 2.0300000000000002, "Sapphire": 2.0395, "Onyx Black": 3.4266666666666667, "Black": 10.42, "just": 1.547}, "Swag Bag": {"Take It Easy": 2.587, "Bulk Order": 2.4875, "Cashback": 3.0845000000000002, "Happy Herbs": 3.0845000000000002, "Snoop Life": 2.587, "Boiling Hot": 2.587, "Gin & Jewels": 2.587, "April 20th": 3.0845000000000002, "Golden Nugs": 2.0895, "Missionary": 6.965, "Leopard": 2.2885, "Darkness": 2.3283, "Onyx Black": 3.0949999999999998, "Black": 7.245, "just": 1.6915}, "Snoop Cigar": {"Onyx Black": 7.300000000000001, "Black": 19.3, "just": 3.995}, "Lol Pop": {"Icicle": 1.4805, "Mortal Sin": 3.9479999999999995, "Blood Ember": 1.6214999999999997, "Celestia": 2.1854999999999998, "Jolly Roger": 1.551, "Magic Wand": 1.4805, "Love Bubbles": 1.6214999999999997, "Rosebud": 1.551, "Watermelon": 1.4805, "Blood Sucker": 1.9035, "Plastic Ice": 1.4805, "Doodle Art": 1.6496999999999997, "Milky Way": 1.551, "Dark Portal": 1.692, "Sailor Moon": 1.4805, "Andromeda": 1.9035, "Satellite": 1.692, "Shock Wave": 1.6214999999999997, "Portable Pop": 1.4805, "Fire Vortex": 1.4805, "Pumpkin": 1.4805, "Jinxed": 1.551, "Glowstick": 2.1854999999999998, "Heart Pop": 1.4805, "Cobweb": 1.551, "Einstein": 1.4805, "Sweetheart": 1.9035, "Dark Sky": 1.7625, "Sick Leave": 1.4805, "Cookie Dip": 1.551, "Angelina": 2.1854999999999998, "Hexed Helix": 1.6214999999999997, "Onyx Black": 1.9500000000000002, "Black": 5.245, "just": 1.1985}, "B-Day Candle": {"Payday": 2.108, "Kaboom!": 1.8360000000000003, "Pixel Wish": 2.108, "On Fire": 2.108, "Purr Magic": 2.108, "Happy Meows": 2.108, "Final Boss": 2.108, "Onyx Black": 1.755, "Black": 5.13, "just": 1.1560000000000001}, "Desk Calendar": {"Independence": 2.72, "Balloon Face": 2.108, "Sunday": 1.8360000000000003, "Adult Tasks": 24.13, "Fund Manager": 2.108, "Tic Tac Toe": 2.108, "Checklist": 2.108, "Burning Time": 1.8360000000000003, "Peach Week": 2.108, "Heartbreak": 1.5912, "Investor": 4.760000000000001, "Hodler": 4.760000000000001, "Deadline": 2.108, "Pepe Plans": 10.515, "Telegram": 2.108, "Durov Day": 2.72, "Fawkes Night": 2.72, "Onyx Black": 1.7400000000000002, "Black": 5.365, "just": 1.1560000000000001}, "Lunar Snake": {"Soul Eater": 2.294, "Hot Cherry": 1.998, "Timelock": 1.998, "Synthwave": 5.18, "Python Dev": 2.294, "Hellspawn": 2.294, "Dragon Ball": 5.18, "Psychedelic": 1.85, "Onyx Black": 2.1399999999999997, "Black": 5.84, "just": 1.258}, "Xmas Stocking": {"Onyx Black": 2.7199999999999998, "Black": 5.715000000000001, "just": 1.309}, "Snake Box": {"Onyx Black": 1.96, "Black": 6.155, "just": 1.2069999999999999}, "Pet Snake": {"Onyx Black": 2.215, "Black": 5.865, "just": 1.4705}, "Candy Cane": {"Grinch": 3.14, "Hex Pot": 2.4335, "Designer": 8.385, "Sticky Sweet": 2.4335, "Onyx Black": 2.36, "Black": 5.885, "just": 1.3345}, "Whip Cupcake": {"Resistance": 5.32, "Toncoin": 2.3560000000000003, "Deep State": 2.3560000000000003, "Bitcoin": 9.26, "Sponge Duck": 2.3560000000000003, "Onyx Black": 2.2350000000000003, "Black": 5.695, "just": 1.292}, "Big Year": {"First Website": 2.3100000000000005, "Game Boy": 2.205, "Bitcoin": 5.88, "Telegram": 4.2, "The Hobbit": 3.2550000000000003, "The Nether": 2.7300000000000004, "Creator": 2.8350000000000004, "YouTubes": 4.2, "Pavel Durov": 4.2, "Pokeball": 2.7300000000000004, "Qing Dynasty": 3.2550000000000003, "Big Brother": 2.8350000000000004, "Cheshire Cat": 2.415, "Gold Mine": 7.3500000000000005, "Onyx Black": 3.67, "Black": 9.915000000000001, "just": 1.785}, "Homemade Cake": {"Onyx Black": 2.43, "Black": 5.43, "just": 1.5895000000000001}, "Cookie Heart": {"Onyx Black": 2.555, "Black": 6.6, "just": 1.6235}, "Jester Hat": {"Onyx Black": 2.5, "Black": 6.484999999999999, "just": 1.53}, "Holiday Drink": {"Onyx Black": 2.495, "Black": 5.995, "just": 1.6915}, "Ginger Cookie": {"Onyx Black": 3.79, "Black": 6.515000000000001, "just": 1.7254999999999998}, "Hypno Lollipop": {"Onyx Black": 2.7649999999999997, "Black": 6.470000000000001, "just": 1.7254999999999998}, "Winter Wreath": {"Moon Cat": 105.49499999999999, "Onyx Black": 2.97, "Black": 7.995, "just": 1.6915}, "Party Sparkler": {"Onyx Black": 3.4800000000000004, "Black": 6.484999999999999, "just": 1.6744999999999999}, "Jingle Bells": {"Onyx Black": 2.895, "Black": 6.8, "just": 1.87}, "Tama Gadget": {"Onyx Black": 3.46, "Black": 6.700000000000001, "just": 1.785}, "Jack-in-the-Box": {"Onyx Black": 3.125, "Black": 7.37, "just": 1.9040000000000001}, "Star Notepad": {"Onyx Black": 3.9850000000000003, "Black": 9.459999999999999, "just": 1.887}, "Easter Egg": {"Onyx Black": 3.8149999999999995, "Black": 11.089999999999998, "just": 2.363}, "Santa Hat": {"Onyx Black": 3.51, "Black": 8.450000000000001, "just": 2.4225}, "Hex Pot": {"Onyx Black": 3.885, "Black": 10.09, "just": 2.363}, "Restless Jar": {"Onyx Black": 3.765, "Black": 10.215, "just": 2.193}, "Lush Bouquet": {"Onyx Black": 4.29, "Black": 7.99, "just": 2.533}, "Spiced Wine": {"Onyx Black": 3.042, "Black": 6.934000000000001, "just": 2.0995}, "Snow Globe": {"Onyx Black": 4.484999999999999, "Black": 11.41, "just": 2.4395000000000002}, "Joyful Bundle": {"Onyx Black": 3.6550000000000002, "Black": 7.925000000000001, "just": 2.431}, "Light Sword": {"Onyx Black": 4.882, "Black": 10.59, "just": 2.6774999999999998}, "Witch Hat": {"Onyx Black": 4.345000000000001, "Black": 11.62, "just": 2.754}, "Bow Tie": {"Onyx Black": 4.888, "Black": 12.624, "just": 2.754}, "Eternal Candle": {"Onyx Black": 5.096, "Black": 11.128, "just": 3.026}, "Jelly Bunny": {"Onyx Black": 5.12, "Black": 10.72, "just": 2.924}, "Bunny Muffin": {"Onyx Black": 4.970000000000001, "Black": 14.565999999999999, "just": 3.0854999999999997}, "Spy Agaric": {"Onyx Black": 5.24, "Black": 10.432, "just": 2.8899999999999997}, "Evil Eye": {"Onyx Black": 6.414, "Black": 13.274000000000001, "just": 3.2215}, "Snow Mittens": {"Onyx Black": 5.1080000000000005, "Black": 8.204, "just": 3.128}, "Berry Box": {"Onyx Black": 5.916, "Black": 11.636000000000001, "just": 3.2809999999999997}, "Valentine Box": {"Onyx Black": 7.166, "Black": 12.606000000000002, "just": 3.9185000000000003}, "Sakura Flower": {"Onyx Black": 6.734, "Black": 15.334, "just": 4.156499999999999}, "Hanging Star": {"Onyx Black": 8.004, "Black": 15.196, "just": 4.539}, "Sleigh Bell": {"Onyx Black": 10.193999999999999, "Black": 18.189999999999998, "just": 5.9415000000000004}, "Love Candle": {"Onyx Black": 10.882000000000001, "Black": 19.482, "just": 7.1995000000000005}, "Skull Flower": {"Onyx Black": 11.096, "Black": 18.7, "just": 7.225}, "Crystal Ball": {"Onyx Black": 11.809999999999999, "Black": 27.814000000000004, "just": 6.5365}, "Trapped Heart": {"Onyx Black": 13.347999999999999, "Black": 18.668, "just": 7.633}, "Top Hat": {"Onyx Black": 12.370000000000001, "Black": 22.57, "just": 6.7575}, "Love Potion": {"Onyx Black": 10.994, "Black": 24.594, "just": 7.6415}, "Flying Broom": {"Onyx Black": 13.554, "Black": 20.113999999999997, "just": 8.1515}, "Cupid Charm": {"Onyx Black": 16.662, "Black": 32.262, "just": 10.0045}, "Record Player": {"Onyx Black": 10.688, "Black": 20.727999999999998, "just": 6.6979999999999995}, "Eternal Rose": {"Onyx Black": 20.130000000000003, "Black": 35.730000000000004, "just": 11.5175}, "Mad Pumpkin": {"Onyx Black": 21.98, "Black": 40.976, "just": 13.855}, "Voodoo Doll": {"Onyx Black": 22.415999999999997, "Black": 45.94, "just": 14.194999999999999}, "Diamond Ring": {"Onyx Black": 22.396, "Black": 41.2, "just": 13.6}, "Toy Bear": {"Onyx Black": 26.11, "Black": 48.394000000000005, "just": 17.8415}, "Vintage Cigar": {"Onyx Black": 38.604, "Black": 54.604, "just": 20.689}, "Neko Helmet": {"Onyx Black": 37.6, "Black": 75.6, "just": 22.099999999999998}, "Low Rider": {"Onyx Black": 34.34, "Black": 87.53999999999999,