{"Snoop Dogg": {"Chrome": 2.4715, "Silver": 1.8874999999999997, "Black Diamond": 2.011, "King Snoop": 5.4155, "Doggfather": 3.2405, "Goldizzle": 7.5915, "AI Dogg": 2.6565, "Cold Topaz": 1.9730000000000003, "Sapphire": 2.0585, "Black Gold": 1.9445000000000001, "Doberman": 3.763, "Onyx Black": 3.726666666666667, "Black": 10.246153846153845, "just": 1.53}, "Swag Bag": {"Bulk Order": 2.189, "Aviators": 2.0895, "Boiling Hot": 2.587, "Cashback": 3.0845000000000002, "April 20th": 3.0845000000000002, "Gin & Jewels": 2.388, "Golden Nugs": 2.0895, "Happy Herbs": 3.0845000000000002, "Take It Easy": 2.587, "Missionary": 8.445, "Snoop Life": 2.4875, "Onyx Black": 3.745, "Black": 7.1450000000000005, "just": 1.6915}, "Snoop Cigar": {"Onyx Black": 8.415, "Black": 19.945, "just": 4.165}, "Lol Pop": {"Einstein": 1.6965, "Mortal Sin": 2.9, "Cobweb": 1.595, "Glowstick": 1.9575, "Crystalline": 1.5225, "Satellite": 1.6674999999999998, "Sweetheart": 1.74, "Blood Sucker": 1.74, "Dark Portal": 1.74, "Sick Leave": 1.5225, "Icicle": 1.5225, "Plastic Ice": 1.5225, "Heart Pop": 1.595, "Rosebud": 1.74, "Fire Vortex": 1.595, "Angelina": 2.2475, "Watermelon": 1.5225, "Comic Crunch": 1.5225, "Andromeda": 1.9575, "Pumpkin": 1.9575, "Shock Wave": 1.5225, "Blood Ember": 1.595, "Jolly Roger": 1.6674999999999998, "Hexed Helix": 1.595, "Love Bubbles": 1.595, "Gold Star": 1.5225, "Dark Sky": 1.595, "Doodle Art": 1.595, "Jinxed": 1.6965, "Celestia": 1.9575, "Onyx Black": 1.915, "Black": 4.944999999999999, "just": 1.2325}, "B-Day Candle": {"Payday": 2.139, "Purr Magic": 2.139, "Kaboom!": 2.139, "Final Boss": 2.139, "Happy Meows": 2.139, "On Fire": 2.139, "Pixel Wish": 2.139, "Onyx Black": 1.74, "Black": 4.91, "just": 1.1729999999999998}, "Desk Calendar": {"Hodler": 4.7250000000000005, "Fawkes Night": 5.620000000000001, "Balloon Face": 1.62, "Sunday": 2.0925000000000002, "Fund Manager": 2.0925000000000002, "Peach Week": 2.0925000000000002, "Investor": 9.175, "Tic Tac Toe": 1.6875, "Heartbreak": 1.5795, "Telegram": 2.7, "Burning Time": 2.0925000000000002, "Independence": 2.0925000000000002, "Durov Day": 6.575000000000001, "Pepe Plans": 13.924999999999999, "Adult Tasks": 25.61, "Checklist": 1.7550000000000001, "Deadline": 2.0925000000000002, "Onyx Black": 1.75, "Black": 4.995000000000001, "just": 1.1475}, "Lunar Snake": {"Synthwave": 5.075, "Hot Cherry": 1.9575, "Psychedelic": 1.8125, "Dragon Ball": 5.075, "Hellspawn": 1.9575, "Python Dev": 2.2475, "Timelock": 2.2475, "Soul Eater": 2.2475, "Onyx Black": 2.825, "Black": 5.425, "just": 1.2325}, "Xmas Stocking": {"Onyx Black": 2.09, "Black": 5.74, "just": 1.258}, "Snake Box": {"Onyx Black": 2.145, "Black": 5.995, "just": 1.275}, "Pet Snake": {"Onyx Black": 2.475, "Black": 5.9, "just": 1.5725}, "Candy Cane": {"Grinch": 3.12, "Designer": 5.46, "Sticky Sweet": 1.9500000000000002, "Hex Pot": 4.367999999999999, "Onyx Black": 2.13, "Black": 5.785, "just": 1.326}, "Whip Cupcake": {"Deep State": 2.052, "Sponge Duck": 2.3560000000000003, "Toncoin": 2.3560000000000003, "Resistance": 5.32, "Bitcoin": 11.51, "Onyx Black": 2.185, "Black": 5.42, "just": 1.292}, "Big Year": {"The Hobbit": 3.76, "Gold Mine": 6.58, "Bitcoin": 5.263999999999999, "Balloons": 1.974, "First Website": 2.538, "Qing Dynasty": 2.9139999999999997, "Big Brother": 2.9139999999999997, "Telegram": 5.263999999999999, "Game Boy": 2.068, "The Nether": 2.538, "Cheshire Cat": 2.9139999999999997, "Pavel Durov": 9.190000000000001, "Pokeball": 2.538, "Creator": 2.9139999999999997, "YouTubes": 3.76, "Onyx Black": 3.535, "Black": 8.940000000000001, "just": 1.5979999999999999}, "Homemade Cake": {"Onyx Black": 2.2199999999999998, "Black": 5.57, "just": 1.5725}, "Cookie Heart": {"Onyx Black": 2.65, "Black": 6.504999999999999, "just": 1.615}, "Jester Hat": {"Onyx Black": 2.49, "Black": 6.555000000000001, "just": 1.513}, "Holiday Drink": {"Onyx Black": 2.665, "Black": 6.294999999999999, "just": 1.6064999999999998}, "Ginger Cookie": {"Onyx Black": 3.625, "Black": 7.220000000000001, "just": 1.6575}, "Hypno Lollipop": {"Onyx Black": 3.3200000000000003, "Black": 7.445, "just": 1.6915}, "Winter Wreath": {"Moon Cat": 90.95, "Onyx Black": 2.8499999999999996, "Black": 7.9, "just": 1.615}, "Party Sparkler": {"Onyx Black": 2.91, "Black": 6.69, "just": 1.632}, "Jingle Bells": {"Onyx Black": 2.865, "Black": 6.965, "just": 1.7254999999999998}, "Tama Gadget": {"Onyx Black": 3.43, "Black": 6.760000000000001, "just": 1.734}, "Jack-in-the-Box": {"Onyx Black": 3.145, "Black": 6.8950000000000005, "just": 1.9465}, "Star Notepad": {"Onyx Black": 3.57, "Black": 9.17, "just": 1.9889999999999999}, "Easter Egg": {"Onyx Black": 3.775, "Black": 10.855, "just": 2.38}, "Santa Hat": {"Onyx Black": 3.776, "Black": 9.235999999999999, "just": 2.3459999999999996}, "Hex Pot": {"Onyx Black": 3.95, "Black": 9.309999999999999, "just": 2.295}, "Restless Jar": {"Onyx Black": 4.21, "Black": 8.555, "just": 2.2355}, "Lush Bouquet": {"Onyx Black": 4.699999999999999, "Black": 8.225000000000001, "just": 2.5925}, "Spiced Wine": {"Onyx Black": 2.992, "Black": 6.9079999999999995, "just": 2.142}, "Snow Globe": {"Onyx Black": 7.449999999999999, "Black": 10.049999999999999, "just": 2.465}, "Joyful Bundle": {"Onyx Black": 4.904999999999999, "Black": 9.379999999999999, "just": 2.3885}, "Light Sword": {"Onyx Black": 4.648, "Black": 10.244, "just": 2.618}, "Witch Hat": {"Onyx Black": 4.645, "Black": 11.995, "just": 2.5415}, "Bow Tie": {"Onyx Black": 5.914, "Black": 12.306, "just": 2.7115}, "Eternal Candle": {"Onyx Black": 5.404, "Black": 10.996, "just": 3.128}, "Jelly Bunny": {"Onyx Black": 4.845, "Black": 11.405000000000001, "just": 2.8135}, "Bunny Muffin": {"Onyx Black": 6.739999999999999, "Black": 16.740000000000002, "just": 3.4849999999999994}, "Spy Agaric": {"Onyx Black": 6.902, "Black": 10.446000000000002, "just": 2.9835}, "Evil Eye": {"Onyx Black": 7.07, "Black": 14.274000000000001, "just": 3.2215}, "Snow Mittens": {"Onyx Black": 5.976, "Black": 8.675999999999998, "just": 3.366}, "Berry Box": {"Onyx Black": 4.748, "Black": 10.524, "just": 3.2129999999999996}, "Valentine Box": {"Onyx Black": 6.966, "Black": 12.566, "just": 3.9185000000000003}, "Sakura Flower": {"Onyx Black": 6.92, "Black": 16.311999999999998, "just": 4.42}, "Hanging Star": {"Onyx Black": 9.146, "Black": 15.394, "just": 5.0915}, "Sleigh Bell": {"Onyx Black": 10.774000000000001, "Black": 23.974, "just": 6.1964999999999995}, "Love Candle": {"Onyx Black": 10.344, "Black": 15.704, "just": 7.513999999999999}, "Skull Flower": {"Onyx Black": 11.048, "Black": 18.368000000000002, "just": 6.867999999999999}, "Crystal Ball": {"Onyx Black": 12.282, "Black": 26.722, "just": 6.6895}, "Trapped Heart": {"Onyx Black": 11.54, "Black": 20.740000000000002, "just": 6.715}, "Top Hat": {"Onyx Black": 14.146, "Black": 26.238, "just": 6.5705}, "Love Potion": {"Onyx Black": 12.565999999999999, "Black": 23.93, "just": 8.4065}, "Flying Broom": {"Onyx Black": 11.7, "Black": 27.3, "just": 8.075}, "Cupid Charm": {"Onyx Black": 18.064, "Black": 32.864, "just": 9.724}, "Record Player": {"Onyx Black": 10.434, "Black": 20.434, "just": 6.281499999999999}, "Eternal Rose": {"Onyx Black": 18.354, "Black": 35.594, "just": 11.8915}, "Mad Pumpkin": {"Onyx Black": 23.798, "Black": 40.198, "just": 15.580499999999999}, "Voodoo Doll": {"Onyx Black": 24.332, "Black": 47.932, "just": 14.636999999999999}, "Diamond Ring": {"Onyx Black": 20.34, "Black": 41.54, "just": 13.515}, "Toy Bear": {"Onyx Black": 30.926000000000002, "Black": 46.93000000000001, "just": 20.017500000000002}, "Vintage Cigar": {"Onyx Black": 36.019999999999996, "Black": 57.8, "just": 19.55}, "Neko Helmet": {"Onyx Black": 37.13, "Black": 64.53, "just": 23.4175}, "Low Rider": {"Onyx Black": 33.754, "Black": 76.554, "just": 21.7515}, "Signet Ring": {"Onyx Black": 37.6, "Black": 74.8, "just": 23.8}, "Electric Skull": {"Onyx Black": 42.39, "Black": 75.194, "just": 27.191499999999998}, "Kissed Frog": {"Onyx Black": 43.842, "Black": 78.49, "just": 26.4775},