{"Snoop Dogg": {"Black Diamond": 2.2675, "Sapphire": 2.0585, "Cold Topaz": 1.9634999999999998, "Goldizzle": 6.675999999999999, "Green Light": 1.9730000000000003, "Chrome": 2.353, "Doberman": 3.231, "King Snoop": 4.798, "Doggfather": 3.0175, "AI Dogg": 2.8655, "Onyx Black": 3.2700000000000005, "Black": 9.654615384615386, "just": 1.5895000000000001}, "Swag Bag": {"Cashback": 3.0845000000000002, "April 20th": 3.0845000000000002, "Darkness": 2.189, "Snoop Life": 3.0845000000000002, "Gin & Jewels": 2.388, "P.I.M.P.": 2.0895, "Bulk Order": 2.2885, "Dogg’s Loot": 2.0895, "Leopard": 2.189, "Boiling Hot": 2.4875, "Take It Easy": 2.6865, "Missionary": 8.49, "Aviators": 2.0895, "Happy Herbs": 3.0845000000000002, "Onyx Black": 3.1449999999999996, "Black": 7.495, "just": 1.6915}, "Snoop Cigar": {"Onyx Black": 7.945, "Black": 19.295, "just": 4.2415}, "Lol Pop": {"Andromeda": 1.9845000000000002, "Angelina": 2.2785, "Dark Portal": 1.8375, "Sweetheart": 1.8375, "Blood Sucker": 1.9845000000000002, "Sick Leave": 1.5435, "Icy Touch": 1.5435, "Glowstick": 1.9845000000000002, "Mortal Sin": 2.94, "Love Bubbles": 1.8375, "Hollywood": 1.5435, "Cobweb": 1.5435, "Satellite": 1.8375, "Pumpkin": 1.7198999999999998, "Blood Ember": 1.7198999999999998, "Hexed Helix": 1.8375, "Milky Way": 1.5435, "Shock Wave": 1.5435, "Doodle Art": 1.617, "Gold Star": 1.5435, "Heart Pop": 1.617, "Celestia": 2.2785, "Jolly Roger": 1.6905, "Jinxed": 1.617, "Einstein": 1.7198999999999998, "Rosebud": 1.7198999999999998, "Dark Sky": 1.617, "Onyx Black": 1.9849999999999999, "Black": 5.21, "just": 1.2495}, "B-Day Candle": {"Payday": 2.201, "Pixel Wish": 2.201, "Purr Magic": 2.201, "Happy Meows": 2.201, "On Fire": 2.201, "Kaboom!": 1.917, "Final Boss": 2.201, "Onyx Black": 1.855, "Black": 5.17, "just": 1.2069999999999999}, "Desk Calendar": {"Deadline": 2.17, "Fund Manager": 2.17, "Hodler": 4.8999999999999995, "Independence": 2.17, "Fawkes Night": 2.8, "Heartbreak": 1.6099999999999999, "Adult Tasks": 27.605, "Telegram": 2.17, "Tic Tac Toe": 2.17, "Investor": 9.700000000000001, "Checklist": 2.17, "Peach Week": 2.17, "Balloon Face": 1.8199999999999998, "Durov Day": 4.8999999999999995, "Burning Time": 2.17, "Pepe Plans": 12.15, "Sunday": 1.89, "Onyx Black": 1.82, "Black": 5.299999999999999, "just": 1.19}, "Lunar Snake": {"Hellspawn": 2.052, "Hot Cherry": 2.052, "Psychedelic": 1.9, "Synthwave": 4.255999999999999, "Soul Eater": 2.052, "Dragon Ball": 5.32, "Timelock": 2.3560000000000003, "Python Dev": 2.052, "Onyx Black": 2.355, "Black": 5.455, "just": 1.292}, "Xmas Stocking": {"Onyx Black": 2.21, "Black": 5.754999999999999, "just": 1.258}, "Snake Box": {"Onyx Black": 2.17, "Black": 5.404999999999999, "just": 1.326}, "Pet Snake": {"Onyx Black": 2.545, "Black": 5.965, "just": 1.649}, "Candy Cane": {"Hex Pot": 4.199999999999999, "Designer": 5.25, "Sticky Sweet": 2.325, "Grinch": 3.0, "Onyx Black": 2.25, "Black": 5.595, "just": 1.275}, "Whip Cupcake": {"Bitcoin": 13.6, "Deep State": 2.295, "Sponge Duck": 2.635, "Toncoin": 2.635, "Resistance": 5.95, "Onyx Black": 2.2, "Black": 5.574999999999999, "just": 1.4449999999999998}, "Big Year": {"Big Brother": 2.9295, "Game Boy": 2.079, "Telegram": 5.292, "YouTubes": 2.9295, "Gold Mine": 6.614999999999999, "Pokeball": 2.5515, "Balloons": 2.079, "The Hobbit": 3.78, "Qing Dynasty": 2.9295, "First Website": 2.2112999999999996, "The Nether": 2.9295, "Cheshire Cat": 2.9295, "Pavel Durov": 13.445, "Creator": 2.9295, "Bitcoin": 5.292, "Onyx Black": 3.9450000000000003, "Black": 9.81, "just": 1.6064999999999998}, "Homemade Cake": {"Onyx Black": 2.325, "Black": 5.65, "just": 1.615}, "Cookie Heart": {"Onyx Black": 2.5700000000000003, "Black": 6.715, "just": 1.649}, "Jester Hat": {"Onyx Black": 2.53, "Black": 6.05, "just": 1.496}, "Holiday Drink": {"Onyx Black": 2.695, "Black": 6.069999999999999, "just": 1.6064999999999998}, "Ginger Cookie": {"Onyx Black": 3.5600000000000005, "Black": 7.135, "just": 1.6744999999999999}, "Hypno Lollipop": {"Onyx Black": 3.455, "Black": 7.52, "just": 1.649}, "Winter Wreath": {"Moon Cat": 85.99499999999999, "Onyx Black": 2.695, "Black": 6.99, "just": 1.6915}, "Party Sparkler": {"Onyx Black": 2.9699999999999998, "Black": 7.425000000000001, "just": 1.6575}, "Jingle Bells": {"Onyx Black": 3.065, "Black": 6.115, "just": 1.8104999999999998}, "Tama Gadget": {"Onyx Black": 3.455, "Black": 6.775, "just": 1.7764999999999997}, "Jack-in-the-Box": {"Onyx Black": 3.1100000000000003, "Black": 6.959999999999999, "just": 1.887}, "Star Notepad": {"Onyx Black": 3.715, "Black": 10.690000000000001, "just": 2.0229999999999997}, "Easter Egg": {"Onyx Black": 3.8, "Black": 10.879999999999999, "just": 2.4225}, "Santa Hat": {"Onyx Black": 3.706, "Black": 8.221999999999998, "just": 2.3035}, "Hex Pot": {"Onyx Black": 4.0, "Black": 9.84, "just": 2.3715}, "Restless Jar": {"Onyx Black": 3.795, "Black": 9.24, "just": 2.2015}, "Lush Bouquet": {"Onyx Black": 5.23, "Black": 8.825, "just": 2.686}, "Spiced Wine": {"Onyx Black": 3.25, "Black": 7.3260000000000005, "just": 2.1675}, "Snow Globe": {"Onyx Black": 4.85, "Black": 11.355, "just": 2.3035}, "Joyful Bundle": {"Onyx Black": 4.71, "Black": 9.635, "just": 2.397}, "Light Sword": {"Onyx Black": 4.45, "Black": 9.854, "just": 2.6264999999999996}, "Witch Hat": {"Onyx Black": 4.15, "Black": 12.0, "just": 2.55}, "Bow Tie": {"Onyx Black": 4.646, "Black": 11.925999999999998, "just": 2.7285}, "Eternal Candle": {"Onyx Black": 5.402, "Black": 11.201999999999998, "just": 3.1195}, "Jelly Bunny": {"Onyx Black": 5.1, "Black": 10.19, "just": 2.8899999999999997}, "Bunny Muffin": {"Onyx Black": 4.724, "Black": 11.524000000000001, "just": 3.009}, "Spy Agaric": {"Onyx Black": 5.93, "Black": 10.53, "just": 3.0174999999999996}, "Evil Eye": {"Onyx Black": 6.396000000000001, "Black": 13.467999999999998, "just": 3.2129999999999996}, "Snow Mittens": {"Onyx Black": 6.279999999999999, "Black": 8.68, "just": 3.23}, "Berry Box": {"Onyx Black": 5.26, "Black": 10.74, "just": 3.315}, "Valentine Box": {"Onyx Black": 7.15, "Black": 12.790000000000001, "just": 3.9525}, "Sakura Flower": {"Onyx Black": 7.08, "Black": 16.284, "just": 4.369}, "Hanging Star": {"Onyx Black": 8.73, "Black": 15.370000000000001, "just": 5.0575}, "Sleigh Bell": {"Onyx Black": 12.440000000000001, "Black": 20.44, "just": 6.29}, "Love Candle": {"Onyx Black": 10.152000000000001, "Black": 17.092, "just": 7.072}, "Skull Flower": {"Onyx Black": 11.54, "Black": 18.3, "just": 6.715}, "Crystal Ball": {"Onyx Black": 12.27, "Black": 27.89, "just": 6.672499999999999}, "Trapped Heart": {"Onyx Black": 12.2, "Black": 20.18, "just": 7.14}, "Top Hat": {"Onyx Black": 15.209999999999999, "Black": 26.85, "just": 7.4375}, "Love Potion": {"Onyx Black": 12.728000000000002, "Black": 23.924, "just": 8.398}, "Flying Broom": {"Onyx Black": 12.482, "Black": 17.282, "just": 8.0495}, "Cupid Charm": {"Onyx Black": 17.061999999999998, "Black": 32.862, "just": 10.0045}, "Record Player": {"Onyx Black": 10.32, "Black": 20.56, "just": 6.46}, "Eternal Rose": {"Onyx Black": 18.782, "Black": 33.43, "just": 11.8745}, "Mad Pumpkin": {"Onyx Black": 24.427999999999997, "Black": 39.028000000000006, "just": 16.473}, "Voodoo Doll": {"Onyx Black": 24.18, "Black": 44.6, "just": 14.45}, "Diamond Ring": {"Onyx Black": 20.98, "Black": 40.18000000000001, "just": 13.855}, "Toy Bear": {"Onyx Black": 30.456, "Black": 49.3, "just": 21.675}, "Vintage Cigar": {"Onyx Black": 36.88, "Black": 60.480000000000004, "just": 21.08}, "Neko Helmet": {"Onyx Black": 38.95, "Black": 66.15, "just": 24.0125}, "Low Rider": {"Onyx Black": 32.78, "Black": 83.17999999999999, "just": 21.505}, "Signet Ring": {"Onyx Black": 37.912, "Black": 76.712, "just": 24.241999999999997}, "Electric Skull": {"Onyx Black": 45.762, "Black": 76.166, "just": 28.5685}, "Kissed Frog": {"Onyx Black": 45.474000000000004, "Black": 80.07400000000001, "just": 28.7215}, "Swiss Watch": {"Onyx Black": 42.756, "Black": 72.756, "just": 29.970999999999997}, "Sharp Tongue": {"Onyx Black": 56.22, "Black": 141.02,