{"Snoop Dogg": {"Chrome": 2.4955, "Goldizzle": 7.531000000000001, "Black Diamond": 2.201, "Cold Topaz": 2.0490000000000004, "AI Dogg": 3.1265, "Sapphire": 2.2199999999999998, "King Snoop": 5.3965000000000005, "Doberman": 3.782, "Doggfather": 3.0410000000000004, "Onyx Black": 3.2800000000000002, "Black": 10.272307692307692, "just": 1.5979999999999999}, "Swag Bag": {"Happy Herbs": 2.7405, "Boiling Hot": 2.5374999999999996, "April 20th": 3.1464999999999996, "Golden Nugs": 2.1315, "Dogg’s Loot": 2.233, "Take It Easy": 2.639, "Leopard": 2.233, "Darkness": 2.3345, "Missionary": 8.265, "Cashback": 3.1464999999999996, "Gin & Jewels": 2.639, "Bulk Order": 2.233, "Snoop Life": 2.639, "Onyx Black": 3.4749999999999996, "Black": 7.515000000000001, "just": 1.7254999999999998}, "Snoop Cigar": {"Onyx Black": 8.445, "Black": 19.095, "just": 4.156499999999999}, "Lol Pop": {"Dark Portal": 1.7874999999999999, "Rosebud": 1.716, "Shock Wave": 1.5015, "Andromeda": 1.9305, "Hollywood": 1.5015, "Blood Sucker": 1.7874999999999999, "Watermelon": 1.5015, "Fire Vortex": 1.573, "Plastic Ice": 1.5015, "Love Bubbles": 1.6730999999999998, "Angelina": 2.2165, "Blood Ember": 1.6730999999999998, "Jinxed": 1.716, "Crystal Comet": 1.5015, "Heart Pop": 1.573, "Satellite": 1.7874999999999999, "Einstein": 1.716, "Pumpkin": 1.7874999999999999, "Hexed Helix": 1.7874999999999999, "Jolly Roger": 1.6730999999999998, "Doodle Art": 1.5015, "Sweetheart": 1.716, "Dark Sky": 1.573, "Celestia": 1.9305, "Gold Star": 1.5015, "Mortal Sin": 2.86, "Glowstick": 2.2165, "Cobweb": 1.573, "Onyx Black": 1.9649999999999999, "Black": 5.13, "just": 1.2155}, "B-Day Candle": {"Payday": 2.17, "Purr Magic": 2.17, "Final Boss": 2.17, "Pixel Wish": 2.17, "Kaboom!": 2.17, "Happy Meows": 2.17, "On Fire": 2.17, "Onyx Black": 1.8, "Black": 5.084999999999999, "just": 1.19}, "Desk Calendar": {"Fund Manager": 2.64, "Deadline": 2.0460000000000003, "Investor": 9.41, "Hodler": 4.62, "Independence": 2.0460000000000003, "Tic Tac Toe": 1.7820000000000003, "Fawkes Night": 4.62, "Burning Time": 2.0460000000000003, "Telegram": 2.64, "Pepe Plans": 14.41, "Durov Day": 6.66, "Sunday": 2.0460000000000003, "Heartbreak": 1.584, "Peach Week": 2.0460000000000003, "Checklist": 2.0460000000000003, "Adult Tasks": 25.655, "Balloon Face": 1.7160000000000002, "Onyx Black": 1.7999999999999998, "Black": 5.0600000000000005, "just": 1.122}, "Lunar Snake": {"Timelock": 2.3095, "Dragon Ball": 5.215, "Psychedelic": 2.3095, "Synthwave": 4.172, "Python Dev": 2.3095, "Hellspawn": 2.0115000000000003, "Soul Eater": 2.0115000000000003, "Hot Cherry": 2.0115000000000003, "Onyx Black": 2.415, "Black": 5.69, "just": 1.2665}, "Xmas Stocking": {"Onyx Black": 2.16, "Black": 5.749999999999999, "just": 1.2495}, "Snake Box": {"Onyx Black": 1.9449999999999998, "Black": 5.1450000000000005, "just": 1.2665}, "Pet Snake": {"Onyx Black": 2.5, "Black": 6.039999999999999, "just": 1.53}, "Candy Cane": {"Hex Pot": 3.1, "Sticky Sweet": 2.0925000000000002, "Grinch": 4.34, "Designer": 5.425, "Onyx Black": 2.175, "Black": 5.819999999999999, "just": 1.3175}, "Whip Cupcake": {"Resistance": 5.705, "Sponge Duck": 2.5265, "Toncoin": 2.5265, "Deep State": 2.2005, "Bitcoin": 12.315000000000001, "Onyx Black": 2.215, "Black": 5.515000000000001, "just": 1.3855}, "Big Year": {"Game Boy": 2.0130000000000003, "Bitcoin": 5.124, "Creator": 2.8365, "Gold Mine": 6.405, "Cheshire Cat": 2.8365, "Telegram": 6.405, "Qing Dynasty": 2.8365, "The Nether": 2.8365, "Pavel Durov": 11.415000000000001, "Pokeball": 2.4705000000000004, "The Hobbit": 3.66, "YouTubes": 3.66, "Big Brother": 2.8365, "Balloons": 2.0130000000000003, "First Website": 2.196, "Onyx Black": 3.515, "Black": 9.915000000000001, "just": 1.5555}, "Homemade Cake": {"Onyx Black": 2.3449999999999998, "Black": 5.615, "just": 1.5725}, "Cookie Heart": {"Onyx Black": 2.55, "Black": 6.445, "just": 1.615}, "Jester Hat": {"Onyx Black": 2.58, "Black": 6.375, "just": 1.4875}, "Holiday Drink": {"Onyx Black": 2.695, "Black": 6.069999999999999, "just": 1.6064999999999998}, "Ginger Cookie": {"Onyx Black": 3.5999999999999996, "Black": 7.174999999999999, "just": 1.615}, "Hypno Lollipop": {"Onyx Black": 3.36, "Black": 7.41, "just": 1.632}, "Winter Wreath": {"Moon Cat": 106.24499999999999, "Onyx Black": 2.975, "Black": 6.4799999999999995, "just": 1.666}, "Party Sparkler": {"Onyx Black": 3.4899999999999998, "Black": 7.385000000000001, "just": 1.5979999999999999}, "Jingle Bells": {"Onyx Black": 3.02, "Black": 6.845, "just": 1.7424999999999997}, "Tama Gadget": {"Onyx Black": 3.435, "Black": 6.765, "just": 1.7424999999999997}, "Jack-in-the-Box": {"Onyx Black": 3.0949999999999998, "Black": 6.945, "just": 1.8615}, "Star Notepad": {"Onyx Black": 3.375, "Black": 10.625, "just": 1.9124999999999999}, "Easter Egg": {"Onyx Black": 3.77, "Black": 10.850000000000001, "just": 2.3715}, "Santa Hat": {"Onyx Black": 3.58, "Black": 9.08, "just": 2.125}, "Hex Pot": {"Onyx Black": 3.975, "Black": 9.625, "just": 2.3375}, "Restless Jar": {"Onyx Black": 3.525, "Black": 9.094999999999999, "just": 2.125}, "Lush Bouquet": {"Onyx Black": 5.220000000000001, "Black": 8.77, "just": 2.669}, "Spiced Wine": {"Onyx Black": 3.0919999999999996, "Black": 7.048, "just": 2.057}, "Snow Globe": {"Onyx Black": 4.75, "Black": 9.850000000000001, "just": 2.295}, "Joyful Bundle": {"Onyx Black": 4.98, "Black": 9.7, "just": 2.516}, "Light Sword": {"Onyx Black": 4.456, "Black": 10.575999999999999, "just": 2.635}, "Witch Hat": {"Onyx Black": 4.5600000000000005, "Black": 12.059999999999999, "just": 2.652}, "Bow Tie": {"Onyx Black": 6.15, "Black": 11.95, "just": 2.7624999999999997}, "Eternal Candle": {"Onyx Black": 5.2540000000000004, "Black": 10.89, "just": 2.9665}, "Jelly Bunny": {"Onyx Black": 5.035, "Black": 10.175, "just": 2.8645}, "Bunny Muffin": {"Onyx Black": 5.57, "Black": 11.77, "just": 3.3575}, "Spy Agaric": {"Onyx Black": 6.039999999999999, "Black": 10.440000000000001, "just": 2.8899999999999997}, "Evil Eye": {"Onyx Black": 7.074, "Black": 13.474, "just": 3.2215}, "Snow Mittens": {"Onyx Black": 5.952, "Black": 8.352, "just": 3.332}, "Berry Box": {"Onyx Black": 4.62, "Black": 10.612000000000002, "just": 3.145}, "Valentine Box": {"Onyx Black": 7.24, "Black": 13.280000000000001, "just": 4.08}, "Sakura Flower": {"Onyx Black": 7.052, "Black": 16.259999999999998, "just": 4.335}, "Hanging Star": {"Onyx Black": 9.016, "Black": 15.256, "just": 4.896}, "Sleigh Bell": {"Onyx Black": 11.533999999999999, "Black": 20.733999999999998, "just": 6.706499999999999}, "Love Candle": {"Onyx Black": 9.998, "Black": 15.314, "just": 6.961499999999999}, "Skull Flower": {"Onyx Black": 11.370000000000001, "Black": 18.29, "just": 6.7575}, "Crystal Ball": {"Onyx Black": 11.193999999999999, "Black": 27.494, "just": 6.7915}, "Trapped Heart": {"Onyx Black": 12.192, "Black": 20.252, "just": 7.157}, "Top Hat": {"Onyx Black": 14.719999999999999, "Black": 27.52, "just": 6.969999999999999}, "Love Potion": {"Onyx Black": 12.280000000000001, "Black": 23.636000000000003, "just": 7.99}, "Flying Broom": {"Onyx Black": 12.51, "Black": 17.509999999999998, "just": 8.372499999999999}, "Cupid Charm": {"Onyx Black": 17.734, "Black": 32.934, "just": 10.1065}, "Record Player": {"Onyx Black": 10.426, "Black": 20.626, "just": 6.5535}, "Eternal Rose": {"Onyx Black": 18.874000000000002, "Black": 34.682, "just": 12.2995}, "Mad Pumpkin": {"Onyx Black": 24.434, "Black": 39.034, "just": 16.4815}, "Voodoo Doll": {"Onyx Black": 24.18, "Black": 46.2, "just": 14.45}, "Diamond Ring": {"Onyx Black": 21.596, "Black": 43.2, "just": 13.6}, "Toy Bear": {"Onyx Black": 32.2, "Black": 47.0, "just": 21.25}, "Vintage Cigar": {"Onyx Black": 36.176, "Black": 60.396, "just": 20.4}, "Neko Helmet": {"Onyx Black": 36.8, "Black": 62.6, "just": 22.95}, "Low Rider": {"Onyx Black": 32.798, "Black": 79.59800000000001, "just": 21.530499999999996}, "Signet Ring": {"Onyx Black": 37.594, "Black": 72.79, "just": 23.7915}, "Electric Skull": {"Onyx Black": 43.796, "Black": 75.8, "just": 28.05},