{"Snoop Dogg": {"AI Dogg": 2.9915000000000003, "Cold Topaz": 1.8355000000000004, "Sapphire": 2.2060000000000004, "Doggfather": 3.5045, "Black Diamond": 2.1205000000000003, "King Snoop": 4.520500000000001, "Goldizzle": 7.231000000000001, "Chrome": 2.168, "Doberman": 3.4854999999999996, "Onyx Black": 2.8533333333333335, "Black": 9.596923076923076, "just": 1.377}, "Swag Bag": {"Darkness": 2.0585, "Gin & Jewels": 2.2375, "April 20th": 2.7745, "Bulk Order": 1.8795000000000002, "Take It Easy": 2.0585, "Boiling Hot": 2.0585, "Cashback": 2.7745, "Golden Nugs": 1.8795000000000002, "Missionary": 6.265000000000001, "Snoop Life": 1.9690000000000003, "Happy Herbs": 2.7745, "Onyx Black": 3.145, "Black": 7.885000000000001, "just": 1.5215}, "Snoop Cigar": {"Onyx Black": 8.095, "Black": 17.445, "just": 3.7314999999999996}, "Lol Pop": {"Satellite": 1.677, "Hexed Helix": 1.4834999999999998, "Milky Way": 1.4190000000000003, "Comic Crunch": 1.3545, "Wonka Berry": 1.4190000000000003, "Dark Sky": 1.4834999999999998, "Nostalgia": 1.548, "Love Bubbles": 1.4190000000000003, "Icicle": 1.4190000000000003, "Andromeda": 1.9995, "Pink Foil": 1.3545, "Romance": 1.3545, "Sailor Moon": 1.4834999999999998, "Celestia": 1.9995, "Pumpkin": 1.4190000000000003, "Cookie Dip": 1.6125, "Jolly Roger": 1.548, "Jinxed": 1.4190000000000003, "Blood Ember": 1.548, "Cobweb": 1.548, "Portable Pop": 1.3545, "Angelina": 1.9995, "Einstein": 1.4834999999999998, "Doodle Art": 1.4190000000000003, "Mortal Sin": 2.58, "Soap Bubbles": 1.3545, "Blood Sucker": 1.6125, "Watermelon": 1.4190000000000003, "Sweetheart": 1.4834999999999998, "Shock Wave": 1.3545, "Glowstick": 1.9995, "Fire Vortex": 1.4190000000000003, "Rosebud": 1.4834999999999998, "Heart Pop": 1.3545, "Dark Portal": 1.9995, "Onyx Black": 1.745, "Black": 4.984999999999999, "just": 1.0965}, "B-Day Candle": {"Shocker": 1.922, "Final Boss": 1.922, "On Fire": 1.922, "Kaboom!": 1.922, "Happy Meows": 2.48, "Payday": 1.922, "Pixel Wish": 1.922, "Purr Magic": 1.922, "Onyx Black": 1.7000000000000002, "Black": 4.92, "just": 1.054}, "Desk Calendar": {"Peach Week": 1.612, "Fawkes Night": 4.34, "Burning Time": 1.922, "Telegram": 1.922, "Tic Tac Toe": 1.6740000000000002, "Checklist": 1.6740000000000002, "Investor": 4.34, "Independence": 3.472, "Fund Manager": 1.922, "Balloon Face": 1.488, "Sunday": 1.922, "Deadline": 2.48, "Pepe Plans": 4.34, "Hodler": 4.34, "Adult Tasks": 4.34, "Durov Day": 2.48, "Heartbreak": 1.364, "Onyx Black": 1.6949999999999998, "Black": 5.42, "just": 1.054}, "Lunar Snake": {"Python Dev": 2.0925000000000002, "Timelock": 1.7550000000000001, "Psychedelic": 2.0925000000000002, "Synthwave": 3.78, "Hot Cherry": 2.0925000000000002, "Dragon Ball": 4.7250000000000005, "Soul Eater": 2.0925000000000002, "Hellspawn": 2.0925000000000002, "Onyx Black": 2.0250000000000004, "Black": 5.575000000000001, "just": 1.1475}, "Xmas Stocking": {"Onyx Black": 1.945, "Black": 5.145, "just": 1.0965}, "Snake Box": {"Onyx Black": 1.7400000000000002, "Black": 4.9399999999999995, "just": 1.088}, "Pet Snake": {"Onyx Black": 2.415, "Black": 5.254999999999999, "just": 1.326}, "Candy Cane": {"Hex Pot": 2.94, "Sticky Sweet": 2.2785, "Grinch": 2.94, "Designer": 5.145, "Onyx Black": 2.335, "Black": 6.7299999999999995, "just": 1.2495}, "Whip Cupcake": {"Sponge Duck": 2.82, "Resistance": 4.935, "Bitcoin": 4.935, "Deep State": 1.9035, "Toncoin": 2.1854999999999998, "Onyx Black": 2.155, "Black": 5.305, "just": 1.1985}, "Big Year": {"Cheshire Cat": 2.301, "Big Brother": 2.2125, "Balloons": 1.8585, "Qing Dynasty": 3.54, "The Nether": 2.2125, "Bitcoin": 4.9559999999999995, "Game Boy": 2.2125, "Gold Mine": 6.195, "Telegram": 3.54, "Creator": 2.301, "Pokeball": 2.7435, "Pavel Durov": 4.9559999999999995, "The Hobbit": 3.54, "First Website": 2.0355, "YouTubes": 2.7435, "Onyx Black": 2.8600000000000003, "Black": 7.885, "just": 1.5045}, "Homemade Cake": {"Onyx Black": 2.08, "Black": 5.25, "just": 1.292}, "Cookie Heart": {"Onyx Black": 2.245, "Black": 6.319999999999999, "just": 1.5215}, "Jester Hat": {"Onyx Black": 2.7800000000000002, "Black": 6.279999999999999, "just": 1.326}, "Holiday Drink": {"Onyx Black": 2.285, "Black": 5.535, "just": 1.4195}, "Ginger Cookie": {"Onyx Black": 3.395, "Black": 6.38, "just": 1.5215}, "Hypno Lollipop": {"Onyx Black": 2.64, "Black": 6.830000000000001, "just": 1.513}, "Winter Wreath": {"Onyx Black": 2.44, "Black": 8.86, "just": 1.462}, "Party Sparkler": {"Onyx Black": 2.9850000000000003, "Black": 7.635, "just": 1.5045}, "Jingle Bells": {"Onyx Black": 2.595, "Black": 6.1000000000000005, "just": 1.4449999999999998}, "Tama Gadget": {"Onyx Black": 3.1500000000000004, "Black": 6.574999999999999, "just": 1.53}, "Jack-in-the-Box": {"Onyx Black": 3.05, "Black": 7.725, "just": 1.785}, "Star Notepad": {"Onyx Black": 3.55, "Black": 8.755, "just": 1.785}, "Easter Egg": {"Onyx Black": 3.425, "Black": 11.169999999999998, "just": 1.9975}, "Santa Hat": {"Onyx Black": 3.1450000000000005, "Black": 9.450000000000001, "just": 1.785}, "Hex Pot": {"Onyx Black": 3.5700000000000003, "Black": 8.17, "just": 2.0315}, "Restless Jar": {"Onyx Black": 3.83, "Black": 7.675000000000001, "just": 2.006}, "Lush Bouquet": {"Onyx Black": 3.3, "Black": 8.55, "just": 2.21}, "Spiced Wine": {"Onyx Black": 3.0149999999999997, "Black": 7.795, "just": 1.649}, "Snow Globe": {"Onyx Black": 3.875, "Black": 9.0, "just": 1.87}, "Joyful Bundle": {"Onyx Black": 3.655, "Black": 8.004999999999999, "just": 2.1334999999999997}, "Light Sword": {"Onyx Black": 4.41, "Black": 10.41, "just": 2.397}, "Witch Hat": {"Onyx Black": 4.315, "Black": 10.365, "just": 2.3205}, "Bow Tie": {"Onyx Black": 4.545, "Black": 14.705, "just": 2.6264999999999996}, "Eternal Candle": {"Onyx Black": 5.045, "Black": 14.045, "just": 2.6264999999999996}, "Jelly Bunny": {"Onyx Black": 4.915, "Black": 9.995, "just": 2.6264999999999996}, "Bunny Muffin": {"Onyx Black": 6.050000000000001, "Black": 21.5, "just": 2.635}, "Spy Agaric": {"Onyx Black": 5.25, "Black": 10.75, "just": 2.55}, "Evil Eye": {"Onyx Black": 5.645, "Black": 15.5, "just": 2.8049999999999997}, "Snow Mittens": {"Onyx Black": 4.495, "Black": 8.545, "just": 2.6264999999999996}, "Berry Box": {"Onyx Black": 4.585, "Black": 13.9, "just": 2.8899999999999997}, "Valentine Box": {"Onyx Black": 7.94, "Black": 10.940000000000001, "just": 3.298}, "Sakura Flower": {"Onyx Black": 7.0, "Black": 17.75, "just": 3.4}, "Hanging Star": {"Onyx Black": 7.4, "Black": 16.4, "just": 4.08}, "Sleigh Bell": {"Onyx Black": 10.370000000000001, "Black": 16.945, "just": 5.0065}, "Love Candle": {"Onyx Black": 8.225, "Black": 14.975000000000001, "just": 5.4825}, "Skull Flower": {"Onyx Black": 8.68, "Black": 16.985, "just": 5.0745}, "Crystal Ball": {"Onyx Black": 13.37, "Black": 28.375, "just": 5.7375}, "Trapped Heart": {"Onyx Black": 11.875, "Black": 23.375, "just": 6.5874999999999995}, "Top Hat": {"Onyx Black": 15.875, "Black": 26.225, "just": 6.5874999999999995}, "Love Potion": {"Onyx Black": 10.29, "Black": 28.59, "just": 6.952999999999999}, "Flying Broom": {"Onyx Black": 10.765, "Black": 19.275, "just": 7.2675}, "Cupid Charm": {"Onyx Black": 16.34, "Black": 36.845, "just": 8.2365}, "Record Player": {"Onyx Black": 11.825, "Black": 23.92, "just": 6.672499999999999}, "Eternal Rose": {"Onyx Black": 19.535, "Black": 39.035, "just": 11.1095}, "Mad Pumpkin": {"Onyx Black": 18.244999999999997, "Black": 46.5, "just": 11.9}, "Voodoo Doll": {"Onyx Black": 22.825, "Black": 46.325, "just": 13.3025}, "Diamond Ring": {"Onyx Black": 20.215, "Black": 43.735, "just": 13.1495}, "Toy Bear": {"Onyx Black": 24.595, "Black": 53.345, "just": 14.611500000000001}, "Vintage Cigar": {"Onyx Black": 48.2, "Black": 72.65, "just": 19.04}, "Neko Helmet": {"Onyx Black": 41.05, "Black": 71.04499999999999, "just": 18.785}, "Low Rider": {"Onyx Black": 37.385, "Black": 105.88499999999999, "just": 21.054499999999997}, "Signet Ring": {"Onyx Black": 37.995, "Black": 85.995, "just": 20.391499999999997}, "Electric Skull": {"Onyx Black": 36.94,