{"Snoop Dogg": {"Chrome": 2.2060000000000004, "Green Light": 1.7405, "Doggfather": 2.8680000000000003, "Black Diamond": 2.1775, "King Snoop": 4.9005, "Emerald": 1.8355000000000004, "AI Dogg": 2.7065, "Goldizzle": 6.2905, "Sapphire": 1.9780000000000002, "Doberman": 3.5805000000000002, "Cold Topaz": 1.9020000000000001, "Onyx Black": 2.8, "Black": 10.361538461538462, "just": 1.36}, "Swag Bag": {"Boiling Hot": 2.2625, "Golden Nugs": 1.9005, "Bulk Order": 2.0814999999999997, "P.I.M.P.": 1.9005, "Happy Herbs": 2.8055000000000003, "Take It Easy": 2.0814999999999997, "Gin & Jewels": 2.0814999999999997, "Snoop Life": 2.4435000000000002, "Missionary": 6.335, "Darkness": 1.9005, "Cashback": 2.8055000000000003, "April 20th": 2.8055000000000003, "Onyx Black": 2.9050000000000002, "Black": 6.895, "just": 1.5385}, "Snoop Cigar": {"Onyx Black": 7.734999999999999, "Black": 18.735, "just": 3.7994999999999997}, "Lol Pop": {"Sailor Moon": 1.572, "Glowstick": 2.0305, "Portable Pop": 1.3755000000000002, "Pink Foil": 1.4410000000000003, "Shock Wave": 1.3755000000000002, "Blood Ember": 1.6375000000000002, "Nostalgia": 1.3755000000000002, "Doodle Art": 1.572, "Cookie Dip": 1.5065, "Andromeda": 2.0305, "Jinxed": 1.4410000000000003, "Blood Sucker": 1.6375000000000002, "Jolly Roger": 1.572, "Pumpkin": 1.5065, "Fire Vortex": 1.4410000000000003, "Heart Pop": 1.3755000000000002, "Dark Sky": 1.4410000000000003, "Watermelon": 1.4410000000000003, "Milky Way": 1.3755000000000002, "Angelina": 2.0305, "Mortal Sin": 2.62, "Hexed Helix": 1.3755000000000002, "Satellite": 1.703, "Wonka Berry": 1.4410000000000003, "Sweetheart": 1.5065, "Cobweb": 1.3755000000000002, "Icicle": 1.4410000000000003, "Celestia": 2.0305, "Rosebud": 1.6375000000000002, "Dark Portal": 1.5065, "Romance": 1.3755000000000002, "Love Bubbles": 1.4410000000000003, "Comic Crunch": 1.3755000000000002, "Onyx Black": 1.805, "Black": 5.105, "just": 1.1135}, "B-Day Candle": {"Purr Magic": 1.9065, "Final Boss": 1.9065, "Pixel Wish": 1.9065, "Shocker": 1.9065, "Happy Meows": 2.46, "Payday": 1.9065, "Kaboom!": 1.9065, "On Fire": 2.46, "Onyx Black": 1.5899999999999999, "Black": 4.615, "just": 1.0454999999999999}, "Desk Calendar": {"Fund Manager": 1.9065, "Investor": 4.305, "Tic Tac Toe": 1.6605, "Adult Tasks": 4.305, "Peach Week": 1.599, "Checklist": 1.9065, "Sunday": 1.9065, "Deadline": 2.46, "Hodler": 4.305, "Balloon Face": 1.599, "Durov Day": 2.46, "Burning Time": 1.9065, "Heartbreak": 1.353, "Telegram": 1.9065, "Independence": 3.444, "Fawkes Night": 4.305, "Pepe Plans": 4.305, "Onyx Black": 1.58, "Black": 4.5, "just": 1.0454999999999999}, "Lunar Snake": {"Python Dev": 2.1545, "Dragon Ball": 4.864999999999999, "Timelock": 1.8765, "Hellspawn": 2.1545, "Psychedelic": 2.1545, "Hot Cherry": 2.1545, "Soul Eater": 1.807, "Synthwave": 3.8919999999999995, "Onyx Black": 1.995, "Black": 4.8950000000000005, "just": 1.1815}, "Xmas Stocking": {"Onyx Black": 1.945, "Black": 5.145, "just": 1.0965}, "Snake Box": {"Onyx Black": 1.895, "Black": 4.845000000000001, "just": 1.0965}, "Pet Snake": {"Onyx Black": 2.19, "Black": 5.27, "just": 1.3515}, "Candy Cane": {"Designer": 5.53, "Hex Pot": 2.4490000000000003, "Grinch": 3.16, "Sticky Sweet": 2.4490000000000003, "Onyx Black": 2.255, "Black": 6.29, "just": 1.343}, "Whip Cupcake": {"Sponge Duck": 2.8, "Toncoin": 2.17, "Deep State": 2.17, "Resistance": 4.8999999999999995, "Bitcoin": 4.8999999999999995, "Onyx Black": 2.0999999999999996, "Black": 4.949999999999999, "just": 1.19}, "Big Year": {"Gold Mine": 4.76, "The Nether": 2.125, "Pokeball": 2.635, "YouTubes": 2.635, "Big Brother": 2.635, "Bitcoin": 4.76, "Creator": 2.635, "First Website": 2.295, "Telegram": 4.76, "Cheshire Cat": 2.21, "Game Boy": 2.21, "Pavel Durov": 4.76, "The Hobbit": 3.4, "Qing Dynasty": 2.635, "Onyx Black": 2.7199999999999998, "Black": 7.800000000000001, "just": 1.4449999999999998}, "Homemade Cake": {"Onyx Black": 2.02, "Black": 4.7, "just": 1.3175}, "Cookie Heart": {"Onyx Black": 2.2649999999999997, "Black": 6.345000000000001, "just": 1.4364999999999999}, "Jester Hat": {"Onyx Black": 2.9450000000000003, "Black": 5.945, "just": 1.3515}, "Holiday Drink": {"Onyx Black": 2.325, "Black": 5.635, "just": 1.5045}, "Ginger Cookie": {"Onyx Black": 2.835, "Black": 6.41, "just": 1.547}, "Hypno Lollipop": {"Onyx Black": 2.65, "Black": 6.800000000000001, "just": 1.4449999999999998}, "Winter Wreath": {"Onyx Black": 2.435, "Black": 7.95, "just": 1.4449999999999998}, "Party Sparkler": {"Onyx Black": 2.885, "Black": 5.635, "just": 1.5045}, "Jingle Bells": {"Onyx Black": 2.41, "Black": 6.78, "just": 1.4109999999999998}, "Tama Gadget": {"Onyx Black": 2.875, "Black": 6.525, "just": 1.4875}, "Jack-in-the-Box": {"Onyx Black": 2.665, "Black": 7.875, "just": 1.7}, "Star Notepad": {"Onyx Black": 4.0649999999999995, "Black": 9.010000000000002, "just": 1.8104999999999998}, "Easter Egg": {"Onyx Black": 3.7, "Black": 11.195, "just": 2.04}, "Santa Hat": {"Onyx Black": 3.1100000000000003, "Black": 9.51, "just": 1.887}, "Hex Pot": {"Onyx Black": 3.72, "Black": 8.094999999999999, "just": 1.9040000000000001}, "Restless Jar": {"Onyx Black": 3.645, "Black": 7.6450000000000005, "just": 1.9465}, "Lush Bouquet": {"Onyx Black": 3.375, "Black": 8.524999999999999, "just": 2.1675}, "Spiced Wine": {"Onyx Black": 3.1799999999999997, "Black": 7.955, "just": 1.751}, "Snow Globe": {"Onyx Black": 3.995, "Black": 9.095, "just": 2.0315}, "Joyful Bundle": {"Onyx Black": 3.645, "Black": 8.45, "just": 2.125}, "Light Sword": {"Onyx Black": 4.55, "Black": 11.25, "just": 2.38}, "Witch Hat": {"Onyx Black": 3.9, "Black": 10.350000000000001, "just": 2.295}, "Bow Tie": {"Onyx Black": 4.705, "Black": 14.705000000000002, "just": 2.601}, "Eternal Candle": {"Onyx Black": 5.140000000000001, "Black": 10.14, "just": 2.363}, "Jelly Bunny": {"Onyx Black": 4.595, "Black": 10.095, "just": 2.7115}, "Bunny Muffin": {"Onyx Black": 4.45, "Black": 13.549999999999999, "just": 2.635}, "Spy Agaric": {"Onyx Black": 5.220000000000001, "Black": 10.84, "just": 2.499}, "Evil Eye": {"Onyx Black": 5.74, "Black": 15.72, "just": 2.9665}, "Snow Mittens": {"Onyx Black": 4.515000000000001, "Black": 8.665, "just": 2.4055}, "Berry Box": {"Onyx Black": 4.76, "Black": 14.27, "just": 3.009}, "Valentine Box": {"Onyx Black": 5.95, "Black": 10.975000000000001, "just": 3.3575}, "Sakura Flower": {"Onyx Black": 5.47, "Black": 17.97, "just": 3.3489999999999998}, "Hanging Star": {"Onyx Black": 7.550000000000001, "Black": 16.4, "just": 4.08}, "Sleigh Bell": {"Onyx Black": 12.5, "Black": 17.994999999999997, "just": 5.1}, "Love Candle": {"Onyx Black": 7.9, "Black": 15.5, "just": 5.5249999999999995}, "Skull Flower": {"Onyx Black": 8.67, "Black": 16.97, "just": 5.049}, "Crystal Ball": {"Onyx Black": 10.31, "Black": 28.325000000000003, "just": 5.6525}, "Trapped Heart": {"Onyx Black": 10.445, "Black": 23.195, "just": 6.706499999999999}, "Top Hat": {"Onyx Black": 16.095, "Black": 25.97, "just": 6.154}, "Love Potion": {"Onyx Black": 9.795, "Black": 26.595, "just": 6.961499999999999}, "Flying Broom": {"Onyx Black": 10.86, "Black": 19.36, "just": 7.412}, "Cupid Charm": {"Onyx Black": 16.535, "Black": 34.535, "just": 8.5595}, "Record Player": {"Onyx Black": 9.96, "Black": 23.955, "just": 6.732}, "Eternal Rose": {"Onyx Black": 17.735, "Black": 36.235, "just": 10.5995}, "Mad Pumpkin": {"Onyx Black": 18.445, "Black": 39.695, "just": 12.2315}, "Voodoo Doll": {"Onyx Black": 20.5, "Black": 46.0, "just": 12.75}, "Diamond Ring": {"Onyx Black": 20.259999999999998, "Black": 43.260000000000005, "just": 13.192}, "Toy Bear": {"Onyx Black": 21.96, "Black": 51.28999999999999, "just": 14.9515}, "Vintage Cigar": {"Onyx Black": 42.925, "Black": 84.875, "just": 18.5725}, "Neko Helmet": {"Onyx Black": 35.005, "Black": 71.505, "just": 19.558500000000002}, "Low Rider": {"Onyx Black": 38.375, "Black": 107.125, "just": 20.6125}, "Signet Ring": {"Onyx Black": 31.464999999999996, "Black": 90.47500000000001, "just": 19.5075}, "Electric Skull": {"Onyx Black": 36.995,