{"Snoop Dogg": {"Doggfather": 3.0269999999999997, "Chrome": 2.3435, "AI Dogg": 2.8655, "Sapphire": 2.068, "King Snoop": 4.798, "Black Diamond": 2.277, "Goldizzle": 6.752, "Doberman": 3.231, "Onyx Black": 3.2700000000000005, "Black": 9.893076923076922, "just": 1.5895000000000001}, "Swag Bag": {"Leopard": 2.1420000000000003, "Darkness": 2.244, "Boiling Hot": 2.448, "Dogg’s Loot": 2.1420000000000003, "Cashback": 3.1620000000000004, "Snoop Life": 2.7540000000000004, "Take It Easy": 2.7540000000000004, "Bulk Order": 2.3459999999999996, "April 20th": 3.1620000000000004, "Missionary": 8.27, "P.I.M.P.": 2.1420000000000003, "Aviators": 2.1420000000000003, "Happy Herbs": 3.1620000000000004, "Gin & Jewels": 2.3868, "Onyx Black": 3.17, "Black": 7.5200000000000005, "just": 1.734}, "Snoop Cigar": {"Onyx Black": 7.9, "Black": 19.275, "just": 4.165}, "Lol Pop": {"Satellite": 1.8375, "Milky Way": 1.5435, "Andromeda": 1.9845000000000002, "Love Bubbles": 1.8375, "Gold Star": 1.5435, "Hollywood": 1.5435, "Sick Leave": 1.5435, "Cobweb": 1.5435, "Angelina": 2.2785, "Icy Touch": 1.5435, "Shock Wave": 1.5435, "Sweetheart": 1.8375, "Pumpkin": 1.7198999999999998, "Jolly Roger": 1.6905, "Rosebud": 1.7198999999999998, "Dark Sky": 1.617, "Heart Pop": 1.617, "Mortal Sin": 2.94, "Nostalgia": 1.5435, "Blood Sucker": 1.9845000000000002, "Blood Ember": 1.7198999999999998, "Celestia": 2.2785, "Jinxed": 1.617, "Glowstick": 1.9845000000000002, "Doodle Art": 1.617, "Einstein": 1.7198999999999998, "Dark Portal": 1.8375, "Hexed Helix": 1.8375, "Onyx Black": 1.9849999999999999, "Black": 5.21, "just": 1.2495}, "B-Day Candle": {"Happy Meows": 2.263, "Kaboom!": 1.971, "Payday": 2.263, "Purr Magic": 2.263, "Final Boss": 2.263, "Pixel Wish": 2.263, "On Fire": 2.263, "Onyx Black": 1.875, "Black": 5.1899999999999995, "just": 1.2409999999999999}, "Desk Calendar": {"Tic Tac Toe": 2.2165, "Peach Week": 2.2165, "Adult Tasks": 27.62, "Burning Time": 2.2165, "Sunday": 1.9305, "Hodler": 5.005, "Pepe Plans": 12.209999999999999, "Fawkes Night": 2.86, "Deadline": 2.2165, "Balloon Face": 1.859, "Independence": 2.2165, "Checklist": 2.2165, "Telegram": 2.2165, "Durov Day": 5.005, "Fund Manager": 2.2165, "Investor": 9.715, "Heartbreak": 1.573, "Onyx Black": 1.8399999999999999, "Black": 5.3149999999999995, "just": 1.2155}, "Lunar Snake": {"Python Dev": 2.0250000000000004, "Dragon Ball": 5.25, "Psychedelic": 1.875, "Timelock": 2.325, "Hot Cherry": 1.9500000000000002, "Hellspawn": 2.0250000000000004, "Soul Eater": 2.0250000000000004, "Synthwave": 4.199999999999999, "Onyx Black": 2.3449999999999998, "Black": 5.445, "just": 1.275}, "Xmas Stocking": {"Onyx Black": 2.225, "Black": 5.77, "just": 1.2834999999999999}, "Snake Box": {"Onyx Black": 2.2, "Black": 5.43, "just": 1.377}, "Pet Snake": {"Onyx Black": 2.5549999999999997, "Black": 5.9750000000000005, "just": 1.666}, "Candy Cane": {"Sticky Sweet": 2.418, "Hex Pot": 4.367999999999999, "Grinch": 3.12, "Designer": 5.46, "Onyx Black": 2.2800000000000002, "Black": 5.625, "just": 1.326}, "Whip Cupcake": {"Sponge Duck": 2.604, "Deep State": 2.2680000000000002, "Bitcoin": 13.59, "Toncoin": 2.604, "Resistance": 5.88, "Onyx Black": 2.19, "Black": 5.74, "just": 1.428}, "Big Year": {"The Hobbit": 3.8, "Cheshire Cat": 2.945, "Pavel Durov": 12.950000000000001, "Balloons": 2.09, "Creator": 2.945, "Telegram": 5.319999999999999, "Big Brother": 2.945, "The Nether": 2.945, "First Website": 2.223, "Gold Mine": 6.6499999999999995, "Bitcoin": 5.319999999999999, "YouTubes": 2.945, "Game Boy": 2.09, "Qing Dynasty": 2.945, "Pokeball": 2.565, "Onyx Black": 4.445, "Black": 9.1, "just": 1.615}, "Homemade Cake": {"Onyx Black": 2.315, "Black": 5.640000000000001, "just": 1.5979999999999999}, "Cookie Heart": {"Onyx Black": 2.67, "Black": 6.715, "just": 1.649}, "Jester Hat": {"Onyx Black": 2.525, "Black": 6.375, "just": 1.4875}, "Holiday Drink": {"Onyx Black": 2.7, "Black": 6.074999999999999, "just": 1.615}, "Ginger Cookie": {"Onyx Black": 3.5650000000000004, "Black": 7.140000000000001, "just": 1.683}, "Hypno Lollipop": {"Onyx Black": 3.46, "Black": 7.665000000000001, "just": 1.6575}, "Winter Wreath": {"Moon Cat": 90.99499999999999, "Onyx Black": 2.695, "Black": 6.99, "just": 1.6915}, "Party Sparkler": {"Onyx Black": 2.965, "Black": 7.415, "just": 1.6404999999999998}, "Jingle Bells": {"Onyx Black": 3.065, "Black": 6.155, "just": 1.8104999999999998}, "Tama Gadget": {"Onyx Black": 3.465, "Black": 6.785, "just": 1.7934999999999999}, "Jack-in-the-Box": {"Onyx Black": 3.135, "Black": 6.984999999999999, "just": 1.9295}, "Star Notepad": {"Onyx Black": 3.75, "Black": 9.425, "just": 1.9975}, "Easter Egg": {"Onyx Black": 3.8, "Black": 10.879999999999999, "just": 2.4225}, "Santa Hat": {"Onyx Black": 3.76, "Black": 8.276, "just": 2.38}, "Hex Pot": {"Onyx Black": 3.98, "Black": 9.82, "just": 2.3375}, "Restless Jar": {"Onyx Black": 3.9299999999999997, "Black": 9.24, "just": 2.2015}, "Lush Bouquet": {"Onyx Black": 5.25, "Black": 8.844999999999999, "just": 2.72}, "Spiced Wine": {"Onyx Black": 3.3200000000000003, "Black": 7.356, "just": 2.21}, "Snow Globe": {"Onyx Black": 4.895, "Black": 11.399999999999999, "just": 2.38}, "Joyful Bundle": {"Onyx Black": 4.675, "Black": 9.6, "just": 2.3375}, "Light Sword": {"Onyx Black": 4.456, "Black": 9.86, "just": 2.635}, "Witch Hat": {"Onyx Black": 4.17, "Black": 12.02, "just": 2.584}, "Bow Tie": {"Onyx Black": 4.682, "Black": 11.962, "just": 2.7795}, "Eternal Candle": {"Onyx Black": 5.408, "Black": 11.208, "just": 3.128}, "Jelly Bunny": {"Onyx Black": 5.095, "Black": 10.185, "just": 2.8815}, "Bunny Muffin": {"Onyx Black": 4.754, "Black": 11.554, "just": 3.0515}, "Spy Agaric": {"Onyx Black": 5.888, "Black": 10.488, "just": 2.9579999999999997}, "Evil Eye": {"Onyx Black": 6.348000000000001, "Black": 13.420000000000002, "just": 3.145}, "Snow Mittens": {"Onyx Black": 6.279999999999999, "Black": 8.079999999999998, "just": 3.23}, "Berry Box": {"Onyx Black": 5.242, "Black": 10.722, "just": 3.2895}, "Valentine Box": {"Onyx Black": 7.234, "Black": 12.873999999999999, "just": 4.0715}, "Sakura Flower": {"Onyx Black": 6.84, "Black": 16.043999999999997, "just": 4.029}, "Hanging Star": {"Onyx Black": 7.816000000000001, "Black": 15.219999999999999, "just": 4.845}, "Sleigh Bell": {"Onyx Black": 12.578, "Black": 20.578, "just": 6.4855}, "Love Candle": {"Onyx Black": 10.17, "Black": 17.11, "just": 7.097499999999999}, "Skull Flower": {"Onyx Black": 11.594000000000001, "Black": 18.354, "just": 6.7915}, "Crystal Ball": {"Onyx Black": 12.293999999999999, "Black": 27.514000000000003, "just": 6.706499999999999}, "Trapped Heart": {"Onyx Black": 12.373999999999999, "Black": 19.214, "just": 7.386499999999999}, "Top Hat": {"Onyx Black": 15.251999999999999, "Black": 26.856, "just": 7.446}, "Love Potion": {"Onyx Black": 12.734, "Black": 23.93, "just": 8.4065}, "Flying Broom": {"Onyx Black": 12.488, "Black": 17.288, "just": 8.058}, "Cupid Charm": {"Onyx Black": 16.942, "Black": 32.742000000000004, "just": 9.8345}, "Record Player": {"Onyx Black": 10.32, "Black": 20.56, "just": 6.46}, "Eternal Rose": {"Onyx Black": 18.794, "Black": 33.594, "just": 11.8915}, "Mad Pumpkin": {"Onyx Black": 24.188000000000002, "Black": 38.988, "just": 16.133}, "Voodoo Doll": {"Onyx Black": 24.204, "Black": 44.624, "just": 14.483999999999998}, "Diamond Ring": {"Onyx Black": 21.082, "Black": 41.082, "just": 13.9995}, "Toy Bear": {"Onyx Black": 33.794, "Black": 50.194, "just": 22.941499999999998}, "Vintage Cigar": {"Onyx Black": 36.916, "Black": 60.516, "just": 21.131}, "Neko Helmet": {"Onyx Black": 38.974000000000004, "Black": 66.57400000000001, "just": 24.046499999999998}, "Low Rider": {"Onyx Black": 32.786, "Black": 83.18599999999999, "just": 21.513499999999997}, "Signet Ring": {"Onyx Black": 37.9, "Black": 76.7, "just": 24.224999999999998}, "Electric Skull": {"Onyx Black": 45.51, "Black": 75.914, "just": 28.211499999999997}, "Kissed Frog": {"Onyx Black": 45.462, "Black": 80.062, "just": 28.704500000000003},