{"Snoop Dogg": {"King Ruby": 1.788, "Black Diamond": 2.111, "AI Dogg": 2.8110000000000004, "Emerald": 1.845, "Cold Topaz": 1.959, "Sapphire": 2.1395, "Doggfather": 2.8775, "Chrome": 1.9970000000000003, "Green Light": 1.826, "King Snoop": 5.280500000000001, "Doberman": 3.3335, "Goldizzle": 7.2405, "Onyx Black": 2.8233333333333333, "Black": 10.371538461538462, "just": 1.3685}, "Swag Bag": {"Cashback": 2.8365, "Darkness": 2.0130000000000003, "April 20th": 2.8365, "Bulk Order": 2.0130000000000003, "Missionary": 6.405, "Happy Herbs": 2.8365, "Take It Easy": 2.2875, "Dogg’s Loot": 1.9215000000000002, "Gin & Jewels": 2.2875, "Boiling Hot": 2.196, "Snoop Life": 2.1045, "Onyx Black": 2.89, "Black": 6.91, "just": 1.5555}, "Snoop Cigar": {"Onyx Black": 7.01, "Black": 19.21, "just": 3.7569999999999997}, "Lol Pop": {"Heart Pop": 1.3545, "Fire Vortex": 1.3545, "Mortal Sin": 3.6119999999999997, "Rosebud": 1.677, "Love Bubbles": 1.6125, "Glowstick": 1.9995, "Sailor Moon": 1.548, "Einstein": 1.4190000000000003, "Wonka Berry": 1.3545, "Dark Sky": 1.4834999999999998, "Blood Sucker": 1.6125, "Dark Portal": 1.4834999999999998, "Jolly Roger": 1.6125, "Blood Ember": 1.7415000000000003, "Sick Leave": 1.3545, "Andromeda": 1.677, "Pumpkin": 1.548, "Icy Touch": 1.3545, "Sweetheart": 1.4834999999999998, "Doodle Art": 1.4834999999999998, "Angelina": 1.9995, "Comic Crunch": 1.3545, "Cookie Dip": 1.4190000000000003, "Cobweb": 1.3545, "Hexed Helix": 1.4190000000000003, "Liquid Lime": 1.3545, "Satellite": 1.6125, "Romance": 1.3545, "Watermelon": 1.4190000000000003, "Celestia": 1.9995, "Milky Way": 1.3545, "Icicle": 1.4190000000000003, "Jinxed": 1.3545, "Onyx Black": 1.73, "Black": 4.705, "just": 1.0965}, "B-Day Candle": {"Pixel Wish": 1.9375, "Kaboom!": 1.9375, "Purr Magic": 2.5, "Shocker": 1.9375, "On Fire": 1.9375, "Happy Meows": 2.5, "Payday": 1.9375, "Final Boss": 1.9375, "Onyx Black": 1.645, "Black": 4.115, "just": 1.0625}, "Desk Calendar": {"Deadline": 2.44, "Checklist": 1.891, "Pepe Plans": 4.27, "Peach Week": 1.647, "Balloon Face": 1.586, "Burning Time": 1.891, "Sunday": 2.44, "Fawkes Night": 3.416, "Adult Tasks": 4.27, "Heartbreak": 1.4029999999999998, "Investor": 4.27, "Independence": 3.416, "Durov Day": 2.44, "Hodler": 4.27, "Fund Manager": 1.891, "Tic Tac Toe": 1.891, "Telegram": 1.891, "Onyx Black": 1.6099999999999999, "Black": 4.65, "just": 1.037}, "Lunar Snake": {"Timelock": 1.7820000000000003, "Dragon Ball": 4.62, "Python Dev": 2.0460000000000003, "Soul Eater": 2.0460000000000003, "Hot Cherry": 2.0460000000000003, "Synthwave": 3.6959999999999997, "Hellspawn": 1.7820000000000003, "Psychedelic": 2.0460000000000003, "Onyx Black": 1.9900000000000002, "Black": 4.61, "just": 1.122}, "Xmas Stocking": {"Onyx Black": 2.0100000000000002, "Black": 4.68, "just": 1.1560000000000001}, "Snake Box": {"Onyx Black": 1.9449999999999998, "Black": 4.17, "just": 1.139}, "Pet Snake": {"Onyx Black": 2.29, "Black": 4.89, "just": 1.513}, "Candy Cane": {"Designer": 5.425, "Grinch": 3.1, "Sticky Sweet": 2.015, "Hex Pot": 3.1, "Onyx Black": 2.27, "Black": 6.7749999999999995, "just": 1.3175}, "Whip Cupcake": {"Resistance": 4.8999999999999995, "Sponge Duck": 2.8, "Bitcoin": 4.8999999999999995, "Deep State": 2.17, "Toncoin": 2.17, "Onyx Black": 2.2, "Black": 5.0, "just": 1.19}, "Big Year": {"Cheshire Cat": 2.15, "Bitcoin": 4.816, "Gold Mine": 4.816, "The Nether": 2.236, "The Hobbit": 3.44, "Big Brother": 2.666, "Pavel Durov": 4.816, "Pokeball": 3.44, "Game Boy": 2.236, "YouTubes": 3.44, "Qing Dynasty": 3.44, "Telegram": 4.816, "First Website": 2.322, "Creator": 2.236, "Balloons": 1.8920000000000001, "Onyx Black": 2.91, "Black": 7.81, "just": 1.462}, "Homemade Cake": {"Onyx Black": 1.895, "Black": 4.79, "just": 1.2665}, "Cookie Heart": {"Onyx Black": 2.465, "Black": 5.64, "just": 1.513}, "Jester Hat": {"Onyx Black": 2.41, "Black": 5.81, "just": 1.377}, "Holiday Drink": {"Onyx Black": 2.335, "Black": 5.25, "just": 1.4449999999999998}, "Ginger Cookie": {"Onyx Black": 2.71, "Black": 6.41, "just": 1.547}, "Hypno Lollipop": {"Onyx Black": 2.675, "Black": 6.325, "just": 1.4875}, "Winter Wreath": {"Onyx Black": 2.4050000000000002, "Black": 8.905, "just": 1.5385}, "Party Sparkler": {"Onyx Black": 3.05, "Black": 6.1499999999999995, "just": 1.53}, "Jingle Bells": {"Onyx Black": 2.63, "Black": 5.39, "just": 1.513}, "Tama Gadget": {"Onyx Black": 2.5949999999999998, "Black": 6.1450000000000005, "just": 1.5215}, "Jack-in-the-Box": {"Onyx Black": 2.785, "Black": 7.8100000000000005, "just": 1.7594999999999998}, "Star Notepad": {"Onyx Black": 3.275, "Black": 8.350000000000001, "just": 1.87}, "Easter Egg": {"Onyx Black": 3.61, "Black": 11.004999999999999, "just": 2.227}, "Santa Hat": {"Onyx Black": 3.5650000000000004, "Black": 9.695, "just": 2.0315}, "Hex Pot": {"Onyx Black": 3.695, "Black": 6.25, "just": 2.125}, "Restless Jar": {"Onyx Black": 3.785, "Black": 8.125, "just": 2.0995}, "Lush Bouquet": {"Onyx Black": 3.395, "Black": 8.795, "just": 2.2015}, "Spiced Wine": {"Onyx Black": 3.29, "Black": 7.435, "just": 1.768}, "Snow Globe": {"Onyx Black": 4.0600000000000005, "Black": 9.11, "just": 2.057}, "Joyful Bundle": {"Onyx Black": 3.7649999999999997, "Black": 7.890000000000001, "just": 2.363}, "Light Sword": {"Onyx Black": 3.75, "Black": 11.899999999999999, "just": 2.38}, "Witch Hat": {"Onyx Black": 4.0600000000000005, "Black": 9.415, "just": 2.4055}, "Bow Tie": {"Onyx Black": 4.675, "Black": 14.85, "just": 2.55}, "Eternal Candle": {"Onyx Black": 5.15, "Black": 10.2, "just": 2.465}, "Jelly Bunny": {"Onyx Black": 4.35, "Black": 10.094999999999999, "just": 2.72}, "Bunny Muffin": {"Onyx Black": 4.45, "Black": 11.0, "just": 2.635}, "Spy Agaric": {"Onyx Black": 5.355, "Black": 10.21, "just": 2.4819999999999998}, "Evil Eye": {"Onyx Black": 5.8149999999999995, "Black": 14.315, "just": 3.094}, "Snow Mittens": {"Onyx Black": 4.35, "Black": 8.895, "just": 2.5415}, "Berry Box": {"Onyx Black": 4.66, "Black": 14.165000000000001, "just": 2.8305}, "Valentine Box": {"Onyx Black": 5.725, "Black": 10.475000000000001, "just": 3.3575}, "Sakura Flower": {"Onyx Black": 5.779999999999999, "Black": 13.635, "just": 3.6294999999999997}, "Hanging Star": {"Onyx Black": 7.85, "Black": 19.85, "just": 3.995}, "Sleigh Bell": {"Onyx Black": 9.850000000000001, "Black": 17.85, "just": 4.845}, "Love Candle": {"Onyx Black": 7.865, "Black": 14.665000000000001, "just": 5.3805}, "Skull Flower": {"Onyx Black": 8.485, "Black": 16.34, "just": 4.827999999999999}, "Crystal Ball": {"Onyx Black": 10.105, "Black": 36.265, "just": 5.2955000000000005}, "Trapped Heart": {"Onyx Black": 10.15, "Black": 23.15, "just": 6.205}, "Top Hat": {"Onyx Black": 13.625, "Black": 25.975, "just": 6.1625}, "Love Potion": {"Onyx Black": 10.09, "Black": 29.04, "just": 6.867999999999999}, "Flying Broom": {"Onyx Black": 10.82, "Black": 20.22, "just": 7.344}, "Cupid Charm": {"Onyx Black": 16.145, "Black": 32.325, "just": 8.2025}, "Record Player": {"Onyx Black": 10.295, "Black": 24.045, "just": 6.8765}, "Eternal Rose": {"Onyx Black": 18.995, "Black": 33.995, "just": 11.0415}, "Mad Pumpkin": {"Onyx Black": 16.99, "Black": 40.995, "just": 11.8915}, "Voodoo Doll": {"Onyx Black": 20.25, "Black": 40.25, "just": 12.325}, "Diamond Ring": {"Onyx Black": 21.07, "Black": 42.25, "just": 13.174999999999999}, "Toy Bear": {"Onyx Black": 22.369999999999997, "Black": 51.370000000000005, "just": 15.078999999999999}, "Vintage Cigar": {"Onyx Black": 43.495000000000005, "Black": 62.495000000000005, "just": 18.691499999999998}, "Neko Helmet": {"Onyx Black": 41.495000000000005, "Black": 71.495, "just": 19.5415}, "Low Rider": {"Onyx Black": 38.245, "Black": 106.74499999999999, "just": 19.9665}, "Signet Ring": {"Onyx Black": 33.25, "Black": 84.5, "just": 18.7}, "Electric Skull": {"Onyx Black": 37.41, "Black": 69.91499999999999, "just": 21.1055}, "Kissed Frog": {"Onyx Black": 43.74, "Black": 75.24, "just": 24.208}, "Swiss Watch": {"Onyx Black": 49.25, "Black": 95.5, "just": 26.349999999999998},