{"Snoop Dogg": {"Chrome": 2.296, "AI Dogg": 2.9555, "Black Gold": 1.9634999999999998, "King Snoop": 5.691, "Goldizzle": 7.5405, "Doggfather": 3.1834999999999996, "Black Diamond": 2.1915, "Emerald": 1.916, "Sapphire": 2.2199999999999998, "King Ruby": 2.0300000000000002, "Doberman": 3.4305000000000003, "Onyx Black": 3.0733333333333333, "Black": 10.027692307692307, "just": 1.547}, "Swag Bag": {"Golden Nugs": 2.34, "P.I.M.P.": 2.1, "Leopard": 2.3, "Aviators": 2.1, "April 20th": 3.1, "Darkness": 2.34, "Bulk Order": 2.2, "Happy Herbs": 3.1, "Snoop Life": 3.1, "Gin & Jewels": 2.5, "Dogg’s Loot": 2.1, "Cashback": 3.1, "Boiling Hot": 2.5, "Missionary": 8.95, "Take It Easy": 2.7, "Onyx Black": 3.45, "Black": 7.5, "just": 1.7}, "Snoop Cigar": {"Onyx Black": 8.375, "Black": 17.424999999999997, "just": 4.1225}, "Lol Pop": {"Crystal Comet": 1.5225, "Hollywood": 1.5225, "Fire Vortex": 1.5225, "Rosebud": 1.74, "Magic Wand": 1.5225, "Blood Ember": 1.595, "Pink Foil": 1.5225, "Heart Pop": 1.595, "Love Bubbles": 1.6674999999999998, "Gold Star": 1.5225, "Jolly Roger": 1.6965, "Jinxed": 1.595, "Shock Wave": 1.5225, "Satellite": 1.8125, "Watermelon": 1.5225, "Mortal Sin": 2.9, "Sick Leave": 1.5225, "Einstein": 1.6674999999999998, "Sweetheart": 1.74, "Dark Sky": 1.595, "Cobweb": 1.595, "Glowstick": 2.2475, "Angelina": 2.2475, "Celestia": 2.2475, "Doodle Art": 1.6674999999999998, "Blood Sucker": 1.885, "Pumpkin": 1.74, "Andromeda": 1.9575, "Dark Portal": 1.6965, "Hexed Helix": 1.8125, "Comic Crunch": 1.5225, "Milky Way": 1.5225, "Onyx Black": 1.975, "Black": 5.159999999999999, "just": 1.2325}, "B-Day Candle": {"Purr Magic": 2.1235000000000004, "Happy Meows": 2.1235000000000004, "Kaboom!": 2.1235000000000004, "On Fire": 2.1235000000000004, "Final Boss": 2.1235000000000004, "Payday": 2.1235000000000004, "Pixel Wish": 2.1235000000000004, "Onyx Black": 1.7850000000000001, "Black": 5.085000000000001, "just": 1.1645}, "Desk Calendar": {"Sunday": 1.89, "Investor": 9.450000000000001, "Deadline": 2.17, "Burning Time": 1.89, "Fund Manager": 2.17, "Telegram": 2.17, "Hodler": 4.8999999999999995, "Pepe Plans": 14.700000000000001, "Fawkes Night": 2.17, "Peach Week": 2.17, "Adult Tasks": 25.695, "Checklist": 2.17, "Independence": 2.17, "Heartbreak": 1.6099999999999999, "Tic Tac Toe": 1.89, "Durov Day": 6.949999999999999, "Balloon Face": 1.8199999999999998, "Onyx Black": 1.8399999999999999, "Black": 5.244999999999999, "just": 1.19}, "Lunar Snake": {"Hellspawn": 2.0250000000000004, "Hot Cherry": 2.0250000000000004, "Python Dev": 2.325, "Synthwave": 4.199999999999999, "Dragon Ball": 5.25, "Timelock": 2.325, "Psychedelic": 2.325, "Soul Eater": 2.0250000000000004, "Onyx Black": 2.45, "Black": 5.725, "just": 1.275}, "Xmas Stocking": {"Onyx Black": 2.2199999999999998, "Black": 5.784999999999999, "just": 1.309}, "Snake Box": {"Onyx Black": 2.185, "Black": 5.445, "just": 1.36}, "Pet Snake": {"Onyx Black": 2.5100000000000002, "Black": 6.16, "just": 1.547}, "Candy Cane": {"Hex Pot": 3.08, "Designer": 5.390000000000001, "Sticky Sweet": 2.079, "Grinch": 4.311999999999999, "Onyx Black": 2.27, "Black": 5.614999999999999, "just": 1.309}, "Whip Cupcake": {"Toncoin": 2.5575, "Sponge Duck": 2.5575, "Bitcoin": 13.575000000000001, "Resistance": 5.7749999999999995, "Deep State": 2.2275, "Onyx Black": 2.2249999999999996, "Black": 5.525, "just": 1.4024999999999999}, "Big Year": {"Game Boy": 2.079, "First Website": 2.2112999999999996, "Pokeball": 2.5515, "YouTubes": 2.9295, "The Nether": 2.9295, "Gold Mine": 6.614999999999999, "Pavel Durov": 12.445, "Cheshire Cat": 2.9295, "Creator": 2.9295, "Telegram": 6.614999999999999, "Big Brother": 2.9295, "Balloons": 2.079, "Qing Dynasty": 2.9295, "The Hobbit": 3.78, "Bitcoin": 5.292, "Onyx Black": 3.9450000000000003, "Black": 9.945, "just": 1.6064999999999998}, "Homemade Cake": {"Onyx Black": 2.32, "Black": 5.66, "just": 1.6064999999999998}, "Cookie Heart": {"Onyx Black": 2.54, "Black": 6.545000000000001, "just": 1.5979999999999999}, "Jester Hat": {"Onyx Black": 2.495, "Black": 6.3950000000000005, "just": 1.5215}, "Holiday Drink": {"Onyx Black": 2.68, "Black": 6.055000000000001, "just": 1.581}, "Ginger Cookie": {"Onyx Black": 3.62, "Black": 6.465, "just": 1.649}, "Hypno Lollipop": {"Onyx Black": 3.4350000000000005, "Black": 7.484999999999999, "just": 1.6744999999999999}, "Winter Wreath": {"Moon Cat": 90.99499999999999, "Onyx Black": 2.99, "Black": 6.26, "just": 1.6915}, "Party Sparkler": {"Onyx Black": 3.48, "Black": 7.425, "just": 1.666}, "Jingle Bells": {"Onyx Black": 3.0949999999999998, "Black": 6.995000000000001, "just": 1.8615}, "Tama Gadget": {"Onyx Black": 3.46, "Black": 6.780000000000001, "just": 1.785}, "Jack-in-the-Box": {"Onyx Black": 3.13, "Black": 6.9799999999999995, "just": 1.9209999999999998}, "Star Notepad": {"Onyx Black": 3.675, "Black": 9.7, "just": 2.04}, "Easter Egg": {"Onyx Black": 3.8449999999999998, "Black": 10.925, "just": 2.499}, "Santa Hat": {"Onyx Black": 3.726, "Black": 9.23, "just": 2.3375}, "Hex Pot": {"Onyx Black": 3.9399999999999995, "Black": 9.835, "just": 2.363}, "Restless Jar": {"Onyx Black": 3.575, "Black": 9.225, "just": 2.21}, "Lush Bouquet": {"Onyx Black": 5.25, "Black": 8.844999999999999, "just": 2.72}, "Spiced Wine": {"Onyx Black": 3.332, "Black": 7.135999999999999, "just": 2.176}, "Snow Globe": {"Onyx Black": 4.99, "Black": 10.969999999999999, "just": 2.5415}, "Joyful Bundle": {"Onyx Black": 4.9399999999999995, "Black": 9.66, "just": 2.448}, "Light Sword": {"Onyx Black": 4.456, "Black": 10.655999999999999, "just": 2.635}, "Witch Hat": {"Onyx Black": 4.5, "Black": 12.0, "just": 2.55}, "Bow Tie": {"Onyx Black": 4.888, "Black": 11.896, "just": 2.686}, "Eternal Candle": {"Onyx Black": 5.354, "Black": 10.95, "just": 3.0515}, "Jelly Bunny": {"Onyx Black": 5.045, "Black": 10.185, "just": 2.8815}, "Bunny Muffin": {"Onyx Black": 5.3, "Black": 11.5, "just": 2.975}, "Spy Agaric": {"Onyx Black": 6.064, "Black": 10.463999999999999, "just": 2.924}, "Evil Eye": {"Onyx Black": 7.104, "Black": 13.504, "just": 3.264}, "Snow Mittens": {"Onyx Black": 6.4, "Black": 8.4, "just": 3.4}, "Berry Box": {"Onyx Black": 5.236, "Black": 10.708, "just": 3.2809999999999997}, "Valentine Box": {"Onyx Black": 7.27, "Black": 14.281999999999998, "just": 4.1225}, "Sakura Flower": {"Onyx Black": 6.948, "Black": 16.152, "just": 4.1819999999999995}, "Hanging Star": {"Onyx Black": 7.906, "Black": 15.309999999999999, "just": 4.972499999999999}, "Sleigh Bell": {"Onyx Black": 11.838000000000001, "Black": 20.637999999999998, "just": 6.5705}, "Love Candle": {"Onyx Black": 10.214, "Black": 15.094, "just": 7.2165}, "Skull Flower": {"Onyx Black": 11.508, "Black": 18.468, "just": 6.952999999999999}, "Crystal Ball": {"Onyx Black": 12.462, "Black": 27.898000000000003, "just": 6.9445}, "Trapped Heart": {"Onyx Black": 12.120000000000001, "Black": 20.18, "just": 7.055000000000001}, "Top Hat": {"Onyx Black": 15.056000000000001, "Black": 28.1, "just": 7.225}, "Love Potion": {"Onyx Black": 12.73, "Black": 23.93, "just": 8.4065}, "Flying Broom": {"Onyx Black": 12.296000000000001, "Black": 17.276, "just": 8.041}, "Cupid Charm": {"Onyx Black": 17.104, "Black": 32.3, "just": 10.064}, "Record Player": {"Onyx Black": 10.38, "Black": 20.619999999999997, "just": 6.545}, "Eternal Rose": {"Onyx Black": 18.982, "Black": 34.622, "just": 12.2145}, "Mad Pumpkin": {"Onyx Black": 24.619999999999997, "Black": 39.22, "just": 16.744999999999997}, "Voodoo Doll": {"Onyx Black": 24.096, "Black": 46.2, "just": 14.45}, "Diamond Ring": {"Onyx Black": 21.304000000000002, "Black": 43.70399999999999, "just": 14.314}, "Toy Bear": {"Onyx Black": 30.756, "Black": 49.332, "just": 22.099999999999998}, "Vintage Cigar": {"Onyx Black": 36.524, "Black": 61.144, "just": 20.892999999999997}, "Neko Helmet": {"Onyx Black": 37.0, "Black": 63.0, "just": 22.95}, "Low Rider": {"Onyx Black": 32.42, "Black": 80.42, "just": 20.994999999999997}, "Signet Ring": {"Onyx Black": 37.12, "Black": 72.316, "just": 23.119999999999997},