{"Snoop Dogg": {"Sapphire": 2.0255, "AI Dogg": 3.3810000000000002, "Chrome": 2.491, "King Snoop": 4.6915000000000004, "Doberman": 3.5330000000000004, "King Ruby": 1.9305000000000003, "Doggfather": 3.153, "Black Diamond": 2.1585, "Goldizzle": 6.8469999999999995, "Cold Topaz": 1.9685000000000006, "Onyx Black": 3.3833333333333337, "Black": 11.01923076923077, "just": 1.4875}, "Swag Bag": {"Missionary": 6.4750000000000005, "Bulk Order": 2.1275, "Take It Easy": 2.3125, "P.I.M.P.": 1.9425000000000001, "Happy Herbs": 2.8675, "Snoop Life": 2.4050000000000002, "Golden Nugs": 1.9425000000000001, "April 20th": 2.8675, "Darkness": 2.3125, "Gin & Jewels": 2.22, "Cashback": 2.8675, "Boiling Hot": 2.22, "Onyx Black": 2.92, "Black": 6.925000000000001, "just": 1.5725}, "Snoop Cigar": {"Onyx Black": 6.975, "Black": 16.825, "just": 3.7825}, "Lol Pop": {"Milky Way": 1.4280000000000002, "Cookie Dip": 1.564, "Rosebud": 1.6320000000000001, "Crystalline": 1.4280000000000002, "Angelina": 2.108, "Jolly Roger": 1.4280000000000002, "Mortal Sin": 2.72, "Wonka Berry": 1.4280000000000002, "Pink Foil": 1.4280000000000002, "Einstein": 1.4960000000000002, "Love Bubbles": 1.4280000000000002, "Blood Ember": 1.4960000000000002, "Jinxed": 1.4960000000000002, "Icicle": 1.4280000000000002, "Doodle Art": 1.4280000000000002, "Hexed Helix": 1.4960000000000002, "Glowstick": 2.108, "Watermelon": 1.4280000000000002, "Sweetheart": 1.564, "Soap Bubbles": 1.4280000000000002, "Heart Pop": 1.4960000000000002, "Comic Crunch": 1.4280000000000002, "Blood Sucker": 1.7000000000000002, "Satellite": 1.7680000000000002, "Shock Wave": 1.4280000000000002, "Celestia": 2.108, "Dark Portal": 1.7000000000000002, "Andromeda": 1.564, "Plastic Ice": 1.4280000000000002, "Cobweb": 1.564, "Dark Sky": 1.564, "Nostalgia": 1.4960000000000002, "Onyx Black": 1.9300000000000002, "Black": 5.415000000000001, "just": 1.1560000000000001}, "B-Day Candle": {"Purr Magic": 2.015, "Happy Meows": 2.015, "Final Boss": 2.015, "Payday": 2.015, "Kaboom!": 1.7550000000000001, "Pixel Wish": 2.015, "On Fire": 2.015, "Onyx Black": 1.7200000000000002, "Black": 5.8999999999999995, "just": 1.105}, "Desk Calendar": {"Durov Day": 2.0925000000000002, "Tic Tac Toe": 1.5525, "Independence": 3.78, "Burning Time": 2.0925000000000002, "Sunday": 2.0925000000000002, "Fund Manager": 2.0925000000000002, "Telegram": 2.0925000000000002, "Checklist": 2.0925000000000002, "Deadline": 2.0925000000000002, "Investor": 4.7250000000000005, "Peach Week": 1.8225000000000002, "Fawkes Night": 6.175000000000001, "Pepe Plans": 15.174999999999999, "Adult Tasks": 29.175, "Balloon Face": 1.5525, "Heartbreak": 1.4175000000000002, "Hodler": 3.78, "Onyx Black": 1.725, "Black": 7.515000000000001, "just": 1.1475}, "Lunar Snake": {"Psychedelic": 1.917, "Hot Cherry": 2.201, "Dragon Ball": 4.97, "Python Dev": 2.201, "Soul Eater": 1.917, "Synthwave": 7.96, "Hellspawn": 2.201, "Timelock": 1.6329999999999998, "Onyx Black": 1.96, "Black": 5.205, "just": 1.2069999999999999}, "Xmas Stocking": {"Onyx Black": 1.99, "Black": 5.405000000000001, "just": 1.1475}, "Snake Box": {"Onyx Black": 1.875, "Black": 7.64, "just": 1.105}, "Pet Snake": {"Onyx Black": 2.5, "Black": 5.865, "just": 1.4705}, "Candy Cane": {"Designer": 5.215, "Hex Pot": 2.98, "Grinch": 2.98, "Sticky Sweet": 2.0115000000000003, "Onyx Black": 2.32, "Black": 6.495, "just": 1.2665}, "Whip Cupcake": {"Sponge Duck": 2.17, "Bitcoin": 9.700000000000001, "Resistance": 4.8999999999999995, "Deep State": 1.89, "Toncoin": 2.17, "Onyx Black": 1.9949999999999999, "Black": 5.449999999999999, "just": 1.19}, "Big Year": {"Big Brother": 2.565, "Game Boy": 2.28, "The Nether": 2.09, "Qing Dynasty": 3.8, "First Website": 1.9949999999999999, "Cheshire Cat": 2.375, "Telegram": 3.8, "The Hobbit": 3.8, "Gold Mine": 6.6499999999999995, "YouTubes": 2.945, "Pavel Durov": 3.8, "Creator": 2.945, "Pokeball": 2.565, "Bitcoin": 6.6499999999999995, "Onyx Black": 3.425, "Black": 8.45, "just": 1.615}, "Homemade Cake": {"Onyx Black": 2.135, "Black": 5.5649999999999995, "just": 1.3855}, "Cookie Heart": {"Onyx Black": 2.325, "Black": 6.1, "just": 1.53}, "Jester Hat": {"Onyx Black": 2.785, "Black": 6.700000000000001, "just": 1.36}, "Holiday Drink": {"Onyx Black": 2.465, "Black": 5.715, "just": 1.4705}, "Ginger Cookie": {"Onyx Black": 3.125, "Black": 6.355, "just": 1.4875}, "Hypno Lollipop": {"Onyx Black": 2.935, "Black": 5.710000000000001, "just": 1.649}, "Winter Wreath": {"Onyx Black": 2.46, "Black": 10.125, "just": 1.4875}, "Party Sparkler": {"Onyx Black": 2.695, "Black": 6.944999999999999, "just": 1.6064999999999998}, "Jingle Bells": {"Onyx Black": 2.62, "Black": 6.625, "just": 1.4875}, "Tama Gadget": {"Onyx Black": 3.38, "Black": 6.93, "just": 1.6235}, "Jack-in-the-Box": {"Onyx Black": 3.18, "Black": 7.81, "just": 1.8444999999999998}, "Star Notepad": {"Onyx Black": 3.8899999999999997, "Black": 8.59, "just": 1.9379999999999997}, "Easter Egg": {"Onyx Black": 3.91, "Black": 10.21, "just": 2.057}, "Santa Hat": {"Onyx Black": 3.2600000000000002, "Black": 8.3, "just": 2.125}, "Hex Pot": {"Onyx Black": 3.62, "Black": 8.58, "just": 2.1165000000000003}, "Restless Jar": {"Onyx Black": 3.71, "Black": 8.434999999999999, "just": 2.057}, "Lush Bouquet": {"Onyx Black": 3.53, "Black": 7.8549999999999995, "just": 2.3035}, "Spiced Wine": {"Onyx Black": 2.654, "Black": 6.654, "just": 1.7764999999999997}, "Snow Globe": {"Onyx Black": 4.02, "Black": 8.094999999999999, "just": 2.1165000000000003}, "Joyful Bundle": {"Onyx Black": 3.735, "Black": 8.085, "just": 2.2695}, "Light Sword": {"Onyx Black": 4.37, "Black": 9.565999999999999, "just": 2.5075000000000003}, "Witch Hat": {"Onyx Black": 4.245, "Black": 11.844999999999999, "just": 2.2864999999999998}, "Bow Tie": {"Onyx Black": 4.082, "Black": 13.442, "just": 2.6094999999999997}, "Eternal Candle": {"Onyx Black": 4.6, "Black": 10.16, "just": 2.55}, "Jelly Bunny": {"Onyx Black": 4.33, "Black": 10.465, "just": 2.686}, "Bunny Muffin": {"Onyx Black": 4.604, "Black": 14.004, "just": 2.839}, "Spy Agaric": {"Onyx Black": 4.76, "Black": 11.8, "just": 2.55}, "Evil Eye": {"Onyx Black": 5.774000000000001, "Black": 13.254, "just": 3.1365}, "Snow Mittens": {"Onyx Black": 4.7620000000000005, "Black": 7.7620000000000005, "just": 2.7795}, "Berry Box": {"Onyx Black": 4.396, "Black": 11.684, "just": 2.9579999999999997}, "Valentine Box": {"Onyx Black": 7.0, "Black": 12.4, "just": 3.4}, "Sakura Flower": {"Onyx Black": 6.48, "Black": 14.52, "just": 3.57}, "Hanging Star": {"Onyx Black": 6.938, "Black": 14.154, "just": 4.190499999999999}, "Sleigh Bell": {"Onyx Black": 11.0, "Black": 14.752, "just": 5.388999999999999}, "Love Candle": {"Onyx Black": 8.370000000000001, "Black": 13.634, "just": 6.1964999999999995}, "Skull Flower": {"Onyx Black": 8.219999999999999, "Black": 14.98, "just": 5.3549999999999995}, "Crystal Ball": {"Onyx Black": 11.971999999999998, "Black": 23.984, "just": 5.643999999999999}, "Trapped Heart": {"Onyx Black": 11.146, "Black": 20.706, "just": 6.7235}, "Top Hat": {"Onyx Black": 13.414, "Black": 22.614, "just": 6.5365}, "Love Potion": {"Onyx Black": 9.98, "Black": 22.980000000000004, "just": 7.055000000000001}, "Flying Broom": {"Onyx Black": 9.876000000000001, "Black": 17.072, "just": 7.191000000000001}, "Cupid Charm": {"Onyx Black": 15.315999999999999, "Black": 31.72, "just": 8.67}, "Record Player": {"Onyx Black": 11.054, "Black": 20.634, "just": 6.706499999999999}, "Eternal Rose": {"Onyx Black": 16.914, "Black": 33.914, "just": 11.2115}, "Mad Pumpkin": {"Onyx Black": 19.5, "Black": 40.3, "just": 12.325}, "Voodoo Doll": {"Onyx Black": 21.582, "Black": 40.382, "just": 13.5745}, "Diamond Ring": {"Onyx Black": 20.1, "Black": 37.7, "just": 13.174999999999999}, "Toy Bear": {"Onyx Black": 25.2, "Black": 44.8, "just": 15.299999999999999}, "Vintage Cigar": {"Onyx Black": 43.45399999999999, "Black": 60.653999999999996, "just": 19.6265}, "Neko Helmet": {"Onyx Black": 38.7, "Black": 62.696, "just": 20.825}, "Low Rider": {"Onyx Black": 34.88,