{"Snoop Dogg": {"Doberman": 3.59, "AI Dogg": 3.3430000000000004, "Sapphire": 2.168, "Black Diamond": 2.2345, "Emerald": 2.0255, "King Snoop": 4.6155, "Chrome": 2.5195, "Cold Topaz": 2.0255, "Goldizzle": 7.905499999999999, "Doggfather": 3.096, "Onyx Black": 3.526666666666667, "Black": 10.633846153846152, "just": 1.513}, "Swag Bag": {"Darkness": 2.178, "Happy Herbs": 3.069, "Leopard": 2.079, "Take It Easy": 2.376, "Missionary": 6.93, "P.I.M.P.": 2.079, "April 20th": 3.069, "Boiling Hot": 2.574, "Gin & Jewels": 2.574, "Bulk Order": 2.475, "Cashback": 3.069, "Snoop Life": 2.574, "Dogg’s Loot": 2.079, "Onyx Black": 3.1900000000000004, "Black": 7.140000000000001, "just": 1.683}, "Snoop Cigar": {"Onyx Black": 7.615, "Black": 17.245, "just": 3.995}, "Lol Pop": {"Satellite": 1.7198999999999998, "Hexed Helix": 1.7198999999999998, "Pumpkin": 1.617, "Dark Sky": 1.6905, "Milky Way": 1.617, "Andromeda": 1.9845000000000002, "Heart Pop": 1.617, "Glowstick": 2.2785, "Sweetheart": 1.911, "Magic Wand": 1.5435, "Blood Sucker": 1.617, "Sailor Moon": 1.5435, "Mortal Sin": 4.116, "Jolly Roger": 1.7198999999999998, "Love Bubbles": 1.8375, "Celestia": 2.2785, "Shock Wave": 1.7198999999999998, "Blood Ember": 1.7198999999999998, "Einstein": 1.617, "Jinxed": 1.617, "Rosebud": 1.7198999999999998, "Angelina": 2.2785, "Dark Portal": 1.8375, "Doodle Art": 1.617, "Icy Touch": 1.5435, "Watermelon": 1.5435, "Crystalline": 1.5435, "Cobweb": 1.617, "Plastic Ice": 1.5435, "Onyx Black": 2.025, "Black": 5.38, "just": 1.2495}, "B-Day Candle": {"Payday": 2.1235000000000004, "Pixel Wish": 2.1235000000000004, "Happy Meows": 2.1235000000000004, "Purr Magic": 2.1235000000000004, "Kaboom!": 1.8495000000000004, "On Fire": 2.1235000000000004, "Final Boss": 2.1235000000000004, "Onyx Black": 1.75, "Black": 5.38, "just": 1.1645}, "Desk Calendar": {"Sunday": 1.8225000000000002, "Telegram": 2.0925000000000002, "Fawkes Night": 4.7250000000000005, "Durov Day": 2.0925000000000002, "Checklist": 2.0925000000000002, "Fund Manager": 2.0925000000000002, "Independence": 2.7, "Burning Time": 2.0925000000000002, "Investor": 5.8100000000000005, "Tic Tac Toe": 2.0925000000000002, "Heartbreak": 1.4850000000000003, "Peach Week": 2.0925000000000002, "Hodler": 4.7250000000000005, "Balloon Face": 2.0925000000000002, "Pepe Plans": 10.51, "Deadline": 2.0925000000000002, "Adult Tasks": 26.175, "Onyx Black": 1.73, "Black": 5.5649999999999995, "just": 1.1475}, "Lunar Snake": {"Soul Eater": 2.3715, "Dragon Ball": 5.355, "Psychedelic": 1.9125, "Timelock": 1.989, "Hellspawn": 2.0655, "Python Dev": 2.3715, "Synthwave": 5.355, "Hot Cherry": 2.0655, "Onyx Black": 2.2600000000000002, "Black": 5.760000000000001, "just": 1.3005}, "Xmas Stocking": {"Onyx Black": 2.5650000000000004, "Black": 5.715, "just": 1.2155}, "Snake Box": {"Onyx Black": 2.145, "Black": 5.6450000000000005, "just": 1.2665}, "Pet Snake": {"Onyx Black": 2.47, "Black": 5.845, "just": 1.4789999999999999}, "Candy Cane": {"Sticky Sweet": 1.9625000000000001, "Grinch": 3.14, "Hex Pot": 3.14, "Designer": 4.396, "Onyx Black": 2.455, "Black": 5.96, "just": 1.3345}, "Whip Cupcake": {"Toncoin": 2.4025000000000003, "Bitcoin": 9.475, "Deep State": 2.4025000000000003, "Resistance": 5.425, "Sponge Duck": 3.1, "Onyx Black": 2.25, "Black": 5.725, "just": 1.3175}, "Big Year": {"Big Brother": 2.9160000000000004, "Creator": 2.9160000000000004, "The Nether": 3.3480000000000003, "Pokeball": 2.7, "First Website": 2.3760000000000003, "Cheshire Cat": 2.3760000000000003, "Telegram": 4.32, "Bitcoin": 4.32, "Qing Dynasty": 3.3480000000000003, "The Hobbit": 3.3480000000000003, "Pavel Durov": 4.32, "Game Boy": 2.2680000000000002, "Gold Mine": 4.32, "YouTubes": 4.32, "Onyx Black": 3.705, "Black": 8.68, "just": 1.836}, "Homemade Cake": {"Onyx Black": 2.4050000000000002, "Black": 5.57, "just": 1.547}, "Cookie Heart": {"Onyx Black": 2.56, "Black": 6.955, "just": 1.632}, "Jester Hat": {"Onyx Black": 2.645, "Black": 6.495, "just": 1.4789999999999999}, "Holiday Drink": {"Onyx Black": 2.625, "Black": 6.175000000000001, "just": 1.5725}, "Ginger Cookie": {"Onyx Black": 3.7800000000000002, "Black": 6.504999999999999, "just": 1.751}, "Hypno Lollipop": {"Onyx Black": 2.7800000000000002, "Black": 6.49, "just": 1.751}, "Winter Wreath": {"Moon Cat": 108.47, "Onyx Black": 2.635, "Black": 8.67, "just": 1.649}, "Party Sparkler": {"Onyx Black": 3.62, "Black": 7.970000000000001, "just": 1.6575}, "Jingle Bells": {"Onyx Black": 2.88, "Black": 6.54, "just": 1.768}, "Tama Gadget": {"Onyx Black": 3.48, "Black": 6.54, "just": 1.768}, "Jack-in-the-Box": {"Onyx Black": 3.13, "Black": 7.62, "just": 1.9124999999999999}, "Star Notepad": {"Onyx Black": 3.4050000000000002, "Black": 9.655, "just": 1.9635}, "Easter Egg": {"Onyx Black": 3.645, "Black": 11.099999999999998, "just": 2.38}, "Santa Hat": {"Onyx Black": 3.214, "Black": 8.354000000000001, "just": 2.2864999999999998}, "Hex Pot": {"Onyx Black": 3.9299999999999997, "Black": 10.094999999999999, "just": 2.3120000000000003}, "Restless Jar": {"Onyx Black": 3.76, "Black": 10.51, "just": 2.142}, "Lush Bouquet": {"Onyx Black": 4.32, "Black": 7.970000000000001, "just": 2.499}, "Spiced Wine": {"Onyx Black": 2.988, "Black": 6.848000000000001, "just": 1.9719999999999998}, "Snow Globe": {"Onyx Black": 4.625, "Black": 12.875, "just": 2.3375}, "Joyful Bundle": {"Onyx Black": 3.645, "Black": 7.42, "just": 2.4139999999999997}, "Light Sword": {"Onyx Black": 4.57, "Black": 10.674, "just": 2.7115}, "Witch Hat": {"Onyx Black": 4.359999999999999, "Black": 11.709999999999999, "just": 2.907}, "Bow Tie": {"Onyx Black": 4.948, "Black": 12.636, "just": 2.771}, "Eternal Candle": {"Onyx Black": 5.344, "Black": 11.348, "just": 3.043}, "Jelly Bunny": {"Onyx Black": 4.705, "Black": 11.14, "just": 2.8985}, "Bunny Muffin": {"Onyx Black": 5.052, "Black": 10.616, "just": 3.1959999999999997}, "Spy Agaric": {"Onyx Black": 5.168, "Black": 10.36, "just": 2.788}, "Evil Eye": {"Onyx Black": 6.244, "Black": 12.644, "just": 3.1790000000000003}, "Snow Mittens": {"Onyx Black": 4.908, "Black": 7.964, "just": 3.128}, "Berry Box": {"Onyx Black": 5.88, "Black": 11.6, "just": 3.23}, "Valentine Box": {"Onyx Black": 7.55, "Black": 12.75, "just": 4.1225}, "Sakura Flower": {"Onyx Black": 6.928, "Black": 15.328, "just": 4.148}, "Hanging Star": {"Onyx Black": 8.574, "Black": 15.370000000000001, "just": 4.7855}, "Sleigh Bell": {"Onyx Black": 10.942, "Black": 18.538, "just": 6.4345}, "Love Candle": {"Onyx Black": 11.142, "Black": 20.618000000000002, "just": 7.114499999999999}, "Skull Flower": {"Onyx Black": 10.674, "Black": 19.034, "just": 7.1315}, "Crystal Ball": {"Onyx Black": 11.294, "Black": 28.674, "just": 6.6215}, "Trapped Heart": {"Onyx Black": 12.937999999999999, "Black": 19.018, "just": 7.5905}, "Top Hat": {"Onyx Black": 12.2, "Black": 22.48, "just": 6.63}, "Love Potion": {"Onyx Black": 10.984, "Black": 22.188, "just": 7.633}, "Flying Broom": {"Onyx Black": 10.9, "Black": 18.332, "just": 8.075}, "Cupid Charm": {"Onyx Black": 16.887999999999998, "Black": 32.488, "just": 9.758000000000001}, "Record Player": {"Onyx Black": 11.102, "Black": 20.378, "just": 6.7745}, "Eternal Rose": {"Onyx Black": 17.336, "Black": 35.532, "just": 11.526}, "Mad Pumpkin": {"Onyx Black": 22.268, "Black": 38.068, "just": 14.263}, "Voodoo Doll": {"Onyx Black": 21.848, "Black": 48.007999999999996, "just": 14.177999999999999}, "Diamond Ring": {"Onyx Black": 22.598, "Black": 43.798, "just": 13.880499999999998}, "Toy Bear": {"Onyx Black": 24.766, "Black": 47.245999999999995, "just": 15.9375}, "Vintage Cigar": {"Onyx Black": 42.676, "Black": 55.9, "just": 20.825}, "Neko Helmet": {"Onyx Black": 36.019999999999996, "Black": 76.02, "just": 22.695}, "Low Rider": {"Onyx Black": 34.16, "Black": 90.96000000000001, "just": 21.76}, "Signet Ring": {"Onyx Black": 37.257999999999996, "Black": 80.05799999999999, "just": 23.3155}, "Electric Skull": {"Onyx Black": 44.194, "Black": 67.78999999999999, "just": 26.341499999999996},