{"Snoop Dogg": {"Goldizzle": 7.0405, "Chrome": 2.2865, "Black Diamond": 2.1060000000000003, "Emerald": 1.8780000000000001, "AI Dogg": 2.9269999999999996, "Doggfather": 3.2119999999999997, "King Snoop": 4.9405, "Doberman": 3.231, "Cold Topaz": 1.9825, "Sapphire": 2.1155, "Onyx Black": 3.2366666666666664, "Black": 10.405384615384616, "just": 1.5215}, "Swag Bag": {"P.I.M.P.": 2.1525, "Cashback": 3.1774999999999998, "Darkness": 2.255, "Snoop Life": 2.5625, "Boiling Hot": 2.4599999999999995, "Dogg’s Loot": 2.1525, "Happy Herbs": 3.1774999999999998, "Gin & Jewels": 2.3985, "Missionary": 7.174999999999999, "April 20th": 3.1774999999999998, "Take It Easy": 2.7675, "Leopard": 2.3985, "Aviators": 2.1525, "Bulk Order": 2.3574999999999995, "Onyx Black": 3.125, "Black": 7.374999999999999, "just": 1.7424999999999997}, "Snoop Cigar": {"Onyx Black": 7.955, "Black": 19.3, "just": 4.2075000000000005}, "Lol Pop": {"Cobweb": 1.595, "Jolly Roger": 1.8125, "Dark Sky": 1.595, "Magic Wand": 1.5225, "Watermelon": 1.5225, "Love Bubbles": 1.6965, "Fire Vortex": 1.5225, "Glowstick": 2.2475, "Rosebud": 1.74, "Milky Way": 1.595, "Celestia": 2.2475, "Einstein": 1.74, "Doodle Art": 1.6674999999999998, "Sailor Moon": 1.5225, "Dark Portal": 1.885, "Plastic Ice": 1.5225, "Heart Pop": 1.595, "Cookie Dip": 1.5225, "Shock Wave": 1.5225, "Angelina": 2.2475, "Crystal Comet": 1.5225, "Comic Crunch": 1.5225, "Hollywood": 1.5225, "Andromeda": 1.9575, "Satellite": 1.74, "Pumpkin": 1.5225, "Nostalgia": 1.595, "Blood Ember": 1.595, "Hexed Helix": 1.8125, "Jinxed": 1.74, "Sweetheart": 1.6674999999999998, "Blood Sucker": 1.9575, "Mortal Sin": 4.06, "Sick Leave": 1.5225, "Onyx Black": 2.025, "Black": 5.175, "just": 1.2325}, "B-Day Candle": {"Kaboom!": 1.9575, "Final Boss": 2.2475, "On Fire": 2.2475, "Happy Meows": 2.2475, "Pixel Wish": 2.2475, "Purr Magic": 2.2475, "Payday": 2.2475, "Onyx Black": 1.8250000000000002, "Black": 5.194999999999999, "just": 1.2325}, "Desk Calendar": {"Burning Time": 2.2475, "Deadline": 2.2475, "Checklist": 1.9575, "Hodler": 5.075, "Tic Tac Toe": 2.2475, "Independence": 2.2475, "Adult Tasks": 25.724999999999998, "Fund Manager": 2.2475, "Sunday": 1.9575, "Durov Day": 5.075, "Fawkes Night": 5.075, "Investor": 8.725, "Balloon Face": 1.8125, "Heartbreak": 1.595, "Telegram": 2.2475, "Pepe Plans": 14.719999999999999, "Peach Week": 2.2475, "Onyx Black": 1.875, "Black": 5.119999999999999, "just": 1.2325}, "Lunar Snake": {"Psychedelic": 2.263, "Dragon Ball": 5.109999999999999, "Synthwave": 5.109999999999999, "Hellspawn": 1.971, "Hot Cherry": 2.263, "Soul Eater": 2.263, "Python Dev": 2.263, "Timelock": 2.263, "Onyx Black": 2.23, "Black": 5.4750000000000005, "just": 1.2409999999999999}, "Xmas Stocking": {"Onyx Black": 2.215, "Black": 5.21, "just": 1.3005}, "Snake Box": {"Onyx Black": 2.075, "Black": 5.435, "just": 1.343}, "Pet Snake": {"Onyx Black": 2.44, "Black": 6.2, "just": 1.5979999999999999}, "Candy Cane": {"Sticky Sweet": 2.325, "Designer": 7.2, "Hex Pot": 4.199999999999999, "Grinch": 3.0, "Onyx Black": 2.35, "Black": 5.75, "just": 1.275}, "Whip Cupcake": {"Toncoin": 2.387, "Deep State": 2.387, "Bitcoin": 13.719999999999999, "Resistance": 6.485, "Sponge Duck": 2.387, "Onyx Black": 2.17, "Black": 5.51, "just": 1.309}, "Big Year": {"Game Boy": 2.375, "Balloons": 2.223, "Cheshire Cat": 2.945, "The Nether": 2.945, "Qing Dynasty": 2.945, "Bitcoin": 5.319999999999999, "Gold Mine": 6.6499999999999995, "Telegram": 5.319999999999999, "Big Brother": 2.945, "YouTubes": 3.8, "Pokeball": 2.565, "First Website": 1.9949999999999999, "Creator": 2.945, "The Hobbit": 3.8, "Pavel Durov": 9.945, "Onyx Black": 3.575, "Black": 9.149999999999999, "just": 1.615}, "Homemade Cake": {"Onyx Black": 2.34, "Black": 5.32, "just": 1.564}, "Cookie Heart": {"Onyx Black": 2.4699999999999998, "Black": 6.7250000000000005, "just": 1.666}, "Jester Hat": {"Onyx Black": 2.645, "Black": 6.095, "just": 1.5215}, "Holiday Drink": {"Onyx Black": 2.705, "Black": 6.245, "just": 1.666}, "Ginger Cookie": {"Onyx Black": 3.575, "Black": 6.895, "just": 1.7}, "Hypno Lollipop": {"Onyx Black": 3.485, "Black": 6.945, "just": 1.7}, "Winter Wreath": {"Moon Cat": 88.47, "Onyx Black": 2.9699999999999998, "Black": 6.970000000000001, "just": 1.649}, "Party Sparkler": {"Onyx Black": 3.0600000000000005, "Black": 7.234999999999999, "just": 1.6404999999999998}, "Jingle Bells": {"Onyx Black": 2.875, "Black": 6.26, "just": 1.9124999999999999}, "Tama Gadget": {"Onyx Black": 3.46, "Black": 6.790000000000001, "just": 1.785}, "Jack-in-the-Box": {"Onyx Black": 3.21, "Black": 6.625, "just": 1.9124999999999999}, "Star Notepad": {"Onyx Black": 3.785, "Black": 9.21, "just": 2.057}, "Easter Egg": {"Onyx Black": 3.8, "Black": 10.879999999999999, "just": 2.4225}, "Santa Hat": {"Onyx Black": 3.854, "Black": 8.209999999999999, "just": 2.2864999999999998}, "Hex Pot": {"Onyx Black": 3.995, "Black": 10.085, "just": 2.363}, "Restless Jar": {"Onyx Black": 3.9899999999999998, "Black": 9.3, "just": 2.2355}, "Lush Bouquet": {"Onyx Black": 4.615, "Black": 8.875, "just": 2.7624999999999997}, "Spiced Wine": {"Onyx Black": 3.31, "Black": 6.545999999999999, "just": 1.9975}, "Snow Globe": {"Onyx Black": 4.895, "Black": 11.399999999999999, "just": 2.38}, "Joyful Bundle": {"Onyx Black": 3.9699999999999998, "Black": 9.615, "just": 2.363}, "Light Sword": {"Onyx Black": 4.564, "Black": 10.68, "just": 2.669}, "Witch Hat": {"Onyx Black": 4.4799999999999995, "Black": 11.555, "just": 2.6435}, "Bow Tie": {"Onyx Black": 4.55, "Black": 11.634, "just": 2.7624999999999997}, "Eternal Candle": {"Onyx Black": 5.464, "Black": 11.264, "just": 2.924}, "Jelly Bunny": {"Onyx Black": 5.2, "Black": 10.695, "just": 2.9325}, "Bunny Muffin": {"Onyx Black": 4.758, "Black": 11.734, "just": 3.3065}, "Spy Agaric": {"Onyx Black": 5.596, "Black": 10.468, "just": 2.941}, "Evil Eye": {"Onyx Black": 6.214, "Black": 12.133999999999999, "just": 3.1365}, "Snow Mittens": {"Onyx Black": 5.716, "Black": 8.632, "just": 3.2809999999999997}, "Berry Box": {"Onyx Black": 5.5200000000000005, "Black": 10.74, "just": 3.315}, "Valentine Box": {"Onyx Black": 7.279999999999999, "Black": 12.879999999999999, "just": 4.08}, "Sakura Flower": {"Onyx Black": 6.5760000000000005, "Black": 16.176, "just": 4.216}, "Hanging Star": {"Onyx Black": 9.033999999999999, "Black": 15.25, "just": 4.9215}, "Sleigh Bell": {"Onyx Black": 10.559999999999999, "Black": 20.56, "just": 6.46}, "Love Candle": {"Onyx Black": 10.442, "Black": 17.146, "just": 7.0295}, "Skull Flower": {"Onyx Black": 11.774, "Black": 18.694, "just": 7.046499999999999}, "Crystal Ball": {"Onyx Black": 12.654, "Black": 28.293999999999997, "just": 7.2165}, "Trapped Heart": {"Onyx Black": 12.622, "Black": 17.422, "just": 7.114499999999999}, "Top Hat": {"Onyx Black": 14.98, "Black": 26.580000000000002, "just": 7.055000000000001}, "Love Potion": {"Onyx Black": 13.58, "Black": 23.984, "just": 8.483}, "Flying Broom": {"Onyx Black": 12.034, "Black": 17.634, "just": 7.9815000000000005}, "Cupid Charm": {"Onyx Black": 16.662, "Black": 32.862, "just": 10.0045}, "Record Player": {"Onyx Black": 10.54, "Black": 20.740000000000002, "just": 6.715}, "Eternal Rose": {"Onyx Black": 20.6, "Black": 30.64, "just": 12.24}, "Mad Pumpkin": {"Onyx Black": 24.026, "Black": 40.001999999999995, "just": 15.903500000000001}, "Voodoo Doll": {"Onyx Black": 23.746000000000002, "Black": 39.346000000000004, "just": 14.3735}, "Diamond Ring": {"Onyx Black": 22.183999999999997, "Black": 43.388, "just": 14.433}, "Toy Bear": {"Onyx Black": 32.966, "Black": 53.126, "just": 21.4285}, "Vintage Cigar": {"Onyx Black": 36.882, "Black": 66.682, "just": 20.7995}, "Neko Helmet": {"Onyx Black": 38.164, "Black": 66.884, "just": 22.899}, "Low Rider": {"Onyx Black": 32.9, "Black": 84.188, "just": 21.675}, "Signet Ring": {"Onyx Black": 37.594, "Black": 76.754, "just": 23.7915}, "Electric Skull": {"Onyx Black": 44.06, "Black": 76.064, "just": 28.423999999999996}, "Kissed Frog": {"Onyx Black": 45.504000000000005, "Black": 80.304,