{"Snoop Dogg": {"Sapphire": 2.0205, "Goldizzle": 6.9705, "King Snoop": 4.9405, "Black Gold": 1.9730000000000003, "AI Dogg": 3.0885, "Doggfather": 3.3259999999999996, "Black Diamond": 2.258, "Doberman": 3.5255, "Chrome": 2.4810000000000003, "Onyx Black": 3.8166666666666664, "Black": 10.265384615384614, "just": 1.5725}, "Swag Bag": {"Darkness": 2.2, "Snoop Life": 2.6, "Happy Herbs": 3.1, "Aviators": 2.1, "Cashback": 3.1, "Boiling Hot": 2.7, "Gin & Jewels": 2.2, "Missionary": 8.95, "Golden Nugs": 2.1, "Dogg’s Loot": 2.2, "Leopard": 2.1, "Bulk Order": 2.2, "April 20th": 3.1, "Take It Easy": 2.6, "Onyx Black": 3.75, "Black": 7.5, "just": 1.7}, "Snoop Cigar": {"Onyx Black": 8.4, "Black": 19.06, "just": 4.08}, "Lol Pop": {"Rosebud": 1.74, "Fire Vortex": 1.595, "Mortal Sin": 2.9, "Pumpkin": 2.2475, "Jinxed": 1.74, "Gold Star": 1.5225, "Blood Sucker": 1.885, "Doodle Art": 1.595, "Love Bubbles": 1.595, "Angelina": 2.2475, "Jolly Roger": 1.6674999999999998, "Dark Portal": 1.74, "Sweetheart": 1.74, "Shock Wave": 1.5225, "Cobweb": 1.595, "Crystal Comet": 1.5225, "Dark Sky": 1.595, "Celestia": 1.9575, "Hollywood": 1.5225, "Plastic Ice": 1.5225, "Andromeda": 1.9575, "Hexed Helix": 1.74, "Heart Pop": 1.595, "Einstein": 1.6965, "Glowstick": 1.885, "Satellite": 1.8125, "Blood Ember": 1.595, "Onyx Black": 2.005, "Black": 5.175, "just": 1.2325}, "B-Day Candle": {"On Fire": 2.201, "Purr Magic": 2.201, "Final Boss": 2.201, "Pixel Wish": 2.201, "Payday": 2.201, "Kaboom!": 1.917, "Happy Meows": 2.201, "Onyx Black": 1.855, "Black": 5.11, "just": 1.2069999999999999}, "Desk Calendar": {"Independence": 2.0925000000000002, "Pepe Plans": 13.524999999999999, "Peach Week": 2.0925000000000002, "Tic Tac Toe": 1.6875, "Fund Manager": 2.0925000000000002, "Balloon Face": 1.7550000000000001, "Fawkes Night": 4.7250000000000005, "Burning Time": 2.0925000000000002, "Hodler": 4.7250000000000005, "Sunday": 2.0925000000000002, "Heartbreak": 1.5525, "Telegram": 2.7, "Checklist": 2.0925000000000002, "Investor": 9.669999999999998, "Durov Day": 6.725, "Deadline": 2.0925000000000002, "Adult Tasks": 25.625, "Onyx Black": 1.8, "Black": 5.125, "just": 1.1475}, "Lunar Snake": {"Dragon Ball": 5.635000000000001, "Timelock": 2.4955000000000003, "Psychedelic": 1.932, "Python Dev": 2.4955000000000003, "Synthwave": 4.508, "Hellspawn": 2.0930000000000004, "Hot Cherry": 2.1735, "Soul Eater": 2.4955000000000003, "Onyx Black": 2.45, "Black": 5.54, "just": 1.3685}, "Xmas Stocking": {"Onyx Black": 2.065, "Black": 5.995, "just": 1.2665}, "Snake Box": {"Onyx Black": 2.0549999999999997, "Black": 5.525, "just": 1.326}, "Pet Snake": {"Onyx Black": 2.445, "Black": 6.0649999999999995, "just": 1.6064999999999998}, "Candy Cane": {"Hex Pot": 3.08, "Sticky Sweet": 2.079, "Grinch": 4.311999999999999, "Designer": 5.390000000000001, "Onyx Black": 2.12, "Black": 5.815, "just": 1.309}, "Whip Cupcake": {"Sponge Duck": 2.4335, "Deep State": 2.1195000000000004, "Bitcoin": 11.935, "Toncoin": 2.4335, "Resistance": 5.495, "Onyx Black": 2.16, "Black": 5.385, "just": 1.3345}, "Big Year": {"Telegram": 6.545, "The Hobbit": 3.74, "Cheshire Cat": 2.8985000000000003, "Creator": 2.8985000000000003, "Game Boy": 2.0570000000000004, "Pavel Durov": 9.434999999999999, "Bitcoin": 5.236, "Qing Dynasty": 2.8985000000000003, "YouTubes": 2.8985000000000003, "Gold Mine": 6.545, "First Website": 2.1879, "Pokeball": 2.5245, "The Nether": 2.8985000000000003, "Big Brother": 2.8985000000000003, "Onyx Black": 3.535, "Black": 8.934999999999999, "just": 1.5895000000000001}, "Homemade Cake": {"Onyx Black": 2.29, "Black": 5.390000000000001, "just": 1.5979999999999999}, "Cookie Heart": {"Onyx Black": 2.485, "Black": 6.44, "just": 1.5979999999999999}, "Jester Hat": {"Onyx Black": 2.69, "Black": 6.580000000000001, "just": 1.513}, "Holiday Drink": {"Onyx Black": 2.6550000000000002, "Black": 6.029999999999999, "just": 1.5385}, "Ginger Cookie": {"Onyx Black": 3.5999999999999996, "Black": 7.265000000000001, "just": 1.615}, "Hypno Lollipop": {"Onyx Black": 3.3, "Black": 7.449999999999999, "just": 1.615}, "Winter Wreath": {"Moon Cat": 90.97, "Onyx Black": 2.87, "Black": 6.470000000000001, "just": 1.649}, "Party Sparkler": {"Onyx Black": 3.0549999999999997, "Black": 7.1899999999999995, "just": 1.615}, "Jingle Bells": {"Onyx Black": 2.835, "Black": 6.744999999999999, "just": 1.6744999999999999}, "Tama Gadget": {"Onyx Black": 3.16, "Black": 6.8, "just": 1.802}, "Jack-in-the-Box": {"Onyx Black": 3.115, "Black": 6.865, "just": 1.8955}, "Star Notepad": {"Onyx Black": 3.685, "Black": 8.934999999999999, "just": 2.0145}, "Easter Egg": {"Onyx Black": 3.795, "Black": 10.875, "just": 2.4139999999999997}, "Santa Hat": {"Onyx Black": 3.722, "Black": 9.182, "just": 2.2695}, "Hex Pot": {"Onyx Black": 4.0, "Black": 9.364999999999998, "just": 2.38}, "Restless Jar": {"Onyx Black": 3.765, "Black": 8.715, "just": 2.2355}, "Lush Bouquet": {"Onyx Black": 4.984999999999999, "Black": 8.84, "just": 2.533}, "Spiced Wine": {"Onyx Black": 3.2780000000000005, "Black": 6.878, "just": 2.0995}, "Snow Globe": {"Onyx Black": 4.715, "Black": 10.114999999999998, "just": 2.4055}, "Joyful Bundle": {"Onyx Black": 4.77, "Black": 9.59, "just": 2.329}, "Light Sword": {"Onyx Black": 4.888, "Black": 10.308, "just": 2.703}, "Witch Hat": {"Onyx Black": 4.525, "Black": 12.024999999999999, "just": 2.5925}, "Bow Tie": {"Onyx Black": 6.296, "Black": 12.288, "just": 2.686}, "Eternal Candle": {"Onyx Black": 5.216, "Black": 10.804, "just": 2.856}, "Jelly Bunny": {"Onyx Black": 4.94, "Black": 11.74, "just": 2.9579999999999997}, "Bunny Muffin": {"Onyx Black": 6.776, "Black": 17.656, "just": 3.536}, "Spy Agaric": {"Onyx Black": 7.016, "Black": 10.488, "just": 2.9579999999999997}, "Evil Eye": {"Onyx Black": 7.05, "Black": 14.25, "just": 3.1875}, "Snow Mittens": {"Onyx Black": 6.0, "Black": 8.82, "just": 3.4}, "Berry Box": {"Onyx Black": 4.82, "Black": 10.620000000000001, "just": 3.145}, "Valentine Box": {"Onyx Black": 7.24, "Black": 13.280000000000001, "just": 4.08}, "Sakura Flower": {"Onyx Black": 6.986000000000001, "Black": 14.594, "just": 4.2415}, "Hanging Star": {"Onyx Black": 8.998000000000001, "Black": 15.238, "just": 4.8705}, "Sleigh Bell": {"Onyx Black": 11.187999999999999, "Black": 24.028, "just": 6.273}, "Love Candle": {"Onyx Black": 10.406, "Black": 15.722000000000001, "just": 7.539499999999999}, "Skull Flower": {"Onyx Black": 11.588000000000001, "Black": 18.308, "just": 6.783}, "Crystal Ball": {"Onyx Black": 12.347999999999999, "Black": 27.384000000000004, "just": 6.783}, "Trapped Heart": {"Onyx Black": 11.934000000000001, "Black": 20.793999999999997, "just": 6.7915}, "Top Hat": {"Onyx Black": 14.526, "Black": 27.558, "just": 6.7405}, "Love Potion": {"Onyx Black": 12.33, "Black": 23.689999999999998, "just": 8.0665}, "Flying Broom": {"Onyx Black": 11.209999999999999, "Black": 18.93, "just": 7.9475}, "Cupid Charm": {"Onyx Black": 18.594, "Black": 32.994, "just": 10.1915}, "Record Player": {"Onyx Black": 10.584, "Black": 20.584, "just": 6.494}, "Eternal Rose": {"Onyx Black": 18.39, "Black": 34.394, "just": 11.8915}, "Mad Pumpkin": {"Onyx Black": 23.858, "Black": 37.058, "just": 15.6655}, "Voodoo Doll": {"Onyx Black": 24.636000000000003, "Black": 48.656, "just": 15.096}, "Diamond Ring": {"Onyx Black": 21.854, "Black": 43.257999999999996, "just": 13.965499999999999}, "Toy Bear": {"Onyx Black": 31.875999999999998, "Black": 49.0, "just": 21.25}, "Vintage Cigar": {"Onyx Black": 35.474000000000004, "Black": 59.874, "just": 20.2215}, "Neko Helmet": {"Onyx Black": 36.2, "Black": 61.6, "just": 22.099999999999998}, "Low Rider": {"Onyx Black": 32.576, "Black": 76.17599999999999, "just": 21.216}, "Signet Ring": {"Onyx Black": 37.282, "Black": 74.482, "just": 23.3495}, "Electric Skull": {"Onyx Black": 43.178, "Black": 75.182, "just": 27.1745}, "Kissed Frog": {"Onyx Black": 44.574, "Black": 79.222, "just": 27.514499999999998}, "Swiss Watch": {"Onyx Black": 42.674, "Black": 73.07400000000001, "just": 30.421499999999998},