{"Snoop Dogg": {"AI Dogg": 3.0504999999999995, "Sapphire": 1.8305000000000002, "Goldizzle": 7.315999999999999, "King Ruby": 1.9730000000000003, "King Snoop": 4.456, "Cold Topaz": 1.9255, "Doggfather": 2.851, "Black Diamond": 2.1155, "Doberman": 3.649, "Emerald": 1.8399999999999999, "Chrome": 2.334, "Onyx Black": 3.216666666666667, "Black": 10.019230769230768, "just": 1.4875}, "Swag Bag": {"Missionary": 8.49, "Bulk Order": 2.3165999999999998, "Take It Easy": 2.376, "Cashback": 3.069, "April 20th": 3.069, "Boiling Hot": 2.574, "Happy Herbs": 3.069, "Aviators": 2.079, "Leopard": 2.2769999999999997, "Snoop Life": 2.376, "Golden Nugs": 2.178, "Darkness": 2.178, "Gin & Jewels": 2.574, "Onyx Black": 2.99, "Black": 7.49, "just": 1.683}, "Snoop Cigar": {"Onyx Black": 7.915, "Black": 16.174999999999997, "just": 4.1225}, "Lol Pop": {"Plastic Ice": 1.4909999999999999, "Shock Wave": 1.6329999999999998, "Glowstick": 2.201, "Sailor Moon": 1.4909999999999999, "Fire Vortex": 1.4909999999999999, "Love Bubbles": 1.917, "Satellite": 1.704, "Doodle Art": 1.6329999999999998, "Watermelon": 1.4909999999999999, "Mortal Sin": 2.84, "Jinxed": 1.775, "Heart Pop": 1.6329999999999998, "Comic Crunch": 1.4909999999999999, "Andromeda": 1.775, "Dark Sky": 1.562, "Blood Sucker": 1.917, "Cookie Dip": 1.4909999999999999, "Einstein": 1.704, "Dark Portal": 1.775, "Pink Foil": 1.4909999999999999, "Jolly Roger": 1.775, "Cobweb": 1.4909999999999999, "Pumpkin": 1.4909999999999999, "Blood Ember": 1.6329999999999998, "Hexed Helix": 1.562, "Sweetheart": 1.8459999999999999, "Milky Way": 1.4909999999999999, "Celestia": 2.201, "Romance": 1.4909999999999999, "Angelina": 2.201, "Rosebud": 1.6329999999999998, "Onyx Black": 2.01, "Black": 5.21, "just": 1.2069999999999999}, "B-Day Candle": {"Pixel Wish": 2.0770000000000004, "Happy Meows": 2.68, "Payday": 2.68, "Kaboom!": 1.8090000000000002, "On Fire": 2.0770000000000004, "Purr Magic": 2.0770000000000004, "Final Boss": 2.0770000000000004, "Onyx Black": 1.9900000000000002, "Black": 5.42, "just": 1.139}, "Desk Calendar": {"Pepe Plans": 14.67, "Fund Manager": 2.0770000000000004, "Independence": 2.68, "Durov Day": 2.68, "Hodler": 4.69, "Adult Tasks": 20.169999999999998, "Burning Time": 2.0770000000000004, "Fawkes Night": 3.752, "Heartbreak": 1.4740000000000002, "Investor": 7.12, "Peach Week": 2.0770000000000004, "Deadline": 2.0770000000000004, "Tic Tac Toe": 1.541, "Balloon Face": 2.0770000000000004, "Checklist": 1.8090000000000002, "Telegram": 2.0770000000000004, "Sunday": 2.0770000000000004, "Onyx Black": 1.83, "Black": 5.325, "just": 1.139}, "Lunar Snake": {"Hellspawn": 2.325, "Timelock": 1.9500000000000002, "Python Dev": 2.325, "Hot Cherry": 2.325, "Soul Eater": 2.325, "Psychedelic": 2.325, "Dragon Ball": 5.25, "Synthwave": 5.25, "Onyx Black": 2.225, "Black": 5.745, "just": 1.275}, "Xmas Stocking": {"Onyx Black": 2.6799999999999997, "Black": 5.515, "just": 1.3005}, "Snake Box": {"Onyx Black": 2.215, "Black": 6.065, "just": 1.309}, "Pet Snake": {"Onyx Black": 2.49, "Black": 6.145, "just": 1.496}, "Candy Cane": {"Sticky Sweet": 2.4335, "Hex Pot": 2.4335, "Designer": 9.235, "Grinch": 3.14, "Onyx Black": 2.36, "Black": 5.845, "just": 1.3345}, "Whip Cupcake": {"Sponge Duck": 2.418, "Bitcoin": 10.775, "Toncoin": 2.418, "Deep State": 2.1060000000000003, "Resistance": 5.46, "Onyx Black": 2.25, "Black": 6.23, "just": 1.326}, "Big Year": {"Game Boy": 2.255, "The Hobbit": 4.1, "The Nether": 2.7675, "Pokeball": 2.7675, "YouTubes": 4.1, "Big Brother": 3.1774999999999998, "Bitcoin": 5.739999999999999, "Gold Mine": 7.174999999999999, "Cheshire Cat": 3.1774999999999998, "Balloons": 2.3574999999999995, "Telegram": 4.1, "Qing Dynasty": 3.1774999999999998, "Creator": 2.7675, "Pavel Durov": 7.174999999999999, "Onyx Black": 3.645, "Black": 9.675, "just": 1.7424999999999997}, "Homemade Cake": {"Onyx Black": 2.415, "Black": 5.404999999999999, "just": 1.581}, "Cookie Heart": {"Onyx Black": 2.665, "Black": 6.685, "just": 1.5895000000000001}, "Jester Hat": {"Onyx Black": 2.765, "Black": 6.285, "just": 1.513}, "Holiday Drink": {"Onyx Black": 2.735, "Black": 6.135, "just": 1.6744999999999999}, "Ginger Cookie": {"Onyx Black": 3.775, "Black": 7.24, "just": 1.7}, "Hypno Lollipop": {"Onyx Black": 2.935, "Black": 6.194999999999999, "just": 1.6744999999999999}, "Winter Wreath": {"Moon Cat": 101.0, "Onyx Black": 2.9, "Black": 7.195, "just": 1.7}, "Party Sparkler": {"Onyx Black": 3.1449999999999996, "Black": 7.705, "just": 1.6235}, "Jingle Bells": {"Onyx Black": 2.825, "Black": 6.715, "just": 1.768}, "Tama Gadget": {"Onyx Black": 3.48, "Black": 6.98, "just": 1.836}, "Jack-in-the-Box": {"Onyx Black": 3.075, "Black": 7.07, "just": 1.9040000000000001}, "Star Notepad": {"Onyx Black": 4.03, "Black": 9.53, "just": 2.006}, "Easter Egg": {"Onyx Black": 3.8049999999999997, "Black": 10.78, "just": 2.431}, "Santa Hat": {"Onyx Black": 3.9619999999999997, "Black": 8.402000000000001, "just": 2.3545}, "Hex Pot": {"Onyx Black": 4.07, "Black": 10.19, "just": 2.4565}, "Restless Jar": {"Onyx Black": 3.79, "Black": 8.79, "just": 2.193}, "Lush Bouquet": {"Onyx Black": 4.0, "Black": 8.9, "just": 2.55}, "Spiced Wine": {"Onyx Black": 3.07, "Black": 6.718, "just": 2.1504999999999996}, "Snow Globe": {"Onyx Black": 4.425, "Black": 10.924999999999999, "just": 2.4225}, "Joyful Bundle": {"Onyx Black": 3.915, "Black": 10.37, "just": 2.4139999999999997}, "Light Sword": {"Onyx Black": 4.66, "Black": 10.616, "just": 2.635}, "Witch Hat": {"Onyx Black": 4.59, "Black": 12.094999999999999, "just": 2.7115}, "Bow Tie": {"Onyx Black": 4.716, "Black": 12.312000000000001, "just": 2.72}, "Eternal Candle": {"Onyx Black": 4.864, "Black": 10.584, "just": 2.924}, "Jelly Bunny": {"Onyx Black": 4.795, "Black": 10.685, "just": 2.8815}, "Bunny Muffin": {"Onyx Black": 4.58, "Black": 12.22, "just": 2.975}, "Spy Agaric": {"Onyx Black": 5.58, "Black": 10.492, "just": 2.975}, "Evil Eye": {"Onyx Black": 6.3100000000000005, "Black": 12.15, "just": 3.1025}, "Snow Mittens": {"Onyx Black": 5.058, "Black": 8.278, "just": 3.3405}, "Berry Box": {"Onyx Black": 5.664, "Black": 11.104, "just": 3.264}, "Valentine Box": {"Onyx Black": 7.584, "Black": 13.184000000000001, "just": 3.9439999999999995}, "Sakura Flower": {"Onyx Black": 6.5760000000000005, "Black": 15.616, "just": 4.556}, "Hanging Star": {"Onyx Black": 7.77, "Black": 15.09, "just": 4.6665}, "Sleigh Bell": {"Onyx Black": 10.446, "Black": 20.846000000000004, "just": 6.2985}, "Love Candle": {"Onyx Black": 10.928, "Black": 17.287999999999997, "just": 7.548}, "Skull Flower": {"Onyx Black": 11.89, "Black": 18.090000000000003, "just": 6.9275}, "Crystal Ball": {"Onyx Black": 12.606, "Black": 28.026000000000003, "just": 7.1485}, "Trapped Heart": {"Onyx Black": 13.108, "Black": 17.948, "just": 7.293}, "Top Hat": {"Onyx Black": 12.7, "Black": 21.1, "just": 7.225}, "Love Potion": {"Onyx Black": 11.724, "Black": 23.660000000000004, "just": 8.024}, "Flying Broom": {"Onyx Black": 12.780000000000001, "Black": 19.58, "just": 7.905}, "Cupid Charm": {"Onyx Black": 16.866, "Black": 30.47, "just": 9.7325}, "Record Player": {"Onyx Black": 10.2, "Black": 20.8, "just": 6.8}, "Eternal Rose": {"Onyx Black": 20.384, "Black": 35.968, "just": 11.883000000000001}, "Mad Pumpkin": {"Onyx Black": 23.62, "Black": 41.81999999999999, "just": 16.744999999999997}, "Voodoo Doll": {"Onyx Black": 22.956, "Black": 45.760000000000005, "just": 14.96}, "Diamond Ring": {"Onyx Black": 22.41, "Black": 45.614000000000004, "just": 14.1865}, "Toy Bear": {"Onyx Black": 34.04, "Black": 51.84, "just": 22.439999999999998}, "Vintage Cigar": {"Onyx Black": 36.894, "Black": 54.694, "just": 20.816499999999998}, "Neko Helmet": {"Onyx Black": 39.04, "Black": 65.03999999999999, "just": 24.139999999999997}, "Low Rider": {"Onyx Black": 33.008, "Black": 81.40799999999999, "just": 21.828}, "Signet Ring": {"Onyx Black": 37.534, "Black": 80.294, "just": 23.7065}, "Electric Skull": {"Onyx Black": 42.34, "Black": 76.34, "just": 28.814999999999998},