{"Snoop Dogg": {"Cold Topaz": 1.9780000000000002, "King Ruby": 1.9115000000000002, "Doggfather": 2.9155, "Chrome": 2.2155, "AI Dogg": 3.2005, "King Snoop": 4.473, "Black Diamond": 2.2025, "Emerald": 1.94, "Sapphire": 2.1205000000000003, "Doberman": 3.6755, "Goldizzle": 6.860499999999999, "Black Gold": 1.7785000000000002, "Green Light": 1.8545000000000003, "Onyx Black": 2.956666666666667, "Black": 10.17, "just": 1.3345}, "Swag Bag": {"Darkness": 2.134, "Take It Easy": 2.425, "P.I.M.P.": 2.037, "April 20th": 3.007, "Boiling Hot": 2.619, "Gin & Jewels": 2.425, "Bulk Order": 2.328, "Happy Herbs": 3.007, "Snoop Life": 2.522, "Cashback": 3.007, "Missionary": 6.79, "Onyx Black": 3.17, "Black": 6.970000000000001, "just": 1.649}, "Snoop Cigar": {"Onyx Black": 7.75, "Black": 17.255000000000003, "just": 3.9099999999999997}, "Lol Pop": {"Blood Sucker": 1.6444999999999999, "Hexed Helix": 1.7874999999999999, "Rosebud": 1.573, "Satellite": 1.716, "Angelina": 2.2165, "Cobweb": 1.573, "Mortal Sin": 4.004, "Shock Wave": 1.573, "Sweetheart": 1.716, "Portable Pop": 1.5015, "Icicle": 1.5015, "Pumpkin": 1.573, "Gold Star": 1.5015, "Love Bubbles": 1.7874999999999999, "Plastic Ice": 1.573, "Watermelon": 1.5015, "Dark Portal": 1.573, "Milky Way": 1.573, "Heart Pop": 1.5015, "Andromeda": 1.9305, "Comic Crunch": 1.5015, "Dark Sky": 1.716, "Sailor Moon": 1.573, "Blood Ember": 1.573, "Glowstick": 2.2165, "Celestia": 2.2165, "Jinxed": 1.7874999999999999, "Jolly Roger": 1.7874999999999999, "Einstein": 1.5015, "Onyx Black": 2.015, "Black": 5.31, "just": 1.2155}, "B-Day Candle": {"Final Boss": 2.44, "Purr Magic": 1.891, "On Fire": 2.44, "Kaboom!": 1.891, "Pixel Wish": 2.44, "Happy Meows": 2.44, "Payday": 1.891, "Onyx Black": 1.665, "Black": 5.11, "just": 1.037}, "Desk Calendar": {"Burning Time": 2.015, "Peach Week": 2.015, "Sunday": 2.015, "Hodler": 4.55, "Independence": 2.6, "Pepe Plans": 10.89, "Fund Manager": 2.6, "Durov Day": 2.6, "Balloon Face": 1.4300000000000002, "Checklist": 2.015, "Tic Tac Toe": 2.015, "Fawkes Night": 3.6399999999999997, "Telegram": 2.015, "Heartbreak": 1.6900000000000002, "Deadline": 2.015, "Investor": 5.574999999999999, "Adult Tasks": 23.650000000000002, "Onyx Black": 1.65, "Black": 5.55, "just": 1.105}, "Lunar Snake": {"Hellspawn": 2.17, "Hot Cherry": 2.17, "Psychedelic": 1.89, "Soul Eater": 2.17, "Timelock": 1.89, "Python Dev": 2.17, "Synthwave": 2.8, "Dragon Ball": 5.6, "Onyx Black": 2.0999999999999996, "Black": 5.299999999999999, "just": 1.19}, "Xmas Stocking": {"Onyx Black": 2.0999999999999996, "Black": 5.445, "just": 1.19}, "Snake Box": {"Onyx Black": 2.1550000000000002, "Black": 5.17, "just": 1.1475}, "Pet Snake": {"Onyx Black": 2.4850000000000003, "Black": 5.365, "just": 1.4705}, "Candy Cane": {"Hex Pot": 3.06, "Designer": 5.355, "Grinch": 3.06, "Sticky Sweet": 1.989, "Onyx Black": 2.365, "Black": 5.960000000000001, "just": 1.3005}, "Whip Cupcake": {"Bitcoin": 9.99, "Resistance": 5.18, "Toncoin": 2.294, "Sponge Duck": 2.294, "Deep State": 2.294, "Onyx Black": 2.035, "Black": 5.24, "just": 1.258}, "Big Year": {"The Hobbit": 2.945, "Big Brother": 2.565, "YouTubes": 3.8, "Pavel Durov": 5.319999999999999, "Bitcoin": 5.319999999999999, "Pokeball": 2.565, "Game Boy": 2.1849999999999996, "Telegram": 5.319999999999999, "Creator": 2.945, "The Nether": 2.09, "Gold Mine": 5.319999999999999, "First Website": 2.1849999999999996, "Cheshire Cat": 2.375, "Qing Dynasty": 2.945, "Onyx Black": 3.45, "Black": 8.7, "just": 1.615}, "Homemade Cake": {"Onyx Black": 2.31, "Black": 5.82, "just": 1.5045}, "Cookie Heart": {"Onyx Black": 2.62, "Black": 7.055, "just": 1.5385}, "Jester Hat": {"Onyx Black": 2.53, "Black": 6.32, "just": 1.4109999999999998}, "Holiday Drink": {"Onyx Black": 2.82, "Black": 5.67, "just": 1.564}, "Ginger Cookie": {"Onyx Black": 3.5749999999999997, "Black": 6.499999999999999, "just": 1.7424999999999997}, "Hypno Lollipop": {"Onyx Black": 2.695, "Black": 5.695, "just": 1.6064999999999998}, "Winter Wreath": {"Onyx Black": 2.5700000000000003, "Black": 8.875, "just": 1.615}, "Party Sparkler": {"Onyx Black": 3.185, "Black": 7.185, "just": 1.5895000000000001}, "Jingle Bells": {"Onyx Black": 2.725, "Black": 6.875, "just": 1.4875}, "Tama Gadget": {"Onyx Black": 3.4350000000000005, "Black": 6.9799999999999995, "just": 1.6744999999999999}, "Jack-in-the-Box": {"Onyx Black": 3.105, "Black": 7.6000000000000005, "just": 1.87}, "Star Notepad": {"Onyx Black": 3.91, "Black": 8.73, "just": 1.9719999999999998}, "Easter Egg": {"Onyx Black": 3.7699999999999996, "Black": 10.975000000000001, "just": 2.2525}, "Santa Hat": {"Onyx Black": 3.3899999999999997, "Black": 8.35, "just": 2.2525}, "Hex Pot": {"Onyx Black": 3.97, "Black": 10.370000000000001, "just": 2.329}, "Restless Jar": {"Onyx Black": 3.7800000000000002, "Black": 9.78, "just": 2.176}, "Lush Bouquet": {"Onyx Black": 4.87, "Black": 7.725, "just": 2.3375}, "Spiced Wine": {"Onyx Black": 2.7859999999999996, "Black": 6.7219999999999995, "just": 1.7934999999999999}, "Snow Globe": {"Onyx Black": 4.06, "Black": 10.26, "just": 2.142}, "Joyful Bundle": {"Onyx Black": 4.04, "Black": 7.8500000000000005, "just": 2.295}, "Light Sword": {"Onyx Black": 4.18, "Black": 10.459999999999999, "just": 2.635}, "Witch Hat": {"Onyx Black": 4.515000000000001, "Black": 11.665000000000001, "just": 2.8305}, "Bow Tie": {"Onyx Black": 4.914, "Black": 12.606, "just": 2.7115}, "Eternal Candle": {"Onyx Black": 5.192, "Black": 10.712, "just": 2.8219999999999996}, "Jelly Bunny": {"Onyx Black": 4.42, "Black": 10.67, "just": 2.839}, "Bunny Muffin": {"Onyx Black": 5.507999999999999, "Black": 11.6, "just": 2.8899999999999997}, "Spy Agaric": {"Onyx Black": 4.7379999999999995, "Black": 10.338, "just": 2.7455}, "Evil Eye": {"Onyx Black": 6.554, "Black": 13.194, "just": 3.0515}, "Snow Mittens": {"Onyx Black": 4.76, "Black": 7.640000000000001, "just": 3.06}, "Berry Box": {"Onyx Black": 5.154, "Black": 11.549999999999999, "just": 3.0515}, "Valentine Box": {"Onyx Black": 8.04, "Black": 12.516, "just": 3.74}, "Sakura Flower": {"Onyx Black": 6.94, "Black": 13.840000000000002, "just": 4.165}, "Hanging Star": {"Onyx Black": 8.596, "Black": 15.116, "just": 4.42}, "Sleigh Bell": {"Onyx Black": 10.52, "Black": 18.1, "just": 6.375}, "Love Candle": {"Onyx Black": 10.2, "Black": 14.4, "just": 6.8}, "Skull Flower": {"Onyx Black": 9.602, "Black": 18.082, "just": 6.3495}, "Crystal Ball": {"Onyx Black": 12.079999999999998, "Black": 29.080000000000002, "just": 6.63}, "Trapped Heart": {"Onyx Black": 11.704, "Black": 20.304000000000002, "just": 7.513999999999999}, "Top Hat": {"Onyx Black": 12.46, "Black": 25.488, "just": 6.885}, "Love Potion": {"Onyx Black": 10.93, "Black": 22.134, "just": 7.556500000000001}, "Flying Broom": {"Onyx Black": 10.792, "Black": 19.951999999999998, "just": 7.922}, "Cupid Charm": {"Onyx Black": 17.33, "Black": 32.13, "just": 9.2565}, "Record Player": {"Onyx Black": 11.06, "Black": 20.68, "just": 6.715}, "Eternal Rose": {"Onyx Black": 18.274, "Black": 32.274, "just": 11.721499999999999}, "Mad Pumpkin": {"Onyx Black": 24.734, "Black": 41.134, "just": 15.2065}, "Voodoo Doll": {"Onyx Black": 21.89, "Black": 53.894000000000005, "just": 14.016499999999999}, "Diamond Ring": {"Onyx Black": 22.34, "Black": 41.54, "just": 13.515}, "Toy Bear": {"Onyx Black": 24.704, "Black": 47.184, "just": 15.844}, "Vintage Cigar": {"Onyx Black": 32.896, "Black": 55.3, "just": 19.974999999999998}, "Neko Helmet": {"Onyx Black": 38.019999999999996, "Black": 76.02, "just": 22.695}, "Low Rider": {"Onyx Black": 34.188, "Black": 86.58800000000001, "just": 21.233}, "Signet Ring": {"Onyx Black": 35.8, "Black": 75.0, "just": 21.25}, "Electric Skull": {"Onyx Black": 41.794, "Black": 68.19, "just": 26.341499999999996}, "Kissed Frog": {"Onyx Black": 44.9, "Black": 80.94, "just": 29.665}, "Swiss Watch": {"Onyx Black": 44.56, "Black": 71.96000000000001, "just": 30.26}, "Sharp Tongue": {"Onyx Black": 59.574, "Black": 108.594, "just": 34.8415}, "Genie Lamp": {"Onyx Black": 67.176,