{"Snoop Dogg": {"Sapphire": 2.2060000000000004, "Doggfather": 3.1435000000000004, "Emerald": 1.9305000000000003, "Doberman": 3.704, "King Snoop": 4.8055, "Goldizzle": 7.2215, "AI Dogg": 2.8965, "Black Diamond": 1.9305000000000003, "Chrome": 2.2060000000000004, "Onyx Black": 2.8266666666666667, "Black": 10.372307692307693, "just": 1.428}, "Swag Bag": {"Gin & Jewels": 2.25, "April 20th": 2.79, "Take It Easy": 2.16, "Darkness": 1.9800000000000002, "Golden Nugs": 1.8900000000000001, "P.I.M.P.": 1.8900000000000001, "Snoop Life": 2.43, "Boiling Hot": 2.43, "Missionary": 6.3, "Happy Herbs": 2.79, "Cashback": 2.79, "Bulk Order": 2.16, "Onyx Black": 2.9000000000000004, "Black": 6.89, "just": 1.53}, "Snoop Cigar": {"Onyx Black": 7.695, "Black": 18.445, "just": 3.7314999999999996}, "Lol Pop": {"Nostalgia": 1.3650000000000002, "Cookie Dip": 1.4300000000000002, "Cobweb": 1.4949999999999999, "Heart Pop": 1.3650000000000002, "Pink Foil": 1.3650000000000002, "Hexed Helix": 1.4300000000000002, "Andromeda": 1.7550000000000001, "Jinxed": 1.4300000000000002, "Love Bubbles": 1.4300000000000002, "Wonka Berry": 1.4300000000000002, "Portable Pop": 1.3650000000000002, "Angelina": 1.7550000000000001, "Pumpkin": 1.4949999999999999, "Sweetheart": 1.4949999999999999, "Blood Ember": 1.625, "Einstein": 1.3650000000000002, "Milky Way": 1.4300000000000002, "Jolly Roger": 1.56, "Dark Portal": 1.56, "Celestia": 2.015, "Shock Wave": 1.3650000000000002, "Rosebud": 1.625, "Fire Vortex": 1.4300000000000002, "Comic Crunch": 1.3650000000000002, "Glowstick": 2.015, "Romance": 1.3650000000000002, "Dark Sky": 1.56, "Watermelon": 1.4300000000000002, "Blood Sucker": 1.625, "Sailor Moon": 1.4949999999999999, "Satellite": 1.6900000000000002, "Doodle Art": 1.4300000000000002, "Icicle": 1.4300000000000002, "Mortal Sin": 3.6399999999999997, "Onyx Black": 1.75, "Black": 5.0200000000000005, "just": 1.105}, "B-Day Candle": {"Payday": 1.8599999999999999, "Shocker": 1.8599999999999999, "Purr Magic": 1.8599999999999999, "Final Boss": 1.8599999999999999, "On Fire": 2.4, "Pixel Wish": 1.8599999999999999, "Kaboom!": 1.8599999999999999, "Happy Meows": 2.4, "Onyx Black": 1.585, "Black": 4.85, "just": 1.02}, "Desk Calendar": {"Investor": 4.305, "Fawkes Night": 4.305, "Peach Week": 1.599, "Telegram": 1.9065, "Hodler": 4.305, "Pepe Plans": 4.305, "Balloon Face": 1.599, "Heartbreak": 1.353, "Durov Day": 2.46, "Fund Manager": 1.9065, "Tic Tac Toe": 1.6605, "Checklist": 1.9065, "Independence": 3.444, "Sunday": 2.46, "Burning Time": 1.9065, "Deadline": 2.46, "Adult Tasks": 4.305, "Onyx Black": 1.5899999999999999, "Black": 4.865, "just": 1.0454999999999999}, "Lunar Snake": {"Dragon Ball": 4.97, "Hellspawn": 2.201, "Psychedelic": 1.917, "Timelock": 1.917, "Synthwave": 3.9759999999999995, "Soul Eater": 1.775, "Hot Cherry": 2.201, "Python Dev": 2.201, "Onyx Black": 2.005, "Black": 5.11, "just": 1.2069999999999999}, "Xmas Stocking": {"Onyx Black": 2.0, "Black": 4.925000000000001, "just": 1.1475}, "Snake Box": {"Onyx Black": 1.835, "Black": 5.085000000000001, "just": 1.0795}, "Pet Snake": {"Onyx Black": 2.25, "Black": 5.275, "just": 1.36}, "Candy Cane": {"Grinch": 2.3715, "Designer": 5.355, "Hex Pot": 3.06, "Sticky Sweet": 2.0655, "Onyx Black": 2.235, "Black": 6.265000000000001, "just": 1.3005}, "Whip Cupcake": {"Deep State": 2.1235000000000004, "Bitcoin": 4.795, "Toncoin": 2.1235000000000004, "Resistance": 4.795, "Sponge Duck": 2.74, "Onyx Black": 2.085, "Black": 5.635000000000001, "just": 1.1645}, "Big Year": {"First Website": 1.9549999999999998, "Creator": 2.635, "Gold Mine": 4.76, "The Hobbit": 3.4, "Big Brother": 2.295, "Telegram": 4.76, "Game Boy": 2.21, "Pokeball": 2.635, "The Nether": 2.125, "Cheshire Cat": 2.295, "YouTubes": 2.635, "Qing Dynasty": 2.635, "Bitcoin": 4.76, "Pavel Durov": 4.76, "Onyx Black": 2.7199999999999998, "Black": 7.800000000000001, "just": 1.4449999999999998}, "Homemade Cake": {"Onyx Black": 2.02, "Black": 5.025, "just": 1.3175}, "Cookie Heart": {"Onyx Black": 2.27, "Black": 6.750000000000001, "just": 1.4449999999999998}, "Jester Hat": {"Onyx Black": 2.94, "Black": 5.94, "just": 1.343}, "Holiday Drink": {"Onyx Black": 2.29, "Black": 5.55, "just": 1.4449999999999998}, "Ginger Cookie": {"Onyx Black": 2.825, "Black": 6.3999999999999995, "just": 1.53}, "Hypno Lollipop": {"Onyx Black": 2.7, "Black": 5.8999999999999995, "just": 1.53}, "Winter Wreath": {"Onyx Black": 2.435, "Black": 7.1000000000000005, "just": 1.4449999999999998}, "Party Sparkler": {"Onyx Black": 2.835, "Black": 6.430000000000001, "just": 1.5895000000000001}, "Jingle Bells": {"Onyx Black": 2.47, "Black": 6.390000000000001, "just": 1.513}, "Tama Gadget": {"Onyx Black": 2.885, "Black": 6.484999999999999, "just": 1.5045}, "Jack-in-the-Box": {"Onyx Black": 2.66, "Black": 7.87, "just": 1.6915}, "Star Notepad": {"Onyx Black": 4.095, "Black": 8.985, "just": 1.8615}, "Easter Egg": {"Onyx Black": 3.6799999999999997, "Black": 10.93, "just": 2.006}, "Santa Hat": {"Onyx Black": 3.295, "Black": 9.495000000000001, "just": 1.8615}, "Hex Pot": {"Onyx Black": 3.745, "Black": 8.045000000000002, "just": 1.9465}, "Restless Jar": {"Onyx Black": 3.66, "Black": 8.41, "just": 1.9719999999999998}, "Lush Bouquet": {"Onyx Black": 3.35, "Black": 8.5, "just": 2.125}, "Spiced Wine": {"Onyx Black": 3.15, "Black": 7.944999999999999, "just": 1.7424999999999997}, "Snow Globe": {"Onyx Black": 3.995, "Black": 9.095, "just": 2.0315}, "Joyful Bundle": {"Onyx Black": 3.6950000000000003, "Black": 8.5, "just": 2.21}, "Light Sword": {"Onyx Black": 4.59, "Black": 11.29, "just": 2.448}, "Witch Hat": {"Onyx Black": 3.8899999999999997, "Black": 10.34, "just": 2.278}, "Bow Tie": {"Onyx Black": 4.67, "Black": 14.67, "just": 2.5415}, "Eternal Candle": {"Onyx Black": 5.16, "Black": 10.16, "just": 2.397}, "Jelly Bunny": {"Onyx Black": 4.57, "Black": 10.07, "just": 2.669}, "Bunny Muffin": {"Onyx Black": 4.44, "Black": 21.590000000000003, "just": 2.7115}, "Spy Agaric": {"Onyx Black": 5.195, "Black": 10.445, "just": 2.4565}, "Evil Eye": {"Onyx Black": 5.715, "Black": 15.719999999999999, "just": 2.924}, "Snow Mittens": {"Onyx Black": 4.46, "Black": 8.66, "just": 2.4819999999999998}, "Berry Box": {"Onyx Black": 4.45, "Black": 14.205, "just": 2.8985}, "Valentine Box": {"Onyx Black": 7.92, "Black": 10.92, "just": 3.264}, "Sakura Flower": {"Onyx Black": 5.495, "Black": 17.994999999999997, "just": 3.3915}, "Hanging Star": {"Onyx Black": 7.45, "Black": 16.299999999999997, "just": 3.9099999999999997}, "Sleigh Bell": {"Onyx Black": 12.5, "Black": 17.994999999999997, "just": 5.1}, "Love Candle": {"Onyx Black": 7.785, "Black": 15.385, "just": 5.3294999999999995}, "Skull Flower": {"Onyx Black": 8.695, "Black": 17.0, "just": 5.1}, "Crystal Ball": {"Onyx Black": 10.29, "Black": 28.314999999999998, "just": 5.6354999999999995}, "Trapped Heart": {"Onyx Black": 10.375, "Black": 22.875, "just": 6.5874999999999995}, "Top Hat": {"Onyx Black": 16.265, "Black": 26.14, "just": 6.443}, "Love Potion": {"Onyx Black": 10.28, "Black": 26.555, "just": 6.8934999999999995}, "Flying Broom": {"Onyx Black": 10.879999999999999, "Black": 19.380000000000003, "just": 7.446}, "Cupid Charm": {"Onyx Black": 14.98, "Black": 34.485, "just": 8.4745}, "Record Player": {"Onyx Black": 10.04, "Black": 24.035000000000004, "just": 6.867999999999999}, "Eternal Rose": {"Onyx Black": 18.95, "Black": 36.45, "just": 10.965}, "Mad Pumpkin": {"Onyx Black": 18.06, "Black": 39.315, "just": 11.5855}, "Voodoo Doll": {"Onyx Black": 20.495, "Black": 45.995, "just": 12.7415}, "Diamond Ring": {"Onyx Black": 20.235, "Black": 44.745, "just": 13.1665}, "Toy Bear": {"Onyx Black": 23.005, "Black": 53.260000000000005, "just": 14.892}, "Vintage Cigar": {"Onyx Black": 36.0, "Black": 83.5, "just": 18.7}, "Neko Helmet": {"Onyx Black": 41.510000000000005, "Black": 71.51, "just": 19.567}, "Low Rider": {"Onyx Black": 35.25, "Black": 106.75, "just": 20.825}, "Signet Ring": {"Onyx Black": 31.63, "Black": 90.64, "just": 19.788},