{"Snoop Dogg": {"AI Dogg": 3.1265, "Chrome": 2.448, "Doggfather": 3.0410000000000004, "Doberman": 3.782, "King Ruby": 1.9634999999999998, "Goldizzle": 7.531000000000001, "King Snoop": 5.3965000000000005, "Cold Topaz": 2.0490000000000004, "Black Diamond": 2.201, "Sapphire": 2.163, "Onyx Black": 3.2800000000000002, "Black": 10.263076923076921, "just": 1.564}, "Swag Bag": {"Leopard": 2.2220000000000004, "Happy Herbs": 2.7270000000000003, "Bulk Order": 2.2220000000000004, "Golden Nugs": 2.121, "Missionary": 8.26, "Gin & Jewels": 2.6260000000000003, "Darkness": 2.323, "Dogg’s Loot": 2.2220000000000004, "Cashback": 3.1310000000000002, "April 20th": 3.1310000000000002, "Take It Easy": 2.7270000000000003, "Boiling Hot": 2.525, "Snoop Life": 2.6260000000000003, "Aviators": 2.121, "Onyx Black": 3.41, "Black": 7.51, "just": 1.7169999999999999}, "Snoop Cigar": {"Onyx Black": 8.425, "Black": 19.074999999999996, "just": 4.1225}, "Lol Pop": {"Satellite": 1.7874999999999999, "Fire Vortex": 1.573, "Celestia": 1.9305, "Pumpkin": 1.7874999999999999, "Watermelon": 1.5015, "Einstein": 1.716, "Shock Wave": 1.5015, "Rosebud": 1.716, "Crystal Comet": 1.5015, "Glowstick": 2.2165, "Doodle Art": 1.573, "Dark Portal": 1.7874999999999999, "Dark Sky": 1.573, "Mortal Sin": 2.86, "Jolly Roger": 1.6730999999999998, "Sweetheart": 1.716, "Cobweb": 1.573, "Angelina": 2.2165, "Heart Pop": 1.573, "Blood Ember": 1.6730999999999998, "Blood Sucker": 1.7874999999999999, "Jinxed": 1.716, "Hollywood": 1.5015, "Plastic Ice": 1.5015, "Andromeda": 1.9305, "Hexed Helix": 1.7874999999999999, "Love Bubbles": 1.6730999999999998, "Gold Star": 1.5015, "Onyx Black": 1.9649999999999999, "Black": 5.13, "just": 1.2155}, "B-Day Candle": {"Final Boss": 2.17, "Kaboom!": 2.17, "Pixel Wish": 2.17, "Happy Meows": 2.17, "Purr Magic": 2.17, "On Fire": 2.17, "Payday": 2.17, "Onyx Black": 1.8, "Black": 5.084999999999999, "just": 1.19}, "Desk Calendar": {"Sunday": 2.0460000000000003, "Heartbreak": 1.584, "Investor": 9.41, "Adult Tasks": 25.655, "Fund Manager": 2.64, "Telegram": 2.64, "Pepe Plans": 14.41, "Burning Time": 2.0460000000000003, "Tic Tac Toe": 1.7820000000000003, "Checklist": 2.0460000000000003, "Peach Week": 2.0460000000000003, "Balloon Face": 1.7160000000000002, "Deadline": 2.0460000000000003, "Durov Day": 6.655, "Fawkes Night": 4.62, "Independence": 2.0460000000000003, "Hodler": 4.62, "Onyx Black": 1.7999999999999998, "Black": 5.0600000000000005, "just": 1.122}, "Lunar Snake": {"Psychedelic": 2.3095, "Python Dev": 2.3095, "Soul Eater": 2.0115000000000003, "Hot Cherry": 2.0115000000000003, "Timelock": 2.3095, "Hellspawn": 2.0115000000000003, "Synthwave": 4.172, "Dragon Ball": 5.215, "Onyx Black": 2.415, "Black": 5.69, "just": 1.2665}, "Xmas Stocking": {"Onyx Black": 2.16, "Black": 5.749999999999999, "just": 1.2495}, "Snake Box": {"Onyx Black": 1.9449999999999998, "Black": 5.1450000000000005, "just": 1.2665}, "Pet Snake": {"Onyx Black": 2.3, "Black": 6.039999999999999, "just": 1.53}, "Candy Cane": {"Hex Pot": 3.1, "Sticky Sweet": 2.0925000000000002, "Grinch": 4.34, "Designer": 5.425, "Onyx Black": 2.175, "Black": 5.819999999999999, "just": 1.3175}, "Whip Cupcake": {"Bitcoin": 12.315000000000001, "Deep State": 2.2005, "Sponge Duck": 2.5265, "Toncoin": 2.5265, "Resistance": 5.705, "Onyx Black": 2.215, "Black": 5.515000000000001, "just": 1.3855}, "Big Year": {"The Hobbit": 3.66, "The Nether": 2.8365, "Bitcoin": 5.124, "Gold Mine": 6.405, "Telegram": 6.405, "Game Boy": 2.0130000000000003, "Qing Dynasty": 2.8365, "Cheshire Cat": 2.8365, "Balloons": 2.0130000000000003, "First Website": 2.196, "YouTubes": 3.66, "Pokeball": 2.4705000000000004, "Pavel Durov": 11.415000000000001, "Creator": 2.8365, "Big Brother": 2.8365, "Onyx Black": 3.515, "Black": 9.915000000000001, "just": 1.5555}, "Homemade Cake": {"Onyx Black": 2.3449999999999998, "Black": 5.615, "just": 1.5725}, "Cookie Heart": {"Onyx Black": 2.55, "Black": 6.445, "just": 1.615}, "Jester Hat": {"Onyx Black": 2.58, "Black": 6.375, "just": 1.4875}, "Holiday Drink": {"Onyx Black": 2.695, "Black": 6.0649999999999995, "just": 1.6064999999999998}, "Ginger Cookie": {"Onyx Black": 3.5999999999999996, "Black": 7.1899999999999995, "just": 1.615}, "Hypno Lollipop": {"Onyx Black": 3.36, "Black": 7.41, "just": 1.632}, "Winter Wreath": {"Moon Cat": 106.24000000000001, "Onyx Black": 2.9699999999999998, "Black": 6.4750000000000005, "just": 1.6575}, "Party Sparkler": {"Onyx Black": 3.4899999999999998, "Black": 7.385000000000001, "just": 1.5979999999999999}, "Jingle Bells": {"Onyx Black": 3.02, "Black": 6.845, "just": 1.7424999999999997}, "Tama Gadget": {"Onyx Black": 3.435, "Black": 6.765, "just": 1.7424999999999997}, "Jack-in-the-Box": {"Onyx Black": 3.1, "Black": 6.95, "just": 1.87}, "Star Notepad": {"Onyx Black": 3.375, "Black": 10.125, "just": 1.9124999999999999}, "Easter Egg": {"Onyx Black": 3.7649999999999997, "Black": 10.844999999999999, "just": 2.363}, "Santa Hat": {"Onyx Black": 3.5, "Black": 9.08, "just": 2.125}, "Hex Pot": {"Onyx Black": 3.975, "Black": 9.625, "just": 2.3375}, "Restless Jar": {"Onyx Black": 3.55, "Black": 9.120000000000001, "just": 2.1675}, "Lush Bouquet": {"Onyx Black": 5.199999999999999, "Black": 8.75, "just": 2.635}, "Spiced Wine": {"Onyx Black": 3.086, "Black": 7.042, "just": 2.0485}, "Snow Globe": {"Onyx Black": 4.699999999999999, "Black": 9.8, "just": 2.21}, "Joyful Bundle": {"Onyx Black": 4.98, "Black": 9.7, "just": 2.516}, "Light Sword": {"Onyx Black": 4.456, "Black": 10.575999999999999, "just": 2.635}, "Witch Hat": {"Onyx Black": 4.55, "Black": 12.049999999999999, "just": 2.635}, "Bow Tie": {"Onyx Black": 6.35, "Black": 11.95, "just": 2.7624999999999997}, "Eternal Candle": {"Onyx Black": 5.2540000000000004, "Black": 10.89, "just": 2.9665}, "Jelly Bunny": {"Onyx Black": 5.045, "Black": 10.185, "just": 2.8815}, "Bunny Muffin": {"Onyx Black": 6.8100000000000005, "Black": 17.13, "just": 3.3575}, "Spy Agaric": {"Onyx Black": 6.01, "Black": 10.41, "just": 2.8475}, "Evil Eye": {"Onyx Black": 7.0200000000000005, "Black": 13.420000000000002, "just": 3.145}, "Snow Mittens": {"Onyx Black": 5.952, "Black": 8.352, "just": 3.332}, "Berry Box": {"Onyx Black": 4.62, "Black": 10.612000000000002, "just": 3.145}, "Valentine Box": {"Onyx Black": 7.18, "Black": 13.219999999999999, "just": 3.995}, "Sakura Flower": {"Onyx Black": 6.932, "Black": 16.14, "just": 4.165}, "Hanging Star": {"Onyx Black": 9.004000000000001, "Black": 15.244, "just": 4.8790000000000004}, "Sleigh Bell": {"Onyx Black": 11.42, "Black": 20.619999999999997, "just": 6.545}, "Love Candle": {"Onyx Black": 9.998, "Black": 15.314, "just": 6.961499999999999}, "Skull Flower": {"Onyx Black": 11.370000000000001, "Black": 18.29, "just": 6.7575}, "Crystal Ball": {"Onyx Black": 11.193999999999999, "Black": 27.494, "just": 6.7915}, "Trapped Heart": {"Onyx Black": 12.192, "Black": 20.252, "just": 7.157}, "Top Hat": {"Onyx Black": 14.66, "Black": 27.46, "just": 6.885}, "Love Potion": {"Onyx Black": 12.280000000000001, "Black": 23.636000000000003, "just": 7.99}, "Flying Broom": {"Onyx Black": 12.51, "Black": 17.509999999999998, "just": 8.372499999999999}, "Cupid Charm": {"Onyx Black": 17.734, "Black": 32.934, "just": 10.1065}, "Record Player": {"Onyx Black": 10.426, "Black": 20.626, "just": 6.5535}, "Eternal Rose": {"Onyx Black": 18.951999999999998, "Black": 34.76, "just": 12.41}, "Mad Pumpkin": {"Onyx Black": 24.427999999999997, "Black": 38.292, "just": 16.473}, "Voodoo Doll": {"Onyx Black": 24.18, "Black": 46.2, "just": 14.45}, "Diamond Ring": {"Onyx Black": 21.596, "Black": 43.2, "just": 13.6}, "Toy Bear": {"Onyx Black": 32.2, "Black": 47.0, "just": 21.25}, "Vintage Cigar": {"Onyx Black": 36.326, "Black": 60.546, "just": 20.6125}, "Neko Helmet": {"Onyx Black": 36.5, "Black": 62.3, "just": 22.525}, "Low Rider": {"Onyx Black": 32.798, "Black": 79.59400000000001, "just": 21.530499999999996}, "Signet Ring": {"Onyx Black": 37.594, "Black": 72.79, "just": 23.7915}, "Electric Skull": {"Onyx Black": 43.796,