{"Snoop Dogg": {"Chrome": 2.5385, "Emerald": 2.092, "King Ruby": 2.0255, "Sapphire": 2.1490000000000005, "King Snoop": 4.6155, "Black Diamond": 2.2345, "Goldizzle": 7.706, "Doberman": 3.837, "Doggfather": 3.0105000000000004, "AI Dogg": 3.153, "Cold Topaz": 2.1490000000000005, "Onyx Black": 3.44, "Black": 10.138461538461538, "just": 1.53}, "Swag Bag": {"Leopard": 2.2815, "Cashback": 3.0225, "Take It Easy": 2.4375, "Snoop Life": 2.535, "Boiling Hot": 2.4375, "Gin & Jewels": 2.535, "Dogg’s Loot": 2.0475, "April 20th": 3.0225, "Happy Herbs": 3.0225, "Darkness": 2.34, "Bulk Order": 2.34, "Missionary": 6.825, "Onyx Black": 3.4349999999999996, "Black": 7.470000000000001, "just": 1.6575}, "Snoop Cigar": {"Onyx Black": 7.515000000000001, "Black": 17.259999999999998, "just": 4.0205}, "Lol Pop": {"Sailor Moon": 1.584, "Watermelon": 1.512, "Mortal Sin": 4.032, "Glowstick": 2.2319999999999998, "Jolly Roger": 1.728, "Jinxed": 1.6847999999999999, "Satellite": 1.7999999999999998, "Dark Portal": 1.7999999999999998, "Blood Ember": 1.728, "Sweetheart": 1.8719999999999999, "Milky Way": 1.584, "Pumpkin": 1.584, "Shock Wave": 1.6847999999999999, "Hexed Helix": 1.656, "Blood Sucker": 1.728, "Doodle Art": 1.584, "Cookie Dip": 1.512, "Andromeda": 1.944, "Magic Wand": 1.512, "Plastic Ice": 1.584, "Angelina": 2.2319999999999998, "Einstein": 1.584, "Dark Sky": 1.7999999999999998, "Icy Touch": 1.512, "Heart Pop": 1.584, "Rosebud": 1.728, "Celestia": 2.2319999999999998, "Love Bubbles": 1.7999999999999998, "Fire Vortex": 1.512, "Cobweb": 1.584, "Crystalline": 1.584, "Onyx Black": 2.01, "Black": 5.42, "just": 1.224}, "B-Day Candle": {"Final Boss": 2.1545, "Happy Meows": 2.1545, "Kaboom!": 1.8765, "Pixel Wish": 2.1545, "Payday": 2.1545, "On Fire": 2.1545, "Purr Magic": 2.1545, "Onyx Black": 1.77, "Black": 5.36, "just": 1.1815}, "Desk Calendar": {"Pepe Plans": 10.530000000000001, "Heartbreak": 1.4595, "Burning Time": 1.8765, "Hodler": 4.864999999999999, "Deadline": 2.1545, "Balloon Face": 2.1545, "Adult Tasks": 25.69, "Independence": 2.78, "Fawkes Night": 3.8919999999999995, "Investor": 4.864999999999999, "Tic Tac Toe": 2.1545, "Fund Manager": 2.1545, "Checklist": 2.1545, "Peach Week": 2.1545, "Telegram": 2.1545, "Durov Day": 2.1545, "Sunday": 1.8765, "Onyx Black": 1.7599999999999998, "Black": 5.574999999999999, "just": 1.1815}, "Lunar Snake": {"Hellspawn": 2.0925000000000002, "Timelock": 2.015, "Python Dev": 2.4025000000000003, "Psychedelic": 1.8599999999999999, "Hot Cherry": 2.0925000000000002, "Dragon Ball": 5.425, "Soul Eater": 2.4025000000000003, "Synthwave": 4.34, "Onyx Black": 2.265, "Black": 5.525, "just": 1.3175}, "Xmas Stocking": {"Onyx Black": 2.355, "Black": 5.705, "just": 1.2834999999999999}, "Snake Box": {"Onyx Black": 2.15, "Black": 5.525, "just": 1.2325}, "Pet Snake": {"Onyx Black": 2.4450000000000003, "Black": 6.845000000000001, "just": 1.4705}, "Candy Cane": {"Designer": 8.5, "Sticky Sweet": 2.4800000000000004, "Hex Pot": 3.2, "Grinch": 3.2, "Onyx Black": 2.4699999999999998, "Black": 5.975, "just": 1.36}, "Whip Cupcake": {"Toncoin": 2.3560000000000003, "Deep State": 2.3560000000000003, "Resistance": 5.32, "Bitcoin": 9.435, "Sponge Duck": 3.04, "Onyx Black": 2.2350000000000003, "Black": 5.710000000000001, "just": 1.292}, "Big Year": {"Game Boy": 2.2260000000000004, "Bitcoin": 4.24, "Telegram": 4.24, "Pokeball": 2.6500000000000004, "Big Brother": 2.8620000000000005, "YouTubes": 4.24, "The Hobbit": 3.2860000000000005, "The Nether": 2.8620000000000005, "Cheshire Cat": 2.4379999999999997, "Gold Mine": 7.42, "First Website": 2.2260000000000004, "Qing Dynasty": 3.2860000000000005, "Creator": 2.8620000000000005, "Pavel Durov": 4.24, "Onyx Black": 3.68, "Black": 10.149999999999999, "just": 1.802}, "Homemade Cake": {"Onyx Black": 2.435, "Black": 5.584999999999999, "just": 1.5979999999999999}, "Cookie Heart": {"Onyx Black": 2.455, "Black": 6.72, "just": 1.6235}, "Jester Hat": {"Onyx Black": 2.595, "Black": 6.49, "just": 1.513}, "Holiday Drink": {"Onyx Black": 2.67, "Black": 6.220000000000001, "just": 1.649}, "Ginger Cookie": {"Onyx Black": 3.795, "Black": 7.0200000000000005, "just": 1.734}, "Hypno Lollipop": {"Onyx Black": 2.785, "Black": 6.49, "just": 1.7594999999999998}, "Winter Wreath": {"Moon Cat": 108.47500000000001, "Onyx Black": 2.54, "Black": 8.625, "just": 1.6575}, "Party Sparkler": {"Onyx Black": 3.585, "Black": 7.975, "just": 1.6744999999999999}, "Jingle Bells": {"Onyx Black": 2.855, "Black": 6.760000000000001, "just": 1.802}, "Tama Gadget": {"Onyx Black": 3.455, "Black": 6.545, "just": 1.7764999999999997}, "Jack-in-the-Box": {"Onyx Black": 3.155, "Black": 7.6450000000000005, "just": 1.9549999999999998}, "Star Notepad": {"Onyx Black": 3.395, "Black": 9.395, "just": 1.9465}, "Easter Egg": {"Onyx Black": 3.63, "Black": 11.084999999999999, "just": 2.3545}, "Santa Hat": {"Onyx Black": 3.524, "Black": 7.844, "just": 2.329}, "Hex Pot": {"Onyx Black": 3.9450000000000003, "Black": 10.100000000000001, "just": 2.329}, "Restless Jar": {"Onyx Black": 3.795, "Black": 10.515, "just": 2.2015}, "Lush Bouquet": {"Onyx Black": 4.335, "Black": 7.984999999999999, "just": 2.5245}, "Spiced Wine": {"Onyx Black": 2.982, "Black": 6.8740000000000006, "just": 2.0145}, "Snow Globe": {"Onyx Black": 4.645, "Black": 11.399999999999999, "just": 2.38}, "Joyful Bundle": {"Onyx Black": 3.64, "Black": 7.86, "just": 2.4055}, "Light Sword": {"Onyx Black": 4.58, "Black": 10.68, "just": 2.72}, "Witch Hat": {"Onyx Black": 4.595000000000001, "Black": 11.935, "just": 2.9665}, "Bow Tie": {"Onyx Black": 4.954000000000001, "Black": 12.642, "just": 2.7795}, "Eternal Candle": {"Onyx Black": 5.308, "Black": 11.308, "just": 2.992}, "Jelly Bunny": {"Onyx Black": 5.245, "Black": 10.75, "just": 2.975}, "Bunny Muffin": {"Onyx Black": 4.668, "Black": 13.467999999999998, "just": 3.2129999999999996}, "Spy Agaric": {"Onyx Black": 5.2219999999999995, "Black": 10.414, "just": 2.8645}, "Evil Eye": {"Onyx Black": 6.1259999999999994, "Black": 12.645999999999999, "just": 3.1875}, "Snow Mittens": {"Onyx Black": 5.15, "Black": 8.006, "just": 3.1875}, "Berry Box": {"Onyx Black": 5.8919999999999995, "Black": 11.612, "just": 3.247}, "Valentine Box": {"Onyx Black": 7.444, "Black": 12.684000000000001, "just": 4.029}, "Sakura Flower": {"Onyx Black": 6.91, "Black": 15.309999999999999, "just": 4.1225}, "Hanging Star": {"Onyx Black": 8.526, "Black": 15.370000000000001, "just": 4.7855}, "Sleigh Bell": {"Onyx Black": 10.596, "Black": 18.592, "just": 6.511}, "Love Candle": {"Onyx Black": 10.822, "Black": 20.618000000000002, "just": 7.114499999999999}, "Skull Flower": {"Onyx Black": 10.68, "Black": 17.840000000000003, "just": 7.14}, "Crystal Ball": {"Onyx Black": 11.474, "Black": 28.07, "just": 6.6215}, "Trapped Heart": {"Onyx Black": 13.123999999999999, "Black": 19.204, "just": 7.854}, "Top Hat": {"Onyx Black": 12.248000000000001, "Black": 22.528, "just": 6.6979999999999995}, "Love Potion": {"Onyx Black": 10.96, "Black": 22.164, "just": 7.598999999999999}, "Flying Broom": {"Onyx Black": 10.726, "Black": 19.886, "just": 7.828500000000001}, "Cupid Charm": {"Onyx Black": 16.774, "Black": 32.373999999999995, "just": 9.596499999999999}, "Record Player": {"Onyx Black": 11.114, "Black": 20.793999999999997, "just": 6.7915}, "Eternal Rose": {"Onyx Black": 17.384, "Black": 36.984, "just": 11.594}, "Mad Pumpkin": {"Onyx Black": 22.556, "Black": 38.355999999999995, "just": 14.671000000000001}, "Voodoo Doll": {"Onyx Black": 21.509999999999998, "Black": 44.95, "just": 13.8125}, "Diamond Ring": {"Onyx Black": 22.52, "Black": 43.72, "just": 13.77}, "Toy Bear": {"Onyx Black": 24.436, "Black": 46.916, "just": 15.469999999999999}, "Vintage Cigar": {"Onyx Black": 39.94, "Black": 55.53999999999999, "just": 20.314999999999998}, "Neko Helmet": {"Onyx Black": 35.78, "Black": 75.78, "just": 22.355}, "Low Rider": {"Onyx Black": 34.256, "Black": 91.05600000000001, "just": 21.896}, "Signet Ring": {"Onyx Black": 37.576, "Black": 80.376, "just": 23.766000000000002},