{"Snoop Dogg": {"Doberman": 3.837, "King Snoop": 4.7865, "Goldizzle": 7.706, "Doggfather": 3.0105000000000004, "Emerald": 2.1490000000000005, "King Ruby": 2.2060000000000004, "AI Dogg": 3.3335, "Cold Topaz": 2.0730000000000004, "Black Diamond": 2.2439999999999998, "Sapphire": 2.1585, "Chrome": 2.5385, "Black Gold": 2.0445, "Onyx Black": 3.44, "Black": 10.138461538461538, "just": 1.53}, "Swag Bag": {"Snoop Life": 2.388, "Boiling Hot": 2.3283, "Gin & Jewels": 2.587, "P.I.M.P.": 2.0895, "April 20th": 3.0845000000000002, "Take It Easy": 2.3283, "Leopard": 2.2885, "Happy Herbs": 3.0845000000000002, "Darkness": 2.3283, "Bulk Order": 2.3283, "Missionary": 6.965, "Cashback": 3.0845000000000002, "Onyx Black": 3.0949999999999998, "Black": 7.49, "just": 1.6915}, "Snoop Cigar": {"Onyx Black": 7.5200000000000005, "Black": 17.270000000000003, "just": 4.029}, "Lol Pop": {"Sweetheart": 1.898, "Dark Portal": 1.825, "Jinxed": 1.6789999999999998, "Dark Sky": 1.825, "Crystalline": 1.533, "Cookie Dip": 1.533, "Jolly Roger": 1.752, "Magic Wand": 1.533, "Celestia": 2.263, "Plastic Ice": 1.606, "Doodle Art": 1.606, "Shock Wave": 1.606, "Milky Way": 1.606, "Love Bubbles": 1.825, "Andromeda": 1.971, "Blood Ember": 1.752, "Blood Sucker": 1.6789999999999998, "Pumpkin": 1.533, "Sailor Moon": 1.606, "Rosebud": 1.752, "Mortal Sin": 4.088, "Cobweb": 1.533, "Angelina": 2.263, "Glowstick": 1.971, "Hexed Helix": 1.825, "Satellite": 1.752, "Watermelon": 1.533, "Einstein": 1.606, "Heart Pop": 1.825, "Onyx Black": 2.02, "Black": 5.43, "just": 1.2409999999999999}, "B-Day Candle": {"Final Boss": 2.108, "Purr Magic": 2.108, "Payday": 2.108, "Happy Meows": 2.108, "On Fire": 2.108, "Kaboom!": 1.8360000000000003, "Pixel Wish": 2.108, "Onyx Black": 1.71, "Black": 5.18, "just": 1.1560000000000001}, "Desk Calendar": {"Telegram": 2.0925000000000002, "Peach Week": 2.0925000000000002, "Adult Tasks": 24.675, "Deadline": 2.0925000000000002, "Checklist": 2.0925000000000002, "Balloon Face": 2.0925000000000002, "Tic Tac Toe": 2.0925000000000002, "Burning Time": 1.8225000000000002, "Independence": 2.7, "Hodler": 4.7250000000000005, "Sunday": 1.8225000000000002, "Fund Manager": 2.0925000000000002, "Durov Day": 2.0925000000000002, "Heartbreak": 1.4850000000000003, "Pepe Plans": 10.51, "Fawkes Night": 2.7, "Investor": 5.484999999999999, "Onyx Black": 1.73, "Black": 5.625, "just": 1.1475}, "Lunar Snake": {"Dragon Ball": 5.215, "Psychedelic": 1.8625, "Python Dev": 2.3095, "Timelock": 1.937, "Hellspawn": 2.3095, "Soul Eater": 2.3095, "Synthwave": 5.215, "Hot Cherry": 2.0115000000000003, "Onyx Black": 2.22, "Black": 5.495, "just": 1.2665}, "Xmas Stocking": {"Onyx Black": 2.355, "Black": 5.705, "just": 1.2834999999999999}, "Snake Box": {"Onyx Black": 2.1, "Black": 5.515000000000001, "just": 1.2325}, "Pet Snake": {"Onyx Black": 2.435, "Black": 6.86, "just": 1.496}, "Candy Cane": {"Sticky Sweet": 2.511, "Hex Pot": 3.24, "Grinch": 3.24, "Designer": 8.510000000000002, "Onyx Black": 2.46, "Black": 5.985, "just": 1.377}, "Whip Cupcake": {"Resistance": 5.355, "Toncoin": 2.3715, "Sponge Duck": 3.06, "Deep State": 2.3715, "Bitcoin": 9.440000000000001, "Onyx Black": 2.235, "Black": 5.515, "just": 1.3005}, "Big Year": {"The Nether": 2.8755, "Gold Mine": 7.455, "Game Boy": 2.2365, "Pokeball": 2.6624999999999996, "Big Brother": 2.8755, "Cheshire Cat": 2.343, "First Website": 2.2365, "Pavel Durov": 4.26, "YouTubes": 4.26, "Telegram": 4.26, "Qing Dynasty": 3.3015, "Creator": 2.8755, "The Hobbit": 3.3015, "Bitcoin": 4.26, "Onyx Black": 3.685, "Black": 10.155000000000001, "just": 1.8104999999999998}, "Homemade Cake": {"Onyx Black": 2.435, "Black": 5.59, "just": 1.5979999999999999}, "Cookie Heart": {"Onyx Black": 2.7, "Black": 6.74, "just": 1.6575}, "Jester Hat": {"Onyx Black": 2.575, "Black": 6.484999999999999, "just": 1.5045}, "Holiday Drink": {"Onyx Black": 2.67, "Black": 6.220000000000001, "just": 1.649}, "Ginger Cookie": {"Onyx Black": 3.815, "Black": 6.54, "just": 1.768}, "Hypno Lollipop": {"Onyx Black": 2.77, "Black": 6.4750000000000005, "just": 1.734}, "Winter Wreath": {"Moon Cat": 112.04500000000002, "Onyx Black": 2.99, "Black": 8.64, "just": 1.683}, "Party Sparkler": {"Onyx Black": 3.62, "Black": 7.965000000000001, "just": 1.6575}, "Jingle Bells": {"Onyx Black": 2.855, "Black": 6.760000000000001, "just": 1.802}, "Tama Gadget": {"Onyx Black": 3.46, "Black": 6.550000000000001, "just": 1.785}, "Jack-in-the-Box": {"Onyx Black": 3.15, "Black": 7.64, "just": 1.9465}, "Star Notepad": {"Onyx Black": 3.385, "Black": 9.285, "just": 1.9295}, "Easter Egg": {"Onyx Black": 3.615, "Black": 10.370000000000001, "just": 2.329}, "Santa Hat": {"Onyx Black": 3.606, "Black": 7.766, "just": 2.3885}, "Hex Pot": {"Onyx Black": 3.88, "Black": 10.084999999999999, "just": 2.3545}, "Restless Jar": {"Onyx Black": 3.8, "Black": 10.505, "just": 2.21}, "Lush Bouquet": {"Onyx Black": 4.345000000000001, "Black": 7.995, "just": 2.5415}, "Spiced Wine": {"Onyx Black": 3.0300000000000002, "Black": 6.926000000000001, "just": 2.0825}, "Snow Globe": {"Onyx Black": 4.645, "Black": 11.399999999999999, "just": 2.38}, "Joyful Bundle": {"Onyx Black": 3.6, "Black": 7.575, "just": 2.3375}, "Light Sword": {"Onyx Black": 4.5680000000000005, "Black": 10.668, "just": 2.703}, "Witch Hat": {"Onyx Black": 4.58, "Black": 11.919999999999998, "just": 2.941}, "Bow Tie": {"Onyx Black": 4.934, "Black": 12.629999999999999, "just": 2.7624999999999997}, "Eternal Candle": {"Onyx Black": 5.176, "Black": 11.096, "just": 3.026}, "Jelly Bunny": {"Onyx Black": 4.7, "Black": 10.725000000000001, "just": 2.9325}, "Bunny Muffin": {"Onyx Black": 4.65, "Black": 13.45, "just": 3.1875}, "Spy Agaric": {"Onyx Black": 5.24, "Black": 10.432, "just": 2.8899999999999997}, "Evil Eye": {"Onyx Black": 6.359999999999999, "Black": 11.82, "just": 3.145}, "Snow Mittens": {"Onyx Black": 5.18, "Black": 8.036, "just": 3.23}, "Berry Box": {"Onyx Black": 5.9399999999999995, "Black": 11.66, "just": 3.315}, "Valentine Box": {"Onyx Black": 7.372, "Black": 12.612, "just": 3.927}, "Sakura Flower": {"Onyx Black": 6.588, "Black": 15.388, "just": 4.2330000000000005}, "Hanging Star": {"Onyx Black": 8.495999999999999, "Black": 15.34, "just": 4.743}, "Sleigh Bell": {"Onyx Black": 10.434, "Black": 18.43, "just": 6.281499999999999}, "Love Candle": {"Onyx Black": 10.822, "Black": 20.618000000000002, "just": 7.114499999999999}, "Skull Flower": {"Onyx Black": 10.692, "Black": 19.052, "just": 7.157}, "Crystal Ball": {"Onyx Black": 11.48, "Black": 28.080000000000002, "just": 6.63}, "Trapped Heart": {"Onyx Black": 12.908000000000001, "Black": 18.968, "just": 7.548}, "Top Hat": {"Onyx Black": 12.292, "Black": 22.492, "just": 6.647}, "Love Potion": {"Onyx Black": 10.87, "Black": 22.073999999999998, "just": 7.471499999999999}, "Flying Broom": {"Onyx Black": 13.58, "Black": 19.939999999999998, "just": 7.905}, "Cupid Charm": {"Onyx Black": 16.762, "Black": 32.362, "just": 9.5795}, "Record Player": {"Onyx Black": 10.728, "Black": 20.727999999999998, "just": 6.6979999999999995}, "Eternal Rose": {"Onyx Black": 17.214, "Black": 36.894, "just": 11.4665}, "Mad Pumpkin": {"Onyx Black": 22.634, "Black": 38.434, "just": 14.7815}, "Voodoo Doll": {"Onyx Black": 21.68, "Black": 45.160000000000004, "just": 14.110000000000001}, "Diamond Ring": {"Onyx Black": 22.394, "Black": 43.594, "just": 13.5915}, "Toy Bear": {"Onyx Black": 24.49, "Black": 46.97, "just": 15.546499999999998}, "Vintage Cigar": {"Onyx Black": 39.94, "Black": 55.53999999999999, "just": 20.314999999999998}, "Neko Helmet": {"Onyx Black": 37.72, "Black": 75.72, "just": 22.27}, "Low Rider": {"Onyx Black": 34.22, "Black": 83.42, "just": 21.845}, "Signet Ring": {"Onyx Black": 37.576, "Black": 80.376, "just": 23.766000000000002}, "Electric Skull": {"Onyx Black": 44.422, "Black": 68.018, "just": 26.6645}, "Kissed Frog": {"Onyx Black": 47.646, "Black": 80.894, "just": 30.1665}, "Swiss Watch": {"Onyx Black": 43.378, "Black": 69.37800000000001, "just": 30.285500000000003},