{"Snoop Dogg": {"Black Diamond": 2.1155, "Doberman": 3.6870000000000003, "King Ruby": 1.916, "Cold Topaz": 1.9255, "Doggfather": 2.851, "Goldizzle": 7.315999999999999, "Chrome": 2.1155, "Sapphire": 1.9825, "King Snoop": 4.883500000000001, "AI Dogg": 2.8605, "Onyx Black": 3.24, "Black": 10.626153846153846, "just": 1.513}, "Swag Bag": {"Bulk Order": 2.364, "Take It Easy": 2.364, "April 20th": 3.0535, "Boiling Hot": 2.561, "Gin & Jewels": 2.561, "Cashback": 3.0535, "Snoop Life": 2.4625, "Darkness": 2.2655, "Golden Nugs": 2.0685000000000002, "Missionary": 8.485, "Leopard": 2.2655, "Happy Herbs": 3.0535, "Onyx Black": 3.035, "Black": 7.975, "just": 1.6744999999999999}, "Snoop Cigar": {"Onyx Black": 7.885, "Black": 18.145, "just": 4.0715}, "Lol Pop": {"Jinxed": 1.584, "Rosebud": 1.584, "Blood Sucker": 1.6847999999999999, "Mortal Sin": 4.032, "Dark Portal": 1.512, "Sweetheart": 1.8719999999999999, "Jolly Roger": 1.728, "Romance": 1.512, "Dark Sky": 1.584, "Watermelon": 1.512, "Pumpkin": 1.512, "Andromeda": 1.8719999999999999, "Glowstick": 2.2319999999999998, "Plastic Ice": 1.512, "Cookie Dip": 1.512, "Milky Way": 1.512, "Blood Ember": 1.584, "Sailor Moon": 1.512, "Comic Crunch": 1.512, "Angelina": 2.2319999999999998, "Satellite": 1.6847999999999999, "Hexed Helix": 1.512, "Cobweb": 1.512, "Doodle Art": 1.656, "Einstein": 1.728, "Love Bubbles": 1.8719999999999999, "Heart Pop": 1.584, "Fire Vortex": 1.512, "Shock Wave": 1.584, "Celestia": 2.2319999999999998, "Pink Foil": 1.512, "Onyx Black": 2.01, "Black": 5.220000000000001, "just": 1.224}, "B-Day Candle": {"Final Boss": 2.1545, "Pixel Wish": 2.1545, "Payday": 2.78, "On Fire": 2.1545, "Happy Meows": 2.78, "Kaboom!": 1.8765, "Purr Magic": 2.1545, "Onyx Black": 2.015, "Black": 5.095000000000001, "just": 1.1815}, "Desk Calendar": {"Fund Manager": 2.0770000000000004, "Tic Tac Toe": 1.541, "Heartbreak": 1.4740000000000002, "Checklist": 1.8090000000000002, "Telegram": 2.0770000000000004, "Fawkes Night": 3.752, "Hodler": 4.69, "Burning Time": 2.0770000000000004, "Pepe Plans": 14.67, "Sunday": 2.0770000000000004, "Peach Week": 2.0770000000000004, "Independence": 2.68, "Adult Tasks": 21.669999999999998, "Investor": 7.12, "Durov Day": 2.68, "Deadline": 2.0770000000000004, "Balloon Face": 2.0770000000000004, "Onyx Black": 1.8450000000000002, "Black": 5.325, "just": 1.139}, "Lunar Snake": {"Soul Eater": 2.0250000000000004, "Dragon Ball": 5.25, "Hellspawn": 2.325, "Psychedelic": 2.325, "Synthwave": 5.25, "Python Dev": 2.325, "Timelock": 1.9500000000000002, "Hot Cherry": 2.325, "Onyx Black": 2.225, "Black": 5.75, "just": 1.275}, "Xmas Stocking": {"Onyx Black": 2.685, "Black": 5.52, "just": 1.309}, "Snake Box": {"Onyx Black": 2.205, "Black": 6.1899999999999995, "just": 1.292}, "Pet Snake": {"Onyx Black": 2.545, "Black": 6.204999999999999, "just": 1.5895000000000001}, "Candy Cane": {"Grinch": 3.28, "Sticky Sweet": 2.542, "Hex Pot": 2.542, "Designer": 5.739999999999999, "Onyx Black": 2.39, "Black": 5.89, "just": 1.394}, "Whip Cupcake": {"Resistance": 5.425, "Sponge Duck": 2.4025000000000003, "Bitcoin": 10.27, "Toncoin": 2.4025000000000003, "Deep State": 2.0925000000000002, "Onyx Black": 2.245, "Black": 5.975, "just": 1.3175}, "Big Year": {"Pavel Durov": 5.6, "Bitcoin": 5.6, "Balloons": 2.34, "Telegram": 4.0, "Qing Dynasty": 3.1, "The Hobbit": 4.0, "Pokeball": 2.7, "The Nether": 2.7, "First Website": 2.2, "Game Boy": 2.2, "Gold Mine": 7.0, "Cheshire Cat": 2.7, "Big Brother": 3.1, "Creator": 2.7, "YouTubes": 4.0, "Onyx Black": 3.62, "Black": 9.65, "just": 1.7}, "Homemade Cake": {"Onyx Black": 2.42, "Black": 5.359999999999999, "just": 1.5725}, "Cookie Heart": {"Onyx Black": 2.675, "Black": 6.69, "just": 1.5979999999999999}, "Jester Hat": {"Onyx Black": 2.64, "Black": 6.335000000000001, "just": 1.513}, "Holiday Drink": {"Onyx Black": 2.49, "Black": 6.254999999999999, "just": 1.683}, "Ginger Cookie": {"Onyx Black": 3.78, "Black": 7.245, "just": 1.7084999999999997}, "Hypno Lollipop": {"Onyx Black": 2.92, "Black": 6.205, "just": 1.649}, "Winter Wreath": {"Moon Cat": 106.265, "Onyx Black": 2.975, "Black": 7.2, "just": 1.7}, "Party Sparkler": {"Onyx Black": 3.165, "Black": 7.720000000000001, "just": 1.649}, "Jingle Bells": {"Onyx Black": 2.825, "Black": 6.709999999999999, "just": 1.7594999999999998}, "Tama Gadget": {"Onyx Black": 3.4749999999999996, "Black": 6.574999999999999, "just": 1.8275}, "Jack-in-the-Box": {"Onyx Black": 3.085, "Black": 7.075, "just": 1.9124999999999999}, "Star Notepad": {"Onyx Black": 4.05, "Black": 9.549999999999999, "just": 2.04}, "Easter Egg": {"Onyx Black": 3.815, "Black": 10.79, "just": 2.448}, "Santa Hat": {"Onyx Black": 3.95, "Black": 8.39, "just": 2.3375}, "Hex Pot": {"Onyx Black": 4.01, "Black": 10.125, "just": 2.3375}, "Restless Jar": {"Onyx Black": 4.095, "Black": 9.685, "just": 2.2015}, "Lush Bouquet": {"Onyx Black": 4.49, "Black": 7.495, "just": 2.5415}, "Spiced Wine": {"Onyx Black": 3.092, "Black": 7.024000000000001, "just": 2.227}, "Snow Globe": {"Onyx Black": 4.425, "Black": 10.175, "just": 2.4225}, "Joyful Bundle": {"Onyx Black": 3.92, "Black": 10.375, "just": 2.4225}, "Light Sword": {"Onyx Black": 4.672000000000001, "Black": 10.631999999999998, "just": 2.652}, "Witch Hat": {"Onyx Black": 4.525, "Black": 12.03, "just": 2.6094999999999997}, "Bow Tie": {"Onyx Black": 4.746, "Black": 12.342, "just": 2.7624999999999997}, "Eternal Candle": {"Onyx Black": 4.942, "Black": 10.738, "just": 3.0345}, "Jelly Bunny": {"Onyx Black": 4.8, "Black": 9.7, "just": 2.8899999999999997}, "Bunny Muffin": {"Onyx Black": 4.764, "Black": 12.644, "just": 3.1790000000000003}, "Spy Agaric": {"Onyx Black": 5.568, "Black": 10.475999999999999, "just": 2.9579999999999997}, "Evil Eye": {"Onyx Black": 6.359999999999999, "Black": 12.420000000000002, "just": 3.145}, "Snow Mittens": {"Onyx Black": 5.07, "Black": 8.33, "just": 3.3575}, "Berry Box": {"Onyx Black": 5.728, "Black": 10.604000000000001, "just": 3.298}, "Valentine Box": {"Onyx Black": 7.662, "Black": 13.661999999999999, "just": 4.054499999999999}, "Sakura Flower": {"Onyx Black": 6.586, "Black": 15.585999999999999, "just": 4.5135}, "Hanging Star": {"Onyx Black": 7.654, "Black": 14.974, "just": 4.4965}, "Sleigh Bell": {"Onyx Black": 10.494, "Black": 20.894, "just": 6.3665}, "Love Candle": {"Onyx Black": 10.904, "Black": 17.284, "just": 7.513999999999999}, "Skull Flower": {"Onyx Black": 12.986, "Black": 17.186, "just": 7.0635}, "Crystal Ball": {"Onyx Black": 12.594, "Black": 28.014000000000003, "just": 7.1315}, "Trapped Heart": {"Onyx Black": 13.251999999999999, "Black": 18.412, "just": 7.497}, "Top Hat": {"Onyx Black": 12.67, "Black": 22.189999999999998, "just": 7.182499999999999}, "Love Potion": {"Onyx Black": 11.706, "Black": 23.646, "just": 7.9985}, "Flying Broom": {"Onyx Black": 12.774, "Black": 19.573999999999998, "just": 7.896499999999999}, "Cupid Charm": {"Onyx Black": 16.864, "Black": 30.464, "just": 9.724}, "Record Player": {"Onyx Black": 10.271999999999998, "Black": 20.872, "just": 6.901999999999999}, "Eternal Rose": {"Onyx Black": 21.188000000000002, "Black": 35.988, "just": 11.883000000000001}, "Mad Pumpkin": {"Onyx Black": 23.128, "Black": 41.328, "just": 16.048}, "Voodoo Doll": {"Onyx Black": 21.939999999999998, "Black": 48.739999999999995, "just": 15.214999999999998}, "Diamond Ring": {"Onyx Black": 22.29, "Black": 45.494, "just": 14.016499999999999}, "Toy Bear": {"Onyx Black": 34.428, "Black": 52.068, "just": 22.763}, "Vintage Cigar": {"Onyx Black": 36.9, "Black": 55.9, "just": 20.825}, "Neko Helmet": {"Onyx Black": 38.716, "Black": 66.636, "just": 23.680999999999997}, "Low Rider": {"Onyx Black": 32.828, "Black": 81.228, "just": 21.572999999999997}, "Signet Ring": {"Onyx Black": 37.594, "Black": 80.39, "just": 23.7915}, "Electric Skull": {"Onyx Black": 45.94, "Black": 76.34, "just": 28.814999999999998}, "Kissed Frog": {"Onyx Black": 46.956, "Black": 81.36000000000001, "just": 30.26}, "Swiss Watch": {"Onyx Black": 44.822, "Black": 73.222,