{"Snoop Dogg": {"AI Dogg": 2.944, "Goldizzle": 7.160499999999999, "Chrome": 2.4779999999999998, "Emerald": 2.0730000000000004, "Black Diamond": 2.1965000000000003, "Doberman": 3.4854999999999996, "Sapphire": 2.168, "Doggfather": 2.9205, "King Snoop": 5.0525, "Onyx Black": 3.1666666666666665, "Black": 10.686153846153845, "just": 1.4789999999999999}, "Swag Bag": {"Bulk Order": 2.4699999999999998, "Darkness": 2.09, "April 20th": 2.945, "Take It Easy": 2.4699999999999998, "Gin & Jewels": 2.565, "Boiling Hot": 2.565, "Dogg’s Loot": 1.9949999999999999, "Snoop Life": 2.565, "Cashback": 2.945, "Missionary": 6.6499999999999995, "P.I.M.P.": 2.1849999999999996, "Happy Herbs": 2.945, "Leopard": 2.09, "Onyx Black": 3.0, "Black": 7.365, "just": 1.615}, "Snoop Cigar": {"Onyx Black": 7.8149999999999995, "Black": 17.21, "just": 3.9354999999999998}, "Lol Pop": {"Satellite": 1.7315999999999998, "Sweetheart": 1.924, "Jolly Roger": 1.776, "Celestia": 2.294, "Comic Crunch": 1.554, "Mortal Sin": 2.96, "Blood Ember": 1.6280000000000001, "Sick Leave": 1.554, "Crystalline": 1.554, "Love Bubbles": 1.6280000000000001, "Dark Sky": 1.6280000000000001, "Gold Star": 1.554, "Blood Sucker": 1.7315999999999998, "Einstein": 1.6280000000000001, "Rosebud": 1.7315999999999998, "Doodle Art": 1.554, "Dark Portal": 1.554, "Hexed Helix": 1.85, "Plastic Ice": 1.6280000000000001, "Shock Wave": 1.7315999999999998, "Heart Pop": 1.6280000000000001, "Milky Way": 1.6280000000000001, "Watermelon": 1.554, "Cobweb": 1.6280000000000001, "Jinxed": 1.6280000000000001, "Glowstick": 2.294, "Andromeda": 1.998, "Magic Wand": 1.554, "Sailor Moon": 1.554, "Angelina": 1.998, "Onyx Black": 1.94, "Black": 5.17, "just": 1.258}, "B-Day Candle": {"Final Boss": 2.0460000000000003, "Pixel Wish": 2.0460000000000003, "Payday": 2.0460000000000003, "Happy Meows": 2.64, "Kaboom!": 1.7820000000000003, "Purr Magic": 2.0460000000000003, "On Fire": 2.0460000000000003, "Onyx Black": 1.7149999999999999, "Black": 5.15, "just": 1.122}, "Desk Calendar": {"Sunday": 2.0460000000000003, "Hodler": 4.62, "Balloon Face": 2.0460000000000003, "Deadline": 2.0460000000000003, "Peach Week": 2.0460000000000003, "Telegram": 2.0460000000000003, "Investor": 5.655, "Heartbreak": 1.4520000000000002, "Tic Tac Toe": 2.0460000000000003, "Durov Day": 2.64, "Pepe Plans": 10.645, "Fund Manager": 2.64, "Checklist": 2.0460000000000003, "Adult Tasks": 23.875, "Burning Time": 2.0460000000000003, "Independence": 2.64, "Fawkes Night": 4.62, "Onyx Black": 1.6800000000000002, "Black": 5.605, "just": 1.122}, "Lunar Snake": {"Soul Eater": 2.325, "Python Dev": 2.325, "Dragon Ball": 5.25, "Synthwave": 5.25, "Hellspawn": 2.0250000000000004, "Hot Cherry": 2.0250000000000004, "Psychedelic": 1.875, "Timelock": 1.9500000000000002, "Onyx Black": 2.2, "Black": 5.495, "just": 1.275}, "Xmas Stocking": {"Onyx Black": 2.175, "Black": 5.745, "just": 1.2665}, "Snake Box": {"Onyx Black": 2.0949999999999998, "Black": 6.174999999999999, "just": 1.19}, "Pet Snake": {"Onyx Black": 2.45, "Black": 5.59, "just": 1.428}, "Candy Cane": {"Hex Pot": 3.12, "Designer": 5.46, "Sticky Sweet": 2.418, "Grinch": 3.12, "Onyx Black": 2.475, "Black": 5.955, "just": 1.326}, "Whip Cupcake": {"Sponge Duck": 3.04, "Toncoin": 2.3560000000000003, "Resistance": 5.32, "Bitcoin": 9.51, "Deep State": 2.3560000000000003, "Onyx Black": 2.255, "Black": 5.26, "just": 1.292}, "Big Year": {"Telegram": 4.3, "The Hobbit": 3.3325, "Cheshire Cat": 2.365, "First Website": 2.6875, "Bitcoin": 4.3, "Big Brother": 2.9025, "YouTubes": 4.3, "Pavel Durov": 4.3, "Qing Dynasty": 3.3325, "Gold Mine": 6.02, "The Nether": 3.3325, "Game Boy": 2.365, "Creator": 2.9025, "Pokeball": 2.6875, "Onyx Black": 3.7, "Black": 8.68, "just": 1.8275}, "Homemade Cake": {"Onyx Black": 2.3850000000000002, "Black": 5.635, "just": 1.513}, "Cookie Heart": {"Onyx Black": 2.6500000000000004, "Black": 7.010000000000001, "just": 1.5895000000000001}, "Jester Hat": {"Onyx Black": 2.81, "Black": 6.595, "just": 1.4535}, "Holiday Drink": {"Onyx Black": 2.68, "Black": 5.855, "just": 1.6235}, "Ginger Cookie": {"Onyx Black": 3.37, "Black": 6.495, "just": 1.734}, "Hypno Lollipop": {"Onyx Black": 2.725, "Black": 5.945, "just": 1.7}, "Winter Wreath": {"Moon Cat": 115.94500000000001, "Onyx Black": 2.795, "Black": 8.645, "just": 1.6064999999999998}, "Party Sparkler": {"Onyx Black": 4.5, "Black": 7.245, "just": 1.7}, "Jingle Bells": {"Onyx Black": 2.9050000000000002, "Black": 6.0600000000000005, "just": 1.802}, "Tama Gadget": {"Onyx Black": 3.48, "Black": 7.035, "just": 1.768}, "Jack-in-the-Box": {"Onyx Black": 3.11, "Black": 7.6049999999999995, "just": 1.8784999999999998}, "Star Notepad": {"Onyx Black": 3.6399999999999997, "Black": 8.74, "just": 1.9379999999999997}, "Easter Egg": {"Onyx Black": 3.775, "Black": 10.985000000000001, "just": 2.2695}, "Santa Hat": {"Onyx Black": 3.3339999999999996, "Black": 8.373999999999999, "just": 2.2864999999999998}, "Hex Pot": {"Onyx Black": 3.875, "Black": 10.065000000000001, "just": 2.3459999999999996}, "Restless Jar": {"Onyx Black": 3.96, "Black": 10.709999999999999, "just": 2.142}, "Lush Bouquet": {"Onyx Black": 4.324999999999999, "Black": 8.395, "just": 2.38}, "Spiced Wine": {"Onyx Black": 2.7159999999999997, "Black": 6.812, "just": 1.9209999999999998}, "Snow Globe": {"Onyx Black": 4.195, "Black": 11.82, "just": 2.244}, "Joyful Bundle": {"Onyx Black": 3.88, "Black": 7.78, "just": 2.3459999999999996}, "Light Sword": {"Onyx Black": 4.61, "Black": 10.674, "just": 2.7115}, "Witch Hat": {"Onyx Black": 4.42, "Black": 11.870000000000001, "just": 2.7965}, "Bow Tie": {"Onyx Black": 4.922000000000001, "Black": 12.654, "just": 2.7795}, "Eternal Candle": {"Onyx Black": 5.266, "Black": 10.870000000000001, "just": 2.9325}, "Jelly Bunny": {"Onyx Black": 4.42, "Black": 11.575, "just": 2.8475}, "Bunny Muffin": {"Onyx Black": 4.938, "Black": 11.622, "just": 3.0345}, "Spy Agaric": {"Onyx Black": 4.5600000000000005, "Black": 10.32, "just": 2.72}, "Evil Eye": {"Onyx Black": 6.402, "Black": 13.001999999999999, "just": 3.1195}, "Snow Mittens": {"Onyx Black": 5.62, "Black": 7.42, "just": 3.145}, "Berry Box": {"Onyx Black": 5.82, "Black": 11.5, "just": 3.145}, "Valentine Box": {"Onyx Black": 8.124, "Black": 12.584, "just": 3.859}, "Sakura Flower": {"Onyx Black": 6.964, "Black": 15.364, "just": 4.199}, "Hanging Star": {"Onyx Black": 8.716000000000001, "Black": 15.235999999999999, "just": 4.59}, "Sleigh Bell": {"Onyx Black": 10.370000000000001, "Black": 15.43, "just": 6.1625}, "Love Candle": {"Onyx Black": 9.904, "Black": 20.304000000000002, "just": 6.664}, "Skull Flower": {"Onyx Black": 10.396, "Black": 18.596, "just": 6.511}, "Crystal Ball": {"Onyx Black": 11.516, "Black": 28.316, "just": 6.681}, "Trapped Heart": {"Onyx Black": 12.517999999999999, "Black": 18.878, "just": 7.5905}, "Top Hat": {"Onyx Black": 12.108, "Black": 23.348, "just": 6.443}, "Love Potion": {"Onyx Black": 10.882000000000001, "Black": 22.086, "just": 7.4885}, "Flying Broom": {"Onyx Black": 10.888, "Black": 18.488, "just": 8.058}, "Cupid Charm": {"Onyx Black": 16.774, "Black": 32.174, "just": 9.596499999999999}, "Record Player": {"Onyx Black": 10.922, "Black": 20.158, "just": 6.5195}, "Eternal Rose": {"Onyx Black": 17.198, "Black": 33.598, "just": 11.330499999999999}, "Mad Pumpkin": {"Onyx Black": 22.45, "Black": 36.074, "just": 14.2715}, "Voodoo Doll": {"Onyx Black": 21.311999999999998, "Black": 48.160000000000004, "just": 13.26}, "Diamond Ring": {"Onyx Black": 22.682, "Black": 45.862, "just": 13.9995}, "Toy Bear": {"Onyx Black": 24.316, "Black": 46.8, "just": 15.299999999999999}, "Vintage Cigar": {"Onyx Black": 42.274, "Black": 55.074, "just": 20.2215}, "Neko Helmet": {"Onyx Black": 37.534, "Black": 75.53399999999999, "just": 22.0065}, "Low Rider": {"Onyx Black": 33.68, "Black": 90.47999999999999, "just": 21.08}, "Signet Ring": {"Onyx Black": 36.976, "Black": 76.17599999999999, "just": 22.916}, "Electric Skull": {"Onyx Black": 44.536, "Black": 68.532, "just": 26.825999999999997},