{"Snoop Dogg": {"Doberman": 3.4305000000000003, "Goldizzle": 7.5405, "Black Diamond": 2.182, "King Ruby": 2.0015, "King Snoop": 6.068, "Sapphire": 2.2105, "Chrome": 2.4385, "Cold Topaz": 2.0205, "Doggfather": 3.1834999999999996, "AI Dogg": 3.1075, "Onyx Black": 3.0633333333333335, "Black": 10.03, "just": 1.5555}, "Swag Bag": {"Bulk Order": 2.4, "Gin & Jewels": 2.6, "Happy Herbs": 3.1, "P.I.M.P.": 2.1, "Boiling Hot": 2.5, "Dogg’s Loot": 2.1, "Golden Nugs": 2.34, "Take It Easy": 2.7, "Missionary": 8.95, "Leopard": 2.2, "Darkness": 2.34, "Snoop Life": 3.1, "Cashback": 3.1, "April 20th": 3.1, "Onyx Black": 3.45, "Black": 7.5, "just": 1.7}, "Snoop Cigar": {"Onyx Black": 8.42, "Black": 19.169999999999998, "just": 4.199}, "Lol Pop": {"Crystal Comet": 1.5225, "Andromeda": 1.9575, "Heart Pop": 1.595, "Glowstick": 1.9575, "Shock Wave": 1.5225, "Blood Sucker": 1.885, "Hollywood": 1.5225, "Einstein": 1.6674999999999998, "Sweetheart": 1.74, "Rosebud": 1.74, "Hexed Helix": 1.8125, "Fire Vortex": 1.595, "Milky Way": 1.5225, "Blood Ember": 1.595, "Celestia": 2.2475, "Jinxed": 1.595, "Jolly Roger": 1.6965, "Plastic Ice": 1.5225, "Pumpkin": 1.74, "Pink Foil": 1.5225, "Angelina": 2.2475, "Cobweb": 1.595, "Satellite": 1.8125, "Doodle Art": 1.6674999999999998, "Mortal Sin": 2.9, "Dark Portal": 1.595, "Dark Sky": 1.595, "Love Bubbles": 1.6674999999999998, "Gold Star": 1.5225, "Onyx Black": 1.975, "Black": 5.159999999999999, "just": 1.2325}, "B-Day Candle": {"Happy Meows": 2.2475, "On Fire": 2.2475, "Pixel Wish": 2.2475, "Payday": 2.2475, "Kaboom!": 1.9575, "Purr Magic": 2.2475, "Final Boss": 2.2475, "Onyx Black": 1.8250000000000002, "Black": 5.125, "just": 1.2325}, "Desk Calendar": {"Balloon Face": 1.7874999999999999, "Hodler": 5.005, "Burning Time": 2.2165, "Sunday": 1.9305, "Tic Tac Toe": 1.9305, "Adult Tasks": 25.71, "Peach Week": 2.2165, "Fawkes Night": 4.004, "Deadline": 2.2165, "Checklist": 2.2165, "Heartbreak": 1.573, "Durov Day": 6.965, "Telegram": 2.2165, "Fund Manager": 2.2165, "Independence": 2.2165, "Pepe Plans": 14.715, "Investor": 9.465, "Onyx Black": 1.855, "Black": 5.215, "just": 1.2155}, "Lunar Snake": {"Hellspawn": 2.0655, "Timelock": 2.3715, "Synthwave": 4.284, "Dragon Ball": 5.355, "Hot Cherry": 2.0655, "Python Dev": 2.3715, "Soul Eater": 2.0655, "Psychedelic": 2.3715, "Onyx Black": 2.46, "Black": 5.73, "just": 1.3005}, "Xmas Stocking": {"Onyx Black": 2.19, "Black": 5.78, "just": 1.3005}, "Snake Box": {"Onyx Black": 2.21, "Black": 5.469999999999999, "just": 1.4024999999999999}, "Pet Snake": {"Onyx Black": 2.49, "Black": 6.140000000000001, "just": 1.513}, "Candy Cane": {"Designer": 5.425, "Sticky Sweet": 2.0925000000000002, "Hex Pot": 3.1, "Grinch": 4.34, "Onyx Black": 2.275, "Black": 5.619999999999999, "just": 1.3175}, "Whip Cupcake": {"Toncoin": 2.573, "Sponge Duck": 2.573, "Resistance": 5.81, "Bitcoin": 10.33, "Deep State": 2.241, "Onyx Black": 2.205, "Black": 5.53, "just": 1.4109999999999998}, "Big Year": {"Creator": 2.9139999999999997, "Big Brother": 2.9139999999999997, "Telegram": 6.58, "Pokeball": 2.538, "Gold Mine": 6.58, "YouTubes": 2.9139999999999997, "Bitcoin": 5.263999999999999, "The Hobbit": 3.76, "Pavel Durov": 12.415, "Balloons": 2.068, "Game Boy": 2.068, "Cheshire Cat": 2.9139999999999997, "Qing Dynasty": 2.9139999999999997, "First Website": 2.1995999999999998, "The Nether": 2.538, "Onyx Black": 3.94, "Black": 9.940000000000001, "just": 1.5979999999999999}, "Homemade Cake": {"Onyx Black": 2.295, "Black": 5.66, "just": 1.6064999999999998}, "Cookie Heart": {"Onyx Black": 2.55, "Black": 6.555, "just": 1.615}, "Jester Hat": {"Onyx Black": 2.495, "Black": 6.3950000000000005, "just": 1.5215}, "Holiday Drink": {"Onyx Black": 2.69, "Black": 6.065, "just": 1.5979999999999999}, "Ginger Cookie": {"Onyx Black": 3.635, "Black": 7.225, "just": 1.6744999999999999}, "Hypno Lollipop": {"Onyx Black": 3.415, "Black": 7.49, "just": 1.683}, "Winter Wreath": {"Moon Cat": 85.99499999999999, "Onyx Black": 2.99, "Black": 6.495, "just": 1.6915}, "Party Sparkler": {"Onyx Black": 3.4749999999999996, "Black": 7.420000000000001, "just": 1.6575}, "Jingle Bells": {"Onyx Black": 3.085, "Black": 6.95, "just": 1.8444999999999998}, "Tama Gadget": {"Onyx Black": 3.46, "Black": 6.780000000000001, "just": 1.785}, "Jack-in-the-Box": {"Onyx Black": 3.135, "Black": 6.984999999999999, "just": 1.9295}, "Star Notepad": {"Onyx Black": 3.675, "Black": 9.7, "just": 2.04}, "Easter Egg": {"Onyx Black": 3.8449999999999998, "Black": 10.925, "just": 2.499}, "Santa Hat": {"Onyx Black": 3.696, "Black": 9.2, "just": 2.295}, "Hex Pot": {"Onyx Black": 3.9399999999999995, "Black": 9.835, "just": 2.363}, "Restless Jar": {"Onyx Black": 3.57, "Black": 9.21, "just": 2.2015}, "Lush Bouquet": {"Onyx Black": 5.25, "Black": 8.8, "just": 2.72}, "Spiced Wine": {"Onyx Black": 3.2960000000000003, "Black": 7.1, "just": 2.125}, "Snow Globe": {"Onyx Black": 4.635, "Black": 10.375, "just": 2.5075000000000003}, "Joyful Bundle": {"Onyx Black": 4.9399999999999995, "Black": 8.940000000000001, "just": 2.448}, "Light Sword": {"Onyx Black": 4.456, "Black": 10.655999999999999, "just": 2.635}, "Witch Hat": {"Onyx Black": 4.545, "Black": 12.045, "just": 2.6264999999999996}, "Bow Tie": {"Onyx Black": 6.144, "Black": 11.943999999999999, "just": 2.754}, "Eternal Candle": {"Onyx Black": 5.354, "Black": 10.95, "just": 3.0515}, "Jelly Bunny": {"Onyx Black": 5.04, "Black": 10.18, "just": 2.8729999999999998}, "Bunny Muffin": {"Onyx Black": 5.3, "Black": 11.5, "just": 2.975}, "Spy Agaric": {"Onyx Black": 6.058, "Black": 10.458, "just": 2.9155}, "Evil Eye": {"Onyx Black": 7.002, "Black": 13.402, "just": 3.1195}, "Snow Mittens": {"Onyx Black": 6.3759999999999994, "Black": 8.372, "just": 3.366}, "Berry Box": {"Onyx Black": 5.224, "Black": 10.696, "just": 3.264}, "Valentine Box": {"Onyx Black": 7.18, "Black": 13.82, "just": 3.995}, "Sakura Flower": {"Onyx Black": 7.0920000000000005, "Black": 16.296, "just": 4.386}, "Hanging Star": {"Onyx Black": 7.644, "Black": 15.244, "just": 4.8790000000000004}, "Sleigh Bell": {"Onyx Black": 11.693999999999999, "Black": 20.494, "just": 6.3665}, "Love Candle": {"Onyx Black": 10.22, "Black": 15.5, "just": 7.225}, "Skull Flower": {"Onyx Black": 11.501999999999999, "Black": 18.461999999999996, "just": 6.9445}, "Crystal Ball": {"Onyx Black": 12.45, "Black": 27.886000000000003, "just": 6.9275}, "Trapped Heart": {"Onyx Black": 12.294, "Black": 20.354, "just": 7.3015}, "Top Hat": {"Onyx Black": 14.936, "Black": 27.580000000000002, "just": 7.055000000000001}, "Love Potion": {"Onyx Black": 12.495999999999999, "Black": 23.696, "just": 8.075}, "Flying Broom": {"Onyx Black": 12.314, "Black": 17.294, "just": 8.0665}, "Cupid Charm": {"Onyx Black": 17.14, "Black": 32.94, "just": 10.115}, "Record Player": {"Onyx Black": 10.38, "Black": 20.619999999999997, "just": 6.545}, "Eternal Rose": {"Onyx Black": 18.394, "Black": 34.394, "just": 11.8915}, "Mad Pumpkin": {"Onyx Black": 24.614, "Black": 39.214, "just": 16.7365}, "Voodoo Doll": {"Onyx Black": 24.18, "Black": 46.2, "just": 14.45}, "Diamond Ring": {"Onyx Black": 21.274, "Black": 43.634, "just": 14.2715}, "Toy Bear": {"Onyx Black": 30.576, "Black": 49.152, "just": 21.845}, "Vintage Cigar": {"Onyx Black": 34.748, "Black": 61.144, "just": 20.892999999999997}, "Neko Helmet": {"Onyx Black": 36.4, "Black": 62.4, "just": 22.099999999999998}, "Low Rider": {"Onyx Black": 32.480000000000004, "Black": 80.476, "just": 21.08}, "Signet Ring": {"Onyx Black": 37.480000000000004, "Black": 72.676, "just": 23.63}, "Electric Skull": {"Onyx Black": 44.796, "Black": 75.2, "just": 27.2}, "Kissed Frog": {"Onyx Black": 45.234, "Black": 79.834, "just": 28.3815}, "Swiss Watch": {"Onyx Black": 43.056, "Black": 72.256, "just": 30.395999999999997}, "Sharp Tongue": {"Onyx Black": 55.2, "Black": 140.0, "just": 34.0}, "Genie Lamp": {"Onyx Black": 67.88, "Black": 185.88, "just": 42.33}, "Scared Cat": {"Onyx Black": 73.94, "Black": 173.936, "just": 42.415}, "Westside Sign": {"Onyx Black": 63.8,