{"Snoop Dogg": {"Chrome": 2.396, "King Snoop": 4.7105, "AI Dogg": 3.2005, "Doggfather": 3.2955, "Doberman": 3.8275, "Emerald": 2.1490000000000005, "King Ruby": 2.1585, "Black Gold": 2.1205000000000003, "Black Diamond": 2.1870000000000003, "Goldizzle": 7.696500000000001, "Sapphire": 2.1490000000000005, "Cold Topaz": 2.1015, "Onyx Black": 3.3966666666666665, "Black": 10.413076923076922, "just": 1.5215}, "Swag Bag": {"Gin & Jewels": 2.4625, "Missionary": 6.895, "Cashback": 3.0535, "Take It Easy": 2.561, "Boiling Hot": 2.6595, "Leopard": 2.3049, "Happy Herbs": 3.0535, "Bulk Order": 2.4625, "P.I.M.P.": 2.0685000000000002, "Darkness": 2.2655, "Golden Nugs": 2.0685000000000002, "April 20th": 3.0535, "Snoop Life": 2.561, "Onyx Black": 3.085, "Black": 7.234999999999999, "just": 1.6744999999999999}, "Snoop Cigar": {"Onyx Black": 7.565, "Black": 19.365000000000002, "just": 4.1055}, "Lol Pop": {"Doodle Art": 1.6496999999999997, "Einstein": 1.4805, "Blood Ember": 1.551, "Milky Way": 1.551, "Pumpkin": 1.4805, "Satellite": 1.692, "Cobweb": 1.551, "Angelina": 2.1854999999999998, "Shock Wave": 1.6214999999999997, "Icicle": 1.4805, "Jinxed": 1.551, "Love Bubbles": 1.6214999999999997, "Heart Pop": 1.4805, "Celestia": 2.1854999999999998, "Sweetheart": 1.9035, "Watermelon": 1.4805, "Hexed Helix": 1.6214999999999997, "Glowstick": 1.9035, "Jolly Roger": 1.551, "Magic Wand": 1.4805, "Mortal Sin": 3.9479999999999995, "Blood Sucker": 1.9035, "Sick Leave": 1.4805, "Fire Vortex": 1.4805, "Andromeda": 1.9035, "Plastic Ice": 1.4805, "Cookie Dip": 1.551, "Dark Portal": 1.692, "Sailor Moon": 1.551, "Dark Sky": 1.7625, "Rosebud": 1.6496999999999997, "Onyx Black": 1.755, "Black": 5.255, "just": 1.1985}, "B-Day Candle": {"Purr Magic": 2.0925000000000002, "Final Boss": 2.0925000000000002, "Kaboom!": 1.8225000000000002, "On Fire": 2.0925000000000002, "Pixel Wish": 2.0925000000000002, "Happy Meows": 2.0925000000000002, "Payday": 2.0925000000000002, "Onyx Black": 1.72, "Black": 5.325000000000001, "just": 1.1475}, "Desk Calendar": {"Fawkes Night": 2.8, "Adult Tasks": 24.15, "Fund Manager": 2.17, "Peach Week": 2.17, "Durov Day": 2.8, "Investor": 4.8999999999999995, "Sunday": 1.89, "Deadline": 2.17, "Tic Tac Toe": 2.17, "Checklist": 1.89, "Heartbreak": 1.47, "Hodler": 4.8999999999999995, "Telegram": 2.17, "Independence": 2.8, "Balloon Face": 2.17, "Pepe Plans": 10.535000000000002, "Burning Time": 1.89, "Onyx Black": 1.7, "Black": 5.594999999999999, "just": 1.19}, "Lunar Snake": {"Soul Eater": 2.2785, "Hellspawn": 2.2785, "Dragon Ball": 5.145, "Synthwave": 5.145, "Timelock": 1.9845000000000002, "Psychedelic": 1.8375, "Hot Cherry": 1.9845000000000002, "Python Dev": 2.2785, "Onyx Black": 2.035, "Black": 5.97, "just": 1.2495}, "Xmas Stocking": {"Onyx Black": 2.6849999999999996, "Black": 5.685, "just": 1.2495}, "Snake Box": {"Onyx Black": 1.9649999999999999, "Black": 5.715, "just": 1.2155}, "Pet Snake": {"Onyx Black": 2.4, "Black": 5.859999999999999, "just": 1.462}, "Candy Cane": {"Sticky Sweet": 3.04, "Grinch": 3.04, "Hex Pot": 3.04, "Designer": 8.46, "Onyx Black": 2.3600000000000003, "Black": 5.93, "just": 1.292}, "Whip Cupcake": {"Resistance": 5.25, "Deep State": 2.325, "Toncoin": 2.325, "Bitcoin": 9.225, "Sponge Duck": 3.0, "Onyx Black": 2.225, "Black": 5.685, "just": 1.275}, "Big Year": {"Pavel Durov": 5.88, "Bitcoin": 5.88, "The Hobbit": 3.2550000000000003, "Telegram": 4.2, "Qing Dynasty": 3.2550000000000003, "Creator": 2.8350000000000004, "Gold Mine": 7.3500000000000005, "YouTubes": 4.2, "Game Boy": 2.205, "Big Brother": 2.8350000000000004, "Cheshire Cat": 2.415, "Pokeball": 2.7300000000000004, "The Nether": 2.7300000000000004, "First Website": 2.3100000000000005, "Onyx Black": 3.67, "Black": 10.325, "just": 1.785}, "Homemade Cake": {"Onyx Black": 2.41, "Black": 5.415, "just": 1.5555}, "Cookie Heart": {"Onyx Black": 2.56, "Black": 6.66, "just": 1.632}, "Jester Hat": {"Onyx Black": 2.505, "Black": 6.46, "just": 1.4875}, "Holiday Drink": {"Onyx Black": 2.4699999999999998, "Black": 5.965, "just": 1.649}, "Ginger Cookie": {"Onyx Black": 3.82, "Black": 6.545, "just": 1.7764999999999997}, "Hypno Lollipop": {"Onyx Black": 2.775, "Black": 6.4799999999999995, "just": 1.7424999999999997}, "Winter Wreath": {"Moon Cat": 105.49000000000001, "Onyx Black": 2.965, "Black": 8.485, "just": 1.683}, "Party Sparkler": {"Onyx Black": 3.46, "Black": 6.965, "just": 1.6404999999999998}, "Jingle Bells": {"Onyx Black": 2.83, "Black": 6.734999999999999, "just": 1.7594999999999998}, "Tama Gadget": {"Onyx Black": 3.46, "Black": 6.800000000000001, "just": 1.785}, "Jack-in-the-Box": {"Onyx Black": 3.15, "Black": 7.64, "just": 1.9465}, "Star Notepad": {"Onyx Black": 3.975, "Black": 11.05, "just": 1.87}, "Easter Egg": {"Onyx Black": 3.8, "Black": 11.075, "just": 2.3375}, "Santa Hat": {"Onyx Black": 3.4379999999999997, "Black": 8.378, "just": 2.3205}, "Hex Pot": {"Onyx Black": 3.895, "Black": 10.099999999999998, "just": 2.38}, "Restless Jar": {"Onyx Black": 3.74, "Black": 10.215, "just": 2.1504999999999996}, "Lush Bouquet": {"Onyx Black": 4.3, "Black": 8.0, "just": 2.55}, "Spiced Wine": {"Onyx Black": 3.0, "Black": 6.8919999999999995, "just": 2.04}, "Snow Globe": {"Onyx Black": 4.495, "Black": 11.370000000000001, "just": 2.3715}, "Joyful Bundle": {"Onyx Black": 3.625, "Black": 7.8950000000000005, "just": 2.38}, "Light Sword": {"Onyx Black": 4.882, "Black": 10.59, "just": 2.6774999999999998}, "Witch Hat": {"Onyx Black": 4.445, "Black": 11.719999999999999, "just": 2.924}, "Bow Tie": {"Onyx Black": 4.91, "Black": 12.605999999999998, "just": 2.7285}, "Eternal Candle": {"Onyx Black": 5.084, "Black": 11.116, "just": 3.009}, "Jelly Bunny": {"Onyx Black": 5.125, "Black": 10.725000000000001, "just": 2.9325}, "Bunny Muffin": {"Onyx Black": 4.938, "Black": 13.342, "just": 3.0345}, "Spy Agaric": {"Onyx Black": 5.246, "Black": 10.438, "just": 2.8985}, "Evil Eye": {"Onyx Black": 6.359999999999999, "Black": 13.219999999999999, "just": 3.145}, "Snow Mittens": {"Onyx Black": 5.084, "Black": 8.18, "just": 3.094}, "Berry Box": {"Onyx Black": 5.922000000000001, "Black": 11.642, "just": 3.2895}, "Valentine Box": {"Onyx Black": 7.220000000000001, "Black": 12.66, "just": 3.995}, "Sakura Flower": {"Onyx Black": 6.734, "Black": 15.334, "just": 4.156499999999999}, "Hanging Star": {"Onyx Black": 8.510000000000002, "Black": 15.382, "just": 4.8025}, "Sleigh Bell": {"Onyx Black": 10.344000000000001, "Black": 18.34, "just": 6.154}, "Love Candle": {"Onyx Black": 11.038, "Black": 20.834000000000003, "just": 7.4205000000000005}, "Skull Flower": {"Onyx Black": 11.258, "Black": 18.862000000000002, "just": 7.4544999999999995}, "Crystal Ball": {"Onyx Black": 10.728, "Black": 27.927999999999997, "just": 6.6979999999999995}, "Trapped Heart": {"Onyx Black": 13.336, "Black": 18.695999999999998, "just": 7.6160000000000005}, "Top Hat": {"Onyx Black": 12.394, "Black": 22.594, "just": 6.7915}, "Love Potion": {"Onyx Black": 10.88, "Black": 22.080000000000002, "just": 7.48}, "Flying Broom": {"Onyx Black": 13.494, "Black": 20.054, "just": 8.0665}, "Cupid Charm": {"Onyx Black": 16.68, "Black": 32.68000000000001, "just": 10.030000000000001}, "Record Player": {"Onyx Black": 10.71, "Black": 20.71, "just": 6.672499999999999}, "Eternal Rose": {"Onyx Black": 20.034, "Black": 36.834, "just": 11.3815}, "Mad Pumpkin": {"Onyx Black": 22.16, "Black": 41.156, "just": 14.110000000000001}, "Voodoo Doll": {"Onyx Black": 21.9, "Black": 48.7, "just": 14.025}, "Diamond Ring": {"Onyx Black": 22.634, "Black": 45.814, "just": 13.9315}, "Toy Bear": {"Onyx Black": 26.104, "Black": 48.388, "just": 17.833}, "Vintage Cigar": {"Onyx Black": 38.802, "Black": 56.002, "just": 20.9695}, "Neko Helmet": {"Onyx Black": 37.72, "Black": 75.72, "just": 22.27}, "Low Rider": {"Onyx Black": 34.141999999999996, "Black": 89.34200000000001, "just": 21.7345}, "Signet Ring": {"Onyx Black": 37.0, "Black": 79.8, "just": 22.95}, "Electric Skull": {"Onyx Black": 45.1, "Black": 68.696, "just": 27.625},