{"Snoop Dogg": {"Black Diamond": 2.1060000000000003, "Sapphire": 2.1060000000000003, "King Snoop": 4.8455, "Chrome": 2.3055000000000003, "Doberman": 3.231, "AI Dogg": 2.8655, "Goldizzle": 7.3505, "Doggfather": 2.8274999999999997, "Onyx Black": 3.2733333333333334, "Black": 10.266153846153847, "just": 1.547}, "Swag Bag": {"Happy Herbs": 3.069, "Cashback": 3.069, "Gin & Jewels": 2.574, "Aviators": 2.079, "Darkness": 2.079, "Take It Easy": 3.069, "April 20th": 3.069, "Snoop Life": 3.069, "Boiling Hot": 2.475, "P.I.M.P.": 2.079, "Missionary": 6.93, "Leopard": 2.376, "Bulk Order": 2.3165999999999998, "Dogg’s Loot": 2.079, "Onyx Black": 3.09, "Black": 7.49, "just": 1.683}, "Snoop Cigar": {"Onyx Black": 7.950000000000001, "Black": 19.294999999999998, "just": 4.199}, "Lol Pop": {"Hexed Helix": 1.8625, "Sweetheart": 1.8625, "Sick Leave": 1.5645, "Pumpkin": 1.639, "Andromeda": 2.0115000000000003, "Celestia": 2.3095, "Jolly Roger": 1.788, "Hollywood": 1.5645, "Nostalgia": 1.5645, "Doodle Art": 1.639, "Mortal Sin": 2.98, "Angelina": 2.3095, "Jinxed": 1.639, "Satellite": 1.8625, "Heart Pop": 1.639, "Einstein": 1.7432999999999998, "Blood Ember": 1.5645, "Love Bubbles": 1.8625, "Cobweb": 1.5645, "Shock Wave": 1.5645, "Blood Sucker": 2.0115000000000003, "Comic Crunch": 1.5645, "Glowstick": 2.0115000000000003, "Milky Way": 1.639, "Dark Sky": 1.639, "Dark Portal": 1.937, "Rosebud": 1.7432999999999998, "Onyx Black": 2.045, "Black": 5.2250000000000005, "just": 1.2665}, "B-Day Candle": {"Purr Magic": 2.2475, "Pixel Wish": 2.2475, "Final Boss": 2.2475, "Payday": 2.2475, "On Fire": 2.2475, "Kaboom!": 1.9575, "Happy Meows": 2.2475, "Onyx Black": 1.9449999999999998, "Black": 5.1899999999999995, "just": 1.2325}, "Desk Calendar": {"Checklist": 2.2165, "Fund Manager": 2.2165, "Heartbreak": 1.573, "Tic Tac Toe": 2.2165, "Durov Day": 5.005, "Investor": 8.715, "Peach Week": 2.2165, "Pepe Plans": 14.709999999999999, "Independence": 2.2165, "Telegram": 2.2165, "Burning Time": 2.2165, "Hodler": 5.005, "Sunday": 1.9305, "Fawkes Night": 2.86, "Deadline": 2.2165, "Adult Tasks": 27.635, "Balloon Face": 1.859, "Onyx Black": 1.8900000000000001, "Black": 5.365, "just": 1.2155}, "Lunar Snake": {"Hot Cherry": 2.294, "Soul Eater": 2.294, "Synthwave": 5.18, "Hellspawn": 1.998, "Timelock": 2.294, "Psychedelic": 2.294, "Dragon Ball": 5.18, "Python Dev": 1.998, "Onyx Black": 2.335, "Black": 5.475, "just": 1.258}, "Xmas Stocking": {"Onyx Black": 2.315, "Black": 5.4399999999999995, "just": 1.258}, "Snake Box": {"Onyx Black": 2.2, "Black": 5.404999999999999, "just": 1.292}, "Pet Snake": {"Onyx Black": 2.4, "Black": 6.154999999999999, "just": 1.53}, "Candy Cane": {"Hex Pot": 4.4239999999999995, "Designer": 5.53, "Grinch": 3.16, "Sticky Sweet": 2.4490000000000003, "Onyx Black": 2.415, "Black": 5.79, "just": 1.343}, "Whip Cupcake": {"Sponge Duck": 2.5575, "Resistance": 5.7749999999999995, "Deep State": 2.2275, "Toncoin": 2.5575, "Bitcoin": 13.825000000000001, "Onyx Black": 2.29, "Black": 5.324999999999999, "just": 1.4024999999999999}, "Big Year": {"Bitcoin": 5.292, "The Hobbit": 3.78, "Gold Mine": 6.614999999999999, "First Website": 1.9845, "Pokeball": 2.5515, "Game Boy": 2.079, "Creator": 2.9295, "Cheshire Cat": 2.9295, "Big Brother": 2.9295, "Pavel Durov": 8.445, "YouTubes": 2.9295, "Qing Dynasty": 2.9295, "Balloons": 2.1734999999999998, "The Nether": 2.9295, "Telegram": 5.292, "Onyx Black": 4.3950000000000005, "Black": 9.145, "just": 1.6064999999999998}, "Homemade Cake": {"Onyx Black": 2.365, "Black": 5.640000000000001, "just": 1.5979999999999999}, "Cookie Heart": {"Onyx Black": 2.435, "Black": 6.695, "just": 1.615}, "Jester Hat": {"Onyx Black": 2.62, "Black": 6.49, "just": 1.4789999999999999}, "Holiday Drink": {"Onyx Black": 2.675, "Black": 6.215, "just": 1.615}, "Ginger Cookie": {"Onyx Black": 3.46, "Black": 6.859999999999999, "just": 1.6404999999999998}, "Hypno Lollipop": {"Onyx Black": 3.46, "Black": 6.925000000000001, "just": 1.6575}, "Winter Wreath": {"Moon Cat": 100.485, "Onyx Black": 2.88, "Black": 6.984999999999999, "just": 1.6744999999999999}, "Party Sparkler": {"Onyx Black": 2.9699999999999998, "Black": 7.245, "just": 1.6575}, "Jingle Bells": {"Onyx Black": 2.8049999999999997, "Black": 6.165000000000001, "just": 1.7934999999999999}, "Tama Gadget": {"Onyx Black": 3.46, "Black": 6.780000000000001, "just": 1.785}, "Jack-in-the-Box": {"Onyx Black": 3.2, "Black": 6.95, "just": 1.87}, "Star Notepad": {"Onyx Black": 3.7600000000000002, "Black": 9.184999999999999, "just": 2.0145}, "Easter Egg": {"Onyx Black": 3.8200000000000003, "Black": 10.9, "just": 2.4565}, "Santa Hat": {"Onyx Black": 3.9, "Black": 8.276, "just": 2.38}, "Hex Pot": {"Onyx Black": 3.99, "Black": 9.88, "just": 2.363}, "Restless Jar": {"Onyx Black": 3.81, "Black": 9.280000000000001, "just": 2.227}, "Lush Bouquet": {"Onyx Black": 4.59, "Black": 8.850000000000001, "just": 2.72}, "Spiced Wine": {"Onyx Black": 3.364, "Black": 6.596, "just": 2.074}, "Snow Globe": {"Onyx Black": 4.9, "Black": 11.405000000000001, "just": 2.3885}, "Joyful Bundle": {"Onyx Black": 3.96, "Black": 9.61, "just": 2.3545}, "Light Sword": {"Onyx Black": 4.5360000000000005, "Black": 9.86, "just": 2.635}, "Witch Hat": {"Onyx Black": 4.085, "Black": 12.084999999999999, "just": 2.6944999999999997}, "Bow Tie": {"Onyx Black": 4.574, "Black": 11.658000000000001, "just": 2.7965}, "Eternal Candle": {"Onyx Black": 5.418, "Black": 11.258000000000001, "just": 2.9155}, "Jelly Bunny": {"Onyx Black": 5.1450000000000005, "Black": 10.59, "just": 2.8815}, "Bunny Muffin": {"Onyx Black": 4.584, "Black": 11.559999999999999, "just": 3.06}, "Spy Agaric": {"Onyx Black": 5.494, "Black": 10.486, "just": 2.9665}, "Evil Eye": {"Onyx Black": 6.002, "Black": 13.402, "just": 3.1195}, "Snow Mittens": {"Onyx Black": 5.8, "Black": 8.0, "just": 3.4}, "Berry Box": {"Onyx Black": 5.236, "Black": 10.596, "just": 3.111}, "Valentine Box": {"Onyx Black": 7.18, "Black": 12.82, "just": 3.995}, "Sakura Flower": {"Onyx Black": 6.54, "Black": 16.14, "just": 4.165}, "Hanging Star": {"Onyx Black": 8.504, "Black": 15.304, "just": 4.9639999999999995}, "Sleigh Bell": {"Onyx Black": 12.559999999999999, "Black": 20.56, "just": 6.46}, "Love Candle": {"Onyx Black": 10.328000000000001, "Black": 17.188, "just": 7.123}, "Skull Flower": {"Onyx Black": 11.54, "Black": 18.46, "just": 6.715}, "Crystal Ball": {"Onyx Black": 12.239999999999998, "Black": 27.460000000000004, "just": 6.63}, "Trapped Heart": {"Onyx Black": 12.754, "Black": 17.554000000000002, "just": 7.3015}, "Top Hat": {"Onyx Black": 14.86, "Black": 26.46, "just": 6.885}, "Love Potion": {"Onyx Black": 13.522, "Black": 23.93, "just": 8.4065}, "Flying Broom": {"Onyx Black": 12.07, "Black": 17.67, "just": 8.032499999999999}, "Cupid Charm": {"Onyx Black": 18.094, "Black": 32.694, "just": 9.7665}, "Record Player": {"Onyx Black": 10.56, "Black": 20.8, "just": 6.8}, "Eternal Rose": {"Onyx Black": 21.374, "Black": 33.774, "just": 12.1465}, "Mad Pumpkin": {"Onyx Black": 24.128, "Black": 40.104, "just": 16.048}, "Voodoo Doll": {"Onyx Black": 23.996000000000002, "Black": 44.6, "just": 14.45}, "Diamond Ring": {"Onyx Black": 21.369999999999997, "Black": 42.17, "just": 14.407499999999999}, "Toy Bear": {"Onyx Black": 33.374, "Black": 51.134, "just": 22.0065}, "Vintage Cigar": {"Onyx Black": 37.014, "Black": 62.81400000000001, "just": 20.9865}, "Neko Helmet": {"Onyx Black": 38.764, "Black": 67.484, "just": 23.749}, "Low Rider": {"Onyx Black": 32.6, "Black": 83.888, "just": 21.25}, "Signet Ring": {"Onyx Black": 37.269999999999996, "Black": 76.43, "just": 23.3325}, "Electric Skull": {"Onyx Black": 43.976, "Black": 75.97999999999999, "just": 28.304999999999996}, "Kissed Frog": {"Onyx Black": 46.002, "Black": 80.80199999999999, "just": 29.4695}, "Swiss Watch": {"Onyx Black": 42.75, "Black": 72.75, "just": 29.9625}, "Sharp Tongue": {"Onyx Black": 56.334, "Black": 141.13400000000001, "just": 35.6065}, "Genie Lamp": {"Onyx Black": 68.594, "Black": 186.594, "just": 43.3415},