{"Snoop Dogg": {"King Snoop": 4.7865, "Chrome": 2.4055000000000004, "King Ruby": 2.1585, "Sapphire": 2.1490000000000005, "Cold Topaz": 2.1015, "AI Dogg": 3.2005, "Doberman": 3.8275, "Black Diamond": 2.2060000000000004, "Doggfather": 3.3335, "Emerald": 2.1490000000000005, "Black Gold": 2.1205000000000003, "Goldizzle": 7.696500000000001, "Onyx Black": 3.4000000000000004, "Black": 10.638461538461538, "just": 1.53}, "Swag Bag": {"Bulk Order": 2.4875, "Happy Herbs": 3.0845000000000002, "Darkness": 2.2885, "Snoop Life": 2.587, "Missionary": 6.965, "Boiling Hot": 2.6865, "Take It Easy": 2.587, "P.I.M.P.": 2.0895, "Gin & Jewels": 2.4875, "April 20th": 3.0845000000000002, "Cashback": 3.0845000000000002, "Leopard": 2.2885, "Golden Nugs": 2.0895, "Onyx Black": 3.0949999999999998, "Black": 7.245, "just": 1.6915}, "Snoop Cigar": {"Onyx Black": 7.575, "Black": 19.375, "just": 4.1225}, "Lol Pop": {"Sweetheart": 1.898, "Angelina": 2.263, "Heart Pop": 1.6789999999999998, "Hexed Helix": 1.606, "Blood Ember": 1.606, "Plastic Ice": 1.606, "Jolly Roger": 1.606, "Milky Way": 1.533, "Rosebud": 1.6789999999999998, "Love Bubbles": 1.606, "Dark Portal": 1.7082, "Mortal Sin": 4.088, "Sailor Moon": 1.606, "Einstein": 1.533, "Andromeda": 1.971, "Dark Sky": 1.825, "Cobweb": 1.606, "Satellite": 1.7082, "Crystalline": 1.533, "Blood Sucker": 1.971, "Doodle Art": 1.6789999999999998, "Celestia": 2.263, "Cookie Dip": 1.533, "Shock Wave": 1.606, "Watermelon": 1.533, "Jinxed": 1.533, "Glowstick": 1.971, "Pumpkin": 1.533, "Onyx Black": 1.78, "Black": 5.279999999999999, "just": 1.2409999999999999}, "B-Day Candle": {"Pixel Wish": 2.1545, "Payday": 2.1545, "Final Boss": 2.1545, "Happy Meows": 2.1545, "On Fire": 2.1545, "Purr Magic": 2.1545, "Kaboom!": 1.8765, "Onyx Black": 1.7399999999999998, "Black": 5.095000000000001, "just": 1.1815}, "Desk Calendar": {"Independence": 2.2785, "Fawkes Night": 2.94, "Pepe Plans": 10.570000000000002, "Adult Tasks": 24.185, "Durov Day": 2.94, "Investor": 5.145, "Peach Week": 1.9845000000000002, "Sunday": 1.911, "Checklist": 1.9845000000000002, "Fund Manager": 2.2785, "Balloon Face": 2.2785, "Deadline": 2.2785, "Burning Time": 1.9845000000000002, "Tic Tac Toe": 2.2785, "Hodler": 5.145, "Telegram": 2.2785, "Onyx Black": 1.7349999999999999, "Black": 5.629999999999999, "just": 1.2495}, "Lunar Snake": {"Soul Eater": 2.3095, "Timelock": 1.937, "Dragon Ball": 5.215, "Python Dev": 2.3095, "Hot Cherry": 2.0115000000000003, "Psychedelic": 1.8625, "Synthwave": 5.215, "Hellspawn": 2.3095, "Onyx Black": 2.045, "Black": 5.98, "just": 1.2665}, "Xmas Stocking": {"Onyx Black": 2.69, "Black": 5.6899999999999995, "just": 1.258}, "Snake Box": {"Onyx Black": 1.97, "Black": 5.460000000000001, "just": 1.224}, "Pet Snake": {"Onyx Black": 2.4, "Black": 5.859999999999999, "just": 1.462}, "Candy Cane": {"Hex Pot": 3.14, "Designer": 8.485, "Sticky Sweet": 3.14, "Grinch": 3.14, "Onyx Black": 2.3850000000000002, "Black": 5.955, "just": 1.3345}, "Whip Cupcake": {"Bitcoin": 9.245000000000001, "Deep State": 2.387, "Sponge Duck": 2.387, "Toncoin": 2.387, "Resistance": 5.390000000000001, "Onyx Black": 2.245, "Black": 5.704999999999999, "just": 1.309}, "Big Year": {"Telegram": 4.24, "Big Brother": 2.8620000000000005, "Pavel Durov": 4.24, "Pokeball": 2.6500000000000004, "The Nether": 2.8620000000000005, "Game Boy": 2.2260000000000004, "YouTubes": 4.24, "Creator": 2.8620000000000005, "The Hobbit": 3.2860000000000005, "Bitcoin": 5.936, "Gold Mine": 7.42, "Qing Dynasty": 3.2860000000000005, "Cheshire Cat": 2.4379999999999997, "First Website": 2.3320000000000003, "Onyx Black": 3.68, "Black": 10.335, "just": 1.802}, "Homemade Cake": {"Onyx Black": 2.42, "Black": 5.505000000000001, "just": 1.5725}, "Cookie Heart": {"Onyx Black": 2.565, "Black": 6.665, "just": 1.6404999999999998}, "Jester Hat": {"Onyx Black": 2.505, "Black": 6.46, "just": 1.4875}, "Holiday Drink": {"Onyx Black": 2.465, "Black": 5.965, "just": 1.6404999999999998}, "Ginger Cookie": {"Onyx Black": 3.815, "Black": 6.54, "just": 1.768}, "Hypno Lollipop": {"Onyx Black": 2.775, "Black": 6.4799999999999995, "just": 1.7424999999999997}, "Winter Wreath": {"Moon Cat": 105.99000000000001, "Onyx Black": 2.965, "Black": 8.485, "just": 1.683}, "Party Sparkler": {"Onyx Black": 3.4850000000000003, "Black": 7.49, "just": 1.683}, "Jingle Bells": {"Onyx Black": 2.83, "Black": 6.734999999999999, "just": 1.7594999999999998}, "Tama Gadget": {"Onyx Black": 3.475, "Black": 6.815, "just": 1.8104999999999998}, "Jack-in-the-Box": {"Onyx Black": 3.15, "Black": 7.64, "just": 1.9465}, "Star Notepad": {"Onyx Black": 4.01, "Black": 11.084999999999999, "just": 1.9295}, "Easter Egg": {"Onyx Black": 3.82, "Black": 11.094999999999999, "just": 2.3715}, "Santa Hat": {"Onyx Black": 3.4379999999999997, "Black": 8.378, "just": 2.3205}, "Hex Pot": {"Onyx Black": 3.89, "Black": 10.094999999999999, "just": 2.3715}, "Restless Jar": {"Onyx Black": 3.74, "Black": 10.265, "just": 2.1504999999999996}, "Lush Bouquet": {"Onyx Black": 4.3, "Black": 8.0, "just": 2.55}, "Spiced Wine": {"Onyx Black": 3.0, "Black": 6.8919999999999995, "just": 2.04}, "Snow Globe": {"Onyx Black": 4.545, "Black": 11.370000000000001, "just": 2.3715}, "Joyful Bundle": {"Onyx Black": 3.625, "Black": 7.8999999999999995, "just": 2.38}, "Light Sword": {"Onyx Black": 4.906000000000001, "Black": 10.61, "just": 2.7115}, "Witch Hat": {"Onyx Black": 4.445, "Black": 11.719999999999999, "just": 2.924}, "Bow Tie": {"Onyx Black": 4.91, "Black": 12.605999999999998, "just": 2.7285}, "Eternal Candle": {"Onyx Black": 5.054, "Black": 11.086000000000002, "just": 2.9665}, "Jelly Bunny": {"Onyx Black": 5.12, "Black": 10.72, "just": 2.924}, "Bunny Muffin": {"Onyx Black": 4.95, "Black": 13.354, "just": 3.0515}, "Spy Agaric": {"Onyx Black": 5.246, "Black": 9.646, "just": 2.8985}, "Evil Eye": {"Onyx Black": 6.342, "Black": 13.202, "just": 3.1195}, "Snow Mittens": {"Onyx Black": 5.09, "Black": 8.186, "just": 3.1025}, "Berry Box": {"Onyx Black": 5.922000000000001, "Black": 11.642, "just": 3.2895}, "Valentine Box": {"Onyx Black": 7.13, "Black": 12.57, "just": 3.8674999999999997}, "Sakura Flower": {"Onyx Black": 6.74, "Black": 15.340000000000002, "just": 4.165}, "Hanging Star": {"Onyx Black": 8.510000000000002, "Black": 15.382, "just": 4.8025}, "Sleigh Bell": {"Onyx Black": 10.416, "Black": 18.412000000000003, "just": 6.256}, "Love Candle": {"Onyx Black": 11.038, "Black": 20.834000000000003, "just": 7.4205000000000005}, "Skull Flower": {"Onyx Black": 11.258, "Black": 19.262, "just": 7.4544999999999995}, "Crystal Ball": {"Onyx Black": 10.724, "Black": 27.927999999999997, "just": 6.6979999999999995}, "Trapped Heart": {"Onyx Black": 13.336, "Black": 18.695999999999998, "just": 7.6160000000000005}, "Top Hat": {"Onyx Black": 12.394, "Black": 22.594, "just": 6.7915}, "Love Potion": {"Onyx Black": 10.88, "Black": 22.080000000000002, "just": 7.48}, "Flying Broom": {"Onyx Black": 13.530000000000001, "Black": 20.09, "just": 8.1175}, "Cupid Charm": {"Onyx Black": 16.68, "Black": 32.68000000000001, "just": 10.030000000000001}, "Record Player": {"Onyx Black": 10.71, "Black": 20.71, "just": 6.672499999999999}, "Eternal Rose": {"Onyx Black": 20.094, "Black": 36.894, "just": 11.4665}, "Mad Pumpkin": {"Onyx Black": 22.352, "Black": 41.348, "just": 14.382000000000001}, "Voodoo Doll": {"Onyx Black": 21.9, "Black": 48.7, "just": 14.025}, "Diamond Ring": {"Onyx Black": 22.634, "Black": 45.814, "just": 13.9315}, "Toy Bear": {"Onyx Black": 25.485999999999997, "Black": 47.769999999999996, "just": 16.9575}, "Vintage Cigar": {"Onyx Black": 38.256, "Black": 55.456, "just": 20.196}, "Neko Helmet": {"Onyx Black": 37.72, "Black": 75.72, "just": 22.27}, "Low Rider": {"Onyx Black": 34.141999999999996, "Black": 89.34200000000001, "just": 21.7345}, "Signet Ring": {"Onyx Black": 37.246, "Black": 80.046, "just": 23.2985}, "Electric Skull": {"Onyx Black": 44.428, "Black": 68.024, "just": 26.673}, "Kissed Frog": {"Onyx Black": 46.751999999999995, "Black": 80.0, "just": 28.9},