{"Snoop Dogg": {"AI Dogg": 3.2195, "King Snoop": 5.043, "Cold Topaz": 1.8355000000000004, "Doberman": 3.3430000000000004, "Doggfather": 3.0105000000000004, "Chrome": 2.2155, "Sapphire": 2.1205000000000003, "Goldizzle": 7.06, "Black Diamond": 2.168, "Green Light": 1.9305000000000003, "Onyx Black": 2.8833333333333333, "Black": 10.226923076923077, "just": 1.4024999999999999}, "Swag Bag": {"Missionary": 6.545, "Snoop Life": 2.0570000000000004, "Darkness": 1.9635000000000002, "Bulk Order": 2.0570000000000004, "Gin & Jewels": 2.431, "Happy Herbs": 2.8985000000000003, "Take It Easy": 2.1505, "Dogg’s Loot": 1.9635000000000002, "P.I.M.P.": 1.9635000000000002, "Cashback": 2.8985000000000003, "April 20th": 2.8985000000000003, "Boiling Hot": 2.1505, "Onyx Black": 2.91, "Black": 6.930000000000001, "just": 1.5895000000000001}, "Snoop Cigar": {"Onyx Black": 8.07, "Black": 19.195, "just": 3.7314999999999996}, "Lol Pop": {"Wonka Berry": 1.3545, "Icicle": 1.4190000000000003, "Watermelon": 1.4190000000000003, "Blood Sucker": 1.548, "Pumpkin": 1.4834999999999998, "Rosebud": 1.6125, "Mortal Sin": 3.6119999999999997, "Liquid Lime": 1.3545, "Love Bubbles": 1.6125, "Cookie Dip": 1.4190000000000003, "Heart Pop": 1.3545, "Dark Portal": 1.6125, "Romance": 1.3545, "Cobweb": 1.4190000000000003, "Comic Crunch": 1.3545, "Glowstick": 1.9995, "Sweetheart": 1.4190000000000003, "Einstein": 1.4190000000000003, "Milky Way": 1.4190000000000003, "Celestia": 1.9995, "Andromeda": 1.677, "Fire Vortex": 1.4190000000000003, "Satellite": 1.6125, "Angelina": 1.9995, "Hexed Helix": 1.4190000000000003, "Jinxed": 1.4834999999999998, "Doodle Art": 1.4834999999999998, "Nostalgia": 1.3545, "Jolly Roger": 1.6125, "Dark Sky": 1.4834999999999998, "Blood Ember": 1.7415000000000003, "Onyx Black": 1.725, "Black": 5.145, "just": 1.0965}, "B-Day Candle": {"Shocker": 1.922, "Purr Magic": 2.48, "Payday": 1.922, "On Fire": 1.922, "Final Boss": 1.922, "Pixel Wish": 1.922, "Kaboom!": 1.922, "Happy Meows": 2.48, "Onyx Black": 1.62, "Black": 4.115, "just": 1.054}, "Desk Calendar": {"Fawkes Night": 3.444, "Peach Week": 1.6605, "Sunday": 2.46, "Durov Day": 2.46, "Investor": 4.305, "Deadline": 2.46, "Pepe Plans": 4.305, "Burning Time": 1.9065, "Checklist": 1.9065, "Balloon Face": 1.599, "Heartbreak": 1.4144999999999999, "Independence": 3.444, "Fund Manager": 1.9065, "Hodler": 4.305, "Tic Tac Toe": 1.9065, "Telegram": 1.9065, "Adult Tasks": 4.305, "Onyx Black": 1.565, "Black": 4.654999999999999, "just": 1.0454999999999999}, "Lunar Snake": {"Timelock": 1.9035, "Soul Eater": 2.1854999999999998, "Synthwave": 3.9479999999999995, "Python Dev": 2.1854999999999998, "Psychedelic": 1.9035, "Dragon Ball": 4.935, "Hot Cherry": 2.1854999999999998, "Hellspawn": 1.9035, "Onyx Black": 2.035, "Black": 4.705, "just": 1.1985}, "Xmas Stocking": {"Onyx Black": 1.9700000000000002, "Black": 4.67, "just": 1.139}, "Snake Box": {"Onyx Black": 1.955, "Black": 4.805, "just": 1.1135}, "Pet Snake": {"Onyx Black": 2.265, "Black": 5.32, "just": 1.4789999999999999}, "Candy Cane": {"Hex Pot": 2.6195, "Designer": 5.915, "Grinch": 3.38, "Sticky Sweet": 2.197, "Onyx Black": 2.34, "Black": 6.845000000000001, "just": 1.4364999999999999}, "Whip Cupcake": {"Bitcoin": 4.935, "Resistance": 4.935, "Toncoin": 2.1854999999999998, "Deep State": 2.1854999999999998, "Sponge Duck": 2.82, "Onyx Black": 2.2, "Black": 5.005, "just": 1.1985}, "Big Year": {"First Website": 2.2880000000000003, "Gold Mine": 4.928, "YouTubes": 2.728, "Telegram": 4.928, "The Nether": 2.2880000000000003, "The Hobbit": 3.52, "Qing Dynasty": 2.728, "Bitcoin": 4.928, "Cheshire Cat": 2.2880000000000003, "Big Brother": 2.728, "Balloons": 1.9360000000000002, "Creator": 2.2880000000000003, "Game Boy": 2.2880000000000003, "Pavel Durov": 3.52, "Pokeball": 2.728, "Onyx Black": 2.8600000000000003, "Black": 7.83, "just": 1.496}, "Homemade Cake": {"Onyx Black": 1.9249999999999998, "Black": 4.925000000000001, "just": 1.3175}, "Cookie Heart": {"Onyx Black": 2.44, "Black": 5.87, "just": 1.4789999999999999}, "Jester Hat": {"Onyx Black": 2.7299999999999995, "Black": 6.08, "just": 1.4109999999999998}, "Holiday Drink": {"Onyx Black": 2.325, "Black": 5.275, "just": 1.4875}, "Ginger Cookie": {"Onyx Black": 2.835, "Black": 6.41, "just": 1.547}, "Hypno Lollipop": {"Onyx Black": 2.745, "Black": 5.944999999999999, "just": 1.6064999999999998}, "Winter Wreath": {"Onyx Black": 2.4, "Black": 8.8, "just": 1.53}, "Party Sparkler": {"Onyx Black": 3.135, "Black": 6.135, "just": 1.6744999999999999}, "Jingle Bells": {"Onyx Black": 2.7, "Black": 5.46, "just": 1.632}, "Tama Gadget": {"Onyx Black": 2.64, "Black": 6.1450000000000005, "just": 1.5215}, "Jack-in-the-Box": {"Onyx Black": 2.7649999999999997, "Black": 7.74, "just": 1.7254999999999998}, "Star Notepad": {"Onyx Black": 3.295, "Black": 9.370000000000001, "just": 1.819}, "Easter Egg": {"Onyx Black": 3.5749999999999997, "Black": 10.95, "just": 2.1675}, "Santa Hat": {"Onyx Black": 3.1799999999999997, "Black": 9.68, "just": 2.006}, "Hex Pot": {"Onyx Black": 3.455, "Black": 7.635, "just": 2.057}, "Restless Jar": {"Onyx Black": 3.4350000000000005, "Black": 7.965, "just": 2.0655}, "Lush Bouquet": {"Onyx Black": 3.38, "Black": 7.779999999999999, "just": 2.176}, "Spiced Wine": {"Onyx Black": 3.245, "Black": 7.5, "just": 1.7}, "Snow Globe": {"Onyx Black": 4.05, "Black": 9.1, "just": 2.04}, "Joyful Bundle": {"Onyx Black": 3.715, "Black": 8.540000000000001, "just": 2.278}, "Light Sword": {"Onyx Black": 4.125, "Black": 11.924999999999999, "just": 2.4225}, "Witch Hat": {"Onyx Black": 4.0, "Black": 9.399999999999999, "just": 2.38}, "Bow Tie": {"Onyx Black": 4.695, "Black": 14.695, "just": 2.584}, "Eternal Candle": {"Onyx Black": 4.945, "Black": 10.19, "just": 2.4565}, "Jelly Bunny": {"Onyx Black": 4.595, "Black": 10.09, "just": 2.7115}, "Bunny Muffin": {"Onyx Black": 4.529999999999999, "Black": 11.079999999999998, "just": 2.771}, "Spy Agaric": {"Onyx Black": 5.345000000000001, "Black": 9.944999999999999, "just": 2.465}, "Evil Eye": {"Onyx Black": 5.835000000000001, "Black": 14.29, "just": 3.128}, "Snow Mittens": {"Onyx Black": 4.515, "Black": 8.91, "just": 2.5755}, "Berry Box": {"Onyx Black": 4.755, "Black": 14.26, "just": 2.992}, "Valentine Box": {"Onyx Black": 5.99, "Black": 10.98, "just": 3.383}, "Sakura Flower": {"Onyx Black": 5.74, "Black": 18.095, "just": 3.5615}, "Hanging Star": {"Onyx Black": 7.945, "Black": 17.445, "just": 4.156499999999999}, "Sleigh Bell": {"Onyx Black": 9.82, "Black": 17.82, "just": 4.794}, "Love Candle": {"Onyx Black": 7.73, "Black": 14.530000000000001, "just": 5.151}, "Skull Flower": {"Onyx Black": 8.575, "Black": 16.43, "just": 4.981}, "Crystal Ball": {"Onyx Black": 10.25, "Black": 36.365, "just": 5.5505}, "Trapped Heart": {"Onyx Black": 10.22, "Black": 22.72, "just": 6.324}, "Top Hat": {"Onyx Black": 13.5, "Black": 26.1, "just": 6.375}, "Love Potion": {"Onyx Black": 10.184999999999999, "Black": 29.185000000000002, "just": 7.114499999999999}, "Flying Broom": {"Onyx Black": 10.684999999999999, "Black": 20.085, "just": 7.114499999999999}, "Cupid Charm": {"Onyx Black": 15.459999999999999, "Black": 33.93, "just": 8.380999999999998}, "Record Player": {"Onyx Black": 10.629999999999999, "Black": 24.380000000000003, "just": 7.446}, "Eternal Rose": {"Onyx Black": 19.115000000000002, "Black": 34.114999999999995, "just": 11.2455}, "Mad Pumpkin": {"Onyx Black": 18.495, "Black": 40.995, "just": 11.8915}, "Voodoo Doll": {"Onyx Black": 20.44, "Black": 40.44, "just": 12.648}, "Diamond Ring": {"Onyx Black": 21.060000000000002, "Black": 47.239999999999995, "just": 13.158}, "Toy Bear": {"Onyx Black": 21.990000000000002, "Black": 50.985, "just": 14.433}, "Vintage Cigar": {"Onyx Black": 43.34, "Black": 62.339999999999996, "just": 18.428}, "Neko Helmet": {"Onyx Black": 41.5, "Black": 71.5, "just": 19.55}, "Low Rider": {"Onyx Black": 37.7, "Black": 111.69999999999999, "just": 19.889999999999997}, "Signet Ring": {"Onyx Black": 33.55, "Black": 84.80000000000001, "just": 19.21},