{"Snoop Dogg": {"Black Diamond": 2.2725000000000004, "King Ruby": 1.9305000000000003, "Goldizzle": 6.5905, "AI Dogg": 3.172, "Chrome": 2.396, "Emerald": 2.0730000000000004, "Doggfather": 2.9155, "Cold Topaz": 2.1205000000000003, "King Snoop": 4.872, "Sapphire": 2.1205000000000003, "Doberman": 3.6565000000000007, "Onyx Black": 3.013333333333333, "Black": 9.632307692307691, "just": 1.4789999999999999}, "Swag Bag": {"Missionary": 6.72, "April 20th": 2.976, "Snoop Life": 2.496, "P.I.M.P.": 2.112, "Happy Herbs": 2.976, "Darkness": 2.112, "Leopard": 2.016, "Bulk Order": 2.2079999999999997, "Dogg’s Loot": 2.016, "Cashback": 3.84, "Boiling Hot": 2.592, "Gin & Jewels": 2.4, "Take It Easy": 2.496, "Onyx Black": 3.16, "Black": 6.96, "just": 1.632}, "Snoop Cigar": {"Onyx Black": 7.8, "Black": 17.195, "just": 3.9099999999999997}, "Lol Pop": {"Watermelon": 1.5225, "Heart Pop": 1.595, "Cobweb": 1.595, "Sweetheart": 1.6674999999999998, "Jolly Roger": 1.74, "Mortal Sin": 4.06, "Celestia": 2.2475, "Portable Pop": 1.5225, "Shock Wave": 1.595, "Angelina": 2.2475, "Milky Way": 1.595, "Hexed Helix": 1.885, "Dark Portal": 1.5225, "Satellite": 1.74, "Sailor Moon": 1.595, "Jinxed": 1.74, "Glowstick": 2.2475, "Pumpkin": 1.595, "Comic Crunch": 1.5225, "Love Bubbles": 1.74, "Blood Sucker": 1.6674999999999998, "Rosebud": 1.595, "Einstein": 1.5225, "Plastic Ice": 1.595, "Blood Ember": 1.595, "Andromeda": 1.9575, "Dark Sky": 1.8125, "Onyx Black": 2.025, "Black": 5.319999999999999, "just": 1.2325}, "B-Day Candle": {"Kaboom!": 2.0925000000000002, "On Fire": 2.0925000000000002, "Final Boss": 2.0925000000000002, "Happy Meows": 2.0925000000000002, "Payday": 2.0925000000000002, "Purr Magic": 2.0925000000000002, "Pixel Wish": 2.0925000000000002, "Onyx Black": 1.73, "Black": 5.165000000000001, "just": 1.1475}, "Desk Calendar": {"Deadline": 2.0460000000000003, "Sunday": 2.0460000000000003, "Burning Time": 2.0460000000000003, "Heartbreak": 1.7160000000000002, "Peach Week": 2.0460000000000003, "Investor": 5.55, "Checklist": 2.0460000000000003, "Independence": 2.64, "Balloon Face": 1.4520000000000002, "Fawkes Night": 2.64, "Durov Day": 2.64, "Fund Manager": 2.64, "Adult Tasks": 23.66, "Tic Tac Toe": 2.0460000000000003, "Hodler": 4.62, "Pepe Plans": 10.86, "Telegram": 2.0460000000000003, "Onyx Black": 1.6600000000000001, "Black": 5.5200000000000005, "just": 1.122}, "Lunar Snake": {"Synthwave": 2.9, "Psychedelic": 1.885, "Soul Eater": 2.2475, "Hot Cherry": 2.2475, "Python Dev": 2.2475, "Timelock": 1.595, "Hellspawn": 2.2475, "Dragon Ball": 5.075, "Onyx Black": 2.075, "Black": 5.324999999999999, "just": 1.2325}, "Xmas Stocking": {"Onyx Black": 2.0999999999999996, "Black": 5.445, "just": 1.19}, "Snake Box": {"Onyx Black": 2.1799999999999997, "Black": 5.424999999999999, "just": 1.19}, "Pet Snake": {"Onyx Black": 2.48, "Black": 5.465, "just": 1.4705}, "Candy Cane": {"Designer": 5.495, "Grinch": 3.14, "Hex Pot": 3.14, "Sticky Sweet": 2.1195000000000004, "Onyx Black": 2.475, "Black": 5.96, "just": 1.3345}, "Whip Cupcake": {"Toncoin": 2.325, "Deep State": 2.325, "Bitcoin": 10.0, "Resistance": 5.25, "Sponge Duck": 2.325, "Onyx Black": 2.05, "Black": 5.25, "just": 1.275}, "Big Year": {"Creator": 3.069, "Pavel Durov": 5.544, "First Website": 2.178, "YouTubes": 3.069, "The Nether": 3.96, "Big Brother": 2.673, "Game Boy": 2.2769999999999997, "Pokeball": 2.673, "Gold Mine": 5.544, "Cheshire Cat": 2.2769999999999997, "Telegram": 5.544, "The Hobbit": 3.069, "Qing Dynasty": 3.069, "Bitcoin": 5.544, "Onyx Black": 3.615, "Black": 8.69, "just": 1.683}, "Homemade Cake": {"Onyx Black": 2.36, "Black": 5.635, "just": 1.513}, "Cookie Heart": {"Onyx Black": 2.665, "Black": 7.1, "just": 1.615}, "Jester Hat": {"Onyx Black": 2.525, "Black": 6.68, "just": 1.4109999999999998}, "Holiday Drink": {"Onyx Black": 2.6799999999999997, "Black": 5.640000000000001, "just": 1.5979999999999999}, "Ginger Cookie": {"Onyx Black": 3.5749999999999997, "Black": 6.499999999999999, "just": 1.7424999999999997}, "Hypno Lollipop": {"Onyx Black": 2.845, "Black": 5.94, "just": 1.6915}, "Winter Wreath": {"Onyx Black": 2.69, "Black": 8.895, "just": 1.649}, "Party Sparkler": {"Onyx Black": 3.24, "Black": 7.24, "just": 1.683}, "Jingle Bells": {"Onyx Black": 2.625, "Black": 6.9750000000000005, "just": 1.6575}, "Tama Gadget": {"Onyx Black": 3.44, "Black": 6.995, "just": 1.7}, "Jack-in-the-Box": {"Onyx Black": 3.13, "Black": 7.625, "just": 1.9124999999999999}, "Star Notepad": {"Onyx Black": 3.895, "Black": 8.695, "just": 1.9465}, "Easter Egg": {"Onyx Black": 3.75, "Black": 10.955, "just": 2.2184999999999997}, "Santa Hat": {"Onyx Black": 3.3600000000000003, "Black": 7.960000000000001, "just": 2.21}, "Hex Pot": {"Onyx Black": 4.0600000000000005, "Black": 10.46, "just": 2.4819999999999998}, "Restless Jar": {"Onyx Black": 3.99, "Black": 9.74, "just": 2.108}, "Lush Bouquet": {"Onyx Black": 4.865, "Black": 7.74, "just": 2.363}, "Spiced Wine": {"Onyx Black": 2.822, "Black": 6.758, "just": 1.8444999999999998}, "Snow Globe": {"Onyx Black": 4.1, "Black": 10.3, "just": 2.21}, "Joyful Bundle": {"Onyx Black": 4.0600000000000005, "Black": 7.87, "just": 2.329}, "Light Sword": {"Onyx Black": 4.228, "Black": 10.508000000000001, "just": 2.703}, "Witch Hat": {"Onyx Black": 4.42, "Black": 11.62, "just": 2.754}, "Bow Tie": {"Onyx Black": 4.932, "Black": 12.624, "just": 2.737}, "Eternal Candle": {"Onyx Black": 5.12, "Black": 10.64, "just": 2.72}, "Jelly Bunny": {"Onyx Black": 4.465, "Black": 10.715, "just": 2.9155}, "Bunny Muffin": {"Onyx Black": 5.628, "Black": 11.68, "just": 3.06}, "Spy Agaric": {"Onyx Black": 4.51, "Black": 10.35, "just": 2.7624999999999997}, "Evil Eye": {"Onyx Black": 6.3, "Black": 12.9, "just": 2.975}, "Snow Mittens": {"Onyx Black": 4.952, "Black": 8.084, "just": 3.332}, "Berry Box": {"Onyx Black": 5.279999999999999, "Black": 11.675999999999998, "just": 3.23}, "Valentine Box": {"Onyx Black": 8.033999999999999, "Black": 12.510000000000002, "just": 3.7314999999999996}, "Sakura Flower": {"Onyx Black": 6.94, "Black": 13.840000000000002, "just": 4.165}, "Hanging Star": {"Onyx Black": 8.649999999999999, "Black": 15.169999999999998, "just": 4.4965}, "Sleigh Bell": {"Onyx Black": 10.364, "Black": 17.944, "just": 6.154}, "Love Candle": {"Onyx Black": 10.434000000000001, "Black": 14.634, "just": 7.1315}, "Skull Flower": {"Onyx Black": 9.556000000000001, "Black": 18.1, "just": 6.375}, "Crystal Ball": {"Onyx Black": 12.079999999999998, "Black": 29.080000000000002, "just": 6.63}, "Trapped Heart": {"Onyx Black": 11.458, "Black": 20.058, "just": 7.1655}, "Top Hat": {"Onyx Black": 12.46, "Black": 25.488, "just": 6.885}, "Love Potion": {"Onyx Black": 10.972000000000001, "Black": 22.176000000000002, "just": 7.6160000000000005}, "Flying Broom": {"Onyx Black": 10.708, "Black": 19.868, "just": 7.803}, "Cupid Charm": {"Onyx Black": 17.125999999999998, "Black": 31.910000000000004, "just": 8.967500000000001}, "Record Player": {"Onyx Black": 10.940000000000001, "Black": 20.56, "just": 6.545}, "Eternal Rose": {"Onyx Black": 18.322, "Black": 32.322, "just": 11.789499999999999}, "Mad Pumpkin": {"Onyx Black": 23.474, "Black": 41.074, "just": 15.1215}, "Voodoo Doll": {"Onyx Black": 21.884, "Black": 53.888000000000005, "just": 14.008}, "Diamond Ring": {"Onyx Black": 22.4, "Black": 41.6, "just": 13.6}, "Toy Bear": {"Onyx Black": 24.314, "Black": 46.794, "just": 15.291499999999997}, "Vintage Cigar": {"Onyx Black": 44.378, "Black": 55.582, "just": 20.374499999999998}, "Neko Helmet": {"Onyx Black": 37.594, "Black": 75.594, "just": 22.091499999999996}, "Low Rider": {"Onyx Black": 33.674, "Black": 86.474, "just": 21.0715}, "Signet Ring": {"Onyx Black": 35.794, "Black": 74.994, "just": 21.2415}, "Electric Skull": {"Onyx Black": 42.147999999999996, "Black": 68.544, "just": 26.842999999999996}, "Kissed Frog": {"Onyx Black": 42.988, "Black": 80.988, "just": 29.732999999999997}, "Swiss Watch": {"Onyx Black": 44.56, "Black": 72.56, "just": 30.26}, "Sharp Tongue": {"Onyx Black": 59.16,