{"Snoop Dogg": {"Goldizzle": 7.531000000000001, "AI Dogg": 3.098, "King Snoop": 4.7505, "Doberman": 3.782, "Sapphire": 2.2199999999999998, "Doggfather": 3.0504999999999995, "Chrome": 2.4385, "Black Diamond": 2.277, "Cold Topaz": 2.0490000000000004, "Onyx Black": 3.296666666666667, "Black": 10.274615384615384, "just": 1.6064999999999998}, "Swag Bag": {"Missionary": 7.28, "April 20th": 3.224, "Bulk Order": 2.2880000000000003, "Darkness": 2.2880000000000003, "Cashback": 3.224, "Dogg’s Loot": 2.184, "Golden Nugs": 2.184, "Boiling Hot": 2.496, "Snoop Life": 2.704, "Gin & Jewels": 2.6, "Take It Easy": 2.6, "Leopard": 2.184, "Happy Herbs": 2.8080000000000003, "Onyx Black": 3.44, "Black": 7.54, "just": 1.768}, "Snoop Cigar": {"Onyx Black": 8.405000000000001, "Black": 19.06, "just": 4.097}, "Lol Pop": {"Blood Sucker": 1.7625, "Pumpkin": 1.7625, "Glowstick": 2.1854999999999998, "Celestia": 2.1854999999999998, "Satellite": 1.7625, "Doodle Art": 1.6214999999999997, "Sweetheart": 1.7625, "Sick Leave": 1.4805, "Gold Star": 1.4805, "Watermelon": 1.4805, "Dark Portal": 1.7625, "Blood Ember": 1.6496999999999997, "Love Bubbles": 1.6496999999999997, "Nostalgia": 1.4805, "Shock Wave": 1.551, "Crystal Comet": 1.4805, "Jinxed": 1.692, "Jolly Roger": 1.6496999999999997, "Hexed Helix": 1.7625, "Cobweb": 1.551, "Sailor Moon": 1.4805, "Rosebud": 1.7625, "Angelina": 2.1854999999999998, "Andromeda": 1.9035, "Plastic Ice": 1.4805, "Dark Sky": 1.551, "Heart Pop": 1.6214999999999997, "Mortal Sin": 3.9479999999999995, "Comic Crunch": 1.4805, "Hollywood": 1.551, "Magic Wand": 1.4805, "Fire Vortex": 1.6214999999999997, "Einstein": 1.692, "Onyx Black": 2.005, "Black": 5.105, "just": 1.1985}, "B-Day Candle": {"On Fire": 2.2319999999999998, "Payday": 2.2319999999999998, "Happy Meows": 1.944, "Final Boss": 2.2319999999999998, "Purr Magic": 2.2319999999999998, "Pixel Wish": 2.2319999999999998, "Kaboom!": 1.944, "Onyx Black": 1.82, "Black": 5.07, "just": 1.224}, "Desk Calendar": {"Telegram": 2.66, "Checklist": 2.0615, "Fawkes Night": 4.655, "Deadline": 2.0615, "Tic Tac Toe": 1.7955000000000003, "Pepe Plans": 14.415000000000001, "Burning Time": 2.0615, "Investor": 8.915, "Peach Week": 2.0615, "Hodler": 4.655, "Adult Tasks": 25.655, "Independence": 2.0615, "Fund Manager": 2.0615, "Durov Day": 6.66, "Heartbreak": 1.5561, "Sunday": 1.729, "Balloon Face": 1.729, "Onyx Black": 1.805, "Black": 5.065, "just": 1.1305}, "Lunar Snake": {"Timelock": 2.3095, "Synthwave": 4.172, "Hellspawn": 2.0115000000000003, "Python Dev": 2.3095, "Dragon Ball": 5.215, "Soul Eater": 2.0115000000000003, "Hot Cherry": 2.0115000000000003, "Psychedelic": 2.3095, "Onyx Black": 2.415, "Black": 5.69, "just": 1.2665}, "Xmas Stocking": {"Onyx Black": 2.125, "Black": 5.715, "just": 1.19}, "Snake Box": {"Onyx Black": 1.95, "Black": 5.145, "just": 1.275}, "Pet Snake": {"Onyx Black": 2.45, "Black": 6.084999999999999, "just": 1.615}, "Candy Cane": {"Designer": 5.25, "Sticky Sweet": 2.0250000000000004, "Hex Pot": 3.0, "Grinch": 4.199999999999999, "Onyx Black": 2.15, "Black": 5.795, "just": 1.275}, "Whip Cupcake": {"Resistance": 5.25, "Sponge Duck": 2.325, "Toncoin": 2.325, "Bitcoin": 12.2, "Deep State": 2.0250000000000004, "Onyx Black": 2.15, "Black": 5.45, "just": 1.275}, "Big Year": {"First Website": 2.184, "Pavel Durov": 11.41, "Big Brother": 2.821, "Balloons": 2.0020000000000002, "Telegram": 6.37, "Pokeball": 2.4570000000000003, "Gold Mine": 6.37, "The Nether": 2.821, "YouTubes": 3.64, "Cheshire Cat": 2.821, "Creator": 2.821, "The Hobbit": 3.64, "Qing Dynasty": 2.821, "Bitcoin": 5.096, "Game Boy": 2.0020000000000002, "Onyx Black": 3.51, "Black": 9.91, "just": 1.547}, "Homemade Cake": {"Onyx Black": 2.2, "Black": 5.640000000000001, "just": 1.615}, "Cookie Heart": {"Onyx Black": 2.575, "Black": 6.470000000000001, "just": 1.6575}, "Jester Hat": {"Onyx Black": 2.525, "Black": 6.375, "just": 1.4875}, "Holiday Drink": {"Onyx Black": 2.7, "Black": 6.074999999999999, "just": 1.615}, "Ginger Cookie": {"Onyx Black": 3.575, "Black": 7.165000000000001, "just": 1.5725}, "Hypno Lollipop": {"Onyx Black": 3.3499999999999996, "Black": 6.949999999999999, "just": 1.615}, "Winter Wreath": {"Moon Cat": 106.235, "Onyx Black": 2.965, "Black": 6.470000000000001, "just": 1.649}, "Party Sparkler": {"Onyx Black": 3.53, "Black": 7.329999999999999, "just": 1.666}, "Jingle Bells": {"Onyx Black": 3.015, "Black": 6.815, "just": 1.734}, "Tama Gadget": {"Onyx Black": 3.455, "Black": 6.785, "just": 1.7764999999999997}, "Jack-in-the-Box": {"Onyx Black": 3.1, "Black": 6.95, "just": 1.87}, "Star Notepad": {"Onyx Black": 3.35, "Black": 10.100000000000001, "just": 1.87}, "Easter Egg": {"Onyx Black": 3.7649999999999997, "Black": 10.844999999999999, "just": 2.363}, "Santa Hat": {"Onyx Black": 3.554, "Black": 9.134, "just": 2.2015}, "Hex Pot": {"Onyx Black": 3.9400000000000004, "Black": 9.59, "just": 2.278}, "Restless Jar": {"Onyx Black": 3.84, "Black": 9.09, "just": 2.278}, "Lush Bouquet": {"Onyx Black": 5.135, "Black": 8.584999999999999, "just": 2.5245}, "Spiced Wine": {"Onyx Black": 3.0199999999999996, "Black": 6.9719999999999995, "just": 1.9549999999999998}, "Snow Globe": {"Onyx Black": 4.65, "Black": 9.850000000000001, "just": 2.295}, "Joyful Bundle": {"Onyx Black": 4.975, "Black": 9.695, "just": 2.5075000000000003}, "Light Sword": {"Onyx Black": 4.638, "Black": 10.558, "just": 2.6605}, "Witch Hat": {"Onyx Black": 4.475, "Black": 11.975000000000001, "just": 2.5075000000000003}, "Bow Tie": {"Onyx Black": 6.296, "Black": 11.896, "just": 2.686}, "Eternal Candle": {"Onyx Black": 5.2540000000000004, "Black": 10.89, "just": 2.9665}, "Jelly Bunny": {"Onyx Black": 5.025, "Black": 10.165000000000001, "just": 2.8475}, "Bunny Muffin": {"Onyx Black": 6.93, "Black": 17.25, "just": 3.5275000000000003}, "Spy Agaric": {"Onyx Black": 6.034, "Black": 10.434, "just": 2.8815}, "Evil Eye": {"Onyx Black": 7.08, "Black": 13.879999999999999, "just": 3.23}, "Snow Mittens": {"Onyx Black": 5.88, "Black": 8.28, "just": 3.23}, "Berry Box": {"Onyx Black": 4.668, "Black": 10.66, "just": 3.2129999999999996}, "Valentine Box": {"Onyx Black": 7.234, "Black": 13.274000000000001, "just": 4.0715}, "Sakura Flower": {"Onyx Black": 7.04, "Black": 16.248, "just": 4.318}, "Hanging Star": {"Onyx Black": 8.998000000000001, "Black": 15.238, "just": 4.8705}, "Sleigh Bell": {"Onyx Black": 11.42, "Black": 20.619999999999997, "just": 6.545}, "Love Candle": {"Onyx Black": 9.98, "Black": 15.296, "just": 6.936}, "Skull Flower": {"Onyx Black": 11.34, "Black": 18.259999999999998, "just": 6.715}, "Crystal Ball": {"Onyx Black": 11.14, "Black": 27.439999999999998, "just": 6.715}, "Trapped Heart": {"Onyx Black": 12.258, "Black": 20.317999999999998, "just": 7.250499999999999}, "Top Hat": {"Onyx Black": 14.86, "Black": 27.887999999999998, "just": 7.208}, "Love Potion": {"Onyx Black": 12.209999999999999, "Black": 22.774, "just": 7.896499999999999}, "Flying Broom": {"Onyx Black": 12.268, "Black": 17.468, "just": 8.312999999999999}, "Cupid Charm": {"Onyx Black": 17.82, "Black": 32.81999999999999, "just": 9.944999999999999}, "Record Player": {"Onyx Black": 10.468, "Black": 20.668, "just": 6.613}, "Eternal Rose": {"Onyx Black": 18.97, "Black": 34.778, "just": 12.435500000000001}, "Mad Pumpkin": {"Onyx Black": 24.182, "Black": 37.782, "just": 16.124499999999998}, "Voodoo Doll": {"Onyx Black": 24.294000000000004, "Black": 46.31400000000001, "just": 14.611500000000001}, "Diamond Ring": {"Onyx Black": 21.596, "Black": 43.2, "just": 13.6}, "Toy Bear": {"Onyx Black": 32.182, "Black": 46.982, "just": 21.2245}, "Vintage Cigar": {"Onyx Black": 36.17, "Black": 60.39, "just": 20.391499999999997}, "Neko Helmet": {"Onyx Black": 37.1, "Black": 62.86, "just": 23.375}, "Low Rider": {"Onyx Black": 32.9, "Black": 76.5, "just": 21.675}, "Signet Ring": {"Onyx Black": 37.594, "Black": 72.754, "just": 23.7915}, "Electric Skull": {"Onyx Black": 43.796, "Black": 75.8, "just": 28.05}, "Kissed Frog": {"Onyx Black": 44.82, "Black": 79.42, "just": 27.795},