{"Snoop Dogg": {"Emerald": 1.8355000000000004, "Black Diamond": 2.1205000000000003, "Sapphire": 1.9780000000000002, "King Snoop": 4.53, "AI Dogg": 2.8965, "Doggfather": 3.1435000000000004, "Chrome": 2.2060000000000004, "Doberman": 3.7135000000000002, "Cold Topaz": 1.788, "Goldizzle": 7.231000000000001, "Onyx Black": 2.8133333333333335, "Black": 10.37076923076923, "just": 1.394}, "Swag Bag": {"Missionary": 6.335, "Gin & Jewels": 2.2625, "Boiling Hot": 2.2625, "Bulk Order": 2.0814999999999997, "Take It Easy": 2.0814999999999997, "Snoop Life": 2.4435000000000002, "P.I.M.P.": 1.9005, "Cashback": 2.8055000000000003, "April 20th": 2.8055000000000003, "Darkness": 1.9910000000000003, "Happy Herbs": 2.8055000000000003, "Onyx Black": 2.9050000000000002, "Black": 6.895, "just": 1.5385}, "Snoop Cigar": {"Onyx Black": 7.675, "Black": 18.424999999999997, "just": 3.6975}, "Lol Pop": {"Hexed Helix": 1.4300000000000002, "Mortal Sin": 3.6399999999999997, "Cookie Dip": 1.4300000000000002, "Heart Pop": 1.3650000000000002, "Wonka Berry": 1.4300000000000002, "Einstein": 1.3650000000000002, "Watermelon": 1.4300000000000002, "Fire Vortex": 1.4300000000000002, "Angelina": 1.7550000000000001, "Jinxed": 1.4300000000000002, "Love Bubbles": 1.4300000000000002, "Glowstick": 2.015, "Celestia": 2.015, "Pink Foil": 1.3650000000000002, "Shock Wave": 1.3650000000000002, "Blood Sucker": 1.625, "Satellite": 1.6900000000000002, "Portable Pop": 1.3650000000000002, "Dark Portal": 1.56, "Dark Sky": 1.4300000000000002, "Milky Way": 1.4300000000000002, "Andromeda": 2.015, "Rosebud": 1.625, "Cobweb": 1.3650000000000002, "Pumpkin": 1.4949999999999999, "Comic Crunch": 1.3650000000000002, "Nostalgia": 1.3650000000000002, "Sweetheart": 1.4949999999999999, "Icicle": 1.4300000000000002, "Romance": 1.3650000000000002, "Doodle Art": 1.56, "Blood Ember": 1.625, "Sailor Moon": 1.56, "Jolly Roger": 1.56, "Onyx Black": 1.7999999999999998, "Black": 5.095000000000001, "just": 1.105}, "B-Day Candle": {"Shocker": 1.9065, "Happy Meows": 2.46, "Final Boss": 1.9065, "Pixel Wish": 1.9065, "On Fire": 2.46, "Purr Magic": 1.9065, "Payday": 1.9065, "Kaboom!": 1.9065, "Onyx Black": 1.5150000000000001, "Black": 4.615, "just": 1.0454999999999999}, "Desk Calendar": {"Hodler": 4.305, "Fawkes Night": 4.305, "Telegram": 1.9065, "Durov Day": 2.46, "Sunday": 2.46, "Pepe Plans": 4.305, "Independence": 3.444, "Checklist": 1.9065, "Investor": 4.305, "Tic Tac Toe": 1.6605, "Adult Tasks": 4.305, "Balloon Face": 1.599, "Deadline": 2.46, "Fund Manager": 1.9065, "Burning Time": 1.9065, "Peach Week": 1.599, "Heartbreak": 1.353, "Onyx Black": 1.58, "Black": 4.705, "just": 1.0454999999999999}, "Lunar Snake": {"Hot Cherry": 2.139, "Timelock": 1.863, "Dragon Ball": 4.83, "Psychedelic": 2.139, "Python Dev": 2.139, "Soul Eater": 1.7939999999999998, "Synthwave": 3.8639999999999994, "Hellspawn": 2.139, "Onyx Black": 1.9849999999999999, "Black": 4.890000000000001, "just": 1.1729999999999998}, "Xmas Stocking": {"Onyx Black": 1.9500000000000002, "Black": 5.15, "just": 1.105}, "Snake Box": {"Onyx Black": 1.895, "Black": 4.84, "just": 1.0965}, "Pet Snake": {"Onyx Black": 2.1950000000000003, "Black": 5.275, "just": 1.36}, "Candy Cane": {"Sticky Sweet": 2.4025000000000003, "Hex Pot": 3.1, "Designer": 5.425, "Grinch": 3.1, "Onyx Black": 2.24, "Black": 6.27, "just": 1.3175}, "Whip Cupcake": {"Resistance": 4.83, "Toncoin": 2.139, "Sponge Duck": 2.76, "Bitcoin": 4.83, "Deep State": 2.139, "Onyx Black": 2.09, "Black": 5.1850000000000005, "just": 1.1729999999999998}, "Big Year": {"The Hobbit": 3.4, "Cheshire Cat": 2.21, "Qing Dynasty": 2.635, "YouTubes": 2.635, "First Website": 2.125, "Game Boy": 2.21, "Pavel Durov": 4.76, "Creator": 2.635, "Big Brother": 2.635, "Bitcoin": 4.76, "Pokeball": 2.635, "Telegram": 4.76, "Gold Mine": 4.76, "The Nether": 2.125, "Onyx Black": 2.7199999999999998, "Black": 7.800000000000001, "just": 1.4449999999999998}, "Homemade Cake": {"Onyx Black": 2.015, "Black": 4.77, "just": 1.309}, "Cookie Heart": {"Onyx Black": 2.285, "Black": 6.789999999999999, "just": 1.4705}, "Jester Hat": {"Onyx Black": 2.95, "Black": 5.950000000000001, "just": 1.36}, "Holiday Drink": {"Onyx Black": 2.33, "Black": 5.59, "just": 1.513}, "Ginger Cookie": {"Onyx Black": 2.83, "Black": 6.404999999999999, "just": 1.5385}, "Hypno Lollipop": {"Onyx Black": 2.675, "Black": 6.175, "just": 1.4875}, "Winter Wreath": {"Onyx Black": 2.4299999999999997, "Black": 7.945, "just": 1.4364999999999999}, "Party Sparkler": {"Onyx Black": 2.79, "Black": 5.64, "just": 1.513}, "Jingle Bells": {"Onyx Black": 2.465, "Black": 6.385, "just": 1.5045}, "Tama Gadget": {"Onyx Black": 2.88, "Black": 6.53, "just": 1.496}, "Jack-in-the-Box": {"Onyx Black": 2.665, "Black": 7.875, "just": 1.7}, "Star Notepad": {"Onyx Black": 4.095, "Black": 8.995000000000001, "just": 1.8615}, "Easter Egg": {"Onyx Black": 3.6950000000000003, "Black": 11.19, "just": 2.0315}, "Santa Hat": {"Onyx Black": 3.29, "Black": 9.49, "just": 1.853}, "Hex Pot": {"Onyx Black": 3.72, "Black": 8.07, "just": 1.9040000000000001}, "Restless Jar": {"Onyx Black": 3.6399999999999997, "Black": 7.640000000000001, "just": 1.9379999999999997}, "Lush Bouquet": {"Onyx Black": 3.37, "Black": 8.52, "just": 2.159}, "Spiced Wine": {"Onyx Black": 3.175, "Black": 7.95, "just": 1.7424999999999997}, "Snow Globe": {"Onyx Black": 3.9899999999999998, "Black": 9.09, "just": 2.0229999999999997}, "Joyful Bundle": {"Onyx Black": 3.715, "Black": 8.52, "just": 2.244}, "Light Sword": {"Onyx Black": 4.545, "Black": 11.245000000000001, "just": 2.3715}, "Witch Hat": {"Onyx Black": 3.885, "Black": 10.335, "just": 2.2695}, "Bow Tie": {"Onyx Black": 4.6899999999999995, "Black": 14.69, "just": 2.5755}, "Eternal Candle": {"Onyx Black": 5.16, "Black": 10.16, "just": 2.397}, "Jelly Bunny": {"Onyx Black": 4.5600000000000005, "Black": 10.059999999999999, "just": 2.652}, "Bunny Muffin": {"Onyx Black": 4.485, "Black": 21.63, "just": 2.7795}, "Spy Agaric": {"Onyx Black": 5.220000000000001, "Black": 10.84, "just": 2.499}, "Evil Eye": {"Onyx Black": 5.795, "Black": 15.774999999999999, "just": 3.06}, "Snow Mittens": {"Onyx Black": 4.575, "Black": 8.475000000000001, "just": 2.5075000000000003}, "Berry Box": {"Onyx Black": 4.755, "Black": 14.264999999999999, "just": 3.0004999999999997}, "Valentine Box": {"Onyx Black": 9.465, "Black": 10.965, "just": 3.3405}, "Sakura Flower": {"Onyx Black": 5.495, "Black": 17.994999999999997, "just": 3.3915}, "Hanging Star": {"Onyx Black": 7.49, "Black": 16.34, "just": 3.9779999999999998}, "Sleigh Bell": {"Onyx Black": 12.524999999999999, "Black": 18.02, "just": 5.1425}, "Love Candle": {"Onyx Black": 7.9, "Black": 15.5, "just": 5.5249999999999995}, "Skull Flower": {"Onyx Black": 8.695, "Black": 16.994999999999997, "just": 5.0915}, "Crystal Ball": {"Onyx Black": 10.3, "Black": 28.314999999999998, "just": 5.6354999999999995}, "Trapped Heart": {"Onyx Black": 10.395, "Black": 23.145, "just": 6.6215}, "Top Hat": {"Onyx Black": 16.314999999999998, "Black": 26.19, "just": 6.528}, "Love Potion": {"Onyx Black": 10.15, "Black": 26.400000000000002, "just": 6.63}, "Flying Broom": {"Onyx Black": 10.895, "Black": 19.395, "just": 7.471499999999999}, "Cupid Charm": {"Onyx Black": 14.969999999999999, "Black": 34.47, "just": 8.449}, "Record Player": {"Onyx Black": 9.96, "Black": 23.955, "just": 6.732}, "Eternal Rose": {"Onyx Black": 18.715, "Black": 36.215, "just": 10.5655}, "Mad Pumpkin": {"Onyx Black": 18.634999999999998, "Black": 39.885000000000005, "just": 12.554499999999999}, "Voodoo Doll": {"Onyx Black": 20.5, "Black": 46.0, "just": 12.75}, "Diamond Ring": {"Onyx Black": 20.215, "Black": 43.215, "just": 13.115499999999999}, "Toy Bear": {"Onyx Black": 21.96, "Black": 53.295, "just": 14.9515}, "Vintage Cigar": {"Onyx Black": 38.485, "Black": 84.935, "just": 18.6745}, "Neko Helmet": {"Onyx Black": 35.01, "Black": 71.51, "just": 19.567}, "Low Rider": {"Onyx Black": 35.495, "Black": 106.99499999999999, "just": 20.391499999999997},