{"Snoop Dogg": {"King Ruby": 1.8355000000000004, "Green Light": 1.826, "Black Diamond": 2.0255, "Chrome": 2.1585, "Emerald": 1.8639999999999999, "Cold Topaz": 1.9305000000000003, "King Snoop": 4.6155, "AI Dogg": 2.8110000000000004, "Goldizzle": 7.2405, "Sapphire": 2.016, "Doberman": 3.3905000000000003, "Doggfather": 3.1435000000000004, "Onyx Black": 2.7800000000000002, "Black": 10.373846153846152, "just": 1.377}, "Swag Bag": {"Happy Herbs": 2.8365, "Darkness": 2.0130000000000003, "Missionary": 6.405, "Bulk Order": 2.0130000000000003, "Cashback": 3.66, "Snoop Life": 2.1045, "Gin & Jewels": 2.2875, "Boiling Hot": 2.2875, "Take It Easy": 2.2875, "April 20th": 2.8365, "Aviators": 1.9215000000000002, "Onyx Black": 2.89, "Black": 6.915, "just": 1.5555}, "Snoop Cigar": {"Onyx Black": 7.215, "Black": 16.965, "just": 3.7655}, "Lol Pop": {"Dark Sky": 1.524, "Einstein": 1.3970000000000002, "Andromeda": 1.7145000000000001, "Rosebud": 1.651, "Sailor Moon": 1.5875, "Satellite": 1.5875, "Sweetheart": 1.4605, "Plastic Ice": 1.3335000000000001, "Hexed Helix": 1.4605, "Jinxed": 1.3335000000000001, "Wonka Berry": 1.3335000000000001, "Heart Pop": 1.3970000000000002, "Milky Way": 1.3335000000000001, "Angelina": 1.9685000000000001, "Watermelon": 1.4605, "Mortal Sin": 3.5559999999999996, "Comic Crunch": 1.3335000000000001, "Doodle Art": 1.5875, "Fire Vortex": 1.3335000000000001, "Celestia": 1.9685000000000001, "Cobweb": 1.3970000000000002, "Cookie Dip": 1.3970000000000002, "Dark Portal": 1.524, "Blood Sucker": 1.5875, "Sick Leave": 1.3335000000000001, "Romance": 1.3335000000000001, "Pumpkin": 1.4605, "Icy Touch": 1.3335000000000001, "Icicle": 1.3970000000000002, "Love Bubbles": 1.651, "Glowstick": 1.9685000000000001, "Blood Ember": 1.7145000000000001, "Jolly Roger": 1.651, "Onyx Black": 1.73, "Black": 4.725, "just": 1.0795}, "B-Day Candle": {"Pixel Wish": 1.922, "Purr Magic": 2.48, "On Fire": 1.922, "Kaboom!": 1.922, "Happy Meows": 2.48, "Final Boss": 1.922, "Payday": 1.922, "Shocker": 1.922, "Onyx Black": 1.6400000000000001, "Black": 4.12, "just": 1.054}, "Desk Calendar": {"Investor": 4.34, "Durov Day": 2.48, "Fawkes Night": 4.34, "Peach Week": 1.6740000000000002, "Hodler": 4.34, "Balloon Face": 1.612, "Telegram": 1.922, "Burning Time": 1.922, "Tic Tac Toe": 1.922, "Deadline": 2.48, "Independence": 3.472, "Adult Tasks": 4.34, "Heartbreak": 1.364, "Sunday": 2.48, "Checklist": 1.922, "Fund Manager": 1.922, "Pepe Plans": 4.34, "Onyx Black": 1.62, "Black": 4.87, "just": 1.054}, "Lunar Snake": {"Dragon Ball": 4.55, "Python Dev": 2.015, "Hellspawn": 1.7550000000000001, "Hot Cherry": 2.015, "Psychedelic": 2.015, "Timelock": 2.015, "Soul Eater": 2.015, "Synthwave": 3.6399999999999997, "Onyx Black": 1.7999999999999998, "Black": 4.800000000000001, "just": 1.105}, "Xmas Stocking": {"Onyx Black": 1.975, "Black": 4.57, "just": 1.1475}, "Snake Box": {"Onyx Black": 1.9, "Black": 5.050000000000001, "just": 1.105}, "Pet Snake": {"Onyx Black": 2.255, "Black": 5.355, "just": 1.4535}, "Candy Cane": {"Sticky Sweet": 2.1330000000000005, "Hex Pot": 3.16, "Grinch": 3.16, "Designer": 5.53, "Onyx Black": 2.285, "Black": 6.79, "just": 1.343}, "Whip Cupcake": {"Toncoin": 2.139, "Deep State": 2.139, "Sponge Duck": 2.76, "Bitcoin": 4.83, "Resistance": 4.83, "Onyx Black": 2.19, "Black": 4.99, "just": 1.1729999999999998}, "Big Year": {"Creator": 2.249, "Game Boy": 2.249, "Qing Dynasty": 3.46, "Balloons": 1.903, "Big Brother": 2.6815, "Gold Mine": 4.843999999999999, "YouTubes": 3.46, "The Hobbit": 3.46, "Telegram": 4.843999999999999, "Pokeball": 3.46, "Cheshire Cat": 2.249, "First Website": 2.3355, "Bitcoin": 4.843999999999999, "The Nether": 2.249, "Pavel Durov": 4.843999999999999, "Onyx Black": 2.915, "Black": 7.8149999999999995, "just": 1.4705}, "Homemade Cake": {"Onyx Black": 2.0100000000000002, "Black": 4.81, "just": 1.3005}, "Cookie Heart": {"Onyx Black": 2.44, "Black": 5.865, "just": 1.4705}, "Jester Hat": {"Onyx Black": 2.415, "Black": 5.5649999999999995, "just": 1.3855}, "Holiday Drink": {"Onyx Black": 2.345, "Black": 5.260000000000001, "just": 1.462}, "Ginger Cookie": {"Onyx Black": 2.7350000000000003, "Black": 6.435, "just": 1.5895000000000001}, "Hypno Lollipop": {"Onyx Black": 2.725, "Black": 6.325, "just": 1.4875}, "Winter Wreath": {"Onyx Black": 2.39, "Black": 8.89, "just": 1.513}, "Party Sparkler": {"Onyx Black": 2.8150000000000004, "Black": 6.140000000000001, "just": 1.513}, "Jingle Bells": {"Onyx Black": 2.6, "Black": 5.494999999999999, "just": 1.4535}, "Tama Gadget": {"Onyx Black": 2.48, "Black": 5.835000000000001, "just": 1.5045}, "Jack-in-the-Box": {"Onyx Black": 2.8, "Black": 7.85, "just": 1.785}, "Star Notepad": {"Onyx Black": 3.295, "Black": 8.56, "just": 1.9040000000000001}, "Easter Egg": {"Onyx Black": 3.54, "Black": 10.94, "just": 2.108}, "Santa Hat": {"Onyx Black": 3.5600000000000005, "Black": 9.695, "just": 2.0315}, "Hex Pot": {"Onyx Black": 3.8449999999999998, "Black": 7.295, "just": 2.2015}, "Restless Jar": {"Onyx Black": 3.83, "Black": 8.28, "just": 2.176}, "Lush Bouquet": {"Onyx Black": 3.4050000000000002, "Black": 9.155, "just": 2.2184999999999997}, "Spiced Wine": {"Onyx Black": 3.54, "Black": 7.44, "just": 1.768}, "Snow Globe": {"Onyx Black": 4.07, "Black": 9.120000000000001, "just": 2.074}, "Joyful Bundle": {"Onyx Black": 3.75, "Black": 7.875, "just": 2.3375}, "Light Sword": {"Onyx Black": 3.915, "Black": 12.415000000000001, "just": 2.4055}, "Witch Hat": {"Onyx Black": 4.07, "Black": 9.425, "just": 2.4225}, "Bow Tie": {"Onyx Black": 4.67, "Black": 15.995, "just": 2.5415}, "Eternal Candle": {"Onyx Black": 4.82, "Black": 10.22, "just": 2.499}, "Jelly Bunny": {"Onyx Black": 4.395, "Black": 10.14, "just": 2.7965}, "Bunny Muffin": {"Onyx Black": 4.43, "Black": 11.98, "just": 2.601}, "Spy Agaric": {"Onyx Black": 5.404999999999999, "Black": 11.135, "just": 2.5669999999999997}, "Evil Eye": {"Onyx Black": 5.84, "Black": 14.339999999999998, "just": 3.1365}, "Snow Mittens": {"Onyx Black": 4.35, "Black": 9.145, "just": 2.5415}, "Berry Box": {"Onyx Black": 4.795, "Black": 14.195, "just": 2.8815}, "Valentine Box": {"Onyx Black": 5.7, "Black": 10.649999999999999, "just": 3.315}, "Sakura Flower": {"Onyx Black": 5.79, "Black": 13.645, "just": 3.6465}, "Hanging Star": {"Onyx Black": 8.455, "Black": 19.955, "just": 4.1735}, "Sleigh Bell": {"Onyx Black": 9.96, "Black": 17.96, "just": 5.032}, "Love Candle": {"Onyx Black": 7.6450000000000005, "Black": 14.745, "just": 5.5165}, "Skull Flower": {"Onyx Black": 8.59, "Black": 16.445, "just": 5.0065}, "Crystal Ball": {"Onyx Black": 10.13, "Black": 36.39, "just": 5.338}, "Trapped Heart": {"Onyx Black": 9.24, "Black": 23.585, "just": 6.2645}, "Top Hat": {"Onyx Black": 14.745000000000001, "Black": 26.244999999999997, "just": 6.3665}, "Love Potion": {"Onyx Black": 10.094999999999999, "Black": 29.044999999999998, "just": 6.8765}, "Flying Broom": {"Onyx Black": 10.85, "Black": 21.85, "just": 7.395}, "Cupid Charm": {"Onyx Black": 16.335, "Black": 33.835, "just": 8.2195}, "Record Player": {"Onyx Black": 10.434999999999999, "Black": 24.185000000000002, "just": 7.114499999999999}, "Eternal Rose": {"Onyx Black": 18.965, "Black": 33.915, "just": 10.990499999999999}, "Mad Pumpkin": {"Onyx Black": 16.98, "Black": 40.985, "just": 11.8745}, "Voodoo Doll": {"Onyx Black": 20.0, "Black": 40.0, "just": 11.9}, "Diamond Ring": {"Onyx Black": 20.55, "Black": 43.459999999999994, "just": 12.2655}, "Toy Bear": {"Onyx Black": 22.95, "Black": 51.449999999999996, "just": 15.214999999999998}, "Vintage Cigar": {"Onyx Black": 38.495000000000005, "Black": 62.495000000000005, "just": 18.691499999999998}, "Neko Helmet": {"Onyx Black": 41.995000000000005, "Black": 71.995, "just": 20.391499999999997}, "Low Rider": {"Onyx Black": 38.0, "Black": 106.5, "just": 19.55}, "Signet Ring": {"Onyx Black": 33.565, "Black": 83.815, "just": 19.2355}, "Electric Skull": {"Onyx Black": 37.445, "Black": 69.945, "just": 21.1565}, "Kissed Frog": {"Onyx Black": 43.935, "Black": 75.435,