{"Snoop Dogg": {"King Snoop": 4.330500000000001, "Doggfather": 2.963, "Black Gold": 1.8355000000000004, "Goldizzle": 7.0505, "Sapphire": 2.1395, "Green Light": 1.8925000000000005, "AI Dogg": 3.3715, "Emerald": 1.7405, "Doberman": 3.5805000000000002, "Cold Topaz": 2.1490000000000005, "Chrome": 2.3924999999999996, "Black Diamond": 2.2215, "Silver": 1.7025, "King Ruby": 1.9495000000000005, "Onyx Black": 2.94, "Black": 10.167692307692308, "just": 1.326}, "Swag Bag": {"Missionary": 6.6499999999999995, "Golden Nugs": 1.9949999999999999, "P.I.M.P.": 2.09, "Leopard": 1.9949999999999999, "Snoop Life": 2.4699999999999998, "Bulk Order": 2.4699999999999998, "Gin & Jewels": 2.4699999999999998, "Boiling Hot": 2.565, "Take It Easy": 2.4699999999999998, "Cashback": 2.945, "April 20th": 2.945, "Happy Herbs": 2.945, "Darkness": 2.09, "Onyx Black": 3.2, "Black": 6.945, "just": 1.615}, "Snoop Cigar": {"Onyx Black": 8.525, "Black": 17.235, "just": 3.8759999999999994}, "Lol Pop": {"Blood Sucker": 1.595, "Comic Crunch": 1.5225, "Einstein": 1.5225, "Angelina": 2.2475, "Sweetheart": 1.6674999999999998, "Mortal Sin": 4.06, "Jolly Roger": 1.6674999999999998, "Cobweb": 1.5225, "Icicle": 1.5225, "Shock Wave": 1.595, "Heart Pop": 1.595, "Satellite": 1.74, "Pumpkin": 1.595, "Blood Ember": 1.595, "Rosebud": 1.595, "Jinxed": 1.8125, "Milky Way": 1.595, "Dark Sky": 1.74, "Sick Leave": 1.5225, "Dark Portal": 1.595, "Hexed Helix": 1.8125, "Andromeda": 1.885, "Love Bubbles": 1.74, "Watermelon": 1.5225, "Glowstick": 2.2475, "Celestia": 2.2475, "Sailor Moon": 1.595, "Gold Star": 1.5225, "Onyx Black": 2.025, "Black": 5.319999999999999, "just": 1.2325}, "B-Day Candle": {"On Fire": 1.9840000000000002, "Final Boss": 1.9840000000000002, "Kaboom!": 1.9840000000000002, "Payday": 1.9840000000000002, "Purr Magic": 1.9840000000000002, "Pixel Wish": 1.9840000000000002, "Happy Meows": 2.56, "Onyx Black": 1.69, "Black": 5.12, "just": 1.088}, "Desk Calendar": {"Independence": 2.6, "Hodler": 4.55, "Durov Day": 2.6, "Heartbreak": 1.7550000000000001, "Deadline": 2.015, "Adult Tasks": 25.1, "Telegram": 2.015, "Investor": 4.55, "Balloon Face": 1.4300000000000002, "Fawkes Night": 2.6, "Fund Manager": 2.015, "Tic Tac Toe": 1.6900000000000002, "Sunday": 2.015, "Checklist": 1.7550000000000001, "Pepe Plans": 10.92, "Burning Time": 2.015, "Peach Week": 2.015, "Onyx Black": 1.5750000000000002, "Black": 5.55, "just": 1.105}, "Lunar Snake": {"Python Dev": 2.2319999999999998, "Synthwave": 2.88, "Hot Cherry": 2.2319999999999998, "Dragon Ball": 5.04, "Timelock": 1.944, "Psychedelic": 1.8719999999999999, "Soul Eater": 2.2319999999999998, "Hellspawn": 2.2319999999999998, "Onyx Black": 2.145, "Black": 5.195, "just": 1.224}, "Xmas Stocking": {"Onyx Black": 2.1399999999999997, "Black": 5.455, "just": 1.2069999999999999}, "Snake Box": {"Onyx Black": 1.935, "Black": 5.675, "just": 1.1729999999999998}, "Pet Snake": {"Onyx Black": 2.465, "Black": 5.3149999999999995, "just": 1.4364999999999999}, "Candy Cane": {"Hex Pot": 3.02, "Sticky Sweet": 2.0385, "Grinch": 3.02, "Designer": 5.285, "Onyx Black": 2.255, "Black": 5.975, "just": 1.2834999999999999}, "Whip Cupcake": {"Resistance": 5.25, "Sponge Duck": 2.325, "Deep State": 2.325, "Bitcoin": 10.0, "Toncoin": 2.325, "Onyx Black": 2.045, "Black": 5.65, "just": 1.275}, "Big Year": {"Pokeball": 2.619, "Qing Dynasty": 3.007, "The Nether": 2.037, "Big Brother": 2.619, "Bitcoin": 5.4319999999999995, "Gold Mine": 5.4319999999999995, "YouTubes": 3.007, "Telegram": 5.4319999999999995, "Game Boy": 2.231, "Cheshire Cat": 2.328, "Pavel Durov": 5.4319999999999995, "First Website": 2.231, "The Hobbit": 3.007, "Creator": 3.007, "Onyx Black": 3.4450000000000003, "Black": 8.82, "just": 1.649}, "Homemade Cake": {"Onyx Black": 2.29, "Black": 5.825, "just": 1.513}, "Cookie Heart": {"Onyx Black": 2.66, "Black": 7.14, "just": 1.6064999999999998}, "Jester Hat": {"Onyx Black": 2.58, "Black": 6.32, "just": 1.4109999999999998}, "Holiday Drink": {"Onyx Black": 2.8449999999999998, "Black": 5.845000000000001, "just": 1.6064999999999998}, "Ginger Cookie": {"Onyx Black": 3.62, "Black": 6.495, "just": 1.734}, "Hypno Lollipop": {"Onyx Black": 2.705, "Black": 5.705, "just": 1.6235}, "Winter Wreath": {"Onyx Black": 2.585, "Black": 8.915000000000001, "just": 1.6404999999999998}, "Party Sparkler": {"Onyx Black": 3.435, "Black": 6.635000000000001, "just": 1.5895000000000001}, "Jingle Bells": {"Onyx Black": 2.73, "Black": 6.88, "just": 1.496}, "Tama Gadget": {"Onyx Black": 3.45, "Black": 6.995, "just": 1.7}, "Jack-in-the-Box": {"Onyx Black": 2.84, "Black": 7.6000000000000005, "just": 1.87}, "Star Notepad": {"Onyx Black": 3.92, "Black": 8.745000000000001, "just": 1.9889999999999999}, "Easter Egg": {"Onyx Black": 3.465, "Black": 11.04, "just": 2.278}, "Santa Hat": {"Onyx Black": 3.404, "Black": 8.283999999999999, "just": 2.159}, "Hex Pot": {"Onyx Black": 4.045, "Black": 10.445, "just": 2.4565}, "Restless Jar": {"Onyx Black": 3.995, "Black": 9.745000000000001, "just": 2.1165000000000003}, "Lush Bouquet": {"Onyx Black": 4.82, "Black": 7.72, "just": 2.329}, "Spiced Wine": {"Onyx Black": 2.8099999999999996, "Black": 6.746, "just": 1.8275}, "Snow Globe": {"Onyx Black": 4.109999999999999, "Black": 10.309999999999999, "just": 2.227}, "Joyful Bundle": {"Onyx Black": 4.035, "Black": 8.095, "just": 2.2864999999999998}, "Light Sword": {"Onyx Black": 4.1739999999999995, "Black": 10.654, "just": 2.6264999999999996}, "Witch Hat": {"Onyx Black": 4.345000000000001, "Black": 11.995, "just": 2.5415}, "Bow Tie": {"Onyx Black": 4.962, "Black": 12.654, "just": 2.7795}, "Eternal Candle": {"Onyx Black": 5.264, "Black": 10.863999999999999, "just": 2.924}, "Jelly Bunny": {"Onyx Black": 4.7, "Black": 10.7, "just": 2.8899999999999997}, "Bunny Muffin": {"Onyx Black": 5.442, "Black": 11.533999999999999, "just": 2.7965}, "Spy Agaric": {"Onyx Black": 4.720000000000001, "Black": 10.32, "just": 2.72}, "Evil Eye": {"Onyx Black": 6.554, "Black": 13.194, "just": 3.0515}, "Snow Mittens": {"Onyx Black": 4.614, "Black": 7.693999999999999, "just": 3.1365}, "Berry Box": {"Onyx Black": 5.178, "Black": 11.574, "just": 3.0854999999999997}, "Valentine Box": {"Onyx Black": 7.962, "Black": 12.438, "just": 3.6294999999999997}, "Sakura Flower": {"Onyx Black": 6.88, "Black": 13.780000000000001, "just": 4.08}, "Hanging Star": {"Onyx Black": 8.686, "Black": 15.206, "just": 4.547499999999999}, "Sleigh Bell": {"Onyx Black": 10.66, "Black": 18.62, "just": 6.545}, "Love Candle": {"Onyx Black": 9.764, "Black": 14.364, "just": 6.7490000000000006}, "Skull Flower": {"Onyx Black": 9.764, "Black": 18.244, "just": 6.579}, "Crystal Ball": {"Onyx Black": 12.02, "Black": 29.02, "just": 6.545}, "Trapped Heart": {"Onyx Black": 11.758, "Black": 19.754, "just": 7.5905}, "Top Hat": {"Onyx Black": 12.274000000000001, "Black": 25.726, "just": 6.6215}, "Love Potion": {"Onyx Black": 10.924, "Black": 22.128, "just": 7.548}, "Flying Broom": {"Onyx Black": 10.84, "Black": 20.0, "just": 7.99}, "Cupid Charm": {"Onyx Black": 17.516, "Black": 33.384, "just": 9.52}, "Record Player": {"Onyx Black": 11.102, "Black": 20.722, "just": 6.7745}, "Eternal Rose": {"Onyx Black": 18.358, "Black": 32.358000000000004, "just": 11.840499999999999}, "Mad Pumpkin": {"Onyx Black": 24.316000000000003, "Black": 41.464, "just": 15.674000000000001}, "Voodoo Doll": {"Onyx Black": 23.466, "Black": 54.134, "just": 14.3565}, "Diamond Ring": {"Onyx Black": 22.52, "Black": 41.72, "just": 13.77}, "Toy Bear": {"Onyx Black": 24.908, "Black": 47.388, "just": 16.133}, "Vintage Cigar": {"Onyx Black": 33.946, "Black": 55.594, "just": 20.391499999999997}, "Neko Helmet": {"Onyx Black": 37.594, "Black": 75.594, "just": 22.091499999999996}, "Low Rider": {"Onyx Black": 34.554, "Black": 86.594, "just": 21.2415}, "Signet Ring": {"Onyx Black": 35.794, "Black": 76.994, "just": 21.2415}, "Electric Skull": {"Onyx Black": 40.074, "Black": 68.55, "just": 26.851499999999998}, "Kissed Frog": {"Onyx Black": 44.36, "Black": 80.4, "just": 28.9},