{"Snoop Dogg": {"King Snoop": 5.0905000000000005, "Sapphire": 1.826, "Doggfather": 2.849, "Goldizzle": 6.4955, "Cold Topaz": 1.788, "Chrome": 2.282, "Doberman": 3.3905000000000003, "AI Dogg": 2.7305000000000006, "Black Diamond": 2.1585, "Onyx Black": 2.6766666666666667, "Black": 10.376153846153848, "just": 1.3855}, "Swag Bag": {"Darkness": 1.9425000000000001, "Leopard": 1.9425000000000001, "Snoop Life": 2.4975000000000005, "April 20th": 2.4975000000000005, "Cashback": 2.8675, "Bulk Order": 2.3125, "Happy Herbs": 2.8675, "Gin & Jewels": 2.3125, "Take It Easy": 2.1275, "Boiling Hot": 2.3125, "P.I.M.P.": 1.9425000000000001, "Missionary": 6.4750000000000005, "Onyx Black": 2.675, "Black": 6.67, "just": 1.5725}, "Snoop Cigar": {"Onyx Black": 7.845000000000001, "Black": 17.099999999999998, "just": 3.655}, "Lol Pop": {"Jinxed": 1.4949999999999999, "Mortal Sin": 2.6, "Hexed Helix": 1.4300000000000002, "Comic Crunch": 1.3650000000000002, "Satellite": 1.6900000000000002, "Glowstick": 2.015, "Icicle": 1.4300000000000002, "Fire Vortex": 1.4949999999999999, "Dark Portal": 1.56, "Sick Leave": 1.3650000000000002, "Watermelon": 1.4300000000000002, "Cookie Dip": 1.4300000000000002, "Blood Sucker": 1.4949999999999999, "Heart Pop": 1.3650000000000002, "Love Bubbles": 1.625, "Celestia": 2.015, "Milky Way": 1.4300000000000002, "Pink Foil": 1.3650000000000002, "Blood Ember": 1.6900000000000002, "Doodle Art": 1.56, "Sailor Moon": 1.56, "Shock Wave": 1.3650000000000002, "Einstein": 1.3650000000000002, "Angelina": 2.015, "Pumpkin": 1.4949999999999999, "Sweetheart": 1.3650000000000002, "Soap Bubbles": 1.3650000000000002, "Jolly Roger": 1.625, "Rosebud": 1.625, "Dark Sky": 1.4949999999999999, "Andromeda": 1.4949999999999999, "Cobweb": 1.3650000000000002, "Onyx Black": 1.7999999999999998, "Black": 5.050000000000001, "just": 1.105}, "B-Day Candle": {"Kaboom!": 1.891, "Happy Meows": 2.44, "Pixel Wish": 1.891, "Final Boss": 1.891, "Shocker": 1.891, "On Fire": 2.44, "Purr Magic": 2.44, "Payday": 2.44, "Onyx Black": 1.6, "Black": 4.61, "just": 1.037}, "Desk Calendar": {"Telegram": 1.8755, "Adult Tasks": 4.234999999999999, "Independence": 3.388, "Balloon Face": 1.573, "Investor": 4.234999999999999, "Durov Day": 2.42, "Fawkes Night": 3.388, "Checklist": 1.8755, "Hodler": 4.234999999999999, "Burning Time": 1.8755, "Heartbreak": 1.331, "Pepe Plans": 4.234999999999999, "Tic Tac Toe": 1.8755, "Sunday": 2.42, "Peach Week": 1.573, "Deadline": 2.42, "Fund Manager": 1.8755, "Onyx Black": 1.575, "Black": 4.824999999999999, "just": 1.0285}, "Lunar Snake": {"Synthwave": 3.6679999999999997, "Hellspawn": 2.0305, "Python Dev": 2.0305, "Soul Eater": 2.0305, "Dragon Ball": 4.585, "Psychedelic": 2.0305, "Timelock": 1.572, "Hot Cherry": 2.0305, "Onyx Black": 2.005, "Black": 4.855, "just": 1.1135}, "Xmas Stocking": {"Onyx Black": 1.8900000000000001, "Black": 5.615, "just": 1.1305}, "Snake Box": {"Onyx Black": 1.8900000000000001, "Black": 4.885, "just": 1.088}, "Pet Snake": {"Onyx Black": 2.21, "Black": 5.3149999999999995, "just": 1.3855}, "Candy Cane": {"Hex Pot": 2.4025000000000003, "Sticky Sweet": 2.0925000000000002, "Designer": 5.425, "Grinch": 2.4025000000000003, "Onyx Black": 2.25, "Black": 5.725, "just": 1.3175}, "Whip Cupcake": {"Toncoin": 2.17, "Resistance": 4.8999999999999995, "Deep State": 2.17, "Sponge Duck": 2.17, "Bitcoin": 4.8999999999999995, "Onyx Black": 2.0999999999999996, "Black": 5.449999999999999, "just": 1.19}, "Big Year": {"First Website": 2.6195, "Gold Mine": 4.731999999999999, "Cheshire Cat": 2.2815, "Big Brother": 2.6195, "Pavel Durov": 4.731999999999999, "Telegram": 4.731999999999999, "Qing Dynasty": 2.6195, "Game Boy": 2.197, "The Nether": 2.197, "Bitcoin": 4.731999999999999, "YouTubes": 2.6195, "Pokeball": 2.6195, "Creator": 2.6195, "The Hobbit": 3.38, "Onyx Black": 2.715, "Black": 7.795, "just": 1.4364999999999999}, "Homemade Cake": {"Onyx Black": 1.885, "Black": 4.84, "just": 1.258}, "Cookie Heart": {"Onyx Black": 2.3, "Black": 6.8, "just": 1.4875}, "Jester Hat": {"Onyx Black": 3.0100000000000002, "Black": 6.11, "just": 1.377}, "Holiday Drink": {"Onyx Black": 2.29, "Black": 5.6499999999999995, "just": 1.4449999999999998}, "Ginger Cookie": {"Onyx Black": 2.785, "Black": 6.390000000000001, "just": 1.513}, "Hypno Lollipop": {"Onyx Black": 2.675, "Black": 6.825, "just": 1.4875}, "Winter Wreath": {"Onyx Black": 2.31, "Black": 7.959999999999999, "just": 1.462}, "Party Sparkler": {"Onyx Black": 2.9000000000000004, "Black": 5.275, "just": 1.53}, "Jingle Bells": {"Onyx Black": 2.4, "Black": 5.32, "just": 1.394}, "Tama Gadget": {"Onyx Black": 2.61, "Black": 6.12, "just": 1.4789999999999999}, "Jack-in-the-Box": {"Onyx Black": 2.705, "Black": 7.915, "just": 1.768}, "Star Notepad": {"Onyx Black": 3.3200000000000003, "Black": 9.095, "just": 1.8615}, "Easter Egg": {"Onyx Black": 3.8550000000000004, "Black": 10.65, "just": 1.9635}, "Santa Hat": {"Onyx Black": 3.1950000000000003, "Black": 9.595, "just": 2.0315}, "Hex Pot": {"Onyx Black": 3.79, "Black": 8.64, "just": 2.0229999999999997}, "Restless Jar": {"Onyx Black": 3.77, "Black": 7.62, "just": 1.9040000000000001}, "Lush Bouquet": {"Onyx Black": 3.38, "Black": 8.53, "just": 2.176}, "Spiced Wine": {"Onyx Black": 3.15, "Black": 7.925, "just": 1.7}, "Snow Globe": {"Onyx Black": 3.9499999999999997, "Black": 9.05, "just": 1.9549999999999998}, "Joyful Bundle": {"Onyx Black": 3.65, "Black": 8.45, "just": 2.125}, "Light Sword": {"Onyx Black": 4.140000000000001, "Black": 11.265, "just": 2.448}, "Witch Hat": {"Onyx Black": 3.945, "Black": 10.145, "just": 2.3715}, "Bow Tie": {"Onyx Black": 4.72, "Black": 14.72, "just": 2.6264999999999996}, "Eternal Candle": {"Onyx Black": 5.25, "Black": 10.25, "just": 2.55}, "Jelly Bunny": {"Onyx Black": 4.64, "Black": 10.135, "just": 2.788}, "Bunny Muffin": {"Onyx Black": 4.13, "Black": 13.63, "just": 2.771}, "Spy Agaric": {"Onyx Black": 5.215, "Black": 10.715, "just": 2.4905}, "Evil Eye": {"Onyx Black": 5.73, "Black": 15.735000000000001, "just": 2.9495}, "Snow Mittens": {"Onyx Black": 4.55, "Black": 8.7, "just": 2.465}, "Berry Box": {"Onyx Black": 4.735, "Black": 14.245, "just": 2.9665}, "Valentine Box": {"Onyx Black": 5.92, "Black": 10.935, "just": 3.3065}, "Sakura Flower": {"Onyx Black": 5.3100000000000005, "Black": 17.98, "just": 3.366}, "Hanging Star": {"Onyx Black": 7.535, "Black": 16.259999999999998, "just": 3.8419999999999996}, "Sleigh Bell": {"Onyx Black": 9.975000000000001, "Black": 17.97, "just": 5.0575}, "Love Candle": {"Onyx Black": 7.8500000000000005, "Black": 15.450000000000001, "just": 5.44}, "Skull Flower": {"Onyx Black": 8.65, "Black": 16.950000000000003, "just": 5.015000000000001}, "Crystal Ball": {"Onyx Black": 10.135, "Black": 28.150000000000002, "just": 5.3549999999999995}, "Trapped Heart": {"Onyx Black": 10.325, "Black": 23.075000000000003, "just": 6.5025}, "Top Hat": {"Onyx Black": 16.275, "Black": 26.15, "just": 6.46}, "Love Potion": {"Onyx Black": 10.035, "Black": 26.585, "just": 6.9445}, "Flying Broom": {"Onyx Black": 10.625, "Black": 21.37, "just": 7.0125}, "Cupid Charm": {"Onyx Black": 16.5, "Black": 34.5, "just": 8.5}, "Record Player": {"Onyx Black": 9.99, "Black": 23.99, "just": 6.783}, "Eternal Rose": {"Onyx Black": 18.75, "Black": 36.25, "just": 10.625}, "Mad Pumpkin": {"Onyx Black": 17.94, "Black": 39.19, "just": 11.373000000000001}, "Voodoo Doll": {"Onyx Black": 20.42, "Black": 40.42, "just": 12.613999999999999}, "Diamond Ring": {"Onyx Black": 20.075, "Black": 43.075, "just": 12.8775}, "Toy Bear": {"Onyx Black": 22.130000000000003, "Black": 51.475, "just": 15.266}, "Vintage Cigar": {"Onyx Black": 44.435, "Black": 85.385, "just": 19.4395}, "Neko Helmet": {"Onyx Black": 35.195, "Black": 71.695, "just": 19.8815}, "Low Rider": {"Onyx Black": 38.235, "Black": 106.74000000000001, "just": 19.958}, "Signet Ring": {"Onyx Black": 31.485, "Black": 90.49499999999999, "just": 19.5415}, "Electric Skull": {"Onyx Black": 37.695, "Black": 69.69999999999999, "just": 21.59},