{"Snoop Dogg": {"Chrome": 2.5290000000000004, "King Snoop": 4.853000000000001, "Black Diamond": 2.2060000000000004, "AI Dogg": 3.153, "Emerald": 2.1205000000000003, "Doberman": 3.8275, "Sapphire": 2.1585, "Goldizzle": 7.706, "Doggfather": 3.096, "Cold Topaz": 2.1870000000000003, "Onyx Black": 3.466666666666667, "Black": 10.415384615384616, "just": 1.53}, "Swag Bag": {"April 20th": 3.0535, "Gin & Jewels": 2.561, "Bulk Order": 2.2655, "Snoop Life": 2.561, "P.I.M.P.": 2.0685000000000002, "Take It Easy": 2.3049, "Leopard": 2.0685000000000002, "Cashback": 3.0535, "Dogg’s Loot": 2.0685000000000002, "Missionary": 6.895, "Boiling Hot": 2.364, "Darkness": 2.1670000000000003, "Happy Herbs": 3.0535, "Onyx Black": 3.1850000000000005, "Black": 7.234999999999999, "just": 1.6744999999999999}, "Snoop Cigar": {"Onyx Black": 7.609999999999999, "Black": 17.24, "just": 3.9865000000000004}, "Lol Pop": {"Fire Vortex": 1.5225, "Milky Way": 1.595, "Blood Sucker": 1.74, "Angelina": 2.2475, "Jolly Roger": 1.74, "Icy Touch": 1.5225, "Jinxed": 1.6965, "Mortal Sin": 4.06, "Glowstick": 2.2475, "Sailor Moon": 1.595, "Dark Sky": 1.8125, "Plastic Ice": 1.595, "Crystalline": 1.595, "Pumpkin": 1.74, "Blue Goo": 1.5225, "Magic Wand": 1.5225, "Rosebud": 1.74, "Hexed Helix": 1.6674999999999998, "Doodle Art": 1.595, "Einstein": 1.595, "Andromeda": 1.885, "Satellite": 1.8125, "Cobweb": 1.595, "Heart Pop": 1.595, "Shock Wave": 1.6965, "Love Bubbles": 1.8125, "Blood Ember": 1.74, "Watermelon": 1.595, "Sweetheart": 1.885, "Dark Portal": 1.8125, "Celestia": 2.2475, "Onyx Black": 2.015, "Black": 5.425, "just": 1.2325}, "B-Day Candle": {"On Fire": 2.1235000000000004, "Pixel Wish": 2.1235000000000004, "Final Boss": 2.1235000000000004, "Kaboom!": 1.8495000000000004, "Happy Meows": 2.1235000000000004, "Purr Magic": 2.1235000000000004, "Payday": 2.1235000000000004, "Onyx Black": 1.76, "Black": 5.38, "just": 1.1645}, "Desk Calendar": {"Investor": 5.930000000000001, "Pepe Plans": 10.515, "Telegram": 2.108, "Balloon Face": 2.108, "Adult Tasks": 26.18, "Peach Week": 2.108, "Tic Tac Toe": 2.108, "Sunday": 1.8360000000000003, "Durov Day": 2.108, "Fund Manager": 2.108, "Heartbreak": 1.4280000000000002, "Deadline": 2.108, "Fawkes Night": 4.760000000000001, "Hodler": 4.760000000000001, "Checklist": 2.108, "Burning Time": 1.8360000000000003, "Independence": 2.72, "Onyx Black": 1.6800000000000002, "Black": 5.565, "just": 1.1560000000000001}, "Lunar Snake": {"Psychedelic": 1.875, "Hellspawn": 2.0250000000000004, "Soul Eater": 3.0, "Python Dev": 2.325, "Hot Cherry": 1.9500000000000002, "Timelock": 1.9500000000000002, "Synthwave": 5.25, "Dragon Ball": 5.25, "Onyx Black": 2.245, "Black": 5.745, "just": 1.275}, "Xmas Stocking": {"Onyx Black": 2.675, "Black": 5.7250000000000005, "just": 1.2325}, "Snake Box": {"Onyx Black": 2.215, "Black": 5.629999999999999, "just": 1.2495}, "Pet Snake": {"Onyx Black": 2.46, "Black": 5.84, "just": 1.4705}, "Candy Cane": {"Sticky Sweet": 2.1735, "Grinch": 3.22, "Hex Pot": 3.22, "Designer": 8.505, "Onyx Black": 2.48, "Black": 5.98, "just": 1.3685}, "Whip Cupcake": {"Resistance": 5.425, "Toncoin": 2.4025000000000003, "Deep State": 2.4025000000000003, "Sponge Duck": 3.1, "Bitcoin": 9.475, "Onyx Black": 2.25, "Black": 5.725, "just": 1.3175}, "Big Year": {"Qing Dynasty": 3.3480000000000003, "Game Boy": 2.2680000000000002, "First Website": 2.2680000000000002, "YouTubes": 4.32, "The Nether": 2.9160000000000004, "Telegram": 4.32, "Creator": 2.9160000000000004, "Pokeball": 2.592, "Gold Mine": 7.5600000000000005, "Big Brother": 2.9160000000000004, "Bitcoin": 4.32, "Pavel Durov": 4.32, "The Hobbit": 3.3480000000000003, "Cheshire Cat": 2.3760000000000003, "Onyx Black": 3.705, "Black": 8.68, "just": 1.836}, "Homemade Cake": {"Onyx Black": 2.42, "Black": 5.58, "just": 1.5725}, "Cookie Heart": {"Onyx Black": 2.57, "Black": 6.825, "just": 1.6575}, "Jester Hat": {"Onyx Black": 2.6100000000000003, "Black": 6.495, "just": 1.4875}, "Holiday Drink": {"Onyx Black": 2.67, "Black": 6.220000000000001, "just": 1.649}, "Ginger Cookie": {"Onyx Black": 3.665, "Black": 7.015000000000001, "just": 1.7254999999999998}, "Hypno Lollipop": {"Onyx Black": 2.79, "Black": 6.5, "just": 1.768}, "Winter Wreath": {"Moon Cat": 108.49000000000001, "Onyx Black": 2.5549999999999997, "Black": 8.64, "just": 1.683}, "Party Sparkler": {"Onyx Black": 3.5650000000000004, "Black": 7.96, "just": 1.6404999999999998}, "Jingle Bells": {"Onyx Black": 2.8449999999999998, "Black": 6.75, "just": 1.785}, "Tama Gadget": {"Onyx Black": 3.46, "Black": 6.550000000000001, "just": 1.785}, "Jack-in-the-Box": {"Onyx Black": 3.13, "Black": 7.62, "just": 1.9124999999999999}, "Star Notepad": {"Onyx Black": 3.3899999999999997, "Black": 9.64, "just": 1.9379999999999997}, "Easter Egg": {"Onyx Black": 3.63, "Black": 11.08, "just": 2.3545}, "Santa Hat": {"Onyx Black": 3.5300000000000002, "Black": 8.39, "just": 2.3375}, "Hex Pot": {"Onyx Black": 3.92, "Black": 10.085, "just": 2.295}, "Restless Jar": {"Onyx Black": 3.79, "Black": 10.54, "just": 2.193}, "Lush Bouquet": {"Onyx Black": 4.33, "Black": 7.9799999999999995, "just": 2.516}, "Spiced Wine": {"Onyx Black": 2.982, "Black": 6.878, "just": 2.0145}, "Snow Globe": {"Onyx Black": 4.640000000000001, "Black": 12.895, "just": 2.3715}, "Joyful Bundle": {"Onyx Black": 3.625, "Black": 7.995, "just": 2.38}, "Light Sword": {"Onyx Black": 4.604, "Black": 10.703999999999999, "just": 2.754}, "Witch Hat": {"Onyx Black": 4.74, "Black": 11.74, "just": 2.9579999999999997}, "Bow Tie": {"Onyx Black": 4.96, "Black": 12.647999999999998, "just": 2.788}, "Eternal Candle": {"Onyx Black": 5.338, "Black": 11.342, "just": 3.0345}, "Jelly Bunny": {"Onyx Black": 5.485, "Black": 11.14, "just": 3.0004999999999997}, "Bunny Muffin": {"Onyx Black": 4.88, "Black": 13.48, "just": 3.23}, "Spy Agaric": {"Onyx Black": 5.204, "Black": 10.396, "just": 2.839}, "Evil Eye": {"Onyx Black": 6.108, "Black": 12.632000000000001, "just": 3.162}, "Snow Mittens": {"Onyx Black": 5.1080000000000005, "Black": 7.964, "just": 3.128}, "Berry Box": {"Onyx Black": 5.91, "Black": 11.629999999999999, "just": 3.2725}, "Valentine Box": {"Onyx Black": 7.52, "Black": 12.719999999999999, "just": 4.08}, "Sakura Flower": {"Onyx Black": 6.994, "Black": 15.394, "just": 4.2415}, "Hanging Star": {"Onyx Black": 8.556000000000001, "Black": 15.352, "just": 4.76}, "Sleigh Bell": {"Onyx Black": 10.614, "Black": 18.61, "just": 6.5365}, "Love Candle": {"Onyx Black": 11.216, "Black": 20.612000000000002, "just": 7.105999999999999}, "Skull Flower": {"Onyx Black": 10.758, "Black": 17.918, "just": 7.250499999999999}, "Crystal Ball": {"Onyx Black": 10.928, "Black": 28.127999999999997, "just": 6.6979999999999995}, "Trapped Heart": {"Onyx Black": 13.201999999999998, "Black": 19.282, "just": 7.964499999999999}, "Top Hat": {"Onyx Black": 12.283999999999999, "Black": 22.564, "just": 6.7490000000000006}, "Love Potion": {"Onyx Black": 10.996, "Black": 22.2, "just": 7.6499999999999995}, "Flying Broom": {"Onyx Black": 10.9, "Black": 20.06, "just": 8.075}, "Cupid Charm": {"Onyx Black": 16.894, "Black": 32.494, "just": 9.7665}, "Record Player": {"Onyx Black": 11.120000000000001, "Black": 20.396, "just": 6.8}, "Eternal Rose": {"Onyx Black": 17.414, "Black": 37.014, "just": 11.6365}, "Mad Pumpkin": {"Onyx Black": 22.328, "Black": 38.128, "just": 14.347999999999999}, "Voodoo Doll": {"Onyx Black": 21.874, "Black": 48.074, "just": 14.2715}, "Diamond Ring": {"Onyx Black": 22.484, "Black": 43.684, "just": 13.719}, "Toy Bear": {"Onyx Black": 24.43, "Black": 46.91, "just": 15.461500000000001}, "Vintage Cigar": {"Onyx Black": 40.0, "Black": 55.6, "just": 20.4}, "Neko Helmet": {"Onyx Black": 35.989999999999995, "Black": 75.99, "just": 22.6525}, "Low Rider": {"Onyx Black": 34.268, "Black": 91.068, "just": 21.913}, "Signet Ring": {"Onyx Black": 37.294, "Black": 80.094, "just": 23.3665}, "Electric Skull": {"Onyx Black": 44.194, "Black": 67.78999999999999, "just": 26.341499999999996},