{"Snoop Dogg": {"Sapphire": 2.1015, "AI Dogg": 3.096, "Chrome": 2.5100000000000002, "King Snoop": 4.6915000000000004, "Goldizzle": 6.780499999999999, "Doggfather": 3.2955, "Black Diamond": 2.2155, "King Ruby": 2.016, "Cold Topaz": 2.2060000000000004, "Doberman": 3.8560000000000003, "Onyx Black": 3.46, "Black": 10.53076923076923, "just": 1.53}, "Swag Bag": {"April 20th": 2.9295, "Darkness": 2.1734999999999998, "Leopard": 2.079, "Boiling Hot": 2.3625, "Gin & Jewels": 2.3625, "Take It Easy": 2.3625, "Happy Herbs": 2.9295, "Missionary": 6.614999999999999, "Snoop Life": 2.5515, "Cashback": 2.9295, "Bulk Order": 2.5515, "Onyx Black": 3.12, "Black": 6.944999999999999, "just": 1.6064999999999998}, "Snoop Cigar": {"Onyx Black": 7.25, "Black": 16.700000000000003, "just": 3.74}, "Lol Pop": {"Sweetheart": 1.518, "Sailor Moon": 1.518, "Jolly Roger": 1.5869999999999997, "Heart Pop": 1.518, "Hexed Helix": 1.5869999999999997, "Portable Pop": 1.4489999999999998, "Milky Way": 1.4489999999999998, "Pink Foil": 1.4489999999999998, "Pumpkin": 1.518, "Blood Ember": 1.518, "Love Bubbles": 1.518, "Cookie Dip": 1.4489999999999998, "Rosebud": 1.656, "Dark Sky": 1.5869999999999997, "Dark Portal": 2.139, "Comic Crunch": 1.518, "Andromeda": 1.5869999999999997, "Einstein": 1.518, "Jinxed": 1.7249999999999999, "Angelina": 2.139, "Icicle": 1.4489999999999998, "Watermelon": 1.4489999999999998, "Nostalgia": 1.4489999999999998, "Satellite": 1.7249999999999999, "Cobweb": 1.4489999999999998, "Shock Wave": 1.4489999999999998, "Mortal Sin": 3.8639999999999994, "Blood Sucker": 1.656, "Doodle Art": 1.4489999999999998, "Glowstick": 2.139, "Celestia": 2.139, "Onyx Black": 1.94, "Black": 5.405, "just": 1.1729999999999998}, "B-Day Candle": {"Payday": 2.0925000000000002, "Kaboom!": 1.8225000000000002, "Final Boss": 2.0925000000000002, "On Fire": 2.0925000000000002, "Pixel Wish": 2.0925000000000002, "Purr Magic": 2.0925000000000002, "Happy Meows": 2.0925000000000002, "Onyx Black": 1.725, "Black": 5.41, "just": 1.1475}, "Desk Calendar": {"Checklist": 1.7955000000000003, "Pepe Plans": 11.459999999999999, "Investor": 5.365, "Sunday": 2.0615, "Deadline": 2.0615, "Telegram": 2.0615, "Balloon Face": 1.5294999999999999, "Fund Manager": 2.0615, "Tic Tac Toe": 1.7955000000000003, "Durov Day": 2.66, "Fawkes Night": 4.655, "Hodler": 3.7239999999999998, "Peach Week": 2.0615, "Burning Time": 2.0615, "Adult Tasks": 27.615000000000002, "Independence": 2.66, "Heartbreak": 1.729, "Onyx Black": 1.6600000000000001, "Black": 6.165, "just": 1.1305}, "Lunar Snake": {"Psychedelic": 1.7999999999999998, "Dragon Ball": 5.04, "Timelock": 1.656, "Hot Cherry": 2.2319999999999998, "Python Dev": 2.2319999999999998, "Soul Eater": 1.944, "Hellspawn": 2.2319999999999998, "Synthwave": 5.04, "Onyx Black": 2.05, "Black": 5.620000000000001, "just": 1.224}, "Xmas Stocking": {"Onyx Black": 2.0149999999999997, "Black": 5.449999999999999, "just": 1.19}, "Snake Box": {"Onyx Black": 2.07, "Black": 5.935, "just": 1.139}, "Pet Snake": {"Onyx Black": 2.535, "Black": 5.895, "just": 1.53}, "Candy Cane": {"Hex Pot": 3.1, "Grinch": 3.1, "Sticky Sweet": 2.0925000000000002, "Designer": 5.425, "Onyx Black": 2.275, "Black": 6.159999999999999, "just": 1.3175}, "Whip Cupcake": {"Bitcoin": 10.985000000000001, "Toncoin": 2.2785, "Sponge Duck": 2.94, "Deep State": 1.9845000000000002, "Resistance": 5.145, "Onyx Black": 1.935, "Black": 5.685, "just": 1.2495}, "Big Year": {"Bitcoin": 5.572, "The Hobbit": 3.98, "Big Brother": 2.587, "Cheshire Cat": 2.2885, "Telegram": 5.572, "The Nether": 2.0895, "Qing Dynasty": 3.0845000000000002, "Pavel Durov": 3.98, "YouTubes": 2.6865, "Creator": 2.6865, "Gold Mine": 6.965, "Game Boy": 2.2885, "Pokeball": 2.6865, "Onyx Black": 3.4699999999999998, "Black": 8.42, "just": 1.6915}, "Homemade Cake": {"Onyx Black": 2.055, "Black": 5.435, "just": 1.428}, "Cookie Heart": {"Onyx Black": 2.36, "Black": 7.405, "just": 1.547}, "Jester Hat": {"Onyx Black": 2.8, "Black": 6.73, "just": 1.4109999999999998}, "Holiday Drink": {"Onyx Black": 2.63, "Black": 5.885, "just": 1.5045}, "Ginger Cookie": {"Onyx Black": 3.145, "Black": 6.1450000000000005, "just": 1.5215}, "Hypno Lollipop": {"Onyx Black": 2.925, "Black": 6.4799999999999995, "just": 1.666}, "Winter Wreath": {"Onyx Black": 2.965, "Black": 9.415, "just": 1.6404999999999998}, "Party Sparkler": {"Onyx Black": 4.03, "Black": 7.98, "just": 1.751}, "Jingle Bells": {"Onyx Black": 2.875, "Black": 6.7749999999999995, "just": 1.7424999999999997}, "Tama Gadget": {"Onyx Black": 3.495, "Black": 7.545, "just": 1.7764999999999997}, "Jack-in-the-Box": {"Onyx Black": 3.1750000000000003, "Black": 7.930000000000001, "just": 1.87}, "Star Notepad": {"Onyx Black": 3.675, "Black": 9.045, "just": 1.9975}, "Easter Egg": {"Onyx Black": 3.85, "Black": 11.05, "just": 2.125}, "Santa Hat": {"Onyx Black": 3.162, "Black": 7.882, "just": 2.0995}, "Hex Pot": {"Onyx Black": 3.77, "Black": 9.399999999999999, "just": 2.38}, "Restless Jar": {"Onyx Black": 3.745, "Black": 8.465, "just": 2.1165000000000003}, "Lush Bouquet": {"Onyx Black": 4.415, "Black": 8.07, "just": 2.4139999999999997}, "Spiced Wine": {"Onyx Black": 3.04, "Black": 6.683999999999999, "just": 2.108}, "Snow Globe": {"Onyx Black": 4.17, "Black": 10.395, "just": 2.3715}, "Joyful Bundle": {"Onyx Black": 4.105, "Black": 8.165, "just": 2.4055}, "Light Sword": {"Onyx Black": 4.382, "Black": 10.482000000000001, "just": 2.5245}, "Witch Hat": {"Onyx Black": 4.175, "Black": 11.924999999999999, "just": 2.4225}, "Bow Tie": {"Onyx Black": 4.162, "Black": 12.521999999999998, "just": 2.7795}, "Eternal Candle": {"Onyx Black": 4.834, "Black": 10.453999999999999, "just": 2.9665}, "Jelly Bunny": {"Onyx Black": 4.65, "Black": 10.379999999999999, "just": 2.8049999999999997}, "Bunny Muffin": {"Onyx Black": 4.9, "Black": 11.7, "just": 2.975}, "Spy Agaric": {"Onyx Black": 5.054, "Black": 11.654, "just": 2.6264999999999996}, "Evil Eye": {"Onyx Black": 6.572, "Black": 12.372, "just": 3.077}, "Snow Mittens": {"Onyx Black": 5.0, "Black": 8.196, "just": 3.4}, "Berry Box": {"Onyx Black": 4.526, "Black": 11.725999999999999, "just": 3.0174999999999996}, "Valentine Box": {"Onyx Black": 8.668, "Black": 12.068, "just": 4.063}, "Sakura Flower": {"Onyx Black": 6.422000000000001, "Black": 14.622, "just": 3.7145}, "Hanging Star": {"Onyx Black": 8.68, "Black": 15.116, "just": 4.42}, "Sleigh Bell": {"Onyx Black": 10.894, "Black": 18.694, "just": 6.3665}, "Love Candle": {"Onyx Black": 10.690000000000001, "Black": 16.89, "just": 6.9275}, "Skull Flower": {"Onyx Black": 11.134, "Black": 17.334, "just": 7.556500000000001}, "Crystal Ball": {"Onyx Black": 12.536000000000001, "Black": 30.560000000000002, "just": 6.46}, "Trapped Heart": {"Onyx Black": 11.764, "Black": 19.76, "just": 7.598999999999999}, "Top Hat": {"Onyx Black": 12.784, "Black": 25.18, "just": 7.344}, "Love Potion": {"Onyx Black": 10.774000000000001, "Black": 24.814, "just": 7.386499999999999}, "Flying Broom": {"Onyx Black": 11.034, "Black": 17.234, "just": 7.9815000000000005}, "Cupid Charm": {"Onyx Black": 17.634, "Black": 34.434, "just": 9.6815}, "Record Player": {"Onyx Black": 11.324, "Black": 20.479999999999997, "just": 7.0889999999999995}, "Eternal Rose": {"Onyx Black": 19.5, "Black": 34.7, "just": 12.325}, "Mad Pumpkin": {"Onyx Black": 26.994, "Black": 43.394000000000005, "just": 16.141499999999997}, "Voodoo Doll": {"Onyx Black": 23.92, "Black": 41.12, "just": 14.62}, "Diamond Ring": {"Onyx Black": 20.354, "Black": 37.734, "just": 14.3565}, "Toy Bear": {"Onyx Black": 25.49, "Black": 49.94200000000001, "just": 15.7845}, "Vintage Cigar": {"Onyx Black": 46.519999999999996, "Black": 62.519999999999996, "just": 22.27}, "Neko Helmet": {"Onyx Black": 41.214, "Black": 65.21, "just": 24.3865}, "Low Rider": {"Onyx Black": 35.274, "Black": 89.474, "just": 21.921499999999998}, "Signet Ring": {"Onyx Black": 38.182, "Black": 79.382, "just": 24.624499999999998}, "Electric Skull": {"Onyx Black": 45.334, "Black": 69.33, "just": 27.9565},