{"Snoop Dogg": {"King Ruby": 1.9730000000000003, "Cold Topaz": 2.0775, "Doberman": 3.231, "Goldizzle": 6.8185, "Chrome": 2.2105, "AI Dogg": 2.8655, "Sapphire": 2.239, "King Snoop": 4.4655, "Doggfather": 2.965, "Black Diamond": 2.1155, "Onyx Black": 3.2633333333333336, "Black": 10.037692307692307, "just": 1.5555}, "Swag Bag": {"Take It Easy": 2.781, "Happy Herbs": 3.193, "Missionary": 8.525, "Cashback": 3.193, "P.I.M.P.": 2.1630000000000003, "Leopard": 2.1630000000000003, "April 20th": 3.193, "Darkness": 2.1630000000000003, "Boiling Hot": 2.4102, "Gin & Jewels": 2.575, "Snoop Life": 2.781, "Bulk Order": 2.2660000000000005, "Onyx Black": 3.1799999999999997, "Black": 7.529999999999999, "just": 1.751}, "Snoop Cigar": {"Onyx Black": 7.8999999999999995, "Black": 19.25, "just": 4.1225}, "Lol Pop": {"Doodle Art": 1.6280000000000001, "Angelina": 2.294, "Rosebud": 1.7315999999999998, "Gold Star": 1.554, "Einstein": 1.7315999999999998, "Celestia": 2.294, "Jinxed": 1.6280000000000001, "Sweetheart": 1.85, "Love Bubbles": 1.85, "Satellite": 1.85, "Heart Pop": 1.6280000000000001, "Hollywood": 1.554, "Sick Leave": 1.554, "Andromeda": 1.998, "Blood Ember": 1.7315999999999998, "Dark Portal": 1.85, "Pumpkin": 1.85, "Icy Touch": 1.554, "Milky Way": 1.554, "Nostalgia": 1.554, "Blood Sucker": 1.998, "Cobweb": 1.554, "Jolly Roger": 1.85, "Hexed Helix": 1.85, "Dark Sky": 1.6280000000000001, "Shock Wave": 1.554, "Glowstick": 1.998, "Mortal Sin": 2.96, "Onyx Black": 1.99, "Black": 5.220000000000001, "just": 1.258}, "B-Day Candle": {"Payday": 2.2319999999999998, "On Fire": 2.2319999999999998, "Happy Meows": 2.2319999999999998, "Purr Magic": 2.2319999999999998, "Final Boss": 2.2319999999999998, "Pixel Wish": 2.2319999999999998, "Kaboom!": 1.944, "Onyx Black": 1.865, "Black": 5.18, "just": 1.224}, "Desk Calendar": {"Sunday": 1.944, "Fawkes Night": 2.88, "Deadline": 2.2319999999999998, "Fund Manager": 2.2319999999999998, "Telegram": 2.2319999999999998, "Peach Week": 2.2319999999999998, "Balloon Face": 1.8719999999999999, "Hodler": 5.04, "Pepe Plans": 12.864999999999998, "Durov Day": 5.04, "Checklist": 2.2319999999999998, "Heartbreak": 1.584, "Tic Tac Toe": 2.2319999999999998, "Investor": 8.72, "Adult Tasks": 27.625000000000004, "Burning Time": 2.2319999999999998, "Independence": 2.2319999999999998, "Onyx Black": 1.875, "Black": 5.32, "just": 1.224}, "Lunar Snake": {"Synthwave": 4.199999999999999, "Python Dev": 2.0250000000000004, "Hot Cherry": 1.9500000000000002, "Hellspawn": 2.0250000000000004, "Psychedelic": 1.875, "Timelock": 2.325, "Dragon Ball": 5.25, "Soul Eater": 2.325, "Onyx Black": 2.3449999999999998, "Black": 5.445, "just": 1.275}, "Xmas Stocking": {"Onyx Black": 2.255, "Black": 5.775, "just": 1.292}, "Snake Box": {"Onyx Black": 2.1950000000000003, "Black": 5.4399999999999995, "just": 1.36}, "Pet Snake": {"Onyx Black": 2.545, "Black": 5.965, "just": 1.649}, "Candy Cane": {"Hex Pot": 4.255999999999999, "Designer": 5.32, "Grinch": 3.04, "Sticky Sweet": 2.3560000000000003, "Onyx Black": 2.26, "Black": 5.605, "just": 1.292}, "Whip Cupcake": {"Toncoin": 2.6195, "Sponge Duck": 2.6195, "Resistance": 5.915, "Deep State": 2.2815, "Bitcoin": 13.594999999999999, "Onyx Black": 2.1950000000000003, "Black": 5.745000000000001, "just": 1.4364999999999999}, "Big Year": {"Qing Dynasty": 2.945, "Creator": 2.945, "Balloons": 2.1849999999999996, "Telegram": 5.319999999999999, "Big Brother": 2.945, "The Hobbit": 3.8, "Bitcoin": 5.319999999999999, "Pokeball": 2.565, "The Nether": 2.945, "Game Boy": 2.09, "Gold Mine": 6.6499999999999995, "Cheshire Cat": 2.945, "First Website": 2.223, "Pavel Durov": 10.4, "YouTubes": 2.945, "Onyx Black": 3.9499999999999997, "Black": 9.1, "just": 1.615}, "Homemade Cake": {"Onyx Black": 2.375, "Black": 5.65, "just": 1.615}, "Cookie Heart": {"Onyx Black": 2.545, "Black": 6.6899999999999995, "just": 1.6064999999999998}, "Jester Hat": {"Onyx Black": 2.465, "Black": 6.5, "just": 1.496}, "Holiday Drink": {"Onyx Black": 2.695, "Black": 6.069999999999999, "just": 1.6064999999999998}, "Ginger Cookie": {"Onyx Black": 3.5650000000000004, "Black": 7.140000000000001, "just": 1.683}, "Hypno Lollipop": {"Onyx Black": 3.46, "Black": 6.775, "just": 1.6575}, "Winter Wreath": {"Moon Cat": 91.0, "Onyx Black": 2.55, "Black": 6.995, "just": 1.7}, "Party Sparkler": {"Onyx Black": 2.965, "Black": 7.415, "just": 1.6404999999999998}, "Jingle Bells": {"Onyx Black": 2.945, "Black": 6.145, "just": 1.7764999999999997}, "Tama Gadget": {"Onyx Black": 3.46, "Black": 6.775, "just": 1.785}, "Jack-in-the-Box": {"Onyx Black": 3.12, "Black": 6.97, "just": 1.9040000000000001}, "Star Notepad": {"Onyx Black": 3.7700000000000005, "Black": 9.445, "just": 2.0315}, "Easter Egg": {"Onyx Black": 3.8, "Black": 10.879999999999999, "just": 2.4225}, "Santa Hat": {"Onyx Black": 3.76, "Black": 8.276, "just": 2.38}, "Hex Pot": {"Onyx Black": 4.0, "Black": 9.84, "just": 2.3715}, "Restless Jar": {"Onyx Black": 3.955, "Black": 9.27, "just": 2.244}, "Lush Bouquet": {"Onyx Black": 5.25, "Black": 8.850000000000001, "just": 2.72}, "Spiced Wine": {"Onyx Black": 3.3939999999999997, "Black": 7.101999999999999, "just": 2.2015}, "Snow Globe": {"Onyx Black": 4.895, "Black": 11.399999999999999, "just": 2.38}, "Joyful Bundle": {"Onyx Black": 4.385, "Black": 9.61, "just": 2.3545}, "Light Sword": {"Onyx Black": 4.456, "Black": 9.86, "just": 2.635}, "Witch Hat": {"Onyx Black": 4.545, "Black": 12.049999999999999, "just": 2.635}, "Bow Tie": {"Onyx Black": 4.609999999999999, "Black": 11.89, "just": 2.6774999999999998}, "Eternal Candle": {"Onyx Black": 5.39, "Black": 11.190000000000001, "just": 3.1025}, "Jelly Bunny": {"Onyx Black": 5.09, "Black": 10.18, "just": 2.8729999999999998}, "Bunny Muffin": {"Onyx Black": 4.554, "Black": 11.554, "just": 3.0515}, "Spy Agaric": {"Onyx Black": 5.5, "Black": 10.492, "just": 2.975}, "Evil Eye": {"Onyx Black": 6.348000000000001, "Black": 13.420000000000002, "just": 3.145}, "Snow Mittens": {"Onyx Black": 6.286, "Black": 8.086, "just": 3.2385}, "Berry Box": {"Onyx Black": 5.134, "Black": 10.613999999999999, "just": 3.1365}, "Valentine Box": {"Onyx Black": 7.234, "Black": 12.674, "just": 4.0715}, "Sakura Flower": {"Onyx Black": 6.906, "Black": 16.11, "just": 4.1225}, "Hanging Star": {"Onyx Black": 8.158, "Black": 15.358, "just": 5.0405}, "Sleigh Bell": {"Onyx Black": 12.620000000000001, "Black": 20.619999999999997, "just": 6.545}, "Love Candle": {"Onyx Black": 10.188, "Black": 17.128, "just": 7.123}, "Skull Flower": {"Onyx Black": 11.42, "Black": 18.18, "just": 6.545}, "Crystal Ball": {"Onyx Black": 12.341999999999999, "Black": 27.182, "just": 6.7745}, "Trapped Heart": {"Onyx Black": 12.29, "Black": 19.130000000000003, "just": 7.2675}, "Top Hat": {"Onyx Black": 15.096, "Black": 26.7, "just": 7.225}, "Love Potion": {"Onyx Black": 11.534, "Black": 23.93, "just": 8.4065}, "Flying Broom": {"Onyx Black": 12.488, "Black": 17.288, "just": 8.058}, "Cupid Charm": {"Onyx Black": 16.9, "Black": 32.7, "just": 9.775}, "Record Player": {"Onyx Black": 10.488, "Black": 20.727999999999998, "just": 6.6979999999999995}, "Eternal Rose": {"Onyx Black": 19.177999999999997, "Black": 33.618, "just": 11.9255}, "Mad Pumpkin": {"Onyx Black": 24.2, "Black": 39.8, "just": 16.15}, "Voodoo Doll": {"Onyx Black": 24.216, "Black": 44.635999999999996, "just": 14.500999999999998}, "Diamond Ring": {"Onyx Black": 21.04, "Black": 41.64, "just": 13.939999999999998}, "Toy Bear": {"Onyx Black": 33.8, "Black": 51.4, "just": 22.95}, "Vintage Cigar": {"Onyx Black": 37.128, "Black": 60.528000000000006, "just": 21.148}, "Neko Helmet": {"Onyx Black": 38.974000000000004, "Black": 66.894, "just": 24.046499999999998}, "Low Rider": {"Onyx Black": 32.534, "Black": 82.934, "just": 21.1565}, "Signet Ring": {"Onyx Black": 37.96, "Black": 76.76, "just": 24.310000000000002}, "Electric Skull": {"Onyx Black": 45.546, "Black": 75.95, "just": 28.2625}, "Kissed Frog": {"Onyx Black": 45.48, "Black": 80.28, "just": 28.729999999999997},