{"Snoop Dogg": {"Chrome": 2.5665, "Doggfather": 3.2405, "Doberman": 3.763, "Goldizzle": 8.494, "Black Diamond": 2.1725000000000003, "Sapphire": 2.0585, "King Snoop": 6.1754999999999995, "AI Dogg": 2.766, "Onyx Black": 3.83, "Black": 10.205384615384615, "just": 1.6064999999999998}, "Swag Bag": {"Gin & Jewels": 2.388, "Leopard": 2.0895, "April 20th": 2.6865, "Take It Easy": 2.587, "Golden Nugs": 2.0895, "Bulk Order": 2.189, "Boiling Hot": 2.6865, "Darkness": 2.0895, "Aviators": 2.0895, "Missionary": 8.495, "Snoop Life": 2.4875, "Cashback": 3.0845000000000002, "Happy Herbs": 3.0845000000000002, "Onyx Black": 3.9450000000000003, "Black": 7.19, "just": 1.6915}, "Snoop Cigar": {"Onyx Black": 8.43, "Black": 19.955, "just": 4.1819999999999995}, "Lol Pop": {"Jolly Roger": 1.6496999999999997, "Crystalline": 1.4805, "Cobweb": 1.551, "Romance": 1.4805, "Dark Portal": 1.6214999999999997, "Shock Wave": 1.4805, "Andromeda": 1.9035, "Plastic Ice": 1.4805, "Blood Ember": 1.6496999999999997, "Crystal Comet": 1.4805, "Fire Vortex": 1.4805, "Doodle Art": 1.551, "Jinxed": 1.692, "Love Bubbles": 1.6214999999999997, "Pumpkin": 2.1854999999999998, "Mortal Sin": 2.82, "Satellite": 1.6496999999999997, "Icicle": 1.4805, "Milky Way": 1.4805, "Angelina": 2.1854999999999998, "Celestia": 1.9035, "Rosebud": 1.692, "Comic Crunch": 1.4805, "Watermelon": 1.4805, "Blood Sucker": 1.7625, "Hexed Helix": 1.551, "Gold Star": 1.4805, "Einstein": 1.692, "Dark Sky": 1.551, "Sweetheart": 1.692, "Heart Pop": 1.4805, "Sick Leave": 1.4805, "Glowstick": 1.9035, "Nostalgia": 1.4805, "Onyx Black": 1.935, "Black": 4.95, "just": 1.1985}, "B-Day Candle": {"Payday": 2.139, "Happy Meows": 2.139, "Pixel Wish": 2.139, "Purr Magic": 2.139, "Final Boss": 2.139, "On Fire": 2.139, "Kaboom!": 2.139, "Onyx Black": 1.78, "Black": 5.01, "just": 1.1729999999999998}, "Desk Calendar": {"Investor": 9.545, "Telegram": 2.68, "Heartbreak": 1.5678, "Fund Manager": 2.0770000000000004, "Hodler": 4.69, "Checklist": 1.8090000000000002, "Adult Tasks": 25.615, "Durov Day": 6.62, "Peach Week": 2.0770000000000004, "Deadline": 2.0770000000000004, "Fawkes Night": 5.62, "Balloon Face": 1.675, "Sunday": 2.0770000000000004, "Independence": 2.0770000000000004, "Burning Time": 2.0770000000000004, "Tic Tac Toe": 1.675, "Pepe Plans": 14.17, "Onyx Black": 1.745, "Black": 5.115, "just": 1.139}, "Lunar Snake": {"Timelock": 2.2785, "Hellspawn": 1.911, "Synthwave": 5.145, "Hot Cherry": 1.9845000000000002, "Psychedelic": 1.911, "Soul Eater": 2.2785, "Python Dev": 2.2785, "Dragon Ball": 5.145, "Onyx Black": 2.835, "Black": 5.475, "just": 1.2495}, "Xmas Stocking": {"Onyx Black": 2.035, "Black": 5.905, "just": 1.2069999999999999}, "Snake Box": {"Onyx Black": 2.145, "Black": 6.045, "just": 1.3515}, "Pet Snake": {"Onyx Black": 2.34, "Black": 5.905, "just": 1.5555}, "Candy Cane": {"Designer": 5.53, "Sticky Sweet": 1.975, "Hex Pot": 4.4239999999999995, "Grinch": 3.16, "Onyx Black": 2.14, "Black": 5.795, "just": 1.343}, "Whip Cupcake": {"Deep State": 2.1330000000000005, "Bitcoin": 11.790000000000001, "Toncoin": 2.4490000000000003, "Resistance": 5.53, "Sponge Duck": 2.4490000000000003, "Onyx Black": 2.455, "Black": 5.45, "just": 1.343}, "Big Year": {"Big Brother": 2.8985000000000003, "Balloons": 1.9635000000000002, "Creator": 2.8985000000000003, "Pokeball": 2.5245, "Bitcoin": 5.236, "The Hobbit": 3.74, "The Nether": 2.8985000000000003, "Gold Mine": 6.545, "Telegram": 5.236, "Cheshire Cat": 2.8985000000000003, "Game Boy": 2.0570000000000004, "Qing Dynasty": 2.8985000000000003, "YouTubes": 2.8985000000000003, "Pavel Durov": 9.434999999999999, "First Website": 2.5245, "Onyx Black": 3.5300000000000002, "Black": 8.934999999999999, "just": 1.5895000000000001}, "Homemade Cake": {"Onyx Black": 2.225, "Black": 5.324999999999999, "just": 1.581}, "Cookie Heart": {"Onyx Black": 2.73, "Black": 6.7250000000000005, "just": 1.666}, "Jester Hat": {"Onyx Black": 2.54, "Black": 6.465000000000001, "just": 1.513}, "Holiday Drink": {"Onyx Black": 2.66, "Black": 6.29, "just": 1.5979999999999999}, "Ginger Cookie": {"Onyx Black": 3.625, "Black": 7.220000000000001, "just": 1.6575}, "Hypno Lollipop": {"Onyx Black": 3.3200000000000003, "Black": 7.445, "just": 1.6915}, "Winter Wreath": {"Moon Cat": 90.985, "Onyx Black": 2.885, "Black": 7.935, "just": 1.6744999999999999}, "Party Sparkler": {"Onyx Black": 2.9, "Black": 6.699999999999999, "just": 1.615}, "Jingle Bells": {"Onyx Black": 2.98, "Black": 6.435, "just": 1.768}, "Tama Gadget": {"Onyx Black": 3.425, "Black": 6.755000000000001, "just": 1.7254999999999998}, "Jack-in-the-Box": {"Onyx Black": 3.135, "Black": 6.885, "just": 1.9295}, "Star Notepad": {"Onyx Black": 3.56, "Black": 9.325, "just": 1.9124999999999999}, "Easter Egg": {"Onyx Black": 3.7750000000000004, "Black": 10.860000000000001, "just": 2.3885}, "Santa Hat": {"Onyx Black": 3.746, "Black": 9.206, "just": 2.3035}, "Hex Pot": {"Onyx Black": 3.955, "Black": 9.315000000000001, "just": 2.3035}, "Restless Jar": {"Onyx Black": 3.715, "Black": 8.559999999999999, "just": 2.2355}, "Lush Bouquet": {"Onyx Black": 4.715, "Black": 8.245000000000001, "just": 2.584}, "Spiced Wine": {"Onyx Black": 3.09, "Black": 6.926, "just": 2.1675}, "Snow Globe": {"Onyx Black": 5.75, "Black": 10.1, "just": 2.55}, "Joyful Bundle": {"Onyx Black": 4.93, "Black": 8.93, "just": 2.431}, "Light Sword": {"Onyx Black": 4.8580000000000005, "Black": 10.274000000000001, "just": 2.6605}, "Witch Hat": {"Onyx Black": 4.675, "Black": 12.024999999999999, "just": 2.5925}, "Bow Tie": {"Onyx Black": 6.3100000000000005, "Black": 12.306, "just": 2.7115}, "Eternal Candle": {"Onyx Black": 5.308, "Black": 10.9, "just": 2.992}, "Jelly Bunny": {"Onyx Black": 4.84, "Black": 11.395, "just": 2.7965}, "Bunny Muffin": {"Onyx Black": 6.7940000000000005, "Black": 16.794, "just": 3.5615}, "Spy Agaric": {"Onyx Black": 6.848, "Black": 10.392, "just": 2.907}, "Evil Eye": {"Onyx Black": 6.906000000000001, "Black": 14.309999999999999, "just": 3.2725}, "Snow Mittens": {"Onyx Black": 5.970000000000001, "Black": 8.690000000000001, "just": 3.3575}, "Berry Box": {"Onyx Black": 4.798, "Black": 10.494, "just": 3.1705}, "Valentine Box": {"Onyx Black": 7.21, "Black": 12.65, "just": 4.0375}, "Sakura Flower": {"Onyx Black": 6.824, "Black": 16.220000000000002, "just": 4.284}, "Hanging Star": {"Onyx Black": 9.086, "Black": 15.334, "just": 5.0065}, "Sleigh Bell": {"Onyx Black": 10.905999999999999, "Black": 24.106, "just": 6.3835}, "Love Candle": {"Onyx Black": 10.424, "Black": 15.764, "just": 7.598999999999999}, "Skull Flower": {"Onyx Black": 11.26, "Black": 18.379999999999995, "just": 6.885}, "Crystal Ball": {"Onyx Black": 12.276, "Black": 27.112000000000002, "just": 6.681}, "Trapped Heart": {"Onyx Black": 11.533999999999999, "Black": 20.733999999999998, "just": 6.706499999999999}, "Top Hat": {"Onyx Black": 14.296, "Black": 26.387999999999998, "just": 6.783}, "Love Potion": {"Onyx Black": 12.59, "Black": 23.954, "just": 8.4405}, "Flying Broom": {"Onyx Black": 11.780000000000001, "Black": 18.78, "just": 7.905}, "Cupid Charm": {"Onyx Black": 18.25, "Black": 32.85, "just": 9.987499999999999}, "Record Player": {"Onyx Black": 10.356, "Black": 20.356, "just": 6.170999999999999}, "Eternal Rose": {"Onyx Black": 18.114, "Black": 35.594, "just": 11.8915}, "Mad Pumpkin": {"Onyx Black": 23.594, "Black": 39.994, "just": 15.291499999999997}, "Voodoo Doll": {"Onyx Black": 24.594, "Black": 48.214, "just": 15.0365}, "Diamond Ring": {"Onyx Black": 21.064, "Black": 41.864000000000004, "just": 13.974}, "Toy Bear": {"Onyx Black": 30.93, "Black": 46.93000000000001, "just": 20.017500000000002}, "Vintage Cigar": {"Onyx Black": 33.8, "Black": 57.8, "just": 19.55}, "Neko Helmet": {"Onyx Black": 37.274, "Black": 64.674, "just": 23.621499999999997}, "Low Rider": {"Onyx Black": 33.194, "Black": 76.794, "just": 22.091499999999996}, "Signet Ring": {"Onyx Black": 37.6, "Black": 74.8, "just": 23.8}, "Electric Skull": {"Onyx Black": 42.61, "Black": 75.07400000000001, "just": 27.0215},