{"Snoop Dogg": {"Doggfather": 2.8415, "Black Diamond": 2.1155, "Cold Topaz": 2.0015, "Goldizzle": 7.3065, "Doberman": 3.5255, "Chrome": 2.3765, "Sapphire": 2.0775, "AI Dogg": 2.8605, "King Ruby": 1.9634999999999998, "King Snoop": 4.855, "Onyx Black": 3.1966666666666663, "Black": 10.55923076923077, "just": 1.5215}, "Swag Bag": {"Cashback": 3.038, "Happy Herbs": 3.038, "Boiling Hot": 2.548, "Darkness": 2.156, "Leopard": 2.254, "Aviators": 2.058, "Take It Easy": 2.352, "Snoop Life": 2.352, "April 20th": 3.038, "Gin & Jewels": 2.548, "Bulk Order": 2.352, "Missionary": 8.68, "Golden Nugs": 2.156, "Onyx Black": 2.98, "Black": 7.4799999999999995, "just": 1.666}, "Snoop Cigar": {"Onyx Black": 7.890000000000001, "Black": 18.799999999999997, "just": 4.08}, "Lol Pop": {"Blood Sucker": 1.9305, "Jolly Roger": 1.7874999999999999, "Einstein": 1.716, "Blood Ember": 1.573, "Cookie Dip": 1.5015, "Doodle Art": 1.6444999999999999, "Heart Pop": 1.573, "Dark Sky": 1.573, "Milky Way": 1.5015, "Angelina": 2.2165, "Glowstick": 1.9305, "Jinxed": 1.716, "Romance": 1.5015, "Satellite": 1.716, "Watermelon": 1.5015, "Love Bubbles": 1.859, "Sailor Moon": 1.5015, "Pink Foil": 1.5015, "Mortal Sin": 2.86, "Plastic Ice": 1.5015, "Pumpkin": 1.5015, "Rosebud": 1.716, "Dark Portal": 1.7874999999999999, "Andromeda": 1.7874999999999999, "Sweetheart": 1.859, "Celestia": 2.2165, "Fire Vortex": 1.5015, "Shock Wave": 1.573, "Hexed Helix": 1.573, "Cobweb": 1.573, "Comic Crunch": 1.5015, "Onyx Black": 2.015, "Black": 5.215, "just": 1.2155}, "B-Day Candle": {"Payday": 2.1545, "Happy Meows": 2.1545, "Final Boss": 2.1545, "Kaboom!": 1.8765, "Purr Magic": 2.1545, "Pixel Wish": 2.1545, "On Fire": 2.78, "Onyx Black": 2.015, "Black": 5.295, "just": 1.1815}, "Desk Calendar": {"Checklist": 2.0925000000000002, "Sunday": 2.0925000000000002, "Independence": 2.0925000000000002, "Fawkes Night": 3.78, "Tic Tac Toe": 1.4850000000000003, "Heartbreak": 1.4850000000000003, "Fund Manager": 2.0925000000000002, "Adult Tasks": 22.675, "Peach Week": 2.0925000000000002, "Balloon Face": 2.0925000000000002, "Investor": 7.125, "Hodler": 4.7250000000000005, "Burning Time": 2.0925000000000002, "Durov Day": 2.7, "Pepe Plans": 14.674999999999999, "Telegram": 2.0925000000000002, "Deadline": 2.0925000000000002, "Onyx Black": 1.7, "Black": 5.33, "just": 1.1475}, "Lunar Snake": {"Python Dev": 2.3095, "Timelock": 1.937, "Synthwave": 5.215, "Soul Eater": 2.3095, "Hot Cherry": 2.3095, "Psychedelic": 2.3095, "Hellspawn": 2.3095, "Dragon Ball": 5.215, "Onyx Black": 2.22, "Black": 5.74, "just": 1.2665}, "Xmas Stocking": {"Onyx Black": 2.495, "Black": 5.5, "just": 1.275}, "Snake Box": {"Onyx Black": 2.2350000000000003, "Black": 5.54, "just": 1.343}, "Pet Snake": {"Onyx Black": 2.4850000000000003, "Black": 6.14, "just": 1.4875}, "Candy Cane": {"Hex Pot": 3.1, "Designer": 9.025, "Sticky Sweet": 2.4025000000000003, "Grinch": 3.1, "Onyx Black": 2.33, "Black": 5.749999999999999, "just": 1.3175}, "Whip Cupcake": {"Resistance": 8.120000000000001, "Bitcoin": 10.765, "Sponge Duck": 2.387, "Toncoin": 2.387, "Deep State": 2.079, "Onyx Black": 2.24, "Black": 6.0200000000000005, "just": 1.309}, "Big Year": {"Telegram": 4.06, "The Nether": 2.7405, "Pokeball": 2.7405, "First Website": 2.233, "Bitcoin": 5.683999999999999, "Big Brother": 3.1464999999999996, "The Hobbit": 4.06, "Gold Mine": 7.1049999999999995, "Pavel Durov": 7.1049999999999995, "Cheshire Cat": 3.1464999999999996, "Balloons": 2.3345, "Creator": 2.7405, "Qing Dynasty": 3.1464999999999996, "Game Boy": 2.233, "YouTubes": 4.06, "Onyx Black": 3.635, "Black": 9.665000000000001, "just": 1.7254999999999998}, "Homemade Cake": {"Onyx Black": 2.285, "Black": 5.285, "just": 1.547}, "Cookie Heart": {"Onyx Black": 2.6799999999999997, "Black": 6.699999999999999, "just": 1.615}, "Jester Hat": {"Onyx Black": 2.745, "Black": 6.225, "just": 1.4875}, "Holiday Drink": {"Onyx Black": 2.61, "Black": 6.11, "just": 1.632}, "Ginger Cookie": {"Onyx Black": 3.76, "Black": 6.984999999999999, "just": 1.6744999999999999}, "Hypno Lollipop": {"Onyx Black": 3.0700000000000003, "Black": 6.17, "just": 1.649}, "Winter Wreath": {"Moon Cat": 91.0, "Onyx Black": 2.9, "Black": 7.195, "just": 1.7}, "Party Sparkler": {"Onyx Black": 3.1950000000000003, "Black": 7.27, "just": 1.615}, "Jingle Bells": {"Onyx Black": 2.825, "Black": 6.550000000000001, "just": 1.785}, "Tama Gadget": {"Onyx Black": 3.48, "Black": 6.58, "just": 1.836}, "Jack-in-the-Box": {"Onyx Black": 3.075, "Black": 7.07, "just": 1.9040000000000001}, "Star Notepad": {"Onyx Black": 4.035, "Black": 9.530000000000001, "just": 2.0145}, "Easter Egg": {"Onyx Black": 3.8, "Black": 10.775, "just": 2.4225}, "Santa Hat": {"Onyx Black": 3.956, "Black": 8.396, "just": 2.3459999999999996}, "Hex Pot": {"Onyx Black": 4.055, "Black": 10.19, "just": 2.4565}, "Restless Jar": {"Onyx Black": 4.055, "Black": 8.805, "just": 2.2184999999999997}, "Lush Bouquet": {"Onyx Black": 4.49, "Black": 8.9, "just": 2.55}, "Spiced Wine": {"Onyx Black": 3.242, "Black": 6.670000000000001, "just": 2.0825}, "Snow Globe": {"Onyx Black": 4.4, "Black": 10.899999999999999, "just": 2.38}, "Joyful Bundle": {"Onyx Black": 3.9050000000000002, "Black": 9.66, "just": 2.397}, "Light Sword": {"Onyx Black": 4.622, "Black": 9.902, "just": 2.6944999999999997}, "Witch Hat": {"Onyx Black": 4.545, "Black": 12.049999999999999, "just": 2.635}, "Bow Tie": {"Onyx Black": 4.716, "Black": 12.312000000000001, "just": 2.72}, "Eternal Candle": {"Onyx Black": 4.888, "Black": 10.568, "just": 2.9579999999999997}, "Jelly Bunny": {"Onyx Black": 4.795, "Black": 10.68, "just": 2.8815}, "Bunny Muffin": {"Onyx Black": 4.554, "Black": 12.494, "just": 2.9665}, "Spy Agaric": {"Onyx Black": 5.52, "Black": 10.432, "just": 2.8899999999999997}, "Evil Eye": {"Onyx Black": 6.263999999999999, "Black": 12.108, "just": 3.043}, "Snow Mittens": {"Onyx Black": 5.9879999999999995, "Black": 8.304, "just": 3.383}, "Berry Box": {"Onyx Black": 5.55, "Black": 10.59, "just": 3.1025}, "Valentine Box": {"Onyx Black": 7.614000000000001, "Black": 13.213999999999999, "just": 3.9865000000000004}, "Sakura Flower": {"Onyx Black": 6.4879999999999995, "Black": 15.532, "just": 4.436999999999999}, "Hanging Star": {"Onyx Black": 7.734, "Black": 15.074, "just": 4.6665}, "Sleigh Bell": {"Onyx Black": 10.446, "Black": 20.446, "just": 6.2985}, "Love Candle": {"Onyx Black": 10.934000000000001, "Black": 17.294, "just": 7.556500000000001}, "Skull Flower": {"Onyx Black": 11.92, "Black": 17.560000000000002, "just": 6.969999999999999}, "Crystal Ball": {"Onyx Black": 12.419999999999998, "Black": 27.856, "just": 6.885}, "Trapped Heart": {"Onyx Black": 13.006, "Black": 17.846, "just": 7.1485}, "Top Hat": {"Onyx Black": 12.994, "Black": 21.394, "just": 7.6415}, "Love Potion": {"Onyx Black": 11.872, "Black": 23.648, "just": 8.007}, "Flying Broom": {"Onyx Black": 12.864, "Black": 19.664, "just": 8.024}, "Cupid Charm": {"Onyx Black": 17.636, "Black": 30.439999999999998, "just": 9.69}, "Record Player": {"Onyx Black": 10.134, "Black": 20.733999999999998, "just": 6.706499999999999}, "Eternal Rose": {"Onyx Black": 19.996, "Black": 34.4, "just": 11.9}, "Mad Pumpkin": {"Onyx Black": 23.560000000000002, "Black": 41.56, "just": 16.66}, "Voodoo Doll": {"Onyx Black": 22.956, "Black": 45.760000000000005, "just": 14.96}, "Diamond Ring": {"Onyx Black": 22.356, "Black": 43.96000000000001, "just": 14.110000000000001}, "Toy Bear": {"Onyx Black": 33.196, "Black": 51.0, "just": 21.25}, "Vintage Cigar": {"Onyx Black": 36.6, "Black": 66.8, "just": 20.4}, "Neko Helmet": {"Onyx Black": 38.974000000000004, "Black": 64.974, "just": 24.046499999999998}, "Low Rider": {"Onyx Black": 32.6, "Black": 81.0, "just": 21.25}, "Signet Ring": {"Onyx Black": 37.096000000000004, "Black": 79.89200000000001, "just": 23.086}, "Electric Skull": {"Onyx Black": 41.77, "Black": 75.77000000000001, "just": 28.0075}, "Kissed Frog": {"Onyx Black": 46.466, "Black": 81.27000000000001, "just": 30.1325}, "Swiss Watch": {"Onyx Black": 45.194,