{"Snoop Dogg": {"King Ruby": 1.9634999999999998, "Black Diamond": 2.2865, "Goldizzle": 7.730499999999999, "Doggfather": 3.3354999999999997, "Doberman": 3.782, "Cold Topaz": 2.0395, "Black Gold": 1.9825, "Sapphire": 2.3245000000000005, "AI Dogg": 3.098, "Chrome": 2.671, "King Snoop": 5.8905, "Onyx Black": 3.8833333333333337, "Black": 10.265384615384614, "just": 1.5725}, "Swag Bag": {"Golden Nugs": 2.1525, "Snoop Life": 2.665, "Boiling Hot": 2.7675, "Gin & Jewels": 2.5625, "Leopard": 2.255, "Happy Herbs": 2.7675, "Missionary": 8.274999999999999, "Dogg’s Loot": 2.255, "Cashback": 3.1774999999999998, "Take It Easy": 2.665, "April 20th": 3.1774999999999998, "Bulk Order": 2.255, "Darkness": 2.255, "Onyx Black": 3.485, "Black": 7.5249999999999995, "just": 1.7424999999999997}, "Snoop Cigar": {"Onyx Black": 8.0, "Black": 19.049999999999997, "just": 4.08}, "Lol Pop": {"Satellite": 1.7999999999999998, "Andromeda": 1.944, "Blood Sucker": 1.7999999999999998, "Rosebud": 1.6847999999999999, "Blood Ember": 1.656, "Sweetheart": 1.728, "Gold Star": 1.512, "Fire Vortex": 1.584, "Cobweb": 1.584, "Jinxed": 1.728, "Celestia": 1.944, "Doodle Art": 1.656, "Hollywood": 1.512, "Angelina": 2.2319999999999998, "Plastic Ice": 1.512, "Heart Pop": 1.584, "Love Bubbles": 1.6847999999999999, "Einstein": 1.728, "Shock Wave": 1.512, "Mortal Sin": 4.032, "Milky Way": 1.512, "Dark Sky": 1.584, "Pumpkin": 2.2319999999999998, "Dark Portal": 1.7999999999999998, "Hexed Helix": 1.7999999999999998, "Jolly Roger": 1.7999999999999998, "Glowstick": 2.2319999999999998, "Watermelon": 1.512, "Onyx Black": 2.02, "Black": 5.135, "just": 1.224}, "B-Day Candle": {"Purr Magic": 2.1235000000000004, "On Fire": 2.1235000000000004, "Happy Meows": 2.1235000000000004, "Payday": 2.1235000000000004, "Pixel Wish": 2.1235000000000004, "Kaboom!": 2.1235000000000004, "Final Boss": 2.1235000000000004, "Onyx Black": 1.7850000000000001, "Black": 5.07, "just": 1.1645}, "Desk Calendar": {"Independence": 2.0305, "Tic Tac Toe": 1.7685000000000002, "Telegram": 2.62, "Investor": 8.549999999999999, "Checklist": 2.0305, "Peach Week": 2.62, "Burning Time": 2.0305, "Hodler": 4.585, "Balloon Face": 1.7685000000000002, "Fund Manager": 2.62, "Durov Day": 6.65, "Heartbreak": 1.572, "Adult Tasks": 25.644999999999996, "Deadline": 2.0305, "Pepe Plans": 14.105, "Fawkes Night": 4.585, "Sunday": 1.703, "Onyx Black": 1.805, "Black": 5.055, "just": 1.1135}, "Lunar Snake": {"Synthwave": 4.116, "Soul Eater": 1.9845000000000002, "Hot Cherry": 1.9845000000000002, "Psychedelic": 2.2785, "Python Dev": 2.2785, "Hellspawn": 1.9845000000000002, "Dragon Ball": 5.145, "Timelock": 2.2785, "Onyx Black": 2.38, "Black": 5.68, "just": 1.2495}, "Xmas Stocking": {"Onyx Black": 2.1950000000000003, "Black": 5.784999999999999, "just": 1.309}, "Snake Box": {"Onyx Black": 2.04, "Black": 5.535, "just": 1.343}, "Pet Snake": {"Onyx Black": 2.435, "Black": 6.069999999999999, "just": 1.5895000000000001}, "Candy Cane": {"Sticky Sweet": 2.079, "Hex Pot": 3.08, "Designer": 5.390000000000001, "Grinch": 4.311999999999999, "Onyx Black": 2.17, "Black": 5.815, "just": 1.309}, "Whip Cupcake": {"Deep State": 2.0655, "Toncoin": 2.3715, "Sponge Duck": 2.3715, "Bitcoin": 12.264999999999999, "Resistance": 5.355, "Onyx Black": 2.165, "Black": 5.465, "just": 1.3005}, "Big Year": {"Qing Dynasty": 2.821, "Gold Mine": 6.37, "Bitcoin": 5.096, "Game Boy": 2.0020000000000002, "Telegram": 6.37, "Creator": 2.821, "Big Brother": 2.821, "Pavel Durov": 11.41, "Balloons": 2.0020000000000002, "YouTubes": 3.64, "First Website": 2.184, "Pokeball": 2.4570000000000003, "The Nether": 2.821, "The Hobbit": 3.64, "Cheshire Cat": 2.821, "Onyx Black": 3.51, "Black": 9.405, "just": 1.547}, "Homemade Cake": {"Onyx Black": 2.2800000000000002, "Black": 5.404999999999999, "just": 1.581}, "Cookie Heart": {"Onyx Black": 2.54, "Black": 6.46, "just": 1.6404999999999998}, "Jester Hat": {"Onyx Black": 2.545, "Black": 6.3950000000000005, "just": 1.5215}, "Holiday Drink": {"Onyx Black": 2.65, "Black": 6.0249999999999995, "just": 1.53}, "Ginger Cookie": {"Onyx Black": 3.63, "Black": 7.295000000000001, "just": 1.666}, "Hypno Lollipop": {"Onyx Black": 3.37, "Black": 6.970000000000001, "just": 1.649}, "Winter Wreath": {"Moon Cat": 106.25, "Onyx Black": 2.9800000000000004, "Black": 6.484999999999999, "just": 1.6744999999999999}, "Party Sparkler": {"Onyx Black": 3.425, "Black": 7.275, "just": 1.6575}, "Jingle Bells": {"Onyx Black": 3.04, "Black": 6.845000000000001, "just": 1.785}, "Tama Gadget": {"Onyx Black": 3.455, "Black": 6.785, "just": 1.7764999999999997}, "Jack-in-the-Box": {"Onyx Black": 3.1, "Black": 6.95, "just": 1.87}, "Star Notepad": {"Onyx Black": 3.35, "Black": 9.350000000000001, "just": 1.87}, "Easter Egg": {"Onyx Black": 3.815, "Black": 10.895, "just": 2.448}, "Santa Hat": {"Onyx Black": 3.644, "Black": 9.224, "just": 2.329}, "Hex Pot": {"Onyx Black": 4.0, "Black": 9.599999999999998, "just": 2.38}, "Restless Jar": {"Onyx Black": 3.825, "Black": 9.17, "just": 2.2525}, "Lush Bouquet": {"Onyx Black": 5.07, "Black": 8.575, "just": 2.5075000000000003}, "Spiced Wine": {"Onyx Black": 3.088, "Black": 7.0760000000000005, "just": 2.108}, "Snow Globe": {"Onyx Black": 4.65, "Black": 10.150000000000002, "just": 2.295}, "Joyful Bundle": {"Onyx Black": 4.9, "Black": 9.620000000000001, "just": 2.38}, "Light Sword": {"Onyx Black": 4.644, "Black": 10.524000000000001, "just": 2.669}, "Witch Hat": {"Onyx Black": 4.53, "Black": 12.030000000000001, "just": 2.601}, "Bow Tie": {"Onyx Black": 5.968, "Black": 11.967999999999998, "just": 2.788}, "Eternal Candle": {"Onyx Black": 5.2, "Black": 10.836, "just": 2.8899999999999997}, "Jelly Bunny": {"Onyx Black": 5.05, "Black": 11.700000000000001, "just": 2.8899999999999997}, "Bunny Muffin": {"Onyx Black": 6.93, "Black": 17.25, "just": 3.5275000000000003}, "Spy Agaric": {"Onyx Black": 6.034, "Black": 10.434, "just": 2.8815}, "Evil Eye": {"Onyx Black": 7.08, "Black": 14.280000000000001, "just": 3.23}, "Snow Mittens": {"Onyx Black": 5.85, "Black": 8.77, "just": 3.1875}, "Berry Box": {"Onyx Black": 5.188, "Black": 10.267999999999999, "just": 3.2129999999999996}, "Valentine Box": {"Onyx Black": 7.27, "Black": 13.309999999999999, "just": 4.1225}, "Sakura Flower": {"Onyx Black": 7.088, "Black": 16.296, "just": 4.386}, "Hanging Star": {"Onyx Black": 8.574, "Black": 15.213999999999999, "just": 4.8365}, "Sleigh Bell": {"Onyx Black": 11.475999999999999, "Black": 20.716, "just": 6.681}, "Love Candle": {"Onyx Black": 9.98, "Black": 15.296, "just": 6.936}, "Skull Flower": {"Onyx Black": 11.22, "Black": 18.14, "just": 6.545}, "Crystal Ball": {"Onyx Black": 11.533999999999999, "Black": 27.434, "just": 6.706499999999999}, "Trapped Heart": {"Onyx Black": 12.228000000000002, "Black": 20.288, "just": 7.208}, "Top Hat": {"Onyx Black": 14.848, "Black": 27.876, "just": 7.191000000000001}, "Love Potion": {"Onyx Black": 12.33, "Black": 22.894, "just": 8.0665}, "Flying Broom": {"Onyx Black": 11.384, "Black": 19.104, "just": 8.194}, "Cupid Charm": {"Onyx Black": 18.354, "Black": 32.754, "just": 9.8515}, "Record Player": {"Onyx Black": 10.294, "Black": 20.494, "just": 6.3665}, "Eternal Rose": {"Onyx Black": 18.922, "Black": 34.730000000000004, "just": 12.3675}, "Mad Pumpkin": {"Onyx Black": 24.332, "Black": 37.532, "just": 16.337}, "Voodoo Doll": {"Onyx Black": 24.3, "Black": 46.31999999999999, "just": 14.62}, "Diamond Ring": {"Onyx Black": 21.973999999999997, "Black": 43.578, "just": 14.135499999999999}, "Toy Bear": {"Onyx Black": 32.452, "Black": 46.452, "just": 21.607}, "Vintage Cigar": {"Onyx Black": 36.176, "Black": 60.4, "just": 20.4}, "Neko Helmet": {"Onyx Black": 37.16, "Black": 62.56, "just": 23.46}, "Low Rider": {"Onyx Black": 32.839999999999996, "Black": 76.44, "just": 21.59}, "Signet Ring": {"Onyx Black": 37.594, "Black": 72.79, "just": 23.7915}, "Electric Skull": {"Onyx Black": 43.736000000000004, "Black": 75.74, "just": 27.964999999999996}, "Kissed Frog": {"Onyx Black": 44.814, "Black": 79.414,