{"Snoop Dogg": {"Doberman": 3.248, "Cold Topaz": 1.9210000000000003, "Goldizzle": 6.7425, "Black Diamond": 2.1965000000000003, "King Snoop": 4.473, "Sapphire": 1.9305000000000003, "AI Dogg": 3.5710000000000006, "Chrome": 2.383, "Doggfather": 2.8205, "Emerald": 1.94, "Onyx Black": 3.42, "Black": 11.156923076923077, "just": 1.428}, "Swag Bag": {"Bulk Order": 2.2875, "Gin & Jewels": 2.1045, "Leopard": 1.9215000000000002, "Missionary": 6.405, "P.I.M.P.": 1.9215000000000002, "April 20th": 2.8365, "Cashback": 2.8365, "Boiling Hot": 2.2875, "Take It Easy": 2.1045, "Darkness": 2.1045, "Snoop Life": 2.379, "Happy Herbs": 2.8365, "Onyx Black": 2.915, "Black": 7.4, "just": 1.5555}, "Snoop Cigar": {"Onyx Black": 7.73, "Black": 16.83, "just": 3.791}, "Lol Pop": {"Nostalgia": 1.562, "Wonka Berry": 1.4909999999999999, "Cobweb": 1.562, "Blood Sucker": 1.704, "Einstein": 1.4909999999999999, "Mortal Sin": 2.84, "Watermelon": 1.4909999999999999, "Angelina": 2.201, "Jolly Roger": 1.4909999999999999, "Hexed Helix": 1.562, "Glowstick": 2.201, "Cookie Dip": 1.562, "Doodle Art": 1.4909999999999999, "Blood Ember": 1.4909999999999999, "Heart Pop": 1.4909999999999999, "Sweetheart": 1.562, "Satellite": 1.775, "Love Bubbles": 1.4909999999999999, "Andromeda": 1.562, "Celestia": 2.201, "Dark Portal": 1.704, "Rosebud": 1.562, "Icicle": 1.4909999999999999, "Onyx Black": 1.8599999999999999, "Black": 5.035, "just": 1.2069999999999999}, "B-Day Candle": {"Purr Magic": 2.0305, "Kaboom!": 1.7685000000000002, "On Fire": 2.0305, "Shocker": 2.0305, "Happy Meows": 2.0305, "Final Boss": 2.0305, "Payday": 2.0305, "Pixel Wish": 2.0305, "Onyx Black": 1.655, "Black": 5.605, "just": 1.1135}, "Desk Calendar": {"Hodler": 3.8639999999999994, "Fawkes Night": 4.83, "Independence": 2.76, "Sunday": 2.139, "Fund Manager": 2.139, "Deadline": 2.139, "Investor": 4.83, "Balloon Face": 1.518, "Checklist": 2.139, "Peach Week": 1.863, "Pepe Plans": 4.83, "Adult Tasks": 4.83, "Telegram": 2.139, "Burning Time": 2.139, "Tic Tac Toe": 1.656, "Durov Day": 2.139, "Onyx Black": 1.76, "Black": 6.69, "just": 1.1729999999999998}, "Lunar Snake": {"Psychedelic": 1.8199999999999998, "Dragon Ball": 4.8999999999999995, "Timelock": 1.6099999999999999, "Hot Cherry": 2.17, "Hellspawn": 2.17, "Soul Eater": 2.17, "Synthwave": 3.9199999999999995, "Python Dev": 2.17, "Onyx Black": 2.0949999999999998, "Black": 5.33, "just": 1.19}, "Xmas Stocking": {"Onyx Black": 1.995, "Black": 5.01, "just": 1.139}, "Snake Box": {"Onyx Black": 1.885, "Black": 7.165, "just": 1.1305}, "Pet Snake": {"Onyx Black": 2.45, "Black": 5.815, "just": 1.3855}, "Candy Cane": {"Sticky Sweet": 1.9845000000000002, "Grinch": 2.94, "Hex Pot": 2.94, "Designer": 5.145, "Onyx Black": 2.315, "Black": 6.734999999999999, "just": 1.2495}, "Whip Cupcake": {"Bitcoin": 4.97, "Toncoin": 2.201, "Resistance": 4.97, "Sponge Duck": 2.84, "Deep State": 1.917, "Onyx Black": 2.335, "Black": 5.205, "just": 1.2069999999999999}, "Big Year": {"Balloons": 1.9215000000000002, "Game Boy": 2.0130000000000003, "The Hobbit": 3.66, "The Nether": 2.0130000000000003, "Big Brother": 2.379, "Telegram": 5.124, "Creator": 2.8365, "Cheshire Cat": 2.2875, "First Website": 2.0130000000000003, "YouTubes": 2.8365, "Bitcoin": 6.405, "Pavel Durov": 5.124, "Qing Dynasty": 3.66, "Pokeball": 2.4705000000000004, "Gold Mine": 6.405, "Onyx Black": 2.885, "Black": 7.915, "just": 1.5555}, "Homemade Cake": {"Onyx Black": 2.095, "Black": 5.17, "just": 1.3175}, "Cookie Heart": {"Onyx Black": 2.1950000000000003, "Black": 6.295000000000001, "just": 1.5215}, "Jester Hat": {"Onyx Black": 2.565, "Black": 6.69, "just": 1.3855}, "Holiday Drink": {"Onyx Black": 2.52, "Black": 5.525, "just": 1.4875}, "Ginger Cookie": {"Onyx Black": 3.1500000000000004, "Black": 6.38, "just": 1.53}, "Hypno Lollipop": {"Onyx Black": 2.915, "Black": 5.6899999999999995, "just": 1.615}, "Winter Wreath": {"Onyx Black": 2.395, "Black": 8.895, "just": 1.5215}, "Party Sparkler": {"Onyx Black": 3.0, "Black": 6.8950000000000005, "just": 1.5215}, "Jingle Bells": {"Onyx Black": 2.5700000000000003, "Black": 6.32, "just": 1.4024999999999999}, "Tama Gadget": {"Onyx Black": 3.3850000000000002, "Black": 6.635000000000001, "just": 1.5895000000000001}, "Jack-in-the-Box": {"Onyx Black": 3.1450000000000005, "Black": 7.975, "just": 1.785}, "Star Notepad": {"Onyx Black": 3.8150000000000004, "Black": 8.629999999999999, "just": 1.819}, "Easter Egg": {"Onyx Black": 3.815, "Black": 10.145, "just": 1.9465}, "Santa Hat": {"Onyx Black": 3.26, "Black": 9.66, "just": 1.9719999999999998}, "Hex Pot": {"Onyx Black": 3.565, "Black": 8.524999999999999, "just": 2.0229999999999997}, "Restless Jar": {"Onyx Black": 3.65, "Black": 8.125, "just": 1.9549999999999998}, "Lush Bouquet": {"Onyx Black": 3.4850000000000003, "Black": 8.36, "just": 2.3120000000000003}, "Spiced Wine": {"Onyx Black": 2.98, "Black": 7.754999999999999, "just": 1.683}, "Snow Globe": {"Onyx Black": 3.91, "Black": 7.984999999999999, "just": 1.9295}, "Joyful Bundle": {"Onyx Black": 3.7, "Black": 8.05, "just": 2.21}, "Light Sword": {"Onyx Black": 4.645, "Black": 11.34, "just": 2.3715}, "Witch Hat": {"Onyx Black": 4.195, "Black": 11.945, "just": 2.4565}, "Bow Tie": {"Onyx Black": 4.485, "Black": 14.930000000000001, "just": 2.5245}, "Eternal Candle": {"Onyx Black": 4.965, "Black": 12.040000000000001, "just": 2.533}, "Jelly Bunny": {"Onyx Black": 4.595, "Black": 10.645000000000001, "just": 2.7115}, "Bunny Muffin": {"Onyx Black": 5.095000000000001, "Black": 16.645, "just": 2.7965}, "Spy Agaric": {"Onyx Black": 5.245, "Black": 10.934999999999999, "just": 2.5415}, "Evil Eye": {"Onyx Black": 6.220000000000001, "Black": 15.620000000000001, "just": 3.009}, "Snow Mittens": {"Onyx Black": 4.62, "Black": 8.445, "just": 2.8815}, "Berry Box": {"Onyx Black": 4.735, "Black": 12.99, "just": 2.9579999999999997}, "Valentine Box": {"Onyx Black": 7.970000000000001, "Black": 13.969999999999999, "just": 3.3489999999999998}, "Sakura Flower": {"Onyx Black": 7.075, "Black": 17.575000000000003, "just": 3.5275000000000003}, "Hanging Star": {"Onyx Black": 7.345, "Black": 16.369999999999997, "just": 4.029}, "Sleigh Bell": {"Onyx Black": 11.995000000000001, "Black": 15.495, "just": 5.0915}, "Love Candle": {"Onyx Black": 8.165, "Black": 14.77, "just": 5.388999999999999}, "Skull Flower": {"Onyx Black": 8.77, "Black": 17.095, "just": 5.2615}, "Crystal Ball": {"Onyx Black": 13.425, "Black": 30.939999999999998, "just": 5.848}, "Trapped Heart": {"Onyx Black": 11.945, "Black": 23.645, "just": 6.706499999999999}, "Top Hat": {"Onyx Black": 15.695, "Black": 26.045, "just": 6.281499999999999}, "Love Potion": {"Onyx Black": 10.415, "Black": 28.665, "just": 7.0805}, "Flying Broom": {"Onyx Black": 10.145, "Black": 19.14, "just": 7.046499999999999}, "Cupid Charm": {"Onyx Black": 16.49, "Black": 36.995, "just": 8.4915}, "Record Player": {"Onyx Black": 10.685, "Black": 23.885, "just": 6.6895}, "Eternal Rose": {"Onyx Black": 18.5, "Black": 41.5, "just": 11.049999999999999}, "Mad Pumpkin": {"Onyx Black": 22.475, "Black": 46.974999999999994, "just": 12.7075}, "Voodoo Doll": {"Onyx Black": 22.745, "Black": 46.245, "just": 13.1665}, "Diamond Ring": {"Onyx Black": 23.295, "Black": 43.295, "just": 13.2515}, "Toy Bear": {"Onyx Black": 26.86, "Black": 53.36, "just": 15.062}, "Vintage Cigar": {"Onyx Black": 48.150000000000006, "Black": 69.9, "just": 18.955000000000002}, "Neko Helmet": {"Onyx Black": 41.995000000000005, "Black": 71.99, "just": 20.391499999999997}, "Low Rider": {"Onyx Black": 38.75, "Black": 106.75, "just": 20.825}, "Signet Ring": {"Onyx Black": 38.12, "Black": 87.12, "just": 20.604}, "Electric Skull": {"Onyx Black": 37.46, "Black": 66.465, "just": 22.040499999999998}, "Kissed Frog": {"Onyx Black": 45.745000000000005, "Black": 98.745, "just": 27.616500000000002}, "Swiss Watch": {"Onyx Black": 48.095, "Black": 85.595, "just": 29.0615}, "Sharp Tongue": {"Onyx Black": 45.93, "Black": 86.93, "just": 29.631}, "Genie Lamp": {"Onyx Black": 56.45, "Black": 321.45,