{"Snoop Dogg": {"Green Light": 1.9730000000000003, "King Ruby": 2.0205, "AI Dogg": 3.0694999999999997, "Black Gold": 2.011, "Sapphire": 2.0205, "King Snoop": 5.881, "Doberman": 3.7155000000000005, "Goldizzle": 7.531000000000001, "Chrome": 2.4810000000000003, "Black Diamond": 2.0965000000000003, "Cold Topaz": 2.0015, "Doggfather": 3.3259999999999996, "Onyx Black": 3.4866666666666664, "Black": 10.267692307692307, "just": 1.581}, "Swag Bag": {"Dogg’s Loot": 2.2220000000000004, "Bulk Order": 2.3634, "Take It Easy": 2.6260000000000003, "Gin & Jewels": 2.525, "April 20th": 3.1310000000000002, "Golden Nugs": 2.121, "Boiling Hot": 2.7270000000000003, "Darkness": 2.2220000000000004, "Snoop Life": 2.6260000000000003, "Leopard": 2.121, "Happy Herbs": 3.1310000000000002, "Cashback": 3.1310000000000002, "Missionary": 8.96, "Onyx Black": 3.76, "Black": 7.51, "just": 1.7169999999999999}, "Snoop Cigar": {"Onyx Black": 8.44, "Black": 19.1, "just": 4.148}, "Lol Pop": {"Mortal Sin": 2.9, "Fire Vortex": 1.5225, "Blood Ember": 1.595, "Andromeda": 1.9575, "Shock Wave": 1.5225, "Plastic Ice": 1.5225, "Doodle Art": 1.595, "Rosebud": 1.74, "Pumpkin": 2.2475, "Glowstick": 1.9575, "Hollywood": 1.5225, "Blood Sucker": 1.885, "Gold Star": 1.5225, "Heart Pop": 1.595, "Celestia": 1.9575, "Satellite": 1.6674999999999998, "Jinxed": 1.74, "Sweetheart": 1.74, "Jolly Roger": 1.6674999999999998, "Angelina": 2.2475, "Dark Sky": 1.595, "Einstein": 1.6965, "Hexed Helix": 1.74, "Love Bubbles": 1.595, "Cobweb": 1.595, "Crystal Comet": 1.5225, "Dark Portal": 1.74, "Onyx Black": 2.0, "Black": 5.175, "just": 1.2325}, "B-Day Candle": {"On Fire": 2.139, "Final Boss": 2.139, "Pixel Wish": 2.139, "Purr Magic": 2.139, "Payday": 2.139, "Kaboom!": 2.139, "Happy Meows": 2.139, "Onyx Black": 1.815, "Black": 5.08, "just": 1.1729999999999998}, "Desk Calendar": {"Independence": 2.108, "Fawkes Night": 4.760000000000001, "Balloon Face": 1.7680000000000002, "Tic Tac Toe": 1.7000000000000002, "Deadline": 2.108, "Peach Week": 2.108, "Burning Time": 2.108, "Telegram": 2.72, "Heartbreak": 1.4960000000000002, "Pepe Plans": 12.58, "Adult Tasks": 25.63, "Fund Manager": 2.108, "Investor": 9.674999999999999, "Checklist": 2.108, "Durov Day": 6.180000000000001, "Hodler": 4.760000000000001, "Sunday": 2.108, "Onyx Black": 1.8000000000000003, "Black": 5.13, "just": 1.1560000000000001}, "Lunar Snake": {"Psychedelic": 1.8875, "Python Dev": 2.3405, "Hot Cherry": 2.0385, "Synthwave": 4.228, "Timelock": 2.3405, "Dragon Ball": 5.285, "Hellspawn": 2.0385, "Soul Eater": 2.3405, "Onyx Black": 2.4, "Black": 5.49, "just": 1.2834999999999999}, "Xmas Stocking": {"Onyx Black": 2.04, "Black": 5.984999999999999, "just": 1.2495}, "Snake Box": {"Onyx Black": 2.025, "Black": 5.495, "just": 1.275}, "Pet Snake": {"Onyx Black": 2.44, "Black": 6.06, "just": 1.5979999999999999}, "Candy Cane": {"Hex Pot": 3.02, "Sticky Sweet": 2.0385, "Designer": 5.285, "Grinch": 4.228, "Onyx Black": 2.105, "Black": 5.8, "just": 1.2834999999999999}, "Whip Cupcake": {"Deep State": 2.16, "Toncoin": 2.4800000000000004, "Bitcoin": 11.95, "Resistance": 5.6000000000000005, "Sponge Duck": 2.4800000000000004, "Onyx Black": 2.1500000000000004, "Black": 5.4, "just": 1.36}, "Big Year": {"Cheshire Cat": 2.8675, "First Website": 2.1645, "Game Boy": 2.035, "Creator": 2.8675, "The Hobbit": 3.7, "YouTubes": 2.8675, "Big Brother": 2.8675, "Gold Mine": 6.4750000000000005, "Qing Dynasty": 3.7, "Pavel Durov": 8.925, "Bitcoin": 5.18, "Telegram": 5.18, "Pokeball": 2.4975000000000005, "The Nether": 2.8675, "Onyx Black": 3.5250000000000004, "Black": 8.925, "just": 1.5725}, "Homemade Cake": {"Onyx Black": 2.2800000000000002, "Black": 5.385, "just": 1.5895000000000001}, "Cookie Heart": {"Onyx Black": 2.465, "Black": 6.465, "just": 1.6404999999999998}, "Jester Hat": {"Onyx Black": 2.69, "Black": 6.580000000000001, "just": 1.513}, "Holiday Drink": {"Onyx Black": 2.7, "Black": 6.074999999999999, "just": 1.615}, "Ginger Cookie": {"Onyx Black": 3.5549999999999997, "Black": 7.205, "just": 1.6235}, "Hypno Lollipop": {"Onyx Black": 3.3150000000000004, "Black": 7.465, "just": 1.6404999999999998}, "Winter Wreath": {"Moon Cat": 100.97, "Onyx Black": 2.87, "Black": 6.470000000000001, "just": 1.649}, "Party Sparkler": {"Onyx Black": 3.0549999999999997, "Black": 7.1899999999999995, "just": 1.615}, "Jingle Bells": {"Onyx Black": 2.96, "Black": 6.71, "just": 1.6404999999999998}, "Tama Gadget": {"Onyx Black": 3.14, "Black": 6.78, "just": 1.768}, "Jack-in-the-Box": {"Onyx Black": 3.12, "Black": 6.87, "just": 1.9040000000000001}, "Star Notepad": {"Onyx Black": 3.665, "Black": 8.765, "just": 1.9805}, "Easter Egg": {"Onyx Black": 3.8, "Black": 10.879999999999999, "just": 2.4225}, "Santa Hat": {"Onyx Black": 3.722, "Black": 9.182, "just": 2.2695}, "Hex Pot": {"Onyx Black": 4.02, "Black": 9.379999999999999, "just": 2.4139999999999997}, "Restless Jar": {"Onyx Black": 3.735, "Black": 8.71, "just": 2.227}, "Lush Bouquet": {"Onyx Black": 4.89, "Black": 8.34, "just": 2.533}, "Spiced Wine": {"Onyx Black": 3.2960000000000003, "Black": 6.896, "just": 2.125}, "Snow Globe": {"Onyx Black": 4.725, "Black": 10.125, "just": 2.4225}, "Joyful Bundle": {"Onyx Black": 4.789999999999999, "Black": 9.610000000000001, "just": 2.363}, "Light Sword": {"Onyx Black": 4.868, "Black": 10.308, "just": 2.703}, "Witch Hat": {"Onyx Black": 4.51, "Black": 12.01, "just": 2.5669999999999997}, "Bow Tie": {"Onyx Black": 6.292, "Black": 12.288, "just": 2.686}, "Eternal Candle": {"Onyx Black": 5.2940000000000005, "Black": 10.881999999999998, "just": 2.9665}, "Jelly Bunny": {"Onyx Black": 4.745, "Black": 11.745, "just": 2.9665}, "Bunny Muffin": {"Onyx Black": 6.763999999999999, "Black": 17.284, "just": 3.5189999999999997}, "Spy Agaric": {"Onyx Black": 6.982, "Black": 10.434000000000001, "just": 2.9665}, "Evil Eye": {"Onyx Black": 6.844, "Black": 13.844, "just": 3.1790000000000003}, "Snow Mittens": {"Onyx Black": 6.006, "Black": 8.826, "just": 3.4084999999999996}, "Berry Box": {"Onyx Black": 4.898, "Black": 10.698, "just": 3.2555}, "Valentine Box": {"Onyx Black": 7.234, "Black": 13.274000000000001, "just": 4.0715}, "Sakura Flower": {"Onyx Black": 7.1, "Black": 14.708, "just": 4.403}, "Hanging Star": {"Onyx Black": 9.052, "Black": 15.292, "just": 4.947}, "Sleigh Bell": {"Onyx Black": 10.85, "Black": 24.069999999999997, "just": 6.3325}, "Love Candle": {"Onyx Black": 10.474, "Black": 15.794, "just": 7.6415}, "Skull Flower": {"Onyx Black": 11.594000000000001, "Black": 18.314, "just": 6.7915}, "Crystal Ball": {"Onyx Black": 12.33, "Black": 27.366, "just": 6.7575}, "Trapped Heart": {"Onyx Black": 11.934000000000001, "Black": 20.793999999999997, "just": 6.7915}, "Top Hat": {"Onyx Black": 14.496000000000002, "Black": 27.528, "just": 6.6979999999999995}, "Love Potion": {"Onyx Black": 12.456, "Black": 23.816000000000003, "just": 8.245}, "Flying Broom": {"Onyx Black": 11.294, "Black": 19.013999999999996, "just": 8.0665}, "Cupid Charm": {"Onyx Black": 18.768, "Black": 33.168, "just": 10.437999999999999}, "Record Player": {"Onyx Black": 10.644, "Black": 20.644, "just": 6.579}, "Eternal Rose": {"Onyx Black": 18.39, "Black": 35.594, "just": 11.8915}, "Mad Pumpkin": {"Onyx Black": 24.158, "Black": 40.558, "just": 16.0905}, "Voodoo Doll": {"Onyx Black": 24.294000000000004, "Black": 48.31400000000001, "just": 14.611500000000001}, "Diamond Ring": {"Onyx Black": 21.806, "Black": 41.81, "just": 13.8975}, "Toy Bear": {"Onyx Black": 31.996, "Black": 48.72, "just": 21.419999999999998}, "Vintage Cigar": {"Onyx Black": 35.08, "Black": 59.879999999999995, "just": 20.23}, "Neko Helmet": {"Onyx Black": 37.274, "Black": 64.674, "just": 23.621499999999997}, "Low Rider": {"Onyx Black": 32.78, "Black": 76.38, "just": 21.505}, "Signet Ring": {"Onyx Black": 37.234, "Black": 74.434, "just": 23.2815}, "Electric Skull": {"Onyx Black": 42.89, "Black": 74.894, "just": 26.766499999999997}, "Kissed Frog": {"Onyx Black": 44.568, "Black": 79.21600000000001, "just": 27.506},