{"Snoop Dogg": {"Black Diamond": 2.5005, "Sapphire": 2.2439999999999998, "AI Dogg": 3.0060000000000002, "Doggfather": 2.9205, "Doberman": 3.6755, "King Snoop": 4.8625, "Chrome": 2.491, "Goldizzle": 7.3505, "Cold Topaz": 2.168, "Onyx Black": 3.2066666666666666, "Black": 10.487692307692306, "just": 1.513}, "Swag Bag": {"Happy Herbs": 2.9915, "Leopard": 2.0265, "Missionary": 6.755, "Gin & Jewels": 2.4125, "Take It Easy": 2.509, "Boiling Hot": 2.6055, "Dogg’s Loot": 2.0265, "Snoop Life": 2.509, "Bulk Order": 2.4125, "Darkness": 2.123, "Cashback": 2.9915, "April 20th": 2.9915, "Onyx Black": 3.165, "Black": 6.965, "just": 1.6404999999999998}, "Snoop Cigar": {"Onyx Black": 8.290000000000001, "Black": 17.245, "just": 3.995}, "Lol Pop": {"Sailor Moon": 1.639, "Glowstick": 2.0115000000000003, "Magic Wand": 1.639, "Love Bubbles": 1.639, "Mortal Sin": 4.172, "Plastic Ice": 1.639, "Cobweb": 1.639, "Hexed Helix": 1.8625, "Milky Way": 1.5645, "Heart Pop": 1.639, "Satellite": 1.7432999999999998, "Blood Ember": 1.639, "Crystalline": 1.639, "Jinxed": 1.788, "Dark Portal": 1.5645, "Sweetheart": 1.937, "Blood Sucker": 1.639, "Shock Wave": 1.7432999999999998, "Andromeda": 2.0115000000000003, "Rosebud": 1.7432999999999998, "Dark Sky": 1.788, "Comic Crunch": 1.5645, "Einstein": 1.5645, "Angelina": 2.3095, "Gold Star": 1.5645, "Celestia": 2.3095, "Jolly Roger": 1.7432999999999998, "Onyx Black": 1.895, "Black": 5.195, "just": 1.2665}, "B-Day Candle": {"On Fire": 2.58, "Purr Magic": 1.9995, "Pixel Wish": 1.9995, "Final Boss": 1.9995, "Payday": 1.9995, "Kaboom!": 1.9995, "Happy Meows": 2.58, "Onyx Black": 1.7, "Black": 5.039999999999999, "just": 1.0965}, "Desk Calendar": {"Adult Tasks": 24.315, "Heartbreak": 1.56, "Investor": 6.1499999999999995, "Telegram": 2.015, "Deadline": 2.015, "Checklist": 2.015, "Fund Manager": 2.015, "Tic Tac Toe": 2.015, "Pepe Plans": 10.82, "Hodler": 4.55, "Fawkes Night": 2.6, "Durov Day": 2.6, "Balloon Face": 1.4300000000000002, "Sunday": 2.015, "Burning Time": 2.015, "Independence": 2.6, "Peach Week": 2.015, "Onyx Black": 1.6949999999999998, "Black": 5.3999999999999995, "just": 1.105}, "Lunar Snake": {"Soul Eater": 2.2785, "Hellspawn": 1.9845000000000002, "Synthwave": 5.145, "Python Dev": 2.2785, "Psychedelic": 1.8375, "Timelock": 1.5435, "Hot Cherry": 1.9845000000000002, "Dragon Ball": 5.145, "Onyx Black": 1.9849999999999999, "Black": 5.46, "just": 1.2495}, "Xmas Stocking": {"Onyx Black": 2.16, "Black": 5.680000000000001, "just": 1.2409999999999999}, "Snake Box": {"Onyx Black": 2.0949999999999998, "Black": 5.965, "just": 1.19}, "Pet Snake": {"Onyx Black": 2.465, "Black": 5.6, "just": 1.4449999999999998}, "Candy Cane": {"Grinch": 3.12, "Designer": 5.46, "Hex Pot": 3.12, "Sticky Sweet": 2.1060000000000003, "Onyx Black": 2.4699999999999998, "Black": 5.885, "just": 1.326}, "Whip Cupcake": {"Resistance": 5.075, "Bitcoin": 9.674999999999999, "Sponge Duck": 2.9, "Toncoin": 2.2475, "Deep State": 1.9575, "Onyx Black": 1.9249999999999998, "Black": 5.225, "just": 1.2325}, "Big Year": {"Qing Dynasty": 3.038, "Gold Mine": 6.859999999999999, "Cheshire Cat": 2.352, "First Website": 2.548, "YouTubes": 3.038, "Game Boy": 2.2931999999999997, "The Hobbit": 3.038, "Bitcoin": 5.4879999999999995, "Telegram": 5.4879999999999995, "Big Brother": 3.038, "Pavel Durov": 5.4879999999999995, "The Nether": 3.92, "Pokeball": 2.646, "Creator": 3.038, "Onyx Black": 3.605, "Black": 8.585, "just": 1.666}, "Homemade Cake": {"Onyx Black": 2.3850000000000002, "Black": 5.585, "just": 1.513}, "Cookie Heart": {"Onyx Black": 2.44, "Black": 7.075, "just": 1.5979999999999999}, "Jester Hat": {"Onyx Black": 2.615, "Black": 6.565, "just": 1.3855}, "Holiday Drink": {"Onyx Black": 2.355, "Black": 5.555, "just": 1.6235}, "Ginger Cookie": {"Onyx Black": 3.355, "Black": 6.4799999999999995, "just": 1.7084999999999997}, "Hypno Lollipop": {"Onyx Black": 2.875, "Black": 5.970000000000001, "just": 1.7424999999999997}, "Winter Wreath": {"Moon Cat": 105.69500000000001, "Onyx Black": 2.9450000000000003, "Black": 8.645, "just": 1.6064999999999998}, "Party Sparkler": {"Onyx Black": 3.675, "Black": 7.245, "just": 1.7}, "Jingle Bells": {"Onyx Black": 2.995, "Black": 6.8500000000000005, "just": 1.87}, "Tama Gadget": {"Onyx Black": 3.48, "Black": 7.035, "just": 1.768}, "Jack-in-the-Box": {"Onyx Black": 3.105, "Black": 7.6000000000000005, "just": 1.87}, "Star Notepad": {"Onyx Black": 3.8899999999999997, "Black": 8.665000000000001, "just": 1.9379999999999997}, "Easter Egg": {"Onyx Black": 3.745, "Black": 10.95, "just": 2.21}, "Santa Hat": {"Onyx Black": 3.3339999999999996, "Black": 8.373999999999999, "just": 2.2864999999999998}, "Hex Pot": {"Onyx Black": 3.9450000000000003, "Black": 10.065000000000001, "just": 2.329}, "Restless Jar": {"Onyx Black": 3.75, "Black": 9.75, "just": 2.125}, "Lush Bouquet": {"Onyx Black": 4.675, "Black": 8.42, "just": 2.4225}, "Spiced Wine": {"Onyx Black": 2.896, "Black": 6.835999999999999, "just": 1.9549999999999998}, "Snow Globe": {"Onyx Black": 4.109999999999999, "Black": 10.259999999999998, "just": 2.227}, "Joyful Bundle": {"Onyx Black": 3.6399999999999997, "Black": 7.890000000000001, "just": 2.363}, "Light Sword": {"Onyx Black": 4.494, "Black": 10.613999999999999, "just": 2.6264999999999996}, "Witch Hat": {"Onyx Black": 4.42, "Black": 11.89, "just": 2.7965}, "Bow Tie": {"Onyx Black": 4.942, "Black": 12.642, "just": 2.7624999999999997}, "Eternal Candle": {"Onyx Black": 5.228, "Black": 10.708, "just": 2.8729999999999998}, "Jelly Bunny": {"Onyx Black": 4.42, "Black": 11.624999999999998, "just": 2.8475}, "Bunny Muffin": {"Onyx Black": 4.954, "Black": 11.634, "just": 3.0515}, "Spy Agaric": {"Onyx Black": 4.608, "Black": 10.367999999999999, "just": 2.788}, "Evil Eye": {"Onyx Black": 6.33, "Black": 12.93, "just": 3.0174999999999996}, "Snow Mittens": {"Onyx Black": 4.862, "Black": 7.609999999999999, "just": 3.2045}, "Berry Box": {"Onyx Black": 5.772, "Black": 11.540000000000001, "just": 3.145}, "Valentine Box": {"Onyx Black": 8.07, "Black": 12.530000000000001, "just": 3.7825}, "Sakura Flower": {"Onyx Black": 6.922000000000001, "Black": 14.922, "just": 4.1395}, "Hanging Star": {"Onyx Black": 8.77, "Black": 15.290000000000001, "just": 4.6665}, "Sleigh Bell": {"Onyx Black": 10.472000000000001, "Black": 16.052, "just": 6.3069999999999995}, "Love Candle": {"Onyx Black": 10.29, "Black": 16.09, "just": 6.9275}, "Skull Flower": {"Onyx Black": 9.796, "Black": 18.596, "just": 6.511}, "Crystal Ball": {"Onyx Black": 11.379999999999999, "Black": 28.619999999999997, "just": 6.545}, "Trapped Heart": {"Onyx Black": 12.367999999999999, "Black": 19.208, "just": 7.377999999999999}, "Top Hat": {"Onyx Black": 12.216, "Black": 24.456000000000003, "just": 6.596}, "Love Potion": {"Onyx Black": 10.87, "Black": 22.073999999999998, "just": 7.471499999999999}, "Flying Broom": {"Onyx Black": 10.654, "Black": 19.814, "just": 7.7265}, "Cupid Charm": {"Onyx Black": 17.39, "Black": 32.194, "just": 9.3415}, "Record Player": {"Onyx Black": 11.042, "Black": 20.278, "just": 6.6895}, "Eternal Rose": {"Onyx Black": 17.6, "Black": 31.8, "just": 11.049999999999999}, "Mad Pumpkin": {"Onyx Black": 22.746000000000002, "Black": 40.146, "just": 14.3735}, "Voodoo Doll": {"Onyx Black": 22.072, "Black": 50.092000000000006, "just": 14.297}, "Diamond Ring": {"Onyx Black": 22.454, "Black": 45.634, "just": 13.676499999999999}, "Toy Bear": {"Onyx Black": 24.616, "Black": 47.1, "just": 15.725}, "Vintage Cigar": {"Onyx Black": 43.326, "Black": 55.726, "just": 20.578500000000002}, "Neko Helmet": {"Onyx Black": 37.84, "Black": 75.84, "just": 22.439999999999998}, "Low Rider": {"Onyx Black": 33.608000000000004, "Black": 90.40799999999999, "just": 20.977999999999998}, "Signet Ring": {"Onyx Black": 36.046, "Black": 73.646, "just": 21.598499999999998}, "Electric Skull": {"Onyx Black": 44.542, "Black": 68.538, "just": 26.8345}, "Kissed Frog": {"Onyx Black": 43.422, "Black": 80.62199999999999, "just": 29.214499999999997},