{"Snoop Dogg": {"Cold Topaz": 1.9730000000000003, "Doggfather": 3.2405, "Sapphire": 2.0585, "Black Diamond": 2.011, "Black Gold": 1.9445000000000001, "King Snoop": 5.824, "Goldizzle": 7.5915, "Doberman": 3.763, "AI Dogg": 2.6565, "Chrome": 2.4715, "Onyx Black": 3.726666666666667, "Black": 10.246153846153845, "just": 1.53}, "Swag Bag": {"April 20th": 3.0845000000000002, "Missionary": 8.445, "Take It Easy": 2.587, "Snoop Life": 2.4875, "Gin & Jewels": 2.388, "Aviators": 2.0895, "Boiling Hot": 2.587, "Happy Herbs": 3.0845000000000002, "Cashback": 3.0845000000000002, "Golden Nugs": 2.0895, "Bulk Order": 2.189, "Onyx Black": 3.7350000000000003, "Black": 7.1450000000000005, "just": 1.6915}, "Snoop Cigar": {"Onyx Black": 8.405, "Black": 19.94, "just": 4.156499999999999}, "Lol Pop": {"Jolly Roger": 1.6674999999999998, "Watermelon": 1.5225, "Blood Ember": 1.595, "Plastic Ice": 1.5225, "Blood Sucker": 1.74, "Mortal Sin": 2.9, "Gold Star": 1.5225, "Andromeda": 1.9575, "Doodle Art": 1.595, "Love Bubbles": 1.595, "Einstein": 1.6965, "Angelina": 2.2475, "Fire Vortex": 1.595, "Hexed Helix": 1.5225, "Cobweb": 1.595, "Celestia": 1.9575, "Rosebud": 1.74, "Satellite": 1.6674999999999998, "Pumpkin": 1.9575, "Jinxed": 1.6965, "Icicle": 1.5225, "Shock Wave": 1.5225, "Sweetheart": 1.74, "Sick Leave": 1.5225, "Crystalline": 1.5225, "Dark Portal": 1.74, "Glowstick": 1.9575, "Heart Pop": 1.595, "Comic Crunch": 1.5225, "Dark Sky": 1.595, "Onyx Black": 1.915, "Black": 4.944999999999999, "just": 1.2325}, "B-Day Candle": {"Purr Magic": 2.139, "Happy Meows": 2.139, "Kaboom!": 2.139, "Payday": 2.139, "Pixel Wish": 2.139, "Final Boss": 2.139, "On Fire": 2.139, "Onyx Black": 1.74, "Black": 4.904999999999999, "just": 1.1729999999999998}, "Desk Calendar": {"Investor": 9.17, "Fawkes Night": 5.620000000000001, "Sunday": 2.0925000000000002, "Tic Tac Toe": 1.6875, "Deadline": 2.0925000000000002, "Balloon Face": 1.62, "Hodler": 4.7250000000000005, "Checklist": 1.7550000000000001, "Telegram": 2.7, "Independence": 2.0925000000000002, "Heartbreak": 1.5795, "Peach Week": 2.0925000000000002, "Pepe Plans": 13.924999999999999, "Burning Time": 2.0925000000000002, "Durov Day": 6.575000000000001, "Adult Tasks": 25.61, "Fund Manager": 2.0925000000000002, "Onyx Black": 1.75, "Black": 4.995000000000001, "just": 1.1475}, "Lunar Snake": {"Soul Eater": 2.2475, "Synthwave": 5.075, "Hot Cherry": 1.9575, "Hellspawn": 1.9575, "Timelock": 2.2475, "Python Dev": 2.2475, "Dragon Ball": 5.075, "Psychedelic": 1.8125, "Onyx Black": 2.825, "Black": 5.425, "just": 1.2325}, "Xmas Stocking": {"Onyx Black": 2.09, "Black": 5.74, "just": 1.258}, "Snake Box": {"Onyx Black": 2.14, "Black": 5.99, "just": 1.2665}, "Pet Snake": {"Onyx Black": 2.465, "Black": 5.89, "just": 1.5555}, "Candy Cane": {"Sticky Sweet": 1.925, "Hex Pot": 4.311999999999999, "Grinch": 3.08, "Designer": 5.390000000000001, "Onyx Black": 2.12, "Black": 5.7749999999999995, "just": 1.309}, "Whip Cupcake": {"Resistance": 5.32, "Sponge Duck": 2.3560000000000003, "Deep State": 2.052, "Bitcoin": 11.51, "Toncoin": 2.3560000000000003, "Onyx Black": 2.185, "Black": 5.42, "just": 1.292}, "Big Year": {"Game Boy": 2.068, "The Hobbit": 3.76, "Creator": 2.9139999999999997, "Cheshire Cat": 2.9139999999999997, "Big Brother": 2.9139999999999997, "Pokeball": 2.538, "The Nether": 2.538, "First Website": 2.538, "YouTubes": 3.76, "Gold Mine": 6.58, "Pavel Durov": 9.190000000000001, "Telegram": 5.263999999999999, "Balloons": 1.974, "Qing Dynasty": 2.9139999999999997, "Bitcoin": 5.263999999999999, "Onyx Black": 3.535, "Black": 8.940000000000001, "just": 1.5979999999999999}, "Homemade Cake": {"Onyx Black": 2.2199999999999998, "Black": 5.57, "just": 1.5725}, "Cookie Heart": {"Onyx Black": 2.65, "Black": 6.504999999999999, "just": 1.615}, "Jester Hat": {"Onyx Black": 2.49, "Black": 6.555000000000001, "just": 1.513}, "Holiday Drink": {"Onyx Black": 2.665, "Black": 6.294999999999999, "just": 1.6064999999999998}, "Ginger Cookie": {"Onyx Black": 3.465, "Black": 7.21, "just": 1.6404999999999998}, "Hypno Lollipop": {"Onyx Black": 3.3150000000000004, "Black": 7.1899999999999995, "just": 1.683}, "Winter Wreath": {"Moon Cat": 90.95, "Onyx Black": 2.8499999999999996, "Black": 7.9, "just": 1.615}, "Party Sparkler": {"Onyx Black": 2.905, "Black": 6.6850000000000005, "just": 1.6235}, "Jingle Bells": {"Onyx Black": 2.865, "Black": 6.965, "just": 1.7254999999999998}, "Tama Gadget": {"Onyx Black": 3.43, "Black": 6.760000000000001, "just": 1.734}, "Jack-in-the-Box": {"Onyx Black": 3.145, "Black": 6.8950000000000005, "just": 1.9465}, "Star Notepad": {"Onyx Black": 3.57, "Black": 9.17, "just": 1.9889999999999999}, "Easter Egg": {"Onyx Black": 3.775, "Black": 10.855, "just": 2.38}, "Santa Hat": {"Onyx Black": 3.776, "Black": 9.235999999999999, "just": 2.3459999999999996}, "Hex Pot": {"Onyx Black": 3.95, "Black": 9.309999999999999, "just": 2.295}, "Restless Jar": {"Onyx Black": 4.21, "Black": 8.555, "just": 2.2355}, "Lush Bouquet": {"Onyx Black": 4.699999999999999, "Black": 8.225000000000001, "just": 2.5925}, "Spiced Wine": {"Onyx Black": 2.992, "Black": 6.9079999999999995, "just": 2.142}, "Snow Globe": {"Onyx Black": 7.445, "Black": 10.045, "just": 2.4565}, "Joyful Bundle": {"Onyx Black": 4.904999999999999, "Black": 9.379999999999999, "just": 2.3885}, "Light Sword": {"Onyx Black": 4.648, "Black": 10.244, "just": 2.618}, "Witch Hat": {"Onyx Black": 4.654999999999999, "Black": 12.005, "just": 2.5584999999999996}, "Bow Tie": {"Onyx Black": 5.914, "Black": 12.306, "just": 2.7115}, "Eternal Candle": {"Onyx Black": 5.416, "Black": 11.008, "just": 3.145}, "Jelly Bunny": {"Onyx Black": 4.845, "Black": 11.405000000000001, "just": 2.8135}, "Bunny Muffin": {"Onyx Black": 6.739999999999999, "Black": 16.7, "just": 3.4849999999999994}, "Spy Agaric": {"Onyx Black": 6.836, "Black": 10.38, "just": 2.8899999999999997}, "Evil Eye": {"Onyx Black": 7.066000000000001, "Black": 14.274000000000001, "just": 3.2215}, "Snow Mittens": {"Onyx Black": 5.976, "Black": 8.675999999999998, "just": 3.366}, "Berry Box": {"Onyx Black": 4.748, "Black": 10.524, "just": 3.2129999999999996}, "Valentine Box": {"Onyx Black": 6.966, "Black": 12.566, "just": 3.9185000000000003}, "Sakura Flower": {"Onyx Black": 6.962, "Black": 16.354, "just": 4.4795}, "Hanging Star": {"Onyx Black": 9.146, "Black": 15.394, "just": 5.0915}, "Sleigh Bell": {"Onyx Black": 10.774000000000001, "Black": 23.974, "just": 6.1964999999999995}, "Love Candle": {"Onyx Black": 10.344, "Black": 15.704, "just": 7.513999999999999}, "Skull Flower": {"Onyx Black": 11.042, "Black": 18.362, "just": 6.8595}, "Crystal Ball": {"Onyx Black": 12.27, "Black": 26.71, "just": 6.672499999999999}, "Trapped Heart": {"Onyx Black": 11.54, "Black": 20.740000000000002, "just": 6.715}, "Top Hat": {"Onyx Black": 14.14, "Black": 26.232, "just": 6.561999999999999}, "Love Potion": {"Onyx Black": 12.518, "Black": 23.881999999999998, "just": 8.3385}, "Flying Broom": {"Onyx Black": 11.7, "Black": 27.3, "just": 8.075}, "Cupid Charm": {"Onyx Black": 18.082, "Black": 32.882, "just": 9.749500000000001}, "Record Player": {"Onyx Black": 10.434, "Black": 20.434, "just": 6.281499999999999}, "Eternal Rose": {"Onyx Black": 18.354, "Black": 35.594, "just": 11.8915}, "Mad Pumpkin": {"Onyx Black": 23.72, "Black": 40.12, "just": 15.469999999999999}, "Voodoo Doll": {"Onyx Black": 24.32, "Black": 47.92, "just": 14.62}, "Diamond Ring": {"Onyx Black": 20.34, "Black": 41.54, "just": 13.515}, "Toy Bear": {"Onyx Black": 30.926000000000002, "Black": 46.93000000000001, "just": 20.017500000000002}, "Vintage Cigar": {"Onyx Black": 36.296, "Black": 58.076, "just": 19.941}, "Neko Helmet": {"Onyx Black": 37.19, "Black": 64.59, "just": 23.502499999999998}, "Low Rider": {"Onyx Black": 33.694, "Black": 76.494, "just": 21.6665}, "Signet Ring": {"Onyx Black": 37.6, "Black": 74.8, "just": 23.8}, "Electric Skull": {"Onyx Black": 42.39, "Black": 75.194, "just": 27.191499999999998}, "Kissed Frog": {"Onyx Black": 43.842, "Black": 78.49,