{"Snoop Dogg": {"Cold Topaz": 2.0395, "AI Dogg": 3.1455, "Doggfather": 3.2879999999999994, "Emerald": 1.9255, "Green Light": 1.9255, "King Snoop": 6.1155, "Black Gold": 2.0205, "Doberman": 3.8105, "Chrome": 2.3435, "Black Diamond": 2.2485000000000004, "Sapphire": 2.0585, "Goldizzle": 7.230499999999999, "King Ruby": 2.0205, "Onyx Black": 3.6100000000000003, "Black": 9.806923076923077, "just": 1.5555}, "Swag Bag": {"Golden Nugs": 2.34, "Bulk Order": 2.34, "Leopard": 2.2, "Snoop Life": 3.1, "Darkness": 2.4, "Happy Herbs": 3.1, "P.I.M.P.": 2.1, "Boiling Hot": 2.4, "Dogg’s Loot": 2.1, "Gin & Jewels": 2.5, "Aviators": 2.1, "April 20th": 3.1, "Cashback": 3.1, "Take It Easy": 2.7, "Missionary": 9.0, "Onyx Black": 3.465, "Black": 7.5, "just": 1.7}, "Snoop Cigar": {"Onyx Black": 7.8950000000000005, "Black": 19.25, "just": 4.165}, "Lol Pop": {"Pumpkin": 1.728, "Sick Leave": 1.512, "Dark Portal": 1.7999999999999998, "Jolly Roger": 1.6847999999999999, "Love Bubbles": 1.656, "Rosebud": 1.728, "Glowstick": 1.944, "Jinxed": 1.584, "Shock Wave": 1.512, "Celestia": 2.2319999999999998, "Blood Ember": 1.656, "Mortal Sin": 2.88, "Crystal Comet": 1.512, "Gold Star": 1.584, "Heart Pop": 1.512, "Fire Vortex": 1.512, "Angelina": 2.2319999999999998, "Cobweb": 1.512, "Einstein": 1.728, "Doodle Art": 1.656, "Blood Sucker": 1.8719999999999999, "Watermelon": 1.512, "Comic Crunch": 1.512, "Sweetheart": 1.7999999999999998, "Andromeda": 1.944, "Dark Sky": 1.584, "Hexed Helix": 1.7999999999999998, "Satellite": 1.7999999999999998, "Cookie Dip": 1.512, "Hollywood": 1.584, "Milky Way": 1.512, "Onyx Black": 1.97, "Black": 5.1850000000000005, "just": 1.224}, "B-Day Candle": {"Final Boss": 2.2785, "On Fire": 2.2785, "Happy Meows": 2.2785, "Purr Magic": 2.2785, "Kaboom!": 1.9845000000000002, "Pixel Wish": 2.2785, "Payday": 2.2785, "Onyx Black": 1.8849999999999998, "Black": 5.180000000000001, "just": 1.2495}, "Desk Calendar": {"Adult Tasks": 27.025000000000002, "Hodler": 4.935, "Balloon Face": 1.833, "Investor": 9.705, "Durov Day": 4.935, "Independence": 2.1854999999999998, "Heartbreak": 1.6214999999999997, "Deadline": 2.1854999999999998, "Peach Week": 2.1854999999999998, "Fund Manager": 2.1854999999999998, "Fawkes Night": 2.82, "Burning Time": 2.1854999999999998, "Sunday": 1.9035, "Pepe Plans": 14.705, "Checklist": 2.1854999999999998, "Telegram": 2.1854999999999998, "Tic Tac Toe": 1.9035, "Onyx Black": 1.815, "Black": 5.255, "just": 1.1985}, "Lunar Snake": {"Python Dev": 2.2475, "Synthwave": 5.075, "Hot Cherry": 1.9575, "Soul Eater": 2.2475, "Psychedelic": 1.885, "Hellspawn": 1.9575, "Dragon Ball": 5.075, "Timelock": 2.2475, "Onyx Black": 2.32, "Black": 5.715000000000001, "just": 1.2325}, "Xmas Stocking": {"Onyx Black": 2.23, "Black": 5.51, "just": 1.292}, "Snake Box": {"Onyx Black": 2.125, "Black": 5.385, "just": 1.258}, "Pet Snake": {"Onyx Black": 2.55, "Black": 5.945, "just": 1.615}, "Candy Cane": {"Grinch": 3.14, "Sticky Sweet": 2.4335, "Hex Pot": 4.396, "Designer": 5.495, "Onyx Black": 2.285, "Black": 5.63, "just": 1.3345}, "Whip Cupcake": {"Resistance": 5.915, "Sponge Duck": 2.6195, "Bitcoin": 13.594999999999999, "Toncoin": 2.6195, "Deep State": 2.2815, "Onyx Black": 2.245, "Black": 5.545, "just": 1.4364999999999999}, "Big Year": {"Creator": 2.9139999999999997, "Game Boy": 2.068, "Pokeball": 2.538, "The Nether": 2.9139999999999997, "Bitcoin": 5.263999999999999, "First Website": 2.1995999999999998, "Telegram": 5.263999999999999, "Big Brother": 2.9139999999999997, "Cheshire Cat": 2.9139999999999997, "Gold Mine": 6.58, "YouTubes": 3.76, "Balloons": 2.068, "Qing Dynasty": 2.9139999999999997, "The Hobbit": 3.76, "Pavel Durov": 14.39, "Onyx Black": 4.415, "Black": 9.940000000000001, "just": 1.5979999999999999}, "Homemade Cake": {"Onyx Black": 2.37, "Black": 5.6899999999999995, "just": 1.615}, "Cookie Heart": {"Onyx Black": 2.56, "Black": 6.57, "just": 1.632}, "Jester Hat": {"Onyx Black": 2.54, "Black": 6.065, "just": 1.513}, "Holiday Drink": {"Onyx Black": 2.695, "Black": 6.069999999999999, "just": 1.6064999999999998}, "Ginger Cookie": {"Onyx Black": 3.4850000000000003, "Black": 7.140000000000001, "just": 1.683}, "Hypno Lollipop": {"Onyx Black": 3.4400000000000004, "Black": 7.49, "just": 1.683}, "Winter Wreath": {"Moon Cat": 106.25500000000001, "Onyx Black": 2.94, "Black": 6.984999999999999, "just": 1.683}, "Party Sparkler": {"Onyx Black": 2.965, "Black": 7.42, "just": 1.649}, "Jingle Bells": {"Onyx Black": 3.0949999999999998, "Black": 6.1899999999999995, "just": 1.8615}, "Tama Gadget": {"Onyx Black": 3.4800000000000004, "Black": 6.800000000000001, "just": 1.819}, "Jack-in-the-Box": {"Onyx Black": 3.1, "Black": 6.95, "just": 1.87}, "Star Notepad": {"Onyx Black": 3.74, "Black": 10.705, "just": 2.0655}, "Easter Egg": {"Onyx Black": 3.775, "Black": 10.855, "just": 2.38}, "Santa Hat": {"Onyx Black": 3.76, "Black": 8.276, "just": 2.38}, "Hex Pot": {"Onyx Black": 4.0, "Black": 9.84, "just": 2.3715}, "Restless Jar": {"Onyx Black": 3.8, "Black": 9.23, "just": 2.21}, "Lush Bouquet": {"Onyx Black": 5.244999999999999, "Black": 8.84, "just": 2.7115}, "Spiced Wine": {"Onyx Black": 3.29, "Black": 7.2540000000000004, "just": 2.1165000000000003}, "Snow Globe": {"Onyx Black": 4.845000000000001, "Black": 11.350000000000001, "just": 2.295}, "Joyful Bundle": {"Onyx Black": 4.71, "Black": 9.635, "just": 2.397}, "Light Sword": {"Onyx Black": 4.438, "Black": 9.842, "just": 2.6094999999999997}, "Witch Hat": {"Onyx Black": 4.52, "Black": 12.02, "just": 2.584}, "Bow Tie": {"Onyx Black": 4.912000000000001, "Black": 11.920000000000002, "just": 2.72}, "Eternal Candle": {"Onyx Black": 5.36, "Black": 10.956, "just": 3.06}, "Jelly Bunny": {"Onyx Black": 5.095, "Black": 10.19, "just": 2.8899999999999997}, "Bunny Muffin": {"Onyx Black": 5.414, "Black": 11.613999999999999, "just": 3.1365}, "Spy Agaric": {"Onyx Black": 6.106, "Black": 10.506, "just": 2.9835}, "Evil Eye": {"Onyx Black": 7.074, "Black": 13.474, "just": 3.2215}, "Snow Mittens": {"Onyx Black": 6.394, "Black": 8.79, "just": 3.3915}, "Berry Box": {"Onyx Black": 4.952, "Black": 10.74, "just": 3.315}, "Valentine Box": {"Onyx Black": 7.24, "Black": 12.879999999999999, "just": 4.08}, "Sakura Flower": {"Onyx Black": 7.086, "Black": 16.29, "just": 4.3775}, "Hanging Star": {"Onyx Black": 8.696000000000002, "Black": 15.340000000000002, "just": 5.015000000000001}, "Sleigh Bell": {"Onyx Black": 12.655999999999999, "Black": 20.656, "just": 6.596}, "Love Candle": {"Onyx Black": 10.254, "Black": 16.294, "just": 7.2165}, "Skull Flower": {"Onyx Black": 11.738, "Black": 18.497999999999998, "just": 6.9955}, "Crystal Ball": {"Onyx Black": 12.617999999999999, "Black": 28.238, "just": 7.1655}, "Trapped Heart": {"Onyx Black": 12.373999999999999, "Black": 20.414, "just": 7.386499999999999}, "Top Hat": {"Onyx Black": 15.27, "Black": 28.310000000000002, "just": 7.522499999999999}, "Love Potion": {"Onyx Black": 12.794, "Black": 23.990000000000002, "just": 8.4915}, "Flying Broom": {"Onyx Black": 12.488, "Black": 17.288, "just": 8.058}, "Cupid Charm": {"Onyx Black": 17.073999999999998, "Black": 32.67, "just": 10.0215}, "Record Player": {"Onyx Black": 10.44, "Black": 20.68, "just": 6.63}, "Eternal Rose": {"Onyx Black": 18.83, "Black": 34.43000000000001, "just": 11.9425}, "Mad Pumpkin": {"Onyx Black": 24.5, "Black": 39.1, "just": 16.575}, "Voodoo Doll": {"Onyx Black": 24.156, "Black": 44.6, "just": 14.45}, "Diamond Ring": {"Onyx Black": 21.334, "Black": 42.134, "just": 14.3565}, "Toy Bear": {"Onyx Black": 30.396, "Black": 49.239999999999995, "just": 21.59}, "Vintage Cigar": {"Onyx Black": 36.65, "Black": 58.874, "just": 21.0715}, "Neko Helmet": {"Onyx Black": 37.744, "Black": 64.544, "just": 24.003999999999998}, "Low Rider": {"Onyx Black": 32.594, "Black": 82.994, "just": 21.2415}, "Signet Ring": {"Onyx Black": 37.66, "Black": 74.86000000000001, "just": 23.885}, "Electric Skull": {"Onyx Black": 45.39, "Black": 75.794, "just": 28.0415}, "Kissed Frog": {"Onyx Black": 45.558,