{"Snoop Dogg": {"Sapphire": 2.1965000000000003, "King Snoop": 5.0715, "Cold Topaz": 1.8355000000000004, "Chrome": 2.2535000000000003, "Black Diamond": 2.168, "Emerald": 1.9210000000000003, "AI Dogg": 3.229, "Goldizzle": 7.088500000000001, "Green Light": 1.9305000000000003, "Doberman": 3.3430000000000004, "Doggfather": 3.0105000000000004, "Onyx Black": 2.8833333333333333, "Black": 10.226923076923077, "just": 1.4024999999999999}, "Swag Bag": {"Missionary": 6.4750000000000005, "Boiling Hot": 2.22, "April 20th": 2.8675, "Gin & Jewels": 2.4050000000000002, "Bulk Order": 2.035, "Snoop Life": 2.1275, "Cashback": 2.8675, "Take It Easy": 2.1275, "Happy Herbs": 2.8675, "Dogg’s Loot": 1.9425000000000001, "Darkness": 1.9425000000000001, "Onyx Black": 2.9000000000000004, "Black": 6.92, "just": 1.5725}, "Snoop Cigar": {"Onyx Black": 8.129999999999999, "Black": 19.205, "just": 3.7485}, "Lol Pop": {"Hexed Helix": 1.4190000000000003, "Nostalgia": 1.3545, "Andromeda": 1.677, "Romance": 1.3545, "Love Bubbles": 1.6125, "Cobweb": 1.3545, "Liquid Lime": 1.3545, "Watermelon": 1.4190000000000003, "Dark Sky": 1.4190000000000003, "Satellite": 1.6125, "Rosebud": 1.6125, "Jolly Roger": 1.6125, "Sweetheart": 1.4190000000000003, "Wonka Berry": 1.3545, "Blood Sucker": 1.548, "Heart Pop": 1.3545, "Glowstick": 1.9995, "Angelina": 1.9995, "Icicle": 1.4190000000000003, "Fire Vortex": 1.4190000000000003, "Comic Crunch": 1.3545, "Dark Portal": 1.6125, "Mortal Sin": 3.6119999999999997, "Cookie Dip": 1.4190000000000003, "Jinxed": 1.4834999999999998, "Pumpkin": 1.4834999999999998, "Blood Ember": 1.7415000000000003, "Milky Way": 1.4190000000000003, "Celestia": 1.9995, "Einstein": 1.4190000000000003, "Doodle Art": 1.4834999999999998, "Onyx Black": 1.725, "Black": 5.145, "just": 1.0965}, "B-Day Candle": {"Payday": 1.922, "Shocker": 1.922, "Final Boss": 1.922, "On Fire": 1.922, "Kaboom!": 1.922, "Pixel Wish": 1.922, "Happy Meows": 2.48, "Purr Magic": 2.48, "Onyx Black": 1.62, "Black": 3.9699999999999998, "just": 1.054}, "Desk Calendar": {"Deadline": 2.44, "Peach Week": 1.647, "Independence": 3.416, "Checklist": 1.891, "Balloon Face": 1.586, "Sunday": 2.44, "Hodler": 4.27, "Pepe Plans": 4.27, "Burning Time": 1.891, "Investor": 4.27, "Tic Tac Toe": 1.891, "Telegram": 1.891, "Fawkes Night": 3.416, "Adult Tasks": 4.27, "Fund Manager": 1.891, "Durov Day": 2.44, "Heartbreak": 1.4029999999999998, "Onyx Black": 1.605, "Black": 4.65, "just": 1.037}, "Lunar Snake": {"Hot Cherry": 2.1854999999999998, "Soul Eater": 2.1854999999999998, "Hellspawn": 1.9035, "Psychedelic": 1.9035, "Synthwave": 3.9479999999999995, "Dragon Ball": 4.935, "Python Dev": 2.1854999999999998, "Timelock": 1.9035, "Onyx Black": 2.035, "Black": 4.705, "just": 1.1985}, "Xmas Stocking": {"Onyx Black": 1.9700000000000002, "Black": 4.67, "just": 1.139}, "Snake Box": {"Onyx Black": 1.9500000000000002, "Black": 4.800000000000001, "just": 1.105}, "Pet Snake": {"Onyx Black": 2.24, "Black": 5.295, "just": 1.4364999999999999}, "Candy Cane": {"Hex Pot": 2.604, "Sticky Sweet": 2.184, "Grinch": 3.36, "Designer": 5.88, "Onyx Black": 2.335, "Black": 6.84, "just": 1.428}, "Whip Cupcake": {"Bitcoin": 4.8999999999999995, "Sponge Duck": 2.17, "Deep State": 2.17, "Resistance": 4.8999999999999995, "Toncoin": 2.17, "Onyx Black": 2.1950000000000003, "Black": 5.0, "just": 1.19}, "Big Year": {"Game Boy": 2.236, "Creator": 2.236, "Qing Dynasty": 3.44, "First Website": 2.322, "Gold Mine": 4.816, "Pokeball": 3.44, "Balloons": 1.8920000000000001, "Pavel Durov": 4.816, "Telegram": 4.816, "Bitcoin": 4.816, "YouTubes": 2.666, "Big Brother": 2.666, "Cheshire Cat": 2.236, "The Hobbit": 3.44, "The Nether": 2.236, "Onyx Black": 2.84, "Black": 7.81, "just": 1.462}, "Homemade Cake": {"Onyx Black": 1.9249999999999998, "Black": 4.925000000000001, "just": 1.3175}, "Cookie Heart": {"Onyx Black": 2.47, "Black": 5.8999999999999995, "just": 1.53}, "Jester Hat": {"Onyx Black": 2.7299999999999995, "Black": 6.08, "just": 1.4109999999999998}, "Holiday Drink": {"Onyx Black": 2.325, "Black": 5.275, "just": 1.4875}, "Ginger Cookie": {"Onyx Black": 2.8449999999999998, "Black": 6.42, "just": 1.564}, "Hypno Lollipop": {"Onyx Black": 2.745, "Black": 5.944999999999999, "just": 1.6064999999999998}, "Winter Wreath": {"Onyx Black": 2.4050000000000002, "Black": 8.805, "just": 1.5385}, "Party Sparkler": {"Onyx Black": 3.0999999999999996, "Black": 6.199999999999999, "just": 1.615}, "Jingle Bells": {"Onyx Black": 2.715, "Black": 5.475, "just": 1.6575}, "Tama Gadget": {"Onyx Black": 2.55, "Black": 6.1499999999999995, "just": 1.53}, "Jack-in-the-Box": {"Onyx Black": 2.79, "Black": 7.765, "just": 1.768}, "Star Notepad": {"Onyx Black": 3.25, "Black": 9.375, "just": 1.8275}, "Easter Egg": {"Onyx Black": 3.625, "Black": 11.000000000000002, "just": 2.2525}, "Santa Hat": {"Onyx Black": 3.3950000000000005, "Black": 9.695, "just": 2.0315}, "Hex Pot": {"Onyx Black": 3.475, "Black": 7.655, "just": 2.0909999999999997}, "Restless Jar": {"Onyx Black": 3.87, "Black": 7.970000000000001, "just": 2.074}, "Lush Bouquet": {"Onyx Black": 3.385, "Black": 7.785, "just": 2.1845}, "Spiced Wine": {"Onyx Black": 3.25, "Black": 7.5, "just": 1.7}, "Snow Globe": {"Onyx Black": 4.045, "Black": 9.095, "just": 2.0315}, "Joyful Bundle": {"Onyx Black": 3.745, "Black": 8.57, "just": 2.329}, "Light Sword": {"Onyx Black": 4.125, "Black": 11.924999999999999, "just": 2.4225}, "Witch Hat": {"Onyx Black": 4.02, "Black": 9.42, "just": 2.4139999999999997}, "Bow Tie": {"Onyx Black": 4.715, "Black": 14.715000000000002, "just": 2.618}, "Eternal Candle": {"Onyx Black": 4.965, "Black": 10.215, "just": 2.4905}, "Jelly Bunny": {"Onyx Black": 4.635, "Black": 10.129999999999999, "just": 2.7795}, "Bunny Muffin": {"Onyx Black": 4.57, "Black": 11.12, "just": 2.839}, "Spy Agaric": {"Onyx Black": 5.385, "Black": 10.19, "just": 2.533}, "Evil Eye": {"Onyx Black": 5.82, "Black": 14.275, "just": 3.1025}, "Snow Mittens": {"Onyx Black": 4.475, "Black": 8.870000000000001, "just": 2.5075000000000003}, "Berry Box": {"Onyx Black": 4.785, "Black": 14.290000000000001, "just": 3.043}, "Valentine Box": {"Onyx Black": 5.995, "Black": 10.995000000000001, "just": 3.3915}, "Sakura Flower": {"Onyx Black": 5.785, "Black": 18.14, "just": 3.638}, "Hanging Star": {"Onyx Black": 7.92, "Black": 17.42, "just": 4.114}, "Sleigh Bell": {"Onyx Black": 9.83, "Black": 17.83, "just": 4.811}, "Love Candle": {"Onyx Black": 7.725, "Black": 14.524999999999999, "just": 5.1425}, "Skull Flower": {"Onyx Black": 8.584999999999999, "Black": 16.44, "just": 4.998}, "Crystal Ball": {"Onyx Black": 10.27, "Black": 36.38, "just": 5.576}, "Trapped Heart": {"Onyx Black": 10.25, "Black": 22.75, "just": 6.375}, "Top Hat": {"Onyx Black": 13.59, "Black": 26.19, "just": 6.528}, "Love Potion": {"Onyx Black": 10.205, "Black": 26.705000000000002, "just": 7.1485}, "Flying Broom": {"Onyx Black": 10.690000000000001, "Black": 20.090000000000003, "just": 7.123}, "Cupid Charm": {"Onyx Black": 15.934999999999999, "Black": 33.935, "just": 8.3895}, "Record Player": {"Onyx Black": 10.625, "Black": 24.375, "just": 7.4375}, "Eternal Rose": {"Onyx Black": 18.995, "Black": 33.995, "just": 11.0415}, "Mad Pumpkin": {"Onyx Black": 18.495, "Black": 40.995, "just": 11.8915}, "Voodoo Doll": {"Onyx Black": 20.425, "Black": 40.425, "just": 12.622499999999999}, "Diamond Ring": {"Onyx Black": 20.97, "Black": 47.150000000000006, "just": 13.005}, "Toy Bear": {"Onyx Black": 22.195, "Black": 51.145, "just": 14.7815}, "Vintage Cigar": {"Onyx Black": 43.25, "Black": 62.25, "just": 18.275}, "Neko Helmet": {"Onyx Black": 41.5, "Black": 71.5, "just": 19.55}, "Low Rider": {"Onyx Black": 38.2, "Black": 111.69999999999999, "just": 19.889999999999997}, "Signet Ring": {"Onyx Black": 33.545, "Black": 84.795, "just": 19.2015}, "Electric Skull": {"Onyx Black": 36.375, "Black": 69.875, "just": 21.037499999999998}, "Kissed Frog": {"Onyx Black": 45.5, "Black": 77.5, "just": 28.05}, "Swiss Watch": {"Onyx Black": 49.2, "Black": 95.69999999999999,