{"Snoop Dogg": {"Goldizzle": 7.5405, "King Snoop": 4.9405, "AI Dogg": 2.856, "Sapphire": 2.1060000000000003, "Chrome": 2.3055000000000003, "Doggfather": 3.1930000000000005, "Black Diamond": 2.0015, "Doberman": 3.1930000000000005, "Onyx Black": 3.2733333333333334, "Black": 10.409230769230769, "just": 1.564}, "Swag Bag": {"Leopard": 2.34, "Missionary": 7.0, "P.I.M.P.": 2.1, "Bulk Order": 2.3, "Happy Herbs": 3.1, "April 20th": 3.1, "Gin & Jewels": 2.4, "Aviators": 2.1, "Snoop Life": 2.5, "Cashback": 3.1, "Take It Easy": 2.7, "Dogg’s Loot": 2.1, "Darkness": 2.1, "Boiling Hot": 2.4, "Onyx Black": 3.1, "Black": 7.5, "just": 1.7}, "Snoop Cigar": {"Onyx Black": 7.8950000000000005, "Black": 19.240000000000002, "just": 4.1055}, "Lol Pop": {"Dark Sky": 1.6280000000000001, "Milky Way": 1.6280000000000001, "Andromeda": 1.998, "Hexed Helix": 1.776, "Magic Wand": 1.554, "Nostalgia": 1.554, "Blood Ember": 1.554, "Blood Sucker": 1.998, "Mortal Sin": 4.144, "Angelina": 2.294, "Satellite": 1.7315999999999998, "Crystal Comet": 1.554, "Sweetheart": 1.85, "Dark Portal": 1.924, "Cobweb": 1.554, "Einstein": 1.7315999999999998, "Rosebud": 1.7315999999999998, "Glowstick": 2.294, "Heart Pop": 1.554, "Plastic Ice": 1.554, "Sick Leave": 1.554, "Pumpkin": 1.554, "Comic Crunch": 1.554, "Hollywood": 1.554, "Jinxed": 1.776, "Love Bubbles": 1.702, "Jolly Roger": 1.85, "Doodle Art": 1.6280000000000001, "Celestia": 2.294, "Onyx Black": 2.04, "Black": 5.18, "just": 1.258}, "B-Day Candle": {"Happy Meows": 2.17, "On Fire": 2.17, "Kaboom!": 2.17, "Final Boss": 2.17, "Pixel Wish": 2.17, "Purr Magic": 2.17, "Payday": 2.17, "Onyx Black": 1.825, "Black": 4.949999999999999, "just": 1.19}, "Desk Calendar": {"Durov Day": 4.864999999999999, "Checklist": 2.1545, "Fawkes Night": 2.78, "Telegram": 2.1545, "Hodler": 4.864999999999999, "Balloon Face": 1.807, "Deadline": 2.1545, "Heartbreak": 1.5984999999999998, "Peach Week": 2.78, "Tic Tac Toe": 2.1545, "Adult Tasks": 27.64, "Fund Manager": 2.1545, "Burning Time": 2.1545, "Sunday": 1.7374999999999998, "Investor": 8.695, "Independence": 2.1545, "Pepe Plans": 14.69, "Onyx Black": 1.745, "Black": 5.07, "just": 1.1815}, "Lunar Snake": {"Hellspawn": 1.9845000000000002, "Soul Eater": 2.2785, "Hot Cherry": 2.2785, "Timelock": 2.2785, "Synthwave": 5.145, "Python Dev": 2.2785, "Psychedelic": 2.2785, "Dragon Ball": 5.145, "Onyx Black": 2.435, "Black": 5.4350000000000005, "just": 1.2495}, "Xmas Stocking": {"Onyx Black": 2.195, "Black": 5.19, "just": 1.2665}, "Snake Box": {"Onyx Black": 1.91, "Black": 5.395, "just": 1.275}, "Pet Snake": {"Onyx Black": 2.425, "Black": 6.1850000000000005, "just": 1.5725}, "Candy Cane": {"Hex Pot": 4.172, "Sticky Sweet": 2.3095, "Grinch": 2.98, "Designer": 6.245, "Onyx Black": 2.345, "Black": 5.745, "just": 1.2665}, "Whip Cupcake": {"Deep State": 2.4025000000000003, "Sponge Duck": 2.4025000000000003, "Toncoin": 2.4025000000000003, "Resistance": 6.489999999999999, "Bitcoin": 14.525, "Onyx Black": 2.125, "Black": 5.415, "just": 1.3175}, "Big Year": {"The Hobbit": 3.94, "Telegram": 3.94, "First Website": 2.0685000000000002, "Balloons": 2.1670000000000003, "Qing Dynasty": 3.0535, "Big Brother": 3.0535, "Pokeball": 2.6595, "Pavel Durov": 8.485, "Cheshire Cat": 2.6595, "Bitcoin": 5.516, "Game Boy": 2.3049, "Gold Mine": 6.895, "The Nether": 3.0535, "Creator": 2.6595, "YouTubes": 3.0535, "Onyx Black": 3.6100000000000003, "Black": 9.184999999999999, "just": 1.6744999999999999}, "Homemade Cake": {"Onyx Black": 2.35, "Black": 5.625, "just": 1.5725}, "Cookie Heart": {"Onyx Black": 2.475, "Black": 6.7299999999999995, "just": 1.6744999999999999}, "Jester Hat": {"Onyx Black": 2.69, "Black": 6.090000000000001, "just": 1.513}, "Holiday Drink": {"Onyx Black": 2.685, "Black": 6.225, "just": 1.632}, "Ginger Cookie": {"Onyx Black": 3.55, "Black": 6.87, "just": 1.6575}, "Hypno Lollipop": {"Onyx Black": 3.4749999999999996, "Black": 6.9350000000000005, "just": 1.683}, "Winter Wreath": {"Moon Cat": 106.265, "Onyx Black": 3.0, "Black": 7.0, "just": 1.7}, "Party Sparkler": {"Onyx Black": 2.98, "Black": 7.249999999999999, "just": 1.666}, "Jingle Bells": {"Onyx Black": 2.8449999999999998, "Black": 6.225, "just": 1.8615}, "Tama Gadget": {"Onyx Black": 3.4800000000000004, "Black": 6.8100000000000005, "just": 1.819}, "Jack-in-the-Box": {"Onyx Black": 3.205, "Black": 7.109999999999999, "just": 1.8955}, "Star Notepad": {"Onyx Black": 3.8000000000000003, "Black": 9.225000000000001, "just": 2.0825}, "Easter Egg": {"Onyx Black": 3.795, "Black": 10.875, "just": 2.4139999999999997}, "Santa Hat": {"Onyx Black": 3.8419999999999996, "Black": 8.198, "just": 2.2695}, "Hex Pot": {"Onyx Black": 4.015000000000001, "Black": 9.989999999999998, "just": 2.4055}, "Restless Jar": {"Onyx Black": 3.8, "Black": 9.280000000000001, "just": 2.21}, "Lush Bouquet": {"Onyx Black": 4.585, "Black": 8.845, "just": 2.7115}, "Spiced Wine": {"Onyx Black": 3.304, "Black": 6.54, "just": 1.9889999999999999}, "Snow Globe": {"Onyx Black": 4.91, "Black": 11.415000000000001, "just": 2.4055}, "Joyful Bundle": {"Onyx Black": 4.0, "Black": 9.65, "just": 2.4225}, "Light Sword": {"Onyx Black": 4.558, "Black": 9.878, "just": 2.6605}, "Witch Hat": {"Onyx Black": 4.484999999999999, "Black": 11.559999999999999, "just": 2.652}, "Bow Tie": {"Onyx Black": 4.699999999999999, "Black": 11.664000000000001, "just": 2.8049999999999997}, "Eternal Candle": {"Onyx Black": 5.494, "Black": 11.294, "just": 2.9665}, "Jelly Bunny": {"Onyx Black": 5.19, "Black": 10.68, "just": 2.9155}, "Bunny Muffin": {"Onyx Black": 4.758, "Black": 11.734, "just": 3.3065}, "Spy Agaric": {"Onyx Black": 5.470000000000001, "Black": 10.462, "just": 2.9325}, "Evil Eye": {"Onyx Black": 6.244, "Black": 13.443999999999999, "just": 3.1790000000000003}, "Snow Mittens": {"Onyx Black": 5.818, "Black": 8.733999999999998, "just": 3.4255}, "Berry Box": {"Onyx Black": 5.5200000000000005, "Black": 10.74, "just": 3.315}, "Valentine Box": {"Onyx Black": 7.279999999999999, "Black": 12.879999999999999, "just": 4.08}, "Sakura Flower": {"Onyx Black": 6.564, "Black": 16.164, "just": 4.199}, "Hanging Star": {"Onyx Black": 9.07, "Black": 15.281999999999998, "just": 4.972499999999999}, "Sleigh Bell": {"Onyx Black": 10.16, "Black": 20.56, "just": 6.46}, "Love Candle": {"Onyx Black": 10.382, "Black": 17.266000000000002, "just": 7.1995000000000005}, "Skull Flower": {"Onyx Black": 11.762, "Black": 18.682, "just": 7.0295}, "Crystal Ball": {"Onyx Black": 12.533999999999999, "Black": 28.174, "just": 7.046499999999999}, "Trapped Heart": {"Onyx Black": 12.634, "Black": 17.434, "just": 7.1315}, "Top Hat": {"Onyx Black": 15.009999999999998, "Black": 26.61, "just": 7.097499999999999}, "Love Potion": {"Onyx Black": 13.376000000000001, "Black": 23.78, "just": 8.194}, "Flying Broom": {"Onyx Black": 12.082, "Black": 17.682000000000002, "just": 8.0495}, "Cupid Charm": {"Onyx Black": 16.656, "Black": 32.856, "just": 9.996}, "Record Player": {"Onyx Black": 10.6, "Black": 20.8, "just": 6.8}, "Eternal Rose": {"Onyx Black": 20.6, "Black": 30.64, "just": 12.24}, "Mad Pumpkin": {"Onyx Black": 24.2, "Black": 40.176, "just": 16.15}, "Voodoo Doll": {"Onyx Black": 23.68, "Black": 44.480000000000004, "just": 14.28}, "Diamond Ring": {"Onyx Black": 21.4, "Black": 42.2, "just": 14.45}, "Toy Bear": {"Onyx Black": 33.434, "Black": 53.594, "just": 22.091499999999996}, "Vintage Cigar": {"Onyx Black": 36.888, "Black": 64.648, "just": 20.808}, "Neko Helmet": {"Onyx Black": 38.794, "Black": 67.514, "just": 23.7915}, "Low Rider": {"Onyx Black": 32.894, "Black": 84.18199999999999, "just": 21.6665}, "Signet Ring": {"Onyx Black": 37.78, "Black": 76.94, "just": 24.055}, "Electric Skull": {"Onyx Black": 44.06, "Black": 76.064, "just": 28.423999999999996}, "Kissed Frog": {"Onyx Black": 46.013999999999996, "Black": 80.814, "just": 29.486499999999996}, "Swiss Watch": {"Onyx Black": 42.816, "Black": 72.816, "just": 30.055999999999997}, "Sharp Tongue": {"Onyx Black": 57.194, "Black": 141.194, "just": 35.6915},