{"Snoop Dogg": {"AI Dogg": 3.2005, "Goldizzle": 7.212000000000001, "Sapphire": 2.2060000000000004, "Cold Topaz": 1.9305000000000003, "Doberman": 3.685, "Doggfather": 2.9155, "Chrome": 2.3865000000000003, "Black Diamond": 2.1015, "King Snoop": 4.796, "Onyx Black": 2.7933333333333334, "Black": 10.372307692307693, "just": 1.428}, "Swag Bag": {"Golden Nugs": 1.9320000000000002, "Missionary": 6.44, "Gin & Jewels": 2.208, "Cashback": 2.8520000000000003, "Happy Herbs": 2.8520000000000003, "Bulk Order": 2.116, "Darkness": 2.0240000000000005, "Boiling Hot": 2.4840000000000004, "Take It Easy": 2.116, "April 20th": 2.8520000000000003, "Snoop Life": 2.3000000000000003, "Onyx Black": 2.9699999999999998, "Black": 6.92, "just": 1.564}, "Snoop Cigar": {"Onyx Black": 8.13, "Black": 18.185, "just": 3.7145}, "Lol Pop": {"Sweetheart": 1.4949999999999999, "Nostalgia": 1.3650000000000002, "Icicle": 1.4300000000000002, "Pink Foil": 1.4300000000000002, "Jolly Roger": 1.56, "Doodle Art": 1.4949999999999999, "Cookie Dip": 1.4300000000000002, "Dark Portal": 1.56, "Mortal Sin": 2.6, "Rosebud": 1.625, "Satellite": 1.6900000000000002, "Sailor Moon": 1.3650000000000002, "Hexed Helix": 1.4949999999999999, "Angelina": 1.7550000000000001, "Comic Crunch": 1.3650000000000002, "Romance": 1.3650000000000002, "Einstein": 1.4300000000000002, "Pumpkin": 1.4949999999999999, "Jinxed": 1.4300000000000002, "Blood Sucker": 1.625, "Shock Wave": 1.3650000000000002, "Dark Sky": 1.56, "Heart Pop": 1.3650000000000002, "Cobweb": 1.4949999999999999, "Celestia": 2.015, "Wonka Berry": 1.4300000000000002, "Fire Vortex": 1.4300000000000002, "Portable Pop": 1.3650000000000002, "Blood Ember": 1.625, "Love Bubbles": 1.4300000000000002, "Glowstick": 2.015, "Andromeda": 2.015, "Watermelon": 1.4300000000000002, "Milky Way": 1.4300000000000002, "Onyx Black": 1.75, "Black": 5.1000000000000005, "just": 1.105}, "B-Day Candle": {"Payday": 1.9375, "Pixel Wish": 1.9375, "Kaboom!": 1.9375, "Purr Magic": 1.9375, "Final Boss": 1.9375, "Shocker": 1.9375, "On Fire": 1.9375, "Happy Meows": 2.5, "Onyx Black": 1.6, "Black": 4.87, "just": 1.0625}, "Desk Calendar": {"Telegram": 1.8755, "Hodler": 4.234999999999999, "Deadline": 2.42, "Tic Tac Toe": 1.6335, "Investor": 4.234999999999999, "Adult Tasks": 4.234999999999999, "Peach Week": 1.573, "Sunday": 2.42, "Burning Time": 1.8755, "Checklist": 1.8755, "Durov Day": 2.42, "Balloon Face": 1.573, "Independence": 3.388, "Fawkes Night": 4.234999999999999, "Fund Manager": 1.8755, "Heartbreak": 1.331, "Pepe Plans": 4.234999999999999, "Onyx Black": 1.58, "Black": 4.855, "just": 1.0285}, "Lunar Snake": {"Hot Cherry": 2.17, "Dragon Ball": 4.8999999999999995, "Psychedelic": 2.17, "Timelock": 1.89, "Python Dev": 2.17, "Hellspawn": 2.17, "Soul Eater": 1.75, "Synthwave": 3.9199999999999995, "Onyx Black": 1.9949999999999999, "Black": 5.1, "just": 1.19}, "Xmas Stocking": {"Onyx Black": 1.975, "Black": 4.65, "just": 1.105}, "Snake Box": {"Onyx Black": 1.8450000000000002, "Black": 5.095000000000001, "just": 1.105}, "Pet Snake": {"Onyx Black": 2.305, "Black": 5.285, "just": 1.377}, "Candy Cane": {"Designer": 5.495, "Sticky Sweet": 2.1195000000000004, "Grinch": 2.4335, "Hex Pot": 3.14, "Onyx Black": 2.365, "Black": 5.785, "just": 1.3345}, "Whip Cupcake": {"Bitcoin": 4.97, "Deep State": 1.917, "Sponge Duck": 2.84, "Toncoin": 2.201, "Resistance": 4.97, "Onyx Black": 2.11, "Black": 5.66, "just": 1.2069999999999999}, "Big Year": {"Big Brother": 2.295, "Qing Dynasty": 3.4, "Pavel Durov": 4.76, "The Nether": 2.125, "Telegram": 4.76, "Pokeball": 2.635, "YouTubes": 2.635, "The Hobbit": 3.4, "Cheshire Cat": 2.295, "Balloons": 1.87, "First Website": 2.04, "Gold Mine": 4.76, "Bitcoin": 4.76, "Creator": 2.635, "Game Boy": 2.21, "Onyx Black": 2.7199999999999998, "Black": 7.800000000000001, "just": 1.4449999999999998}, "Homemade Cake": {"Onyx Black": 2.02, "Black": 5.025, "just": 1.3175}, "Cookie Heart": {"Onyx Black": 2.29, "Black": 6.365, "just": 1.4705}, "Jester Hat": {"Onyx Black": 2.95, "Black": 5.800000000000001, "just": 1.36}, "Holiday Drink": {"Onyx Black": 2.33, "Black": 5.59, "just": 1.513}, "Ginger Cookie": {"Onyx Black": 2.84, "Black": 6.165, "just": 1.5555}, "Hypno Lollipop": {"Onyx Black": 2.705, "Black": 5.904999999999999, "just": 1.5385}, "Winter Wreath": {"Onyx Black": 2.46, "Black": 7.875, "just": 1.4875}, "Party Sparkler": {"Onyx Black": 2.8, "Black": 8.35, "just": 1.53}, "Jingle Bells": {"Onyx Black": 2.47, "Black": 6.390000000000001, "just": 1.513}, "Tama Gadget": {"Onyx Black": 2.88, "Black": 6.4799999999999995, "just": 1.496}, "Jack-in-the-Box": {"Onyx Black": 2.67, "Black": 7.88, "just": 1.7084999999999997}, "Star Notepad": {"Onyx Black": 4.14, "Black": 8.985, "just": 1.9379999999999997}, "Easter Egg": {"Onyx Black": 3.675, "Black": 10.424999999999999, "just": 1.9975}, "Santa Hat": {"Onyx Black": 3.2800000000000002, "Black": 9.48, "just": 1.836}, "Hex Pot": {"Onyx Black": 3.695, "Black": 7.9799999999999995, "just": 1.9465}, "Restless Jar": {"Onyx Black": 3.65, "Black": 8.375, "just": 1.9549999999999998}, "Lush Bouquet": {"Onyx Black": 3.35, "Black": 7.915, "just": 2.125}, "Spiced Wine": {"Onyx Black": 3.145, "Black": 7.915, "just": 1.734}, "Snow Globe": {"Onyx Black": 3.95, "Black": 9.055, "just": 1.9635}, "Joyful Bundle": {"Onyx Black": 3.675, "Black": 8.28, "just": 2.176}, "Light Sword": {"Onyx Black": 4.535, "Black": 11.285, "just": 2.4395000000000002}, "Witch Hat": {"Onyx Black": 3.8949999999999996, "Black": 10.345, "just": 2.2864999999999998}, "Bow Tie": {"Onyx Black": 4.665, "Black": 13.99, "just": 2.533}, "Eternal Candle": {"Onyx Black": 4.945, "Black": 10.195, "just": 2.4565}, "Jelly Bunny": {"Onyx Black": 4.55, "Black": 10.05, "just": 2.635}, "Bunny Muffin": {"Onyx Black": 4.465, "Black": 21.610000000000003, "just": 2.7455}, "Spy Agaric": {"Onyx Black": 5.1899999999999995, "Black": 10.440000000000001, "just": 2.448}, "Evil Eye": {"Onyx Black": 5.67, "Black": 15.674999999999999, "just": 2.8475}, "Snow Mittens": {"Onyx Black": 4.425, "Black": 8.425, "just": 2.4225}, "Berry Box": {"Onyx Black": 4.15, "Black": 14.274999999999999, "just": 3.0174999999999996}, "Valentine Box": {"Onyx Black": 7.93, "Black": 10.93, "just": 3.2809999999999997}, "Sakura Flower": {"Onyx Black": 5.495, "Black": 17.994999999999997, "just": 3.3915}, "Hanging Star": {"Onyx Black": 7.595000000000001, "Black": 16.445, "just": 4.156499999999999}, "Sleigh Bell": {"Onyx Black": 10.875, "Black": 17.73, "just": 5.066}, "Love Candle": {"Onyx Black": 7.9, "Black": 15.5, "just": 5.5249999999999995}, "Skull Flower": {"Onyx Black": 8.695, "Black": 17.0, "just": 5.1}, "Crystal Ball": {"Onyx Black": 10.24, "Black": 28.265, "just": 5.5505}, "Trapped Heart": {"Onyx Black": 10.185, "Black": 23.185, "just": 6.2645}, "Top Hat": {"Onyx Black": 15.774999999999999, "Black": 26.125000000000004, "just": 6.4174999999999995}, "Love Potion": {"Onyx Black": 10.16, "Black": 26.41, "just": 6.647}, "Flying Broom": {"Onyx Black": 10.375, "Black": 19.375, "just": 7.4375}, "Cupid Charm": {"Onyx Black": 14.834999999999999, "Black": 36.84, "just": 8.228}, "Record Player": {"Onyx Black": 11.91, "Black": 24.005000000000003, "just": 6.816999999999999}, "Eternal Rose": {"Onyx Black": 18.445, "Black": 36.445, "just": 10.9565}, "Mad Pumpkin": {"Onyx Black": 18.185, "Black": 39.44, "just": 11.798}, "Voodoo Doll": {"Onyx Black": 20.5, "Black": 46.0, "just": 12.75}, "Diamond Ring": {"Onyx Black": 19.98, "Black": 44.445, "just": 12.7415}, "Toy Bear": {"Onyx Black": 22.744999999999997, "Black": 53.0, "just": 14.45}, "Vintage Cigar": {"Onyx Black": 35.965, "Black": 73.465, "just": 18.6405}, "Neko Helmet": {"Onyx Black": 41.474999999999994, "Black": 71.47, "just": 19.5075}, "Low Rider": {"Onyx Black": 35.25, "Black": 106.75, "just": 20.825}, "Signet Ring": {"Onyx Black": 37.495, "Black": 89.99499999999999, "just": 19.5415}, "Electric Skull": {"Onyx Black": 36.94, "Black": 69.44, "just": 21.997999999999998}, "Kissed Frog": {"Onyx Black": 46.715, "Black": 79.215,