{"Snoop Dogg": {"Black Gold": 2.0015, "Chrome": 2.296, "Cold Topaz": 1.9730000000000003, "Doberman": 3.535, "Sapphire": 2.0300000000000002, "King Snoop": 4.627, "Emerald": 2.011, "Goldizzle": 6.945500000000001, "King Ruby": 2.011, "Doggfather": 3.0410000000000004, "AI Dogg": 2.9365000000000006, "Black Diamond": 2.0015, "Onyx Black": 3.256666666666667, "Black": 10.408461538461538, "just": 1.5045}, "Swag Bag": {"Gin & Jewels": 2.522, "Leopard": 2.2697999999999996, "Golden Nugs": 2.134, "Take It Easy": 2.522, "Bulk Order": 2.328, "Missionary": 7.970000000000001, "Happy Herbs": 3.007, "Cashback": 3.007, "Boiling Hot": 2.619, "April 20th": 3.007, "Darkness": 2.2697999999999996, "Snoop Life": 2.522, "Onyx Black": 3.0700000000000003, "Black": 7.220000000000001, "just": 1.649}, "Snoop Cigar": {"Onyx Black": 7.5600000000000005, "Black": 19.384999999999998, "just": 4.1395}, "Lol Pop": {"Jinxed": 1.518, "Hexed Helix": 1.5869999999999997, "Dark Sky": 1.7249999999999999, "Blood Sucker": 1.863, "Mortal Sin": 3.8639999999999994, "Milky Way": 1.518, "Glowstick": 2.139, "Fire Vortex": 1.4489999999999998, "Jolly Roger": 1.518, "Pink Foil": 1.518, "Einstein": 1.518, "Andromeda": 2.139, "Nostalgia": 1.4489999999999998, "Heart Pop": 1.518, "Rosebud": 1.518, "Celestia": 2.139, "Portable Pop": 1.4489999999999998, "Cookie Dip": 1.518, "Love Bubbles": 1.5869999999999997, "Dark Portal": 1.7939999999999998, "Shock Wave": 1.5869999999999997, "Blood Ember": 1.5869999999999997, "Pumpkin": 1.518, "Blue Goo": 1.4489999999999998, "Doodle Art": 1.656, "Watermelon": 1.518, "Icicle": 1.4489999999999998, "Angelina": 2.139, "Sailor Moon": 1.518, "Magic Wand": 1.4489999999999998, "Sweetheart": 1.863, "Satellite": 1.7249999999999999, "Cobweb": 1.5869999999999997, "Onyx Black": 1.935, "Black": 5.215, "just": 1.1729999999999998}, "B-Day Candle": {"On Fire": 2.0770000000000004, "Purr Magic": 2.0770000000000004, "Happy Meows": 2.68, "Payday": 2.0770000000000004, "Kaboom!": 1.8090000000000002, "Pixel Wish": 2.0770000000000004, "Final Boss": 2.0770000000000004, "Onyx Black": 1.745, "Black": 5.11, "just": 1.139}, "Desk Calendar": {"Fawkes Night": 2.76, "Sunday": 1.863, "Investor": 4.83, "Hodler": 4.83, "Checklist": 2.139, "Telegram": 2.139, "Independence": 2.76, "Deadline": 2.139, "Tic Tac Toe": 1.863, "Heartbreak": 1.5869999999999997, "Fund Manager": 2.139, "Peach Week": 1.863, "Burning Time": 1.863, "Adult Tasks": 24.139999999999997, "Pepe Plans": 15.690000000000001, "Durov Day": 2.139, "Balloon Face": 2.139, "Onyx Black": 1.76, "Black": 5.375, "just": 1.1729999999999998}, "Lunar Snake": {"Dragon Ball": 5.25, "Soul Eater": 2.325, "Hot Cherry": 2.0250000000000004, "Synthwave": 5.25, "Psychedelic": 1.875, "Timelock": 1.9500000000000002, "Python Dev": 2.325, "Hellspawn": 2.325, "Onyx Black": 2.225, "Black": 5.85, "just": 1.275}, "Xmas Stocking": {"Onyx Black": 2.65, "Black": 5.685, "just": 1.275}, "Snake Box": {"Onyx Black": 2.2, "Black": 6.170000000000001, "just": 1.2325}, "Pet Snake": {"Onyx Black": 2.3, "Black": 5.87, "just": 1.4875}, "Candy Cane": {"Designer": 8.370000000000001, "Sticky Sweet": 3.08, "Hex Pot": 3.08, "Grinch": 3.08, "Onyx Black": 2.3449999999999998, "Black": 5.87, "just": 1.309}, "Whip Cupcake": {"Bitcoin": 9.26, "Toncoin": 2.3560000000000003, "Sponge Duck": 2.3560000000000003, "Deep State": 2.3560000000000003, "Resistance": 5.32, "Onyx Black": 2.2350000000000003, "Black": 5.5600000000000005, "just": 1.292}, "Big Year": {"The Hobbit": 3.2550000000000003, "Big Brother": 2.8350000000000004, "Telegram": 4.2, "The Nether": 2.7300000000000004, "YouTubes": 4.2, "First Website": 2.3100000000000005, "Game Boy": 2.205, "Pokeball": 2.7300000000000004, "Cheshire Cat": 2.415, "Pavel Durov": 4.2, "Bitcoin": 5.88, "Creator": 2.8350000000000004, "Gold Mine": 7.3500000000000005, "Qing Dynasty": 3.2550000000000003, "Onyx Black": 3.67, "Black": 9.915000000000001, "just": 1.785}, "Homemade Cake": {"Onyx Black": 2.42, "Black": 5.365, "just": 1.5725}, "Cookie Heart": {"Onyx Black": 2.55, "Black": 6.945, "just": 1.615}, "Jester Hat": {"Onyx Black": 2.46, "Black": 6.4750000000000005, "just": 1.513}, "Holiday Drink": {"Onyx Black": 2.46, "Black": 6.445, "just": 1.6915}, "Ginger Cookie": {"Onyx Black": 3.825, "Black": 7.300000000000001, "just": 1.785}, "Hypno Lollipop": {"Onyx Black": 2.815, "Black": 6.5200000000000005, "just": 1.8104999999999998}, "Winter Wreath": {"Moon Cat": 105.49000000000001, "Onyx Black": 2.965, "Black": 7.84, "just": 1.683}, "Party Sparkler": {"Onyx Black": 2.9850000000000003, "Black": 6.984999999999999, "just": 1.6744999999999999}, "Jingle Bells": {"Onyx Black": 2.86, "Black": 6.765, "just": 1.8104999999999998}, "Tama Gadget": {"Onyx Black": 3.215, "Black": 6.565, "just": 1.8104999999999998}, "Jack-in-the-Box": {"Onyx Black": 3.125, "Black": 7.37, "just": 1.9040000000000001}, "Star Notepad": {"Onyx Black": 4.005, "Black": 9.48, "just": 1.9209999999999998}, "Easter Egg": {"Onyx Black": 3.8249999999999997, "Black": 11.05, "just": 2.38}, "Santa Hat": {"Onyx Black": 3.474, "Black": 8.414000000000001, "just": 2.3715}, "Hex Pot": {"Onyx Black": 3.89, "Black": 10.094999999999999, "just": 2.3715}, "Restless Jar": {"Onyx Black": 3.74, "Black": 10.185, "just": 2.1504999999999996}, "Lush Bouquet": {"Onyx Black": 4.335, "Black": 7.984999999999999, "just": 2.5245}, "Spiced Wine": {"Onyx Black": 2.858, "Black": 6.91, "just": 2.0655}, "Snow Globe": {"Onyx Black": 4.465, "Black": 10.915000000000001, "just": 2.4055}, "Joyful Bundle": {"Onyx Black": 3.625, "Black": 7.999999999999999, "just": 2.38}, "Light Sword": {"Onyx Black": 4.8740000000000006, "Black": 10.474, "just": 2.6605}, "Witch Hat": {"Onyx Black": 4.37, "Black": 11.674999999999999, "just": 2.8475}, "Bow Tie": {"Onyx Black": 4.912000000000001, "Black": 12.600000000000001, "just": 2.72}, "Eternal Candle": {"Onyx Black": 5.054, "Black": 11.086000000000002, "just": 2.9665}, "Jelly Bunny": {"Onyx Black": 5.02, "Black": 10.72, "just": 2.924}, "Bunny Muffin": {"Onyx Black": 4.934, "Black": 14.542, "just": 3.0515}, "Spy Agaric": {"Onyx Black": 5.572, "Black": 10.444, "just": 2.907}, "Evil Eye": {"Onyx Black": 6.414, "Black": 13.274000000000001, "just": 3.2215}, "Snow Mittens": {"Onyx Black": 5.12, "Black": 8.216000000000001, "just": 3.145}, "Berry Box": {"Onyx Black": 5.928, "Black": 10.728000000000002, "just": 3.298}, "Valentine Box": {"Onyx Black": 8.274000000000001, "Black": 12.714000000000002, "just": 4.0715}, "Sakura Flower": {"Onyx Black": 6.838, "Black": 15.478000000000002, "just": 4.3605}, "Hanging Star": {"Onyx Black": 8.078, "Black": 15.274000000000001, "just": 4.6495}, "Sleigh Bell": {"Onyx Black": 10.158, "Black": 18.154, "just": 5.890499999999999}, "Love Candle": {"Onyx Black": 10.96, "Black": 19.56, "just": 7.31}, "Skull Flower": {"Onyx Black": 11.27, "Black": 18.874, "just": 7.471499999999999}, "Crystal Ball": {"Onyx Black": 11.870000000000001, "Black": 27.874, "just": 6.6215}, "Trapped Heart": {"Onyx Black": 13.233999999999998, "Black": 18.514, "just": 7.471499999999999}, "Top Hat": {"Onyx Black": 12.394, "Black": 22.594, "just": 6.7915}, "Love Potion": {"Onyx Black": 10.969999999999999, "Black": 23.369999999999997, "just": 7.607499999999999}, "Flying Broom": {"Onyx Black": 12.876000000000001, "Black": 20.036, "just": 8.041}, "Cupid Charm": {"Onyx Black": 16.622, "Black": 31.862000000000002, "just": 10.0045}, "Record Player": {"Onyx Black": 10.754000000000001, "Black": 20.793999999999997, "just": 6.7915}, "Eternal Rose": {"Onyx Black": 20.172, "Black": 36.152, "just": 11.576999999999998}, "Mad Pumpkin": {"Onyx Black": 22.22, "Black": 41.215999999999994, "just": 14.194999999999999}, "Voodoo Doll": {"Onyx Black": 22.41, "Black": 45.934, "just": 14.1865}, "Diamond Ring": {"Onyx Black": 22.086, "Black": 42.57000000000001, "just": 13.7275}, "Toy Bear": {"Onyx Black": 26.416, "Black": 48.7, "just": 18.275}, "Vintage Cigar": {"Onyx Black": 38.634, "Black": 54.634, "just": 20.7315}, "Neko Helmet": {"Onyx Black": 37.594,