{"Snoop Dogg": {"Chrome": 2.1205000000000003, "Doggfather": 3.096, "Goldizzle": 7.055999999999999, "Sapphire": 2.2155, "AI Dogg": 3.3905000000000003, "Black Gold": 1.9305000000000003, "Doberman": 3.5710000000000006, "Cold Topaz": 2.1395, "King Snoop": 4.511, "Emerald": 2.1205000000000003, "Black Diamond": 2.2155, "Onyx Black": 3.3833333333333337, "Black": 10.019230769230768, "just": 1.4875}, "Swag Bag": {"Take It Easy": 2.5245, "Boiling Hot": 2.3375000000000004, "April 20th": 2.8985000000000003, "Snoop Life": 2.5245, "Darkness": 1.9635000000000002, "Cashback": 2.8985000000000003, "Bulk Order": 2.431, "Gin & Jewels": 2.3375000000000004, "Missionary": 6.545, "P.I.M.P.": 1.9635000000000002, "Happy Herbs": 2.8985000000000003, "Onyx Black": 3.185, "Black": 7.185, "just": 1.5895000000000001}, "Snoop Cigar": {"Onyx Black": 8.195, "Black": 16.625, "just": 3.8249999999999997}, "Lol Pop": {"Glowstick": 2.108, "Shock Wave": 1.564, "Doodle Art": 1.4960000000000002, "Jolly Roger": 1.7000000000000002, "Rosebud": 1.564, "Sweetheart": 1.564, "Pink Foil": 1.4280000000000002, "Gold Star": 1.4960000000000002, "Pumpkin": 1.564, "Plastic Ice": 1.4280000000000002, "Milky Way": 1.564, "Love Bubbles": 1.564, "Satellite": 1.7000000000000002, "Fire Vortex": 1.4280000000000002, "Blood Sucker": 1.6320000000000001, "Celestia": 2.108, "Sick Leave": 1.4960000000000002, "Icicle": 1.4280000000000002, "Nostalgia": 1.4280000000000002, "Cobweb": 1.4280000000000002, "Angelina": 2.108, "Blood Ember": 1.564, "Romance": 1.4960000000000002, "Hexed Helix": 1.7680000000000002, "Jinxed": 1.7000000000000002, "Dark Sky": 1.564, "Sailor Moon": 1.4960000000000002, "Watermelon": 1.4280000000000002, "Comic Crunch": 1.4960000000000002, "Heart Pop": 1.564, "Dark Portal": 1.6320000000000001, "Andromeda": 1.8360000000000003, "Mortal Sin": 3.808, "Einstein": 1.4960000000000002, "Portable Pop": 1.4280000000000002, "Onyx Black": 1.855, "Black": 5.319999999999999, "just": 1.1560000000000001}, "B-Day Candle": {"Happy Meows": 2.7, "Payday": 2.0925000000000002, "On Fire": 2.0925000000000002, "Pixel Wish": 2.0925000000000002, "Purr Magic": 2.0925000000000002, "Final Boss": 2.0925000000000002, "Kaboom!": 1.8225000000000002, "Onyx Black": 1.625, "Black": 5.16, "just": 1.1475}, "Desk Calendar": {"Hodler": 3.7239999999999998, "Fawkes Night": 4.655, "Telegram": 2.0615, "Balloon Face": 1.4630000000000003, "Burning Time": 2.0615, "Independence": 2.66, "Investor": 4.655, "Durov Day": 2.66, "Tic Tac Toe": 1.596, "Deadline": 2.0615, "Checklist": 1.729, "Sunday": 2.0615, "Adult Tasks": 24.615000000000002, "Pepe Plans": 10.985000000000001, "Heartbreak": 1.5294999999999999, "Fund Manager": 2.0615, "Peach Week": 2.0615, "Onyx Black": 1.63, "Black": 6.005, "just": 1.1305}, "Lunar Snake": {"Python Dev": 2.2475, "Dragon Ball": 5.075, "Synthwave": 4.06, "Psychedelic": 1.9575, "Timelock": 1.9575, "Hellspawn": 2.2475, "Hot Cherry": 1.9575, "Soul Eater": 2.2475, "Onyx Black": 2.19, "Black": 5.0249999999999995, "just": 1.2325}, "Xmas Stocking": {"Onyx Black": 2.13, "Black": 5.449999999999999, "just": 1.19}, "Snake Box": {"Onyx Black": 1.9100000000000001, "Black": 6.180000000000001, "just": 1.1645}, "Pet Snake": {"Onyx Black": 2.325, "Black": 5.074999999999999, "just": 1.4024999999999999}, "Candy Cane": {"Designer": 5.25, "Grinch": 3.0, "Sticky Sweet": 2.325, "Hex Pot": 3.0, "Onyx Black": 2.425, "Black": 6.13, "just": 1.275}, "Whip Cupcake": {"Toncoin": 2.9, "Deep State": 2.2475, "Resistance": 5.075, "Bitcoin": 10.225, "Sponge Duck": 2.2475, "Onyx Black": 2.02, "Black": 5.225, "just": 1.2325}, "Big Year": {"Pokeball": 2.5515, "Cheshire Cat": 2.1734999999999998, "The Nether": 2.079, "First Website": 1.9845, "Bitcoin": 3.78, "Qing Dynasty": 3.78, "Big Brother": 2.9295, "Game Boy": 2.079, "Pavel Durov": 3.78, "The Hobbit": 3.78, "Telegram": 5.292, "YouTubes": 2.9295, "Creator": 2.9295, "Gold Mine": 5.292, "Onyx Black": 3.42, "Black": 9.195, "just": 1.6064999999999998}, "Homemade Cake": {"Onyx Black": 2.0999999999999996, "Black": 5.33, "just": 1.4195}, "Cookie Heart": {"Onyx Black": 2.575, "Black": 7.145, "just": 1.5725}, "Jester Hat": {"Onyx Black": 2.625, "Black": 6.82, "just": 1.4024999999999999}, "Holiday Drink": {"Onyx Black": 2.885, "Black": 5.85, "just": 1.53}, "Ginger Cookie": {"Onyx Black": 3.8, "Black": 6.550000000000001, "just": 1.785}, "Hypno Lollipop": {"Onyx Black": 2.8, "Black": 6.199999999999999, "just": 1.615}, "Winter Wreath": {"Onyx Black": 2.51, "Black": 8.885, "just": 1.5045}, "Party Sparkler": {"Onyx Black": 3.245, "Black": 6.645, "just": 1.6064999999999998}, "Jingle Bells": {"Onyx Black": 2.67, "Black": 6.944999999999999, "just": 1.6064999999999998}, "Tama Gadget": {"Onyx Black": 3.4400000000000004, "Black": 6.984999999999999, "just": 1.683}, "Jack-in-the-Box": {"Onyx Black": 3.0999999999999996, "Black": 7.875, "just": 1.8275}, "Star Notepad": {"Onyx Black": 3.895, "Black": 8.645, "just": 1.9465}, "Easter Egg": {"Onyx Black": 3.91, "Black": 11.06, "just": 2.142}, "Santa Hat": {"Onyx Black": 3.5, "Black": 8.379999999999999, "just": 2.295}, "Hex Pot": {"Onyx Black": 4.005, "Black": 10.39, "just": 2.363}, "Restless Jar": {"Onyx Black": 4.02, "Black": 8.415, "just": 2.159}, "Lush Bouquet": {"Onyx Black": 4.845000000000001, "Black": 7.745, "just": 2.3715}, "Spiced Wine": {"Onyx Black": 2.862, "Black": 6.466000000000001, "just": 1.8615}, "Snow Globe": {"Onyx Black": 4.12, "Black": 10.32, "just": 2.244}, "Joyful Bundle": {"Onyx Black": 3.625, "Black": 8.125, "just": 2.3375}, "Light Sword": {"Onyx Black": 4.09, "Black": 10.969999999999999, "just": 2.5075000000000003}, "Witch Hat": {"Onyx Black": 4.36, "Black": 11.950000000000001, "just": 2.465}, "Bow Tie": {"Onyx Black": 4.178, "Black": 12.762, "just": 2.7795}, "Eternal Candle": {"Onyx Black": 5.24, "Black": 11.040000000000001, "just": 2.8899999999999997}, "Jelly Bunny": {"Onyx Black": 4.57, "Black": 10.07, "just": 2.669}, "Bunny Muffin": {"Onyx Black": 5.562, "Black": 13.293999999999999, "just": 2.9665}, "Spy Agaric": {"Onyx Black": 4.66, "Black": 10.459999999999999, "just": 2.635}, "Evil Eye": {"Onyx Black": 6.13, "Black": 12.89, "just": 3.0174999999999996}, "Snow Mittens": {"Onyx Black": 4.976, "Black": 7.576, "just": 3.366}, "Berry Box": {"Onyx Black": 5.196, "Black": 11.591999999999999, "just": 3.111}, "Valentine Box": {"Onyx Black": 7.932, "Black": 12.408000000000001, "just": 3.5869999999999997}, "Sakura Flower": {"Onyx Black": 6.596, "Black": 13.712, "just": 3.961}, "Hanging Star": {"Onyx Black": 8.596, "Black": 14.32, "just": 4.42}, "Sleigh Bell": {"Onyx Black": 10.442, "Black": 18.561999999999998, "just": 6.179499999999999}, "Love Candle": {"Onyx Black": 9.854, "Black": 15.934000000000001, "just": 6.706499999999999}, "Skull Flower": {"Onyx Black": 10.674, "Black": 18.394, "just": 6.7915}, "Crystal Ball": {"Onyx Black": 12.084, "Black": 29.604, "just": 6.239}, "Trapped Heart": {"Onyx Black": 11.434000000000001, "Black": 19.43, "just": 7.1315}, "Top Hat": {"Onyx Black": 12.388, "Black": 25.840000000000003, "just": 6.783}, "Love Potion": {"Onyx Black": 10.9, "Black": 22.104, "just": 7.513999999999999}, "Flying Broom": {"Onyx Black": 11.082, "Black": 20.042, "just": 8.0495}, "Cupid Charm": {"Onyx Black": 17.304000000000002, "Black": 36.104, "just": 9.214}, "Record Player": {"Onyx Black": 11.306000000000001, "Black": 20.985999999999997, "just": 7.0635}, "Eternal Rose": {"Onyx Black": 18.294, "Black": 29.734, "just": 10.9565}, "Mad Pumpkin": {"Onyx Black": 25.82, "Black": 40.62, "just": 15.044999999999998}, "Voodoo Doll": {"Onyx Black": 23.572, "Black": 58.727999999999994, "just": 15.197999999999999}, "Diamond Ring": {"Onyx Black": 22.7, "Black": 38.7, "just": 14.025}, "Toy Bear": {"Onyx Black": 25.012, "Black": 48.46000000000001, "just": 16.235}, "Vintage Cigar": {"Onyx Black": 45.196, "Black": 60.0, "just": 20.4}, "Neko Helmet": {"Onyx Black": 39.1, "Black": 65.096, "just": 24.224999999999998}, "Low Rider": {"Onyx Black": 34.44, "Black": 86.88, "just": 21.08},