{"Snoop Dogg": {"King Ruby": 2.016, "King Snoop": 4.549, "Doggfather": 3.134, "Chrome": 2.3105, "Doberman": 3.3905000000000003, "Cold Topaz": 2.1205000000000003, "AI Dogg": 3.1055, "Sapphire": 2.4055000000000004, "Goldizzle": 7.055999999999999, "Onyx Black": 3.29, "Black": 10.008461538461539, "just": 1.5045}, "Swag Bag": {"Darkness": 2.1849999999999996, "Missionary": 6.6499999999999995, "Boiling Hot": 2.565, "Cashback": 2.945, "P.I.M.P.": 1.9949999999999999, "Leopard": 2.09, "Gin & Jewels": 2.375, "Snoop Life": 2.565, "April 20th": 2.945, "Happy Herbs": 2.945, "Take It Easy": 2.375, "Bulk Order": 2.4699999999999998, "Onyx Black": 3.2, "Black": 7.375, "just": 1.615}, "Snoop Cigar": {"Onyx Black": 8.190000000000001, "Black": 16.75, "just": 3.8249999999999997}, "Lol Pop": {"Dark Portal": 1.7550000000000001, "Jinxed": 1.5525, "Milky Way": 1.5525, "Glowstick": 2.0925000000000002, "Cobweb": 1.4175000000000002, "Andromeda": 2.0925000000000002, "Einstein": 1.4850000000000003, "Pink Foil": 1.4175000000000002, "Icicle": 1.4175000000000002, "Pumpkin": 1.5525, "Sweetheart": 1.5525, "Shock Wave": 1.4850000000000003, "Portable Pop": 1.4175000000000002, "Celestia": 2.0925000000000002, "Gold Star": 1.5525, "Hexed Helix": 1.5525, "Watermelon": 1.4175000000000002, "Blood Ember": 1.5525, "Comic Crunch": 1.4850000000000003, "Sick Leave": 1.4850000000000003, "Mortal Sin": 3.78, "Angelina": 2.0925000000000002, "Dark Sky": 1.5525, "Blood Sucker": 1.62, "Doodle Art": 1.4850000000000003, "Fire Vortex": 1.4175000000000002, "Sailor Moon": 1.5525, "Crystalline": 1.4175000000000002, "Cookie Dip": 1.4175000000000002, "Soap Bubbles": 1.4175000000000002, "Satellite": 1.6875, "Rosebud": 1.5525, "Nostalgia": 1.4175000000000002, "Jolly Roger": 1.62, "Love Bubbles": 1.4850000000000003, "Heart Pop": 1.5525, "Onyx Black": 1.85, "Black": 5.325000000000001, "just": 1.1475}, "B-Day Candle": {"Payday": 2.015, "Happy Meows": 2.6, "Pixel Wish": 2.015, "On Fire": 2.015, "Final Boss": 2.015, "Kaboom!": 1.7550000000000001, "Purr Magic": 2.015, "Onyx Black": 1.705, "Black": 5.1450000000000005, "just": 1.105}, "Desk Calendar": {"Investor": 4.62, "Fawkes Night": 4.62, "Balloon Face": 1.518, "Tic Tac Toe": 1.6500000000000001, "Telegram": 2.0460000000000003, "Adult Tasks": 25.06, "Pepe Plans": 11.145, "Independence": 2.64, "Deadline": 2.0460000000000003, "Hodler": 3.6959999999999997, "Sunday": 2.0460000000000003, "Durov Day": 2.64, "Peach Week": 2.0460000000000003, "Heartbreak": 1.584, "Fund Manager": 2.0460000000000003, "Checklist": 1.7160000000000002, "Burning Time": 2.0460000000000003, "Onyx Black": 1.62, "Black": 6.0, "just": 1.122}, "Lunar Snake": {"Psychedelic": 1.7374999999999998, "Hot Cherry": 1.8765, "Hellspawn": 2.1545, "Synthwave": 4.864999999999999, "Dragon Ball": 5.595, "Soul Eater": 2.1545, "Python Dev": 2.1545, "Timelock": 1.668, "Onyx Black": 2.16, "Black": 5.4399999999999995, "just": 1.1815}, "Xmas Stocking": {"Onyx Black": 2.045, "Black": 4.975, "just": 1.2325}, "Snake Box": {"Onyx Black": 1.955, "Black": 5.18, "just": 1.1560000000000001}, "Pet Snake": {"Onyx Black": 2.39, "Black": 5.734999999999999, "just": 1.513}, "Candy Cane": {"Grinch": 3.12, "Hex Pot": 3.12, "Designer": 5.46, "Sticky Sweet": 2.418, "Onyx Black": 2.38, "Black": 6.16, "just": 1.326}, "Whip Cupcake": {"Deep State": 2.263, "Bitcoin": 10.48, "Toncoin": 2.263, "Sponge Duck": 2.263, "Resistance": 5.109999999999999, "Onyx Black": 2.025, "Black": 4.98, "just": 1.2409999999999999}, "Big Year": {"Qing Dynasty": 3.038, "Game Boy": 2.058, "Gold Mine": 5.4879999999999995, "The Hobbit": 3.92, "Bitcoin": 3.92, "Pokeball": 2.646, "Cheshire Cat": 2.352, "YouTubes": 2.646, "The Nether": 2.058, "Big Brother": 3.038, "Pavel Durov": 3.92, "Creator": 3.038, "Telegram": 5.4879999999999995, "Onyx Black": 3.455, "Black": 9.23, "just": 1.666}, "Homemade Cake": {"Onyx Black": 2.1100000000000003, "Black": 5.295, "just": 1.36}, "Cookie Heart": {"Onyx Black": 2.5949999999999998, "Black": 7.194999999999999, "just": 1.6064999999999998}, "Jester Hat": {"Onyx Black": 2.63, "Black": 6.83, "just": 1.4109999999999998}, "Holiday Drink": {"Onyx Black": 2.8550000000000004, "Black": 5.82, "just": 1.4789999999999999}, "Ginger Cookie": {"Onyx Black": 3.9, "Black": 6.0, "just": 1.7}, "Hypno Lollipop": {"Onyx Black": 2.87, "Black": 6.470000000000001, "just": 1.649}, "Winter Wreath": {"Onyx Black": 2.645, "Black": 9.35, "just": 1.53}, "Party Sparkler": {"Onyx Black": 3.66, "Black": 7.06, "just": 1.632}, "Jingle Bells": {"Onyx Black": 2.69, "Black": 6.965, "just": 1.6404999999999998}, "Tama Gadget": {"Onyx Black": 3.49, "Black": 7.035, "just": 1.768}, "Jack-in-the-Box": {"Onyx Black": 3.125, "Black": 7.8999999999999995, "just": 1.87}, "Star Notepad": {"Onyx Black": 3.865, "Black": 8.89, "just": 1.8955}, "Easter Egg": {"Onyx Black": 3.9050000000000002, "Black": 10.76, "just": 2.142}, "Santa Hat": {"Onyx Black": 3.48, "Black": 8.32, "just": 2.21}, "Hex Pot": {"Onyx Black": 3.83, "Black": 10.33, "just": 2.261}, "Restless Jar": {"Onyx Black": 4.0, "Black": 8.425, "just": 2.125}, "Lush Bouquet": {"Onyx Black": 4.805, "Black": 7.8549999999999995, "just": 2.3035}, "Spiced Wine": {"Onyx Black": 2.774, "Black": 6.466000000000001, "just": 1.8615}, "Snow Globe": {"Onyx Black": 4.07, "Black": 10.295, "just": 2.2015}, "Joyful Bundle": {"Onyx Black": 3.765, "Black": 8.145, "just": 2.3715}, "Light Sword": {"Onyx Black": 4.2, "Black": 9.8, "just": 2.55}, "Witch Hat": {"Onyx Black": 4.365, "Black": 11.955, "just": 2.4735}, "Bow Tie": {"Onyx Black": 4.118, "Black": 12.702, "just": 2.6944999999999997}, "Eternal Candle": {"Onyx Black": 5.07, "Black": 13.190000000000001, "just": 2.9325}, "Jelly Bunny": {"Onyx Black": 4.46, "Black": 10.115, "just": 2.924}, "Bunny Muffin": {"Onyx Black": 5.466, "Black": 13.693999999999999, "just": 2.9665}, "Spy Agaric": {"Onyx Black": 4.86, "Black": 10.86, "just": 2.635}, "Evil Eye": {"Onyx Black": 6.183999999999999, "Black": 13.204, "just": 3.094}, "Snow Mittens": {"Onyx Black": 4.856, "Black": 7.736, "just": 3.1959999999999997}, "Berry Box": {"Onyx Black": 5.220000000000001, "Black": 11.804000000000002, "just": 3.145}, "Valentine Box": {"Onyx Black": 8.434, "Black": 12.553999999999998, "just": 3.7314999999999996}, "Sakura Flower": {"Onyx Black": 6.516, "Black": 13.840000000000002, "just": 3.74}, "Hanging Star": {"Onyx Black": 8.314, "Black": 15.11, "just": 4.4115}, "Sleigh Bell": {"Onyx Black": 10.934, "Black": 18.934, "just": 6.706499999999999}, "Love Candle": {"Onyx Black": 9.914, "Black": 16.793999999999997, "just": 6.7915}, "Skull Flower": {"Onyx Black": 10.702, "Black": 18.382, "just": 6.7745}, "Crystal Ball": {"Onyx Black": 12.468, "Black": 29.988, "just": 6.783}, "Trapped Heart": {"Onyx Black": 11.554, "Black": 19.869999999999997, "just": 7.3015}, "Top Hat": {"Onyx Black": 12.274000000000001, "Black": 25.726, "just": 6.6215}, "Love Potion": {"Onyx Black": 10.14, "Black": 22.14, "just": 7.565}, "Flying Broom": {"Onyx Black": 11.004, "Black": 17.204, "just": 7.939}, "Cupid Charm": {"Onyx Black": 17.04, "Black": 35.84, "just": 8.84}, "Record Player": {"Onyx Black": 10.964, "Black": 20.624000000000002, "just": 6.579}, "Eternal Rose": {"Onyx Black": 18.57, "Black": 31.77, "just": 11.007499999999999}, "Mad Pumpkin": {"Onyx Black": 26.02, "Black": 40.81999999999999, "just": 14.194999999999999}, "Voodoo Doll": {"Onyx Black": 23.46, "Black": 57.96, "just": 14.110000000000001}, "Diamond Ring": {"Onyx Black": 22.694, "Black": 38.694, "just": 14.016499999999999}, "Toy Bear": {"Onyx Black": 25.006, "Black": 49.45399999999999, "just": 16.226499999999998}, "Vintage Cigar": {"Onyx Black": 44.41, "Black": 59.214, "just": 19.2865}, "Neko Helmet": {"Onyx Black": 37.594, "Black": 63.586, "just": 22.091499999999996}, "Low Rider": {"Onyx Black": 34.554, "Black": 86.994, "just": 21.2415}, "Signet Ring": {"Onyx Black": 36.394, "Black": 77.594, "just": 22.091499999999996}, "Electric Skull": {"Onyx Black": 41.45, "Black": 67.446, "just": 25.287499999999998},