{"Snoop Dogg": {"Doggfather": 2.8465, "AI Dogg": 2.8655, "Sapphire": 2.0015, "King Ruby": 1.9064999999999999, "Chrome": 2.3055000000000003, "King Snoop": 4.8265, "Black Diamond": 2.1060000000000003, "Doberman": 3.6205000000000007, "Green Light": 1.9445000000000001, "Goldizzle": 7.3065, "Onyx Black": 3.2300000000000004, "Black": 10.551538461538463, "just": 1.5215}, "Swag Bag": {"Boiling Hot": 2.4875, "Missionary": 8.69, "Darkness": 2.3283, "Bulk Order": 2.388, "April 20th": 3.0845000000000002, "Happy Herbs": 3.0845000000000002, "Snoop Life": 2.388, "Leopard": 2.0895, "Take It Easy": 2.587, "Cashback": 3.0845000000000002, "Gin & Jewels": 2.4875, "Aviators": 2.0895, "Onyx Black": 3.085, "Black": 7.49, "just": 1.6915}, "Snoop Cigar": {"Onyx Black": 7.91, "Black": 19.464999999999996, "just": 4.1225}, "Lol Pop": {"Dark Portal": 1.8375, "Fire Vortex": 1.5435, "Andromeda": 1.9845000000000002, "Satellite": 1.7198999999999998, "Glowstick": 2.2785, "Hexed Helix": 1.6905, "Watermelon": 1.5435, "Rosebud": 1.7198999999999998, "Jolly Roger": 1.8375, "Celestia": 2.2785, "Doodle Art": 1.617, "Mortal Sin": 2.94, "Comic Crunch": 1.5435, "Angelina": 2.2785, "Cobweb": 1.617, "Blood Ember": 1.617, "Pumpkin": 1.5435, "Shock Wave": 1.5435, "Milky Way": 1.5435, "Heart Pop": 1.617, "Jinxed": 1.617, "Blood Sucker": 1.911, "Sweetheart": 1.8375, "Einstein": 1.7198999999999998, "Love Bubbles": 1.7198999999999998, "Dark Sky": 1.617, "Onyx Black": 2.035, "Black": 5.23, "just": 1.2495}, "B-Day Candle": {"Pixel Wish": 2.1545, "Happy Meows": 2.1545, "Purr Magic": 2.1545, "On Fire": 2.78, "Kaboom!": 2.1545, "Final Boss": 2.1545, "Payday": 2.1545, "Onyx Black": 1.9449999999999998, "Black": 4.995, "just": 1.1815}, "Desk Calendar": {"Fund Manager": 2.0925000000000002, "Adult Tasks": 26.465, "Heartbreak": 1.4850000000000003, "Fawkes Night": 3.78, "Hodler": 4.7250000000000005, "Investor": 7.125, "Balloon Face": 1.8225000000000002, "Burning Time": 2.0925000000000002, "Telegram": 2.0925000000000002, "Pepe Plans": 14.669999999999998, "Checklist": 1.8225000000000002, "Tic Tac Toe": 1.5795, "Durov Day": 2.7, "Independence": 2.0925000000000002, "Deadline": 2.0925000000000002, "Peach Week": 2.7, "Sunday": 2.0925000000000002, "Onyx Black": 1.865, "Black": 5.325000000000001, "just": 1.1475}, "Lunar Snake": {"Dragon Ball": 5.075, "Hellspawn": 2.2475, "Psychedelic": 2.2475, "Timelock": 1.9575, "Synthwave": 5.075, "Hot Cherry": 2.2475, "Python Dev": 2.2475, "Soul Eater": 2.2475, "Onyx Black": 2.225, "Black": 5.4750000000000005, "just": 1.2325}, "Xmas Stocking": {"Onyx Black": 2.375, "Black": 5.15, "just": 1.275}, "Snake Box": {"Onyx Black": 2.135, "Black": 5.829999999999999, "just": 1.2495}, "Pet Snake": {"Onyx Black": 2.49, "Black": 5.6850000000000005, "just": 1.5045}, "Candy Cane": {"Designer": 7.305000000000001, "Hex Pot": 3.22, "Sticky Sweet": 2.4955000000000003, "Grinch": 3.22, "Onyx Black": 2.305, "Black": 5.78, "just": 1.3685}, "Whip Cupcake": {"Bitcoin": 14.85, "Sponge Duck": 2.325, "Deep State": 2.0250000000000004, "Toncoin": 2.325, "Resistance": 6.5, "Onyx Black": 2.2, "Black": 5.9, "just": 1.275}, "Big Year": {"YouTubes": 3.96, "Creator": 2.673, "Qing Dynasty": 3.069, "Big Brother": 3.069, "Cheshire Cat": 3.069, "The Hobbit": 3.96, "Pokeball": 2.673, "Pavel Durov": 6.93, "Bitcoin": 5.544, "Game Boy": 2.475, "Gold Mine": 6.93, "First Website": 2.178, "Balloons": 2.2769999999999997, "The Nether": 2.673, "Telegram": 5.544, "Onyx Black": 3.615, "Black": 9.19, "just": 1.683}, "Homemade Cake": {"Onyx Black": 2.365, "Black": 5.390000000000001, "just": 1.5979999999999999}, "Cookie Heart": {"Onyx Black": 2.655, "Black": 6.9, "just": 1.6235}, "Jester Hat": {"Onyx Black": 2.525, "Black": 5.87, "just": 1.4789999999999999}, "Holiday Drink": {"Onyx Black": 2.57, "Black": 6.4750000000000005, "just": 1.6575}, "Ginger Cookie": {"Onyx Black": 3.75, "Black": 7.000000000000001, "just": 1.6575}, "Hypno Lollipop": {"Onyx Black": 3.0549999999999997, "Black": 6.2, "just": 1.6235}, "Winter Wreath": {"Moon Cat": 106.25999999999999, "Onyx Black": 2.97, "Black": 7.19, "just": 1.6915}, "Party Sparkler": {"Onyx Black": 2.99, "Black": 7.26, "just": 1.683}, "Jingle Bells": {"Onyx Black": 2.795, "Black": 6.24, "just": 1.7764999999999997}, "Tama Gadget": {"Onyx Black": 3.4749999999999996, "Black": 6.574999999999999, "just": 1.8275}, "Jack-in-the-Box": {"Onyx Black": 3.0700000000000003, "Black": 7.12, "just": 1.9040000000000001}, "Star Notepad": {"Onyx Black": 3.8850000000000002, "Black": 9.434999999999999, "just": 2.0145}, "Easter Egg": {"Onyx Black": 3.8600000000000003, "Black": 10.834999999999999, "just": 2.5245}, "Santa Hat": {"Onyx Black": 3.9360000000000004, "Black": 8.239999999999998, "just": 2.329}, "Hex Pot": {"Onyx Black": 3.96, "Black": 10.094999999999999, "just": 2.295}, "Restless Jar": {"Onyx Black": 3.975, "Black": 9.559999999999999, "just": 2.1675}, "Lush Bouquet": {"Onyx Black": 4.53, "Black": 9.015, "just": 2.618}, "Spiced Wine": {"Onyx Black": 3.622, "Black": 7.09, "just": 2.1845}, "Snow Globe": {"Onyx Black": 4.465, "Black": 11.459999999999999, "just": 2.4905}, "Joyful Bundle": {"Onyx Black": 3.86, "Black": 9.71, "just": 2.4819999999999998}, "Light Sword": {"Onyx Black": 4.4719999999999995, "Black": 10.668, "just": 2.652}, "Witch Hat": {"Onyx Black": 4.625, "Black": 12.125, "just": 2.7624999999999997}, "Bow Tie": {"Onyx Black": 4.74, "Black": 12.144, "just": 2.754}, "Eternal Candle": {"Onyx Black": 4.8580000000000005, "Black": 10.498000000000001, "just": 2.9155}, "Jelly Bunny": {"Onyx Black": 4.86, "Black": 10.705, "just": 2.924}, "Bunny Muffin": {"Onyx Black": 4.554, "Black": 11.554, "just": 3.0515}, "Spy Agaric": {"Onyx Black": 5.568, "Black": 10.48, "just": 2.9579999999999997}, "Evil Eye": {"Onyx Black": 6.154, "Black": 12.113999999999999, "just": 3.0515}, "Snow Mittens": {"Onyx Black": 5.788, "Black": 7.9879999999999995, "just": 3.383}, "Berry Box": {"Onyx Black": 5.462, "Black": 11.582, "just": 3.2045}, "Valentine Box": {"Onyx Black": 7.632, "Black": 14.032, "just": 4.012}, "Sakura Flower": {"Onyx Black": 6.452, "Black": 15.496, "just": 4.386}, "Hanging Star": {"Onyx Black": 7.73, "Black": 15.11, "just": 4.717499999999999}, "Sleigh Bell": {"Onyx Black": 10.382, "Black": 20.386, "just": 6.2135}, "Love Candle": {"Onyx Black": 10.906, "Black": 16.666, "just": 7.5735}, "Skull Flower": {"Onyx Black": 12.028, "Black": 18.828, "just": 7.123}, "Crystal Ball": {"Onyx Black": 12.533999999999999, "Black": 28.174, "just": 7.046499999999999}, "Trapped Heart": {"Onyx Black": 13.168, "Black": 18.008, "just": 7.377999999999999}, "Top Hat": {"Onyx Black": 12.766, "Black": 21.166, "just": 7.318499999999999}, "Love Potion": {"Onyx Black": 13.754, "Black": 23.75, "just": 8.1515}, "Flying Broom": {"Onyx Black": 12.780000000000001, "Black": 18.78, "just": 7.905}, "Cupid Charm": {"Onyx Black": 17.93, "Black": 30.734, "just": 10.1065}, "Record Player": {"Onyx Black": 10.528, "Black": 20.727999999999998, "just": 6.6979999999999995}, "Eternal Rose": {"Onyx Black": 20.146, "Black": 34.15, "just": 12.112499999999999}, "Mad Pumpkin": {"Onyx Black": 24.68, "Black": 41.056, "just": 16.830000000000002}, "Voodoo Doll": {"Onyx Black": 23.028, "Black": 45.832, "just": 15.062}, "Diamond Ring": {"Onyx Black": 22.056, "Black": 43.260000000000005, "just": 13.685}, "Toy Bear": {"Onyx Black": 34.854, "Black": 52.334, "just": 23.7065}, "Vintage Cigar": {"Onyx Black": 37.182, "Black": 66.582, "just": 21.2245}, "Neko Helmet": {"Onyx Black": 38.494, "Black": 60.494, "just": 23.3665}, "Low Rider": {"Onyx Black": 33.188, "Black": 81.58800000000001, "just": 22.083}, "Signet Ring": {"Onyx Black": 36.964, "Black": 79.364, "just": 22.899}, "Electric Skull": {"Onyx Black": 42.154, "Black": 76.154, "just": 28.5515}, "Kissed Frog": {"Onyx Black": 46.802, "Black": 81.606, "just": 30.608499999999996}, "Swiss Watch": {"Onyx Black": 44.0, "Black": 73.6, "just": 30.599999999999998}, "Sharp Tongue": {"Onyx Black": 58.616, "Black": 146.216,