{"Snoop Dogg": {"Black Diamond": 2.0490000000000004, "Sapphire": 2.011, "AI Dogg": 2.856, "Chrome": 2.201, "Doggfather": 2.837, "Doberman": 3.5255, "King Ruby": 2.0015, "King Snoop": 4.8075, "Cold Topaz": 1.992, "Goldizzle": 7.3255, "Green Light": 1.9445000000000001, "Onyx Black": 3.2533333333333334, "Black": 10.41076923076923, "just": 1.513}, "Swag Bag": {"Missionary": 8.685, "Bulk Order": 2.3165999999999998, "Take It Easy": 2.574, "Aviators": 2.079, "Leopard": 2.178, "Darkness": 2.376, "Happy Herbs": 3.069, "April 20th": 3.069, "Snoop Life": 2.376, "Boiling Hot": 2.475, "Cashback": 3.069, "Gin & Jewels": 2.475, "Onyx Black": 3.085, "Black": 7.484999999999999, "just": 1.683}, "Snoop Cigar": {"Onyx Black": 7.445, "Black": 19.39, "just": 4.156499999999999}, "Lol Pop": {"Angelina": 2.294, "Dark Portal": 1.776, "Jinxed": 1.6280000000000001, "Satellite": 1.7315999999999998, "Love Bubbles": 1.924, "Glowstick": 2.294, "Milky Way": 1.554, "Dark Sky": 1.6280000000000001, "Cobweb": 1.6280000000000001, "Mortal Sin": 2.96, "Heart Pop": 1.6280000000000001, "Einstein": 1.6280000000000001, "Doodle Art": 1.6280000000000001, "Pumpkin": 1.554, "Andromeda": 1.998, "Sweetheart": 1.85, "Celestia": 2.294, "Watermelon": 1.554, "Jolly Roger": 1.7315999999999998, "Rosebud": 1.7315999999999998, "Fire Vortex": 1.554, "Blood Ember": 1.6280000000000001, "Hexed Helix": 1.702, "Shock Wave": 1.554, "Blood Sucker": 1.85, "Comic Crunch": 1.554, "Onyx Black": 2.04, "Black": 5.234999999999999, "just": 1.258}, "B-Day Candle": {"Purr Magic": 2.139, "Payday": 2.139, "On Fire": 2.76, "Pixel Wish": 2.139, "Final Boss": 2.76, "Happy Meows": 2.139, "Kaboom!": 2.139, "Onyx Black": 1.94, "Black": 4.9399999999999995, "just": 1.1729999999999998}, "Desk Calendar": {"Pepe Plans": 14.68, "Adult Tasks": 26.475, "Sunday": 2.1235000000000004, "Peach Week": 2.74, "Independence": 2.1235000000000004, "Burning Time": 2.1235000000000004, "Tic Tac Toe": 1.7125000000000001, "Heartbreak": 1.5070000000000003, "Checklist": 1.8495000000000004, "Fawkes Night": 3.836, "Telegram": 2.1235000000000004, "Hodler": 4.795, "Durov Day": 4.795, "Deadline": 2.1235000000000004, "Fund Manager": 2.1235000000000004, "Balloon Face": 1.8495000000000004, "Investor": 7.135000000000001, "Onyx Black": 1.875, "Black": 5.335000000000001, "just": 1.1645}, "Lunar Snake": {"Hellspawn": 2.079, "Soul Eater": 2.387, "Hot Cherry": 2.387, "Dragon Ball": 5.390000000000001, "Psychedelic": 2.387, "Synthwave": 5.390000000000001, "Python Dev": 2.387, "Timelock": 2.387, "Onyx Black": 2.27, "Black": 5.52, "just": 1.309}, "Xmas Stocking": {"Onyx Black": 2.365, "Black": 5.3950000000000005, "just": 1.2665}, "Snake Box": {"Onyx Black": 2.19, "Black": 5.885, "just": 1.343}, "Pet Snake": {"Onyx Black": 2.5, "Black": 5.6899999999999995, "just": 1.513}, "Candy Cane": {"Sticky Sweet": 2.4800000000000004, "Grinch": 3.2, "Hex Pot": 3.2, "Designer": 5.6000000000000005, "Onyx Black": 2.3, "Black": 5.775, "just": 1.36}, "Whip Cupcake": {"Sponge Duck": 2.418, "Deep State": 2.1060000000000003, "Resistance": 6.279999999999999, "Bitcoin": 14.88, "Toncoin": 2.418, "Onyx Black": 2.25, "Black": 5.779999999999999, "just": 1.326}, "Big Year": {"Telegram": 5.656, "Qing Dynasty": 3.1310000000000002, "Creator": 2.7270000000000003, "First Website": 2.121, "The Hobbit": 4.04, "Pavel Durov": 7.07, "Gold Mine": 7.07, "Balloons": 2.323, "Cheshire Cat": 2.7270000000000003, "Pokeball": 2.7270000000000003, "Big Brother": 3.1310000000000002, "The Nether": 2.7270000000000003, "Bitcoin": 5.656, "YouTubes": 4.04, "Game Boy": 2.525, "Onyx Black": 3.635, "Black": 9.209999999999999, "just": 1.7169999999999999}, "Homemade Cake": {"Onyx Black": 2.435, "Black": 5.199999999999999, "just": 1.615}, "Cookie Heart": {"Onyx Black": 2.66, "Black": 6.905, "just": 1.632}, "Jester Hat": {"Onyx Black": 2.55, "Black": 5.8950000000000005, "just": 1.5215}, "Holiday Drink": {"Onyx Black": 2.56, "Black": 6.465, "just": 1.6404999999999998}, "Ginger Cookie": {"Onyx Black": 3.76, "Black": 7.01, "just": 1.6744999999999999}, "Hypno Lollipop": {"Onyx Black": 3.0549999999999997, "Black": 6.905, "just": 1.6235}, "Winter Wreath": {"Moon Cat": 106.25999999999999, "Onyx Black": 2.97, "Black": 7.19, "just": 1.6915}, "Party Sparkler": {"Onyx Black": 2.9749999999999996, "Black": 7.245, "just": 1.6575}, "Jingle Bells": {"Onyx Black": 2.8, "Black": 6.225, "just": 1.785}, "Tama Gadget": {"Onyx Black": 3.505, "Black": 6.595000000000001, "just": 1.8615}, "Jack-in-the-Box": {"Onyx Black": 3.08, "Black": 7.13, "just": 1.9209999999999998}, "Star Notepad": {"Onyx Black": 3.8600000000000003, "Black": 9.41, "just": 1.9719999999999998}, "Easter Egg": {"Onyx Black": 3.805, "Black": 10.895, "just": 2.4395000000000002}, "Santa Hat": {"Onyx Black": 3.974, "Black": 8.282, "just": 2.3885}, "Hex Pot": {"Onyx Black": 4.04, "Black": 10.174999999999999, "just": 2.431}, "Restless Jar": {"Onyx Black": 3.97, "Black": 9.55, "just": 2.159}, "Lush Bouquet": {"Onyx Black": 4.515000000000001, "Black": 9.0, "just": 2.5925}, "Spiced Wine": {"Onyx Black": 3.604, "Black": 7.071999999999999, "just": 2.159}, "Snow Globe": {"Onyx Black": 4.475, "Black": 11.469999999999999, "just": 2.5075000000000003}, "Joyful Bundle": {"Onyx Black": 3.8449999999999998, "Black": 9.695, "just": 2.4565}, "Light Sword": {"Onyx Black": 4.606, "Black": 10.686, "just": 2.6774999999999998}, "Witch Hat": {"Onyx Black": 4.63, "Black": 12.13, "just": 2.771}, "Bow Tie": {"Onyx Black": 4.716, "Black": 12.156, "just": 2.771}, "Eternal Candle": {"Onyx Black": 5.0, "Black": 10.48, "just": 2.8899999999999997}, "Jelly Bunny": {"Onyx Black": 4.8100000000000005, "Black": 10.695, "just": 2.907}, "Bunny Muffin": {"Onyx Black": 4.53, "Black": 11.53, "just": 3.0174999999999996}, "Spy Agaric": {"Onyx Black": 5.668, "Black": 10.54, "just": 3.043}, "Evil Eye": {"Onyx Black": 6.154, "Black": 12.074, "just": 3.0515}, "Snow Mittens": {"Onyx Black": 5.746, "Black": 7.946, "just": 3.3235}, "Berry Box": {"Onyx Black": 5.4559999999999995, "Black": 11.576, "just": 3.1959999999999997}, "Valentine Box": {"Onyx Black": 7.644, "Black": 14.043999999999999, "just": 4.029}, "Sakura Flower": {"Onyx Black": 6.356, "Black": 15.4, "just": 4.25}, "Hanging Star": {"Onyx Black": 7.776, "Black": 15.116, "just": 4.726}, "Sleigh Bell": {"Onyx Black": 10.405999999999999, "Black": 20.409999999999997, "just": 6.2475}, "Love Candle": {"Onyx Black": 10.822, "Black": 19.262, "just": 7.4544999999999995}, "Skull Flower": {"Onyx Black": 11.774, "Black": 18.774, "just": 7.046499999999999}, "Crystal Ball": {"Onyx Black": 12.492, "Black": 28.131999999999998, "just": 6.987}, "Trapped Heart": {"Onyx Black": 13.034, "Black": 17.834, "just": 7.1315}, "Top Hat": {"Onyx Black": 15.8, "Black": 21.4, "just": 7.6499999999999995}, "Love Potion": {"Onyx Black": 13.940000000000001, "Black": 23.936, "just": 8.415000000000001}, "Flying Broom": {"Onyx Black": 12.9, "Black": 18.7, "just": 8.075}, "Cupid Charm": {"Onyx Black": 17.924, "Black": 30.728, "just": 10.098}, "Record Player": {"Onyx Black": 10.48, "Black": 20.68, "just": 6.63}, "Eternal Rose": {"Onyx Black": 19.996, "Black": 34.4, "just": 11.9}, "Mad Pumpkin": {"Onyx Black": 24.247999999999998, "Black": 40.623999999999995, "just": 16.217999999999996}, "Voodoo Doll": {"Onyx Black": 24.594, "Black": 45.81400000000001, "just": 15.0365}, "Diamond Ring": {"Onyx Black": 22.296, "Black": 43.495999999999995, "just": 14.025}, "Toy Bear": {"Onyx Black": 34.308, "Black": 51.788, "just": 22.933}, "Vintage Cigar": {"Onyx Black": 37.062, "Black": 66.462, "just": 21.054499999999997}, "Neko Helmet": {"Onyx Black": 38.494, "Black": 60.894000000000005, "just": 23.3665}, "Low Rider": {"Onyx Black": 33.194, "Black": 81.594, "just": 22.091499999999996}, "Signet Ring": {"Onyx Black": 37.6, "Black": 80.0, "just": 23.8}, "Electric Skull": {"Onyx Black": 46.166, "Black": 76.166, "just": 28.5685}, "Kissed Frog": {"Onyx Black": 47.024, "Black": 81.828, "just": 30.923000000000002}, "Swiss Watch": {"Onyx Black": 42.7,