{"Snoop Dogg": {"King Snoop": 4.6915000000000004, "Goldizzle": 6.780499999999999, "Chrome": 2.5100000000000002, "Doberman": 3.8560000000000003, "Black Diamond": 2.2155, "Cold Topaz": 2.2060000000000004, "AI Dogg": 3.096, "Sapphire": 2.1015, "Doggfather": 3.2955, "King Ruby": 2.0065, "Onyx Black": 3.453333333333333, "Black": 10.526153846153846, "just": 1.513}, "Swag Bag": {"April 20th": 2.9139999999999997, "Boiling Hot": 2.3499999999999996, "Missionary": 6.58, "Darkness": 2.162, "Take It Easy": 2.3499999999999996, "Happy Herbs": 2.9139999999999997, "Bulk Order": 2.538, "Cashback": 2.9139999999999997, "Snoop Life": 2.538, "Gin & Jewels": 2.3499999999999996, "Leopard": 2.068, "Onyx Black": 3.1149999999999998, "Black": 6.94, "just": 1.5979999999999999}, "Snoop Cigar": {"Onyx Black": 7.25, "Black": 16.700000000000003, "just": 3.74}, "Lol Pop": {"Cookie Dip": 1.4385000000000001, "Hexed Helix": 1.5755, "Jolly Roger": 1.5755, "Cobweb": 1.4385000000000001, "Blood Sucker": 1.6440000000000001, "Gold Star": 1.4385000000000001, "Satellite": 1.7125000000000001, "Mortal Sin": 3.836, "Pumpkin": 1.5070000000000003, "Love Bubbles": 1.5070000000000003, "Jinxed": 1.7125000000000001, "Celestia": 2.1235000000000004, "Icicle": 1.4385000000000001, "Nostalgia": 1.4385000000000001, "Doodle Art": 1.4385000000000001, "Einstein": 1.5070000000000003, "Dark Sky": 1.5755, "Milky Way": 1.4385000000000001, "Andromeda": 1.5755, "Glowstick": 2.1235000000000004, "Shock Wave": 1.4385000000000001, "Portable Pop": 1.4385000000000001, "Sailor Moon": 1.5070000000000003, "Comic Crunch": 1.5070000000000003, "Heart Pop": 1.5070000000000003, "Pink Foil": 1.4385000000000001, "Rosebud": 1.6440000000000001, "Dark Portal": 2.1235000000000004, "Blood Ember": 1.5070000000000003, "Watermelon": 1.4385000000000001, "Angelina": 2.1235000000000004, "Sweetheart": 1.5070000000000003, "Onyx Black": 1.935, "Black": 5.3999999999999995, "just": 1.1645}, "B-Day Candle": {"Final Boss": 1.9995, "Purr Magic": 1.9995, "Payday": 1.9995, "On Fire": 1.9995, "Kaboom!": 1.7415000000000003, "Pixel Wish": 1.9995, "Happy Meows": 1.9995, "Onyx Black": 1.695, "Black": 5.38, "just": 1.0965}, "Desk Calendar": {"Checklist": 1.7820000000000003, "Adult Tasks": 27.61, "Investor": 5.36, "Tic Tac Toe": 1.7820000000000003, "Heartbreak": 1.7160000000000002, "Hodler": 3.6959999999999997, "Sunday": 2.0460000000000003, "Deadline": 2.0460000000000003, "Balloon Face": 1.518, "Independence": 2.64, "Burning Time": 2.0460000000000003, "Pepe Plans": 11.455, "Telegram": 2.0460000000000003, "Peach Week": 2.0460000000000003, "Durov Day": 2.64, "Fawkes Night": 4.62, "Fund Manager": 2.0460000000000003, "Onyx Black": 1.655, "Black": 6.16, "just": 1.122}, "Lunar Snake": {"Hellspawn": 2.2165, "Psychedelic": 1.7874999999999999, "Timelock": 1.6444999999999999, "Dragon Ball": 5.005, "Python Dev": 2.2165, "Hot Cherry": 2.2165, "Soul Eater": 1.9305, "Synthwave": 5.005, "Onyx Black": 2.045, "Black": 5.615, "just": 1.2155}, "Xmas Stocking": {"Onyx Black": 2.01, "Black": 5.444999999999999, "just": 1.1815}, "Snake Box": {"Onyx Black": 2.065, "Black": 5.935, "just": 1.139}, "Pet Snake": {"Onyx Black": 2.485, "Black": 5.845000000000001, "just": 1.4449999999999998}, "Candy Cane": {"Sticky Sweet": 2.1060000000000003, "Designer": 5.46, "Grinch": 3.12, "Hex Pot": 3.12, "Onyx Black": 2.2800000000000002, "Black": 6.164999999999999, "just": 1.326}, "Whip Cupcake": {"Resistance": 5.075, "Sponge Duck": 2.9, "Bitcoin": 10.975, "Deep State": 1.9575, "Toncoin": 2.2475, "Onyx Black": 1.9249999999999998, "Black": 5.4750000000000005, "just": 1.2325}, "Big Year": {"Cheshire Cat": 2.2769999999999997, "YouTubes": 2.673, "Big Brother": 2.574, "The Hobbit": 3.96, "Creator": 2.673, "Game Boy": 2.2769999999999997, "Pavel Durov": 3.96, "Pokeball": 2.673, "Qing Dynasty": 3.069, "The Nether": 2.079, "Gold Mine": 6.93, "Bitcoin": 5.544, "Telegram": 5.544, "Onyx Black": 3.465, "Black": 8.415, "just": 1.683}, "Homemade Cake": {"Onyx Black": 2.055, "Black": 5.435, "just": 1.428}, "Cookie Heart": {"Onyx Black": 2.355, "Black": 7.4, "just": 1.5385}, "Jester Hat": {"Onyx Black": 2.795, "Black": 6.725, "just": 1.4024999999999999}, "Holiday Drink": {"Onyx Black": 2.555, "Black": 5.840000000000001, "just": 1.513}, "Ginger Cookie": {"Onyx Black": 3.5149999999999997, "Black": 6.140000000000001, "just": 1.513}, "Hypno Lollipop": {"Onyx Black": 2.92, "Black": 6.4750000000000005, "just": 1.6575}, "Winter Wreath": {"Onyx Black": 2.77, "Black": 9.42, "just": 1.649}, "Party Sparkler": {"Onyx Black": 4.035, "Black": 7.984999999999999, "just": 1.7594999999999998}, "Jingle Bells": {"Onyx Black": 2.895, "Black": 6.795, "just": 1.7764999999999997}, "Tama Gadget": {"Onyx Black": 3.4800000000000004, "Black": 7.529999999999999, "just": 1.751}, "Jack-in-the-Box": {"Onyx Black": 3.17, "Black": 7.925000000000001, "just": 1.8615}, "Star Notepad": {"Onyx Black": 3.6950000000000003, "Black": 9.06, "just": 2.0315}, "Easter Egg": {"Onyx Black": 3.845, "Black": 11.045, "just": 2.1165000000000003}, "Santa Hat": {"Onyx Black": 3.18, "Black": 7.9, "just": 2.125}, "Hex Pot": {"Onyx Black": 3.745, "Black": 9.375, "just": 2.3375}, "Restless Jar": {"Onyx Black": 3.745, "Black": 8.465, "just": 2.1165000000000003}, "Lush Bouquet": {"Onyx Black": 4.41, "Black": 8.07, "just": 2.4139999999999997}, "Spiced Wine": {"Onyx Black": 3.04, "Black": 6.683999999999999, "just": 2.108}, "Snow Globe": {"Onyx Black": 4.16, "Black": 10.385, "just": 2.3545}, "Joyful Bundle": {"Onyx Black": 4.105, "Black": 8.165, "just": 2.4055}, "Light Sword": {"Onyx Black": 4.388, "Black": 10.488, "just": 2.533}, "Witch Hat": {"Onyx Black": 4.34, "Black": 11.940000000000001, "just": 2.448}, "Bow Tie": {"Onyx Black": 4.132, "Black": 12.492, "just": 2.737}, "Eternal Candle": {"Onyx Black": 4.822, "Black": 10.442, "just": 2.9495}, "Jelly Bunny": {"Onyx Black": 4.72, "Black": 10.450000000000001, "just": 2.924}, "Bunny Muffin": {"Onyx Black": 4.888, "Black": 11.688, "just": 2.9579999999999997}, "Spy Agaric": {"Onyx Black": 5.054, "Black": 11.654, "just": 2.6264999999999996}, "Evil Eye": {"Onyx Black": 6.566000000000001, "Black": 12.366, "just": 3.0685}, "Snow Mittens": {"Onyx Black": 4.9879999999999995, "Black": 8.184, "just": 3.383}, "Berry Box": {"Onyx Black": 4.5440000000000005, "Black": 11.743999999999998, "just": 3.043}, "Valentine Box": {"Onyx Black": 8.632, "Black": 12.032, "just": 4.012}, "Sakura Flower": {"Onyx Black": 6.416, "Black": 14.616, "just": 3.706}, "Hanging Star": {"Onyx Black": 8.686, "Black": 15.122, "just": 4.4285}, "Sleigh Bell": {"Onyx Black": 10.834, "Black": 18.634, "just": 6.281499999999999}, "Love Candle": {"Onyx Black": 10.762, "Black": 16.962, "just": 7.0295}, "Skull Flower": {"Onyx Black": 10.822, "Black": 17.022, "just": 7.114499999999999}, "Crystal Ball": {"Onyx Black": 12.596, "Black": 30.619999999999997, "just": 6.545}, "Trapped Heart": {"Onyx Black": 11.746, "Black": 19.742, "just": 7.5735}, "Top Hat": {"Onyx Black": 12.771999999999998, "Black": 26.224000000000004, "just": 7.326999999999999}, "Love Potion": {"Onyx Black": 10.762, "Black": 24.802, "just": 7.3694999999999995}, "Flying Broom": {"Onyx Black": 11.040000000000001, "Black": 17.240000000000002, "just": 7.99}, "Cupid Charm": {"Onyx Black": 17.634, "Black": 34.434, "just": 9.6815}, "Record Player": {"Onyx Black": 11.324, "Black": 20.479999999999997, "just": 7.0889999999999995}, "Eternal Rose": {"Onyx Black": 19.5, "Black": 34.7, "just": 12.325}, "Mad Pumpkin": {"Onyx Black": 27.381999999999998, "Black": 43.382, "just": 16.124499999999998}, "Voodoo Doll": {"Onyx Black": 24.1, "Black": 58.5, "just": 14.875}, "Diamond Ring": {"Onyx Black": 20.342000000000002, "Black": 37.721999999999994, "just": 14.339500000000001}, "Toy Bear": {"Onyx Black": 25.448, "Black": 49.9, "just": 15.725}, "Vintage Cigar": {"Onyx Black": 46.634, "Black": 62.634, "just": 22.4315}, "Neko Helmet": {"Onyx Black": 41.214, "Black": 65.21, "just": 24.3865}, "Low Rider": {"Onyx Black": 35.28,