{"Snoop Dogg": {"Doberman": 3.763, "Chrome": 2.5905, "Cold Topaz": 2.0395, "King Ruby": 2.011, "Black Diamond": 2.258, "Sapphire": 2.3245000000000005, "AI Dogg": 3.0885, "Goldizzle": 7.730499999999999, "Doggfather": 3.3259999999999996, "King Snoop": 5.8905, "Onyx Black": 3.8966666666666674, "Black": 10.274615384615384, "just": 1.6064999999999998}, "Swag Bag": {"Darkness": 2.2660000000000005, "Happy Herbs": 2.781, "Gin & Jewels": 2.4102, "Missionary": 8.98, "Bulk Order": 2.2660000000000005, "Dogg’s Loot": 2.2660000000000005, "Take It Easy": 2.575, "Boiling Hot": 2.781, "Leopard": 2.1630000000000003, "April 20th": 3.193, "Snoop Life": 2.6780000000000004, "Cashback": 3.193, "Onyx Black": 3.7800000000000002, "Black": 7.029999999999999, "just": 1.751}, "Snoop Cigar": {"Onyx Black": 8.415, "Black": 19.015, "just": 4.1055}, "Lol Pop": {"Cookie Dip": 1.4909999999999999, "Andromeda": 1.917, "Dark Sky": 1.562, "Rosebud": 1.704, "Doodle Art": 1.6329999999999998, "Gold Star": 1.4909999999999999, "Heart Pop": 1.6329999999999998, "Milky Way": 1.4909999999999999, "Cobweb": 1.562, "Satellite": 1.775, "Crystal Comet": 1.4909999999999999, "Blood Sucker": 1.775, "Jolly Roger": 1.775, "Hollywood": 1.562, "Einstein": 1.704, "Shock Wave": 1.4909999999999999, "Blood Ember": 1.4909999999999999, "Jinxed": 1.704, "Love Bubbles": 1.6613999999999998, "Dark Portal": 1.775, "Hexed Helix": 1.775, "Celestia": 1.917, "Sweetheart": 1.704, "Fire Vortex": 1.562, "Mortal Sin": 3.9759999999999995, "Pumpkin": 2.201, "Angelina": 2.201, "Glowstick": 2.201, "Plastic Ice": 1.4909999999999999, "Watermelon": 1.4909999999999999, "Onyx Black": 2.01, "Black": 5.115, "just": 1.2069999999999999}, "B-Day Candle": {"Happy Meows": 2.17, "Kaboom!": 2.17, "Payday": 2.17, "Pixel Wish": 2.17, "On Fire": 2.17, "Purr Magic": 2.17, "Final Boss": 2.17, "Onyx Black": 1.8, "Black": 4.99, "just": 1.19}, "Desk Calendar": {"Tic Tac Toe": 1.7820000000000003, "Pepe Plans": 14.11, "Peach Week": 2.0460000000000003, "Durov Day": 6.5600000000000005, "Adult Tasks": 25.61, "Balloon Face": 1.7160000000000002, "Fund Manager": 2.64, "Burning Time": 2.0460000000000003, "Checklist": 2.0460000000000003, "Deadline": 2.0460000000000003, "Independence": 2.0460000000000003, "Hodler": 4.62, "Heartbreak": 1.584, "Telegram": 2.64, "Investor": 8.56, "Fawkes Night": 4.62, "Sunday": 2.0460000000000003, "Onyx Black": 1.81, "Black": 5.0600000000000005, "just": 1.122}, "Lunar Snake": {"Python Dev": 2.263, "Soul Eater": 1.971, "Hot Cherry": 1.971, "Synthwave": 4.088, "Hellspawn": 1.971, "Psychedelic": 2.263, "Dragon Ball": 5.109999999999999, "Timelock": 2.263, "Onyx Black": 2.375, "Black": 5.675, "just": 1.2409999999999999}, "Xmas Stocking": {"Onyx Black": 2.14, "Black": 6.1850000000000005, "just": 1.2665}, "Snake Box": {"Onyx Black": 2.025, "Black": 5.495, "just": 1.275}, "Pet Snake": {"Onyx Black": 2.455, "Black": 6.09, "just": 1.6235}, "Candy Cane": {"Sticky Sweet": 2.1060000000000003, "Grinch": 3.12, "Designer": 5.46, "Hex Pot": 3.12, "Onyx Black": 2.1550000000000002, "Black": 5.824999999999999, "just": 1.326}, "Whip Cupcake": {"Bitcoin": 12.040000000000001, "Deep State": 2.1330000000000005, "Resistance": 5.53, "Toncoin": 2.4490000000000003, "Sponge Duck": 2.4490000000000003, "Onyx Black": 2.165, "Black": 5.465, "just": 1.343}, "Big Year": {"Bitcoin": 5.208, "YouTubes": 2.8830000000000005, "Big Brother": 2.8830000000000005, "Gold Mine": 6.510000000000001, "Game Boy": 2.0460000000000003, "Qing Dynasty": 3.72, "Pokeball": 2.511, "The Nether": 2.8830000000000005, "First Website": 2.1762, "Creator": 2.8830000000000005, "Pavel Durov": 10.93, "The Hobbit": 3.72, "Balloons": 1.9530000000000003, "Cheshire Cat": 2.8830000000000005, "Telegram": 6.510000000000001, "Onyx Black": 3.5300000000000002, "Black": 9.424999999999999, "just": 1.581}, "Homemade Cake": {"Onyx Black": 2.235, "Black": 5.414999999999999, "just": 1.5979999999999999}, "Cookie Heart": {"Onyx Black": 2.53, "Black": 6.45, "just": 1.6235}, "Jester Hat": {"Onyx Black": 2.6950000000000003, "Black": 6.3950000000000005, "just": 1.5215}, "Holiday Drink": {"Onyx Black": 2.68, "Black": 6.055000000000001, "just": 1.581}, "Ginger Cookie": {"Onyx Black": 3.59, "Black": 7.255, "just": 1.5979999999999999}, "Hypno Lollipop": {"Onyx Black": 3.295, "Black": 6.944999999999999, "just": 1.6064999999999998}, "Winter Wreath": {"Moon Cat": 106.265, "Onyx Black": 2.95, "Black": 6.25, "just": 1.7}, "Party Sparkler": {"Onyx Black": 3.3950000000000005, "Black": 7.055, "just": 1.6064999999999998}, "Jingle Bells": {"Onyx Black": 3.06, "Black": 6.869999999999999, "just": 1.8275}, "Tama Gadget": {"Onyx Black": 3.4800000000000004, "Black": 6.8100000000000005, "just": 1.819}, "Jack-in-the-Box": {"Onyx Black": 3.1, "Black": 6.95, "just": 1.87}, "Star Notepad": {"Onyx Black": 3.74, "Black": 9.415, "just": 1.9805}, "Easter Egg": {"Onyx Black": 3.775, "Black": 10.855, "just": 2.38}, "Santa Hat": {"Onyx Black": 3.74, "Black": 9.2, "just": 2.295}, "Hex Pot": {"Onyx Black": 3.99, "Black": 9.575000000000001, "just": 2.363}, "Restless Jar": {"Onyx Black": 3.79, "Black": 8.84, "just": 2.278}, "Lush Bouquet": {"Onyx Black": 5.135, "Black": 8.64, "just": 2.618}, "Spiced Wine": {"Onyx Black": 3.194, "Black": 6.954, "just": 2.2015}, "Snow Globe": {"Onyx Black": 4.825, "Black": 10.175, "just": 2.4225}, "Joyful Bundle": {"Onyx Black": 4.795, "Black": 9.615000000000002, "just": 2.3715}, "Light Sword": {"Onyx Black": 4.68, "Black": 10.636, "just": 2.669}, "Witch Hat": {"Onyx Black": 4.535, "Black": 12.035, "just": 2.6094999999999997}, "Bow Tie": {"Onyx Black": 5.962, "Black": 11.962, "just": 2.7795}, "Eternal Candle": {"Onyx Black": 5.354, "Black": 10.95, "just": 3.0515}, "Jelly Bunny": {"Onyx Black": 5.01, "Black": 11.66, "just": 2.8219999999999996}, "Bunny Muffin": {"Onyx Black": 6.9479999999999995, "Black": 17.268, "just": 3.5529999999999995}, "Spy Agaric": {"Onyx Black": 6.916, "Black": 10.428, "just": 2.8729999999999998}, "Evil Eye": {"Onyx Black": 7.068, "Black": 14.267999999999999, "just": 3.2129999999999996}, "Snow Mittens": {"Onyx Black": 5.958, "Black": 8.878, "just": 3.3405}, "Berry Box": {"Onyx Black": 5.188, "Black": 10.267999999999999, "just": 3.2129999999999996}, "Valentine Box": {"Onyx Black": 7.2940000000000005, "Black": 13.334, "just": 4.156499999999999}, "Sakura Flower": {"Onyx Black": 7.082000000000001, "Black": 16.29, "just": 4.3775}, "Hanging Star": {"Onyx Black": 8.64, "Black": 15.280000000000001, "just": 4.93}, "Sleigh Bell": {"Onyx Black": 11.379999999999999, "Black": 22.22, "just": 6.545}, "Love Candle": {"Onyx Black": 10.406, "Black": 15.722000000000001, "just": 7.539499999999999}, "Skull Flower": {"Onyx Black": 11.501999999999999, "Black": 18.421999999999997, "just": 6.9445}, "Crystal Ball": {"Onyx Black": 11.54, "Black": 27.560000000000002, "just": 6.885}, "Trapped Heart": {"Onyx Black": 12.102, "Black": 20.162, "just": 7.0295}, "Top Hat": {"Onyx Black": 14.494, "Black": 27.522000000000002, "just": 6.6895}, "Love Potion": {"Onyx Black": 12.54, "Black": 23.900000000000002, "just": 8.363999999999999}, "Flying Broom": {"Onyx Black": 11.294, "Black": 19.013999999999996, "just": 8.0665}, "Cupid Charm": {"Onyx Black": 18.582, "Black": 32.982, "just": 10.1745}, "Record Player": {"Onyx Black": 10.686, "Black": 20.686, "just": 6.6385}, "Eternal Rose": {"Onyx Black": 18.472, "Black": 34.28, "just": 11.73}, "Mad Pumpkin": {"Onyx Black": 24.368000000000002, "Black": 37.568, "just": 16.388}, "Voodoo Doll": {"Onyx Black": 24.576, "Black": 46.596000000000004, "just": 15.011}, "Diamond Ring": {"Onyx Black": 21.95, "Black": 43.554, "just": 14.1015}, "Toy Bear": {"Onyx Black": 31.694000000000003, "Black": 46.014, "just": 20.9865}, "Vintage Cigar": {"Onyx Black": 36.114000000000004, "Black": 60.513999999999996, "just": 20.5615}, "Neko Helmet": {"Onyx Black": 37.1, "Black": 62.5, "just": 23.375}, "Low Rider": {"Onyx Black": 32.594, "Black": 76.19399999999999, "just": 21.2415}, "Signet Ring": {"Onyx Black": 37.534,