{"Snoop Dogg": {"Chrome": 2.3055000000000003, "Doberman": 3.231, "Goldizzle": 6.8185, "Black Diamond": 2.068, "King Snoop": 4.8455, "Sapphire": 2.2105, "King Ruby": 1.9255, "Doggfather": 2.9935, "Cold Topaz": 2.087, "AI Dogg": 2.856, "Onyx Black": 3.253333333333333, "Black": 10.03076923076923, "just": 1.53}, "Swag Bag": {"Boiling Hot": 2.3574999999999995, "Cashback": 3.1774999999999998, "Happy Herbs": 3.1774999999999998, "Snoop Life": 2.7675, "April 20th": 3.1774999999999998, "Darkness": 2.1525, "Gin & Jewels": 2.5625, "Leopard": 2.1525, "Missionary": 8.675, "Take It Easy": 2.5625, "Bulk Order": 2.255, "Onyx Black": 3.175, "Black": 7.5249999999999995, "just": 1.7424999999999997}, "Snoop Cigar": {"Onyx Black": 7.925, "Black": 19.275, "just": 4.165}, "Lol Pop": {"Celestia": 2.2785, "Einstein": 1.7198999999999998, "Glowstick": 1.9845000000000002, "Hexed Helix": 1.8375, "Rosebud": 1.7198999999999998, "Jolly Roger": 1.8375, "Sick Leave": 1.5435, "Blood Sucker": 1.9845000000000002, "Jinxed": 1.617, "Icy Touch": 1.5435, "Heart Pop": 1.617, "Milky Way": 1.5435, "Satellite": 1.8375, "Blood Ember": 1.7198999999999998, "Andromeda": 1.9845000000000002, "Comic Crunch": 1.5435, "Dark Portal": 1.8375, "Gold Star": 1.5435, "Love Bubbles": 1.8375, "Angelina": 2.2785, "Doodle Art": 1.617, "Dark Sky": 1.617, "Nostalgia": 1.5435, "Hollywood": 1.5435, "Sweetheart": 1.8375, "Mortal Sin": 2.94, "Shock Wave": 1.5435, "Cobweb": 1.5435, "Pumpkin": 1.8375, "Onyx Black": 1.9849999999999999, "Black": 5.220000000000001, "just": 1.2495}, "B-Day Candle": {"Final Boss": 2.2785, "Kaboom!": 1.9845000000000002, "On Fire": 2.2785, "Happy Meows": 2.2785, "Payday": 2.2785, "Purr Magic": 2.2785, "Pixel Wish": 2.2785, "Onyx Black": 1.88, "Black": 5.195, "just": 1.2495}, "Desk Calendar": {"Adult Tasks": 27.63, "Independence": 2.2475, "Investor": 8.725, "Fawkes Night": 2.9, "Balloon Face": 1.8125, "Durov Day": 5.075, "Heartbreak": 1.595, "Deadline": 2.2475, "Peach Week": 2.2475, "Burning Time": 2.2475, "Checklist": 2.2475, "Hodler": 5.075, "Sunday": 1.9575, "Fund Manager": 2.2475, "Pepe Plans": 14.469999999999999, "Telegram": 2.2475, "Tic Tac Toe": 2.2475, "Onyx Black": 1.875, "Black": 5.324999999999999, "just": 1.2325}, "Lunar Snake": {"Timelock": 2.294, "Hot Cherry": 2.294, "Soul Eater": 2.294, "Synthwave": 5.18, "Hellspawn": 1.998, "Python Dev": 1.998, "Psychedelic": 2.294, "Dragon Ball": 5.18, "Onyx Black": 2.335, "Black": 5.039999999999999, "just": 1.258}, "Xmas Stocking": {"Onyx Black": 2.24, "Black": 5.76, "just": 1.2665}, "Snake Box": {"Onyx Black": 2.165, "Black": 5.409999999999999, "just": 1.3005}, "Pet Snake": {"Onyx Black": 2.375, "Black": 6.025, "just": 1.4875}, "Candy Cane": {"Sticky Sweet": 2.387, "Designer": 5.390000000000001, "Hex Pot": 4.311999999999999, "Grinch": 3.08, "Onyx Black": 2.27, "Black": 5.765, "just": 1.309}, "Whip Cupcake": {"Resistance": 5.67, "Toncoin": 2.511, "Sponge Duck": 2.511, "Deep State": 2.1870000000000003, "Bitcoin": 13.809999999999999, "Onyx Black": 2.175, "Black": 5.4, "just": 1.377}, "Big Year": {"Telegram": 5.319999999999999, "Big Brother": 2.945, "Creator": 2.945, "Game Boy": 2.09, "Bitcoin": 5.319999999999999, "Cheshire Cat": 2.945, "Balloons": 2.1849999999999996, "Gold Mine": 6.6499999999999995, "First Website": 2.223, "Qing Dynasty": 2.945, "The Nether": 2.945, "The Hobbit": 3.8, "YouTubes": 2.945, "Pavel Durov": 10.4, "Pokeball": 2.565, "Onyx Black": 3.9499999999999997, "Black": 9.1, "just": 1.615}, "Homemade Cake": {"Onyx Black": 2.365, "Black": 5.640000000000001, "just": 1.5979999999999999}, "Cookie Heart": {"Onyx Black": 2.675, "Black": 6.695, "just": 1.615}, "Jester Hat": {"Onyx Black": 2.6, "Black": 6.515, "just": 1.5215}, "Holiday Drink": {"Onyx Black": 2.5, "Black": 6.215, "just": 1.615}, "Ginger Cookie": {"Onyx Black": 3.495, "Black": 6.89, "just": 1.6915}, "Hypno Lollipop": {"Onyx Black": 3.455, "Black": 6.77, "just": 1.649}, "Winter Wreath": {"Moon Cat": 100.49499999999999, "Onyx Black": 2.595, "Black": 6.99, "just": 1.6915}, "Party Sparkler": {"Onyx Black": 2.9850000000000003, "Black": 7.435, "just": 1.6744999999999999}, "Jingle Bells": {"Onyx Black": 2.94, "Black": 6.14, "just": 1.768}, "Tama Gadget": {"Onyx Black": 3.455, "Black": 6.77, "just": 1.7764999999999997}, "Jack-in-the-Box": {"Onyx Black": 3.085, "Black": 6.935, "just": 1.8444999999999998}, "Star Notepad": {"Onyx Black": 3.7750000000000004, "Black": 9.2, "just": 2.04}, "Easter Egg": {"Onyx Black": 3.8049999999999997, "Black": 10.885, "just": 2.431}, "Santa Hat": {"Onyx Black": 3.902, "Black": 8.27, "just": 2.3715}, "Hex Pot": {"Onyx Black": 4.0, "Black": 9.84, "just": 2.3715}, "Restless Jar": {"Onyx Black": 3.995, "Black": 9.27, "just": 2.244}, "Lush Bouquet": {"Onyx Black": 4.615, "Black": 8.865, "just": 2.7455}, "Spiced Wine": {"Onyx Black": 3.43, "Black": 6.686, "just": 2.2015}, "Snow Globe": {"Onyx Black": 4.92, "Black": 11.424999999999999, "just": 2.4225}, "Joyful Bundle": {"Onyx Black": 3.95, "Black": 9.61, "just": 2.3545}, "Light Sword": {"Onyx Black": 4.492, "Black": 9.896, "just": 2.686}, "Witch Hat": {"Onyx Black": 4.505, "Black": 12.07, "just": 2.669}, "Bow Tie": {"Onyx Black": 4.634, "Black": 11.914, "just": 2.7115}, "Eternal Candle": {"Onyx Black": 5.39, "Black": 11.190000000000001, "just": 3.1025}, "Jelly Bunny": {"Onyx Black": 5.095, "Black": 10.185, "just": 2.8815}, "Bunny Muffin": {"Onyx Black": 4.64, "Black": 11.440000000000001, "just": 2.8899999999999997}, "Spy Agaric": {"Onyx Black": 5.5, "Black": 10.492, "just": 2.975}, "Evil Eye": {"Onyx Black": 6.37, "Black": 13.45, "just": 3.1875}, "Snow Mittens": {"Onyx Black": 6.710000000000001, "Black": 8.626, "just": 3.2725}, "Berry Box": {"Onyx Black": 5.26, "Black": 10.74, "just": 3.315}, "Valentine Box": {"Onyx Black": 7.234, "Black": 12.873999999999999, "just": 4.0715}, "Sakura Flower": {"Onyx Black": 6.918, "Black": 16.122, "just": 4.1395}, "Hanging Star": {"Onyx Black": 8.164, "Black": 15.364, "just": 5.049}, "Sleigh Bell": {"Onyx Black": 12.638, "Black": 20.637999999999998, "just": 6.5705}, "Love Candle": {"Onyx Black": 10.188, "Black": 17.183999999999997, "just": 7.123}, "Skull Flower": {"Onyx Black": 11.533999999999999, "Black": 18.453999999999997, "just": 6.706499999999999}, "Crystal Ball": {"Onyx Black": 12.341999999999999, "Black": 27.562, "just": 6.7745}, "Trapped Heart": {"Onyx Black": 12.356, "Black": 19.195999999999998, "just": 7.361}, "Top Hat": {"Onyx Black": 15.126, "Black": 26.73, "just": 7.2675}, "Love Potion": {"Onyx Black": 13.16, "Black": 23.96, "just": 8.449}, "Flying Broom": {"Onyx Black": 11.876000000000001, "Black": 17.676000000000002, "just": 8.041}, "Cupid Charm": {"Onyx Black": 17.02, "Black": 32.81999999999999, "just": 9.944999999999999}, "Record Player": {"Onyx Black": 10.518, "Black": 20.758, "just": 6.7405}, "Eternal Rose": {"Onyx Black": 19.2, "Black": 33.6, "just": 11.9}, "Mad Pumpkin": {"Onyx Black": 24.2, "Black": 39.936, "just": 16.15}, "Voodoo Doll": {"Onyx Black": 24.216, "Black": 44.660000000000004, "just": 14.535}, "Diamond Ring": {"Onyx Black": 21.256, "Black": 41.656, "just": 14.246}, "Toy Bear": {"Onyx Black": 33.074, "Black": 50.674, "just": 21.921499999999998}, "Vintage Cigar": {"Onyx Black": 37.188, "Black": 61.788, "just": 21.233}, "Neko Helmet": {"Onyx Black": 38.974000000000004, "Black": 66.894, "just": 24.046499999999998}, "Low Rider": {"Onyx Black": 32.54, "Black": 83.828, "just": 21.165}, "Signet Ring": {"Onyx Black": 38.014, "Black": 75.214, "just": 24.3865}, "Electric Skull": {"Onyx Black": 45.55800000000001, "Black": 75.96199999999999, "just": 28.279500000000002}, "Kissed Frog": {"Onyx Black": 45.852000000000004, "Black": 80.652, "just": 29.257}, "Swiss Watch": {"Onyx Black": 45.06, "Black": 72.66, "just": 29.835}, "Sharp Tongue": {"Onyx Black": 56.208, "Black": 141.008, "just": 35.428}, "Genie Lamp": {"Onyx Black": 67.97, "Black": 185.97000000000003, "just": 42.4575}, "Scared Cat": {"Onyx Black": 73.994, "Black": 177.194, "just": 42.4915},