{"Snoop Dogg": {"Doberman": 3.2955, "Black Diamond": 2.1205000000000003, "Sapphire": 2.0065, "Emerald": 1.9305000000000003, "Goldizzle": 6.7749999999999995, "Doggfather": 3.3905000000000003, "King Snoop": 4.5680000000000005, "AI Dogg": 3.2765, "Cold Topaz": 2.0065, "Chrome": 2.3355, "Onyx Black": 3.0166666666666666, "Black": 9.288461538461538, "just": 1.4024999999999999}, "Swag Bag": {"Cashback": 2.8365, "Darkness": 2.1045, "Happy Herbs": 2.8365, "Take It Easy": 2.0130000000000003, "Boiling Hot": 2.1045, "Bulk Order": 2.1045, "Missionary": 6.405, "April 20th": 2.8365, "Snoop Life": 1.9215000000000002, "Gin & Jewels": 2.196, "Onyx Black": 3.265, "Black": 7.285, "just": 1.5555}, "Snoop Cigar": {"Onyx Black": 7.94, "Black": 16.15, "just": 3.74}, "Lol Pop": {"Einstein": 1.4960000000000002, "Dark Portal": 1.7680000000000002, "Dark Sky": 1.4960000000000002, "Pumpkin": 1.4280000000000002, "Cobweb": 1.564, "Doodle Art": 1.4280000000000002, "Celestia": 2.108, "Crystalline": 1.4280000000000002, "Heart Pop": 1.4960000000000002, "Andromeda": 1.7680000000000002, "Blood Ember": 1.4960000000000002, "Satellite": 1.7680000000000002, "Cookie Dip": 1.564, "Sweetheart": 1.4960000000000002, "Glowstick": 2.108, "Blood Sucker": 1.7000000000000002, "Wonka Berry": 1.4960000000000002, "Nostalgia": 1.4960000000000002, "Sailor Moon": 1.564, "Watermelon": 1.4960000000000002, "Angelina": 2.108, "Jolly Roger": 1.6320000000000001, "Hexed Helix": 1.4960000000000002, "Jinxed": 1.4280000000000002, "Rosebud": 1.4960000000000002, "Soap Bubbles": 1.4280000000000002, "Icicle": 1.4280000000000002, "Fire Vortex": 1.4280000000000002, "Love Bubbles": 1.4280000000000002, "Mortal Sin": 2.72, "Onyx Black": 1.7800000000000002, "Black": 5.015, "just": 1.1560000000000001}, "B-Day Candle": {"Pixel Wish": 2.015, "On Fire": 2.015, "Shocker": 2.015, "Final Boss": 2.015, "Happy Meows": 2.015, "Purr Magic": 2.015, "Payday": 2.015, "Kaboom!": 2.015, "Onyx Black": 1.65, "Black": 4.9, "just": 1.105}, "Desk Calendar": {"Investor": 4.55, "Peach Week": 1.7550000000000001, "Telegram": 2.015, "Durov Day": 2.015, "Independence": 3.6399999999999997, "Sunday": 2.015, "Adult Tasks": 4.55, "Fawkes Night": 4.55, "Heartbreak": 1.3650000000000002, "Hodler": 3.6399999999999997, "Burning Time": 2.015, "Fund Manager": 2.015, "Tic Tac Toe": 1.625, "Deadline": 2.015, "Pepe Plans": 4.55, "Balloon Face": 1.4949999999999999, "Checklist": 2.015, "Onyx Black": 1.725, "Black": 5.15, "just": 1.105}, "Lunar Snake": {"Timelock": 1.729, "Soul Eater": 2.0615, "Psychedelic": 2.0615, "Synthwave": 2.66, "Hot Cherry": 2.0615, "Hellspawn": 2.0615, "Python Dev": 2.0615, "Dragon Ball": 4.655, "Onyx Black": 2.015, "Black": 5.4, "just": 1.1305}, "Xmas Stocking": {"Onyx Black": 1.9849999999999999, "Black": 5.16, "just": 1.122}, "Snake Box": {"Onyx Black": 1.7149999999999999, "Black": 5.585, "just": 1.122}, "Pet Snake": {"Onyx Black": 2.4, "Black": 6.010000000000001, "just": 1.3005}, "Candy Cane": {"Designer": 5.075, "Grinch": 2.9, "Sticky Sweet": 2.2475, "Hex Pot": 2.9, "Onyx Black": 2.225, "Black": 6.7250000000000005, "just": 1.2325}, "Whip Cupcake": {"Sponge Duck": 2.17, "Bitcoin": 4.8999999999999995, "Resistance": 4.8999999999999995, "Deep State": 1.89, "Toncoin": 2.17, "Onyx Black": 2.05, "Black": 5.35, "just": 1.19}, "Big Year": {"YouTubes": 2.6505, "Cheshire Cat": 2.223, "Creator": 2.6505, "Bitcoin": 4.787999999999999, "First Website": 1.881, "Balloons": 1.881, "Game Boy": 2.223, "The Nether": 2.1375, "The Hobbit": 3.42, "Gold Mine": 5.984999999999999, "Telegram": 3.42, "Big Brother": 2.223, "Pokeball": 2.6505, "Qing Dynasty": 3.42, "Pavel Durov": 4.787999999999999, "Onyx Black": 2.83, "Black": 7.8549999999999995, "just": 1.4535}, "Homemade Cake": {"Onyx Black": 2.065, "Black": 4.75, "just": 1.275}, "Cookie Heart": {"Onyx Black": 2.175, "Black": 6.275, "just": 1.4875}, "Jester Hat": {"Onyx Black": 2.565, "Black": 6.2700000000000005, "just": 1.309}, "Holiday Drink": {"Onyx Black": 2.465, "Black": 5.5200000000000005, "just": 1.394}, "Ginger Cookie": {"Onyx Black": 3.4000000000000004, "Black": 6.1499999999999995, "just": 1.53}, "Hypno Lollipop": {"Onyx Black": 2.8950000000000005, "Black": 5.92, "just": 1.564}, "Winter Wreath": {"Onyx Black": 2.43, "Black": 8.85, "just": 1.4449999999999998}, "Party Sparkler": {"Onyx Black": 3.0, "Black": 6.3999999999999995, "just": 1.53}, "Jingle Bells": {"Onyx Black": 2.5700000000000003, "Black": 6.324999999999999, "just": 1.4024999999999999}, "Tama Gadget": {"Onyx Black": 2.9800000000000004, "Black": 6.555, "just": 1.496}, "Jack-in-the-Box": {"Onyx Black": 3.04, "Black": 7.615, "just": 1.768}, "Star Notepad": {"Onyx Black": 4.07, "Black": 8.64, "just": 1.819}, "Easter Egg": {"Onyx Black": 3.8, "Black": 10.615, "just": 1.9124999999999999}, "Santa Hat": {"Onyx Black": 3.2350000000000003, "Black": 9.540000000000001, "just": 1.9379999999999997}, "Hex Pot": {"Onyx Black": 3.5300000000000002, "Black": 8.004999999999999, "just": 1.9635}, "Restless Jar": {"Onyx Black": 3.65, "Black": 8.36, "just": 1.9549999999999998}, "Lush Bouquet": {"Onyx Black": 3.5149999999999997, "Black": 8.59, "just": 2.278}, "Spiced Wine": {"Onyx Black": 2.99, "Black": 7.72, "just": 1.6064999999999998}, "Snow Globe": {"Onyx Black": 3.8499999999999996, "Black": 8.575, "just": 1.8275}, "Joyful Bundle": {"Onyx Black": 3.7, "Black": 8.05, "just": 2.21}, "Light Sword": {"Onyx Black": 4.45, "Black": 10.844999999999999, "just": 2.295}, "Witch Hat": {"Onyx Black": 4.375, "Black": 11.924999999999999, "just": 2.4225}, "Bow Tie": {"Onyx Black": 4.48, "Black": 14.754999999999999, "just": 2.516}, "Eternal Candle": {"Onyx Black": 5.04, "Black": 12.790000000000001, "just": 2.618}, "Jelly Bunny": {"Onyx Black": 3.98, "Black": 9.93, "just": 2.516}, "Bunny Muffin": {"Onyx Black": 5.9, "Black": 21.6, "just": 2.8049999999999997}, "Spy Agaric": {"Onyx Black": 5.234999999999999, "Black": 10.924999999999999, "just": 2.5245}, "Evil Eye": {"Onyx Black": 5.995, "Black": 15.595, "just": 2.9665}, "Snow Mittens": {"Onyx Black": 4.415, "Black": 8.495000000000001, "just": 2.5415}, "Berry Box": {"Onyx Black": 4.705, "Black": 13.709999999999999, "just": 2.907}, "Valentine Box": {"Onyx Black": 7.949999999999999, "Black": 11.899999999999999, "just": 3.315}, "Sakura Flower": {"Onyx Black": 7.05, "Black": 17.799999999999997, "just": 3.4849999999999994}, "Hanging Star": {"Onyx Black": 7.42, "Black": 16.445, "just": 4.156499999999999}, "Sleigh Bell": {"Onyx Black": 12.355, "Black": 15.829999999999998, "just": 4.8534999999999995}, "Love Candle": {"Onyx Black": 8.04, "Black": 14.795, "just": 5.1765}, "Skull Flower": {"Onyx Black": 8.68, "Black": 17.005000000000003, "just": 5.108499999999999}, "Crystal Ball": {"Onyx Black": 13.41, "Black": 28.424999999999997, "just": 5.8225}, "Trapped Heart": {"Onyx Black": 11.875, "Black": 22.875, "just": 6.5874999999999995}, "Top Hat": {"Onyx Black": 15.709999999999999, "Black": 26.060000000000002, "just": 6.3069999999999995}, "Love Potion": {"Onyx Black": 10.335, "Black": 28.595, "just": 6.961499999999999}, "Flying Broom": {"Onyx Black": 10.73, "Black": 19.240000000000002, "just": 7.208}, "Cupid Charm": {"Onyx Black": 16.23, "Black": 36.735, "just": 8.0495}, "Record Player": {"Onyx Black": 10.879999999999999, "Black": 23.88, "just": 6.6045}, "Eternal Rose": {"Onyx Black": 20.9, "Black": 43.245000000000005, "just": 10.88}, "Mad Pumpkin": {"Onyx Black": 18.634999999999998, "Black": 46.89, "just": 12.562999999999999}, "Voodoo Doll": {"Onyx Black": 22.64, "Black": 46.14, "just": 12.988}, "Diamond Ring": {"Onyx Black": 19.8, "Black": 43.335, "just": 12.4695}, "Toy Bear": {"Onyx Black": 24.57, "Black": 53.32, "just": 14.569}, "Vintage Cigar": {"Onyx Black": 47.995000000000005, "Black": 69.495, "just": 18.691499999999998}, "Neko Helmet": {"Onyx Black": 41.11, "Black": 71.10499999999999, "just": 18.886999999999997}, "Low Rider": {"Onyx Black": 40.245000000000005, "Black": 106.24499999999999, "just": 19.9665},