{"Snoop Dogg": {"Chrome": 2.5100000000000002, "Cold Topaz": 2.0635, "Goldizzle": 7.2935, "Doggfather": 2.9205, "King Snoop": 5.0525, "Sapphire": 2.2155, "Black Diamond": 2.2915, "Doberman": 3.6755, "AI Dogg": 3.0155000000000003, "Onyx Black": 3.206666666666667, "Black": 10.704615384615384, "just": 1.547}, "Swag Bag": {"Missionary": 6.6499999999999995, "Take It Easy": 2.4699999999999998, "Darkness": 2.09, "Boiling Hot": 2.565, "Dogg’s Loot": 1.9949999999999999, "P.I.M.P.": 2.09, "Happy Herbs": 2.945, "Cashback": 2.945, "Gin & Jewels": 2.4699999999999998, "April 20th": 2.945, "Snoop Life": 2.565, "Leopard": 2.09, "Bulk Order": 2.4699999999999998, "Onyx Black": 3.05, "Black": 7.375, "just": 1.615}, "Snoop Cigar": {"Onyx Black": 7.65, "Black": 17.294999999999998, "just": 4.08}, "Lol Pop": {"Cobweb": 1.595, "Sick Leave": 1.5225, "Hexed Helix": 1.885, "Glowstick": 1.9575, "Dark Sky": 1.8125, "Sailor Moon": 1.595, "Blood Ember": 1.595, "Rosebud": 1.74, "Magic Wand": 1.595, "Pumpkin": 1.5225, "Satellite": 1.74, "Doodle Art": 1.5225, "Crystalline": 1.595, "Comic Crunch": 1.5225, "Jinxed": 1.595, "Milky Way": 1.595, "Mortal Sin": 4.06, "Love Bubbles": 1.595, "Andromeda": 1.9575, "Blood Sucker": 1.74, "Watermelon": 1.5225, "Einstein": 1.5225, "Gold Star": 1.5225, "Angelina": 1.9575, "Jolly Roger": 1.74, "Shock Wave": 1.595, "Sweetheart": 1.885, "Celestia": 2.2475, "Plastic Ice": 1.595, "Heart Pop": 1.595, "Dark Portal": 1.5225, "Onyx Black": 2.025, "Black": 5.17, "just": 1.2325}, "B-Day Candle": {"Final Boss": 1.9685000000000001, "Purr Magic": 1.9685000000000001, "Kaboom!": 1.9685000000000001, "Payday": 1.9685000000000001, "Pixel Wish": 1.9685000000000001, "Happy Meows": 2.54, "On Fire": 2.54, "Onyx Black": 1.69, "Black": 4.880000000000001, "just": 1.0795}, "Desk Calendar": {"Adult Tasks": 24.07, "Checklist": 1.9995, "Investor": 6.135000000000001, "Fund Manager": 2.58, "Pepe Plans": 10.629999999999999, "Independence": 2.58, "Durov Day": 2.58, "Fawkes Night": 2.58, "Deadline": 1.9995, "Hodler": 4.515000000000001, "Telegram": 1.9995, "Sunday": 1.9995, "Heartbreak": 1.548, "Burning Time": 1.9995, "Peach Week": 1.9995, "Balloon Face": 1.9995, "Tic Tac Toe": 1.9995, "Onyx Black": 1.67, "Black": 5.590000000000001, "just": 1.0965}, "Lunar Snake": {"Synthwave": 5.215, "Dragon Ball": 5.215, "Python Dev": 2.3095, "Timelock": 1.937, "Hot Cherry": 2.0115000000000003, "Hellspawn": 2.0115000000000003, "Soul Eater": 2.3095, "Psychedelic": 1.788, "Onyx Black": 2.245, "Black": 5.37, "just": 1.2665}, "Xmas Stocking": {"Onyx Black": 2.165, "Black": 5.734999999999999, "just": 1.2495}, "Snake Box": {"Onyx Black": 2.115, "Black": 6.205, "just": 1.224}, "Pet Snake": {"Onyx Black": 2.4450000000000003, "Black": 5.585, "just": 1.4195}, "Candy Cane": {"Hex Pot": 3.14, "Grinch": 3.14, "Designer": 5.495, "Sticky Sweet": 2.1195000000000004, "Onyx Black": 2.475, "Black": 5.890000000000001, "just": 1.3345}, "Whip Cupcake": {"Bitcoin": 9.714999999999998, "Deep State": 2.0655, "Toncoin": 2.3715, "Resistance": 5.355, "Sponge Duck": 3.06, "Onyx Black": 2.2600000000000002, "Black": 5.205, "just": 1.3005}, "Big Year": {"First Website": 2.6125, "YouTubes": 3.2395, "Bitcoin": 5.851999999999999, "Gold Mine": 5.851999999999999, "Cheshire Cat": 2.4034999999999997, "The Hobbit": 3.2395, "Pavel Durov": 4.18, "Game Boy": 2.299, "The Nether": 3.2395, "Big Brother": 2.8215, "Creator": 2.8215, "Qing Dynasty": 3.2395, "Pokeball": 2.717, "Telegram": 5.851999999999999, "Onyx Black": 3.67, "Black": 8.65, "just": 1.7764999999999997}, "Homemade Cake": {"Onyx Black": 2.3850000000000002, "Black": 5.585, "just": 1.513}, "Cookie Heart": {"Onyx Black": 2.425, "Black": 7.02, "just": 1.5725}, "Jester Hat": {"Onyx Black": 2.6550000000000002, "Black": 6.6049999999999995, "just": 1.4535}, "Holiday Drink": {"Onyx Black": 2.325, "Black": 5.825000000000001, "just": 1.5725}, "Ginger Cookie": {"Onyx Black": 3.385, "Black": 6.51, "just": 1.7594999999999998}, "Hypno Lollipop": {"Onyx Black": 2.895, "Black": 5.99, "just": 1.7764999999999997}, "Winter Wreath": {"Moon Cat": 115.96000000000001, "Onyx Black": 2.81, "Black": 8.66, "just": 1.632}, "Party Sparkler": {"Onyx Black": 4.895, "Black": 7.24, "just": 1.6915}, "Jingle Bells": {"Onyx Black": 2.935, "Black": 6.09, "just": 1.853}, "Tama Gadget": {"Onyx Black": 3.485, "Black": 7.04, "just": 1.7764999999999997}, "Jack-in-the-Box": {"Onyx Black": 3.105, "Black": 7.6000000000000005, "just": 1.87}, "Star Notepad": {"Onyx Black": 3.875, "Black": 8.65, "just": 1.9124999999999999}, "Easter Egg": {"Onyx Black": 3.735, "Black": 10.945, "just": 2.2015}, "Santa Hat": {"Onyx Black": 3.364, "Black": 8.404, "just": 2.329}, "Hex Pot": {"Onyx Black": 3.8550000000000004, "Black": 10.045, "just": 2.3120000000000003}, "Restless Jar": {"Onyx Black": 4.015000000000001, "Black": 10.77, "just": 2.159}, "Lush Bouquet": {"Onyx Black": 4.4350000000000005, "Black": 8.43, "just": 2.4395000000000002}, "Spiced Wine": {"Onyx Black": 2.754, "Black": 6.854, "just": 1.9805}, "Snow Globe": {"Onyx Black": 4.135, "Black": 10.834999999999999, "just": 2.2695}, "Joyful Bundle": {"Onyx Black": 3.895, "Black": 7.8950000000000005, "just": 2.3715}, "Light Sword": {"Onyx Black": 4.604, "Black": 10.668, "just": 2.703}, "Witch Hat": {"Onyx Black": 4.365, "Black": 11.825, "just": 2.703}, "Bow Tie": {"Onyx Black": 4.898, "Black": 12.63, "just": 2.7455}, "Eternal Candle": {"Onyx Black": 5.29, "Black": 12.094, "just": 2.9665}, "Jelly Bunny": {"Onyx Black": 4.485, "Black": 11.69, "just": 2.9579999999999997}, "Bunny Muffin": {"Onyx Black": 4.944, "Black": 11.627999999999998, "just": 3.043}, "Spy Agaric": {"Onyx Black": 4.608, "Black": 10.367999999999999, "just": 2.788}, "Evil Eye": {"Onyx Black": 6.39, "Black": 12.99, "just": 3.1025}, "Snow Mittens": {"Onyx Black": 4.82, "Black": 7.568, "just": 3.145}, "Berry Box": {"Onyx Black": 5.868, "Black": 11.547999999999998, "just": 3.2129999999999996}, "Valentine Box": {"Onyx Black": 8.082, "Black": 12.541999999999998, "just": 3.7994999999999997}, "Sakura Flower": {"Onyx Black": 6.964, "Black": 14.963999999999999, "just": 4.199}, "Hanging Star": {"Onyx Black": 8.894, "Black": 15.290000000000001, "just": 4.6665}, "Sleigh Bell": {"Onyx Black": 10.388, "Black": 15.768, "just": 6.188}, "Love Candle": {"Onyx Black": 10.994, "Black": 20.394, "just": 6.7915}, "Skull Flower": {"Onyx Black": 9.65, "Black": 18.590000000000003, "just": 6.5025}, "Crystal Ball": {"Onyx Black": 11.414, "Black": 28.614, "just": 6.5365}, "Trapped Heart": {"Onyx Black": 12.229999999999999, "Black": 19.07, "just": 7.182499999999999}, "Top Hat": {"Onyx Black": 11.862, "Black": 23.862000000000002, "just": 6.6045}, "Love Potion": {"Onyx Black": 10.996, "Black": 22.2, "just": 7.6499999999999995}, "Flying Broom": {"Onyx Black": 10.815999999999999, "Black": 19.976, "just": 7.9559999999999995}, "Cupid Charm": {"Onyx Black": 16.954, "Black": 32.554, "just": 9.8515}, "Record Player": {"Onyx Black": 10.91, "Black": 20.146, "just": 6.5025}, "Eternal Rose": {"Onyx Black": 17.204, "Black": 33.604, "just": 11.339}, "Mad Pumpkin": {"Onyx Black": 22.808, "Black": 39.772000000000006, "just": 14.466999999999999}, "Voodoo Doll": {"Onyx Black": 22.018, "Black": 50.062, "just": 14.254499999999998}, "Diamond Ring": {"Onyx Black": 22.394, "Black": 45.574000000000005, "just": 13.5915}, "Toy Bear": {"Onyx Black": 24.286, "Black": 46.769999999999996, "just": 15.257499999999999}, "Vintage Cigar": {"Onyx Black": 43.134, "Black": 55.534, "just": 20.3065}, "Neko Helmet": {"Onyx Black": 37.984, "Black": 75.98400000000001, "just": 22.644}, "Low Rider": {"Onyx Black": 33.68, "Black": 90.47999999999999, "just": 21.08}, "Signet Ring": {"Onyx Black": 36.052, "Black": 73.652, "just": 21.607}, "Electric Skull": {"Onyx Black": 44.2, "Black": 68.196, "just": 26.349999999999998}, "Kissed Frog": {"Onyx Black": 42.56, "Black": 80.16, "just": 28.56}, "Swiss Watch": {"Onyx Black": 43.348, "Black": 69.348, "just": 30.243}, "Sharp Tongue": {"Onyx Black": 58.968,