{"Snoop Dogg": {"AI Dogg": 3.3525, "Chrome": 2.0540000000000003, "Black Diamond": 2.168, "Doberman": 3.8465000000000003, "Sapphire": 2.111, "Goldizzle": 7.055999999999999, "Doggfather": 3.3905000000000003, "King Snoop": 4.6155, "Onyx Black": 2.996666666666667, "Black": 10.759230769230768, "just": 1.5215}, "Swag Bag": {"Bulk Order": 2.162, "Missionary": 6.58, "April 20th": 2.9139999999999997, "Boiling Hot": 2.3499999999999996, "Gin & Jewels": 2.3499999999999996, "Darkness": 2.162, "P.I.M.P.": 1.974, "Golden Nugs": 1.974, "Happy Herbs": 2.9139999999999997, "Take It Easy": 2.3499999999999996, "Cashback": 2.9139999999999997, "Snoop Life": 2.538, "Leopard": 2.068, "Onyx Black": 2.9299999999999997, "Black": 6.94, "just": 1.5979999999999999}, "Snoop Cigar": {"Onyx Black": 7.605, "Black": 16.705, "just": 3.7485}, "Lol Pop": {"Blood Sucker": 1.656, "Rosebud": 1.7249999999999999, "Love Bubbles": 1.4489999999999998, "Dark Portal": 2.139, "Wonka Berry": 1.4489999999999998, "Heart Pop": 1.518, "Cobweb": 1.5869999999999997, "Blood Ember": 1.518, "Jolly Roger": 1.5869999999999997, "Portable Pop": 1.4489999999999998, "Sailor Moon": 1.518, "Angelina": 2.139, "Einstein": 1.518, "Jinxed": 1.7939999999999998, "Glowstick": 2.139, "Pink Foil": 1.4489999999999998, "Pumpkin": 1.5869999999999997, "Andromeda": 1.5869999999999997, "Comic Crunch": 1.5869999999999997, "Dark Sky": 1.518, "Nostalgia": 1.4489999999999998, "Mortal Sin": 3.8639999999999994, "Icicle": 1.4489999999999998, "Sick Leave": 1.518, "Cookie Dip": 1.518, "Milky Way": 1.4489999999999998, "Satellite": 1.7249999999999999, "Sweetheart": 1.518, "Watermelon": 1.4489999999999998, "Hexed Helix": 1.5869999999999997, "Celestia": 2.139, "Doodle Art": 1.4489999999999998, "Onyx Black": 1.94, "Black": 5.405, "just": 1.1729999999999998}, "B-Day Candle": {"Payday": 2.0615, "Purr Magic": 2.0615, "On Fire": 2.0615, "Kaboom!": 1.7955000000000003, "Pixel Wish": 2.0615, "Happy Meows": 2.0615, "Final Boss": 2.0615, "Onyx Black": 1.715, "Black": 5.59, "just": 1.1305}, "Desk Calendar": {"Balloon Face": 1.518, "Telegram": 2.0460000000000003, "Investor": 4.62, "Hodler": 3.6959999999999997, "Checklist": 1.7820000000000003, "Fund Manager": 2.0460000000000003, "Durov Day": 2.64, "Heartbreak": 1.7160000000000002, "Fawkes Night": 6.16, "Deadline": 2.0460000000000003, "Independence": 2.64, "Adult Tasks": 27.66, "Sunday": 2.0460000000000003, "Peach Week": 2.0460000000000003, "Tic Tac Toe": 1.6500000000000001, "Pepe Plans": 11.465, "Burning Time": 2.0460000000000003, "Onyx Black": 1.6949999999999998, "Black": 6.66, "just": 1.122}, "Lunar Snake": {"Python Dev": 2.1854999999999998, "Dragon Ball": 4.935, "Hot Cherry": 2.1854999999999998, "Timelock": 1.6214999999999997, "Synthwave": 5.705, "Hellspawn": 2.1854999999999998, "Psychedelic": 1.7625, "Soul Eater": 1.9035, "Onyx Black": 1.8050000000000002, "Black": 5.4, "just": 1.1985}, "Xmas Stocking": {"Onyx Black": 2.0149999999999997, "Black": 5.449999999999999, "just": 1.19}, "Snake Box": {"Onyx Black": 2.05, "Black": 8.065000000000001, "just": 1.1305}, "Pet Snake": {"Onyx Black": 2.5149999999999997, "Black": 5.635, "just": 1.5045}, "Candy Cane": {"Designer": 5.425, "Sticky Sweet": 2.0925000000000002, "Hex Pot": 3.1, "Grinch": 2.4025000000000003, "Onyx Black": 2.35, "Black": 5.725, "just": 1.3175}, "Whip Cupcake": {"Toncoin": 2.2319999999999998, "Sponge Duck": 2.88, "Bitcoin": 10.719999999999999, "Deep State": 1.944, "Resistance": 5.04, "Onyx Black": 1.9, "Black": 5.3149999999999995, "just": 1.224}, "Big Year": {"YouTubes": 3.0225, "Big Brother": 2.535, "First Website": 2.0475, "The Hobbit": 3.9, "The Nether": 2.0475, "Bitcoin": 6.825, "Cheshire Cat": 2.34, "Gold Mine": 6.825, "Telegram": 5.46, "Qing Dynasty": 3.9, "Pokeball": 2.6325000000000003, "Creator": 3.0225, "Pavel Durov": 5.46, "Game Boy": 2.2424999999999997, "Onyx Black": 3.425, "Black": 8.4, "just": 1.6575}, "Homemade Cake": {"Onyx Black": 2.035, "Black": 5.42, "just": 1.394}, "Cookie Heart": {"Onyx Black": 2.35, "Black": 6.35, "just": 1.53}, "Jester Hat": {"Onyx Black": 2.7649999999999997, "Black": 6.195, "just": 1.3515}, "Holiday Drink": {"Onyx Black": 2.63, "Black": 5.88, "just": 1.496}, "Ginger Cookie": {"Onyx Black": 3.3950000000000005, "Black": 6.385, "just": 1.5385}, "Hypno Lollipop": {"Onyx Black": 2.94, "Black": 6.4750000000000005, "just": 1.6575}, "Winter Wreath": {"Onyx Black": 2.525, "Black": 9.924999999999999, "just": 1.6575}, "Party Sparkler": {"Onyx Black": 2.74, "Black": 6.99, "just": 1.683}, "Jingle Bells": {"Onyx Black": 2.69, "Black": 6.694999999999999, "just": 1.6064999999999998}, "Tama Gadget": {"Onyx Black": 3.395, "Black": 7.5200000000000005, "just": 1.734}, "Jack-in-the-Box": {"Onyx Black": 3.1750000000000003, "Black": 8.0, "just": 1.87}, "Star Notepad": {"Onyx Black": 3.6950000000000003, "Black": 9.075, "just": 2.0315}, "Easter Egg": {"Onyx Black": 3.9450000000000003, "Black": 11.245, "just": 2.1165000000000003}, "Santa Hat": {"Onyx Black": 3.2960000000000003, "Black": 8.296, "just": 2.176}, "Hex Pot": {"Onyx Black": 3.77, "Black": 9.395, "just": 2.38}, "Restless Jar": {"Onyx Black": 3.75, "Black": 8.469999999999999, "just": 2.125}, "Lush Bouquet": {"Onyx Black": 4.385, "Black": 8.09, "just": 2.363}, "Spiced Wine": {"Onyx Black": 3.0220000000000002, "Black": 6.83, "just": 2.0825}, "Snow Globe": {"Onyx Black": 4.17, "Black": 9.295000000000002, "just": 2.3715}, "Joyful Bundle": {"Onyx Black": 4.075, "Black": 8.13, "just": 2.3545}, "Light Sword": {"Onyx Black": 4.428, "Black": 10.588, "just": 2.533}, "Witch Hat": {"Onyx Black": 4.3950000000000005, "Black": 11.945, "just": 2.4565}, "Bow Tie": {"Onyx Black": 4.198, "Black": 13.598, "just": 2.8305}, "Eternal Candle": {"Onyx Black": 4.862, "Black": 11.670000000000002, "just": 2.9325}, "Jelly Bunny": {"Onyx Black": 4.425, "Black": 10.44, "just": 2.8899999999999997}, "Bunny Muffin": {"Onyx Black": 4.9, "Black": 12.5, "just": 2.975}, "Spy Agaric": {"Onyx Black": 5.072, "Black": 11.672, "just": 2.652}, "Evil Eye": {"Onyx Black": 6.59, "Black": 13.230000000000002, "just": 3.1025}, "Snow Mittens": {"Onyx Black": 5.274, "Black": 8.274000000000001, "just": 3.5105}, "Berry Box": {"Onyx Black": 4.556, "Black": 11.755999999999998, "just": 3.06}, "Valentine Box": {"Onyx Black": 8.614, "Black": 12.814, "just": 3.9865000000000004}, "Sakura Flower": {"Onyx Black": 6.564, "Black": 14.604, "just": 3.6889999999999996}, "Hanging Star": {"Onyx Black": 6.974, "Black": 15.049999999999999, "just": 4.326499999999999}, "Sleigh Bell": {"Onyx Black": 11.05, "Black": 16.022, "just": 6.5874999999999995}, "Love Candle": {"Onyx Black": 10.994, "Black": 17.034, "just": 7.1315}, "Skull Flower": {"Onyx Black": 9.364, "Black": 15.9, "just": 7.225}, "Crystal Ball": {"Onyx Black": 12.392000000000001, "Black": 26.416, "just": 6.256}, "Trapped Heart": {"Onyx Black": 11.614, "Black": 19.214, "just": 7.386499999999999}, "Top Hat": {"Onyx Black": 12.86, "Black": 22.86, "just": 6.885}, "Love Potion": {"Onyx Black": 10.184, "Black": 24.724, "just": 7.2589999999999995}, "Flying Broom": {"Onyx Black": 10.832, "Black": 17.64, "just": 7.99}, "Cupid Charm": {"Onyx Black": 15.72, "Black": 34.596, "just": 9.35}, "Record Player": {"Onyx Black": 11.341999999999999, "Black": 20.618000000000002, "just": 7.114499999999999}, "Eternal Rose": {"Onyx Black": 19.14, "Black": 35.94, "just": 11.815}, "Mad Pumpkin": {"Onyx Black": 26.7, "Black": 43.1, "just": 15.725}, "Voodoo Doll": {"Onyx Black": 23.5, "Black": 40.7, "just": 14.025}, "Diamond Ring": {"Onyx Black": 20.396, "Black": 37.6, "just": 13.6}, "Toy Bear": {"Onyx Black": 25.646, "Black": 51.25, "just": 15.9375}, "Vintage Cigar": {"Onyx Black": 45.86, "Black": 61.86000000000001, "just": 21.335}, "Neko Helmet": {"Onyx Black": 40.8, "Black": 64.79599999999999, "just": 23.8}, "Low Rider": {"Onyx Black": 33.946, "Black": 89.282, "just": 21.6495}, "Signet Ring": {"Onyx Black": 38.2, "Black": 79.4, "just": 24.65}, "Electric Skull": {"Onyx Black": 49.1, "Black": 72.696,