{"Snoop Dogg": {"Cold Topaz": 2.1870000000000003, "Black Diamond": 2.2535000000000003, "King Ruby": 2.0255, "AI Dogg": 3.153, "Doggfather": 3.096, "Doberman": 3.837, "Chrome": 2.5195, "Sapphire": 2.1585, "King Snoop": 4.853000000000001, "Emerald": 2.1585, "Goldizzle": 7.706, "Onyx Black": 3.526666666666667, "Black": 10.41076923076923, "just": 1.513}, "Swag Bag": {"Dogg’s Loot": 2.079, "Take It Easy": 2.3165999999999998, "Snoop Life": 2.574, "Happy Herbs": 3.069, "April 20th": 3.069, "Cashback": 3.069, "P.I.M.P.": 2.079, "Missionary": 6.93, "Boiling Hot": 2.376, "Darkness": 2.178, "Leopard": 2.079, "Bulk Order": 2.2769999999999997, "Gin & Jewels": 2.574, "Onyx Black": 3.1900000000000004, "Black": 7.24, "just": 1.683}, "Snoop Cigar": {"Onyx Black": 7.615, "Black": 17.245, "just": 3.995}, "Lol Pop": {"Cobweb": 1.606, "Watermelon": 1.533, "Glowstick": 2.263, "Crystalline": 1.533, "Blood Ember": 1.752, "Hexed Helix": 1.6789999999999998, "Rosebud": 1.752, "Sailor Moon": 1.606, "Einstein": 1.606, "Milky Way": 1.606, "Doodle Art": 1.606, "Satellite": 1.752, "Dark Sky": 1.825, "Mortal Sin": 4.088, "Blood Sucker": 1.7082, "Shock Wave": 1.7082, "Jolly Roger": 1.752, "Angelina": 2.263, "Heart Pop": 1.606, "Plastic Ice": 1.606, "Magic Wand": 1.533, "Celestia": 2.263, "Sweetheart": 1.898, "Love Bubbles": 1.825, "Jinxed": 1.7082, "Andromeda": 1.898, "Pumpkin": 1.7082, "Dark Portal": 1.825, "Icy Touch": 1.533, "Onyx Black": 2.02, "Black": 5.43, "just": 1.2409999999999999}, "B-Day Candle": {"Happy Meows": 2.108, "On Fire": 2.108, "Purr Magic": 2.108, "Kaboom!": 1.8360000000000003, "Payday": 2.108, "Pixel Wish": 2.108, "Final Boss": 2.108, "Onyx Black": 1.755, "Black": 5.375000000000001, "just": 1.1560000000000001}, "Desk Calendar": {"Independence": 2.74, "Tic Tac Toe": 2.1235000000000004, "Heartbreak": 1.4385000000000001, "Durov Day": 2.1235000000000004, "Telegram": 2.1235000000000004, "Investor": 5.935, "Fawkes Night": 4.795, "Fund Manager": 2.1235000000000004, "Checklist": 2.1235000000000004, "Deadline": 2.1235000000000004, "Hodler": 4.795, "Pepe Plans": 10.52, "Balloon Face": 2.1235000000000004, "Sunday": 1.8495000000000004, "Burning Time": 1.8495000000000004, "Adult Tasks": 26.185000000000002, "Peach Week": 2.1235000000000004, "Onyx Black": 1.74, "Black": 5.569999999999999, "just": 1.1645}, "Lunar Snake": {"Hellspawn": 2.0655, "Psychedelic": 1.8359999999999999, "Hot Cherry": 1.9125, "Dragon Ball": 5.355, "Timelock": 1.989, "Python Dev": 2.3715, "Soul Eater": 2.3715, "Synthwave": 4.284, "Onyx Black": 2.2600000000000002, "Black": 5.760000000000001, "just": 1.3005}, "Xmas Stocking": {"Onyx Black": 2.7, "Black": 5.75, "just": 1.275}, "Snake Box": {"Onyx Black": 2.12, "Black": 5.620000000000001, "just": 1.224}, "Pet Snake": {"Onyx Black": 2.46, "Black": 5.84, "just": 1.4705}, "Candy Cane": {"Sticky Sweet": 2.1465, "Grinch": 3.18, "Hex Pot": 3.18, "Designer": 8.295, "Onyx Black": 2.47, "Black": 5.97, "just": 1.3515}, "Whip Cupcake": {"Deep State": 2.4025000000000003, "Resistance": 5.425, "Sponge Duck": 3.1, "Bitcoin": 9.475, "Toncoin": 2.4025000000000003, "Onyx Black": 2.25, "Black": 5.725, "just": 1.3175}, "Big Year": {"The Nether": 2.9295, "Cheshire Cat": 2.387, "Gold Mine": 7.595, "Bitcoin": 4.34, "Telegram": 4.34, "YouTubes": 4.34, "Big Brother": 2.9295, "Creator": 2.9295, "The Hobbit": 3.3635, "Qing Dynasty": 3.3635, "First Website": 2.2785, "Pokeball": 2.6039999999999996, "Pavel Durov": 4.34, "Game Boy": 2.2785, "Onyx Black": 3.71, "Black": 8.684999999999999, "just": 1.8444999999999998}, "Homemade Cake": {"Onyx Black": 2.415, "Black": 5.575, "just": 1.564}, "Cookie Heart": {"Onyx Black": 2.565, "Black": 6.965, "just": 1.649}, "Jester Hat": {"Onyx Black": 2.63, "Black": 6.5, "just": 1.4875}, "Holiday Drink": {"Onyx Black": 2.67, "Black": 6.220000000000001, "just": 1.649}, "Ginger Cookie": {"Onyx Black": 3.77, "Black": 7.0200000000000005, "just": 1.734}, "Hypno Lollipop": {"Onyx Black": 2.79, "Black": 6.5, "just": 1.768}, "Winter Wreath": {"Moon Cat": 108.47500000000001, "Onyx Black": 2.54, "Black": 8.65, "just": 1.6575}, "Party Sparkler": {"Onyx Black": 3.575, "Black": 7.970000000000001, "just": 1.6575}, "Jingle Bells": {"Onyx Black": 2.85, "Black": 6.75, "just": 1.785}, "Tama Gadget": {"Onyx Black": 3.46, "Black": 6.550000000000001, "just": 1.785}, "Jack-in-the-Box": {"Onyx Black": 3.125, "Black": 7.615, "just": 1.9040000000000001}, "Star Notepad": {"Onyx Black": 3.4, "Black": 9.649999999999999, "just": 1.9549999999999998}, "Easter Egg": {"Onyx Black": 3.63, "Black": 11.08, "just": 2.3545}, "Santa Hat": {"Onyx Black": 3.5300000000000002, "Black": 8.39, "just": 2.3375}, "Hex Pot": {"Onyx Black": 3.9349999999999996, "Black": 10.1, "just": 2.3205}, "Restless Jar": {"Onyx Black": 3.795, "Black": 10.545, "just": 2.2015}, "Lush Bouquet": {"Onyx Black": 4.33, "Black": 7.9799999999999995, "just": 2.516}, "Spiced Wine": {"Onyx Black": 2.988, "Black": 6.884, "just": 2.0229999999999997}, "Snow Globe": {"Onyx Black": 4.645, "Black": 12.899999999999999, "just": 2.38}, "Joyful Bundle": {"Onyx Black": 3.625, "Black": 7.6450000000000005, "just": 2.38}, "Light Sword": {"Onyx Black": 4.58, "Black": 10.68, "just": 2.72}, "Witch Hat": {"Onyx Black": 4.745, "Black": 11.745, "just": 2.9665}, "Bow Tie": {"Onyx Black": 4.96, "Black": 12.647999999999998, "just": 2.788}, "Eternal Candle": {"Onyx Black": 5.32, "Black": 11.324000000000002, "just": 3.009}, "Jelly Bunny": {"Onyx Black": 4.75, "Black": 11.125, "just": 2.975}, "Bunny Muffin": {"Onyx Black": 4.88, "Black": 12.280000000000001, "just": 3.23}, "Spy Agaric": {"Onyx Black": 5.198, "Black": 10.39, "just": 2.8305}, "Evil Eye": {"Onyx Black": 6.108, "Black": 12.632000000000001, "just": 3.162}, "Snow Mittens": {"Onyx Black": 5.12, "Black": 7.976000000000001, "just": 3.145}, "Berry Box": {"Onyx Black": 5.9399999999999995, "Black": 11.66, "just": 3.315}, "Valentine Box": {"Onyx Black": 7.484, "Black": 12.684000000000001, "just": 4.029}, "Sakura Flower": {"Onyx Black": 7.0, "Black": 15.4, "just": 4.25}, "Hanging Star": {"Onyx Black": 8.568, "Black": 15.364, "just": 4.777}, "Sleigh Bell": {"Onyx Black": 10.668, "Black": 18.664, "just": 6.613}, "Love Candle": {"Onyx Black": 11.216, "Black": 20.612000000000002, "just": 7.105999999999999}, "Skull Flower": {"Onyx Black": 10.68, "Black": 17.840000000000003, "just": 7.14}, "Crystal Ball": {"Onyx Black": 11.07, "Black": 28.11, "just": 6.672499999999999}, "Trapped Heart": {"Onyx Black": 13.214, "Black": 19.294, "just": 7.9815000000000005}, "Top Hat": {"Onyx Black": 12.283999999999999, "Black": 22.564, "just": 6.7490000000000006}, "Love Potion": {"Onyx Black": 10.996, "Black": 22.2, "just": 7.6499999999999995}, "Flying Broom": {"Onyx Black": 10.9, "Black": 18.332, "just": 8.075}, "Cupid Charm": {"Onyx Black": 17.134, "Black": 32.734, "just": 10.1065}, "Record Player": {"Onyx Black": 11.120000000000001, "Black": 20.396, "just": 6.8}, "Eternal Rose": {"Onyx Black": 17.306, "Black": 36.906, "just": 11.4835}, "Mad Pumpkin": {"Onyx Black": 22.616, "Black": 38.416, "just": 14.755999999999998}, "Voodoo Doll": {"Onyx Black": 21.914, "Black": 48.074, "just": 14.2715}, "Diamond Ring": {"Onyx Black": 22.49, "Black": 43.69, "just": 13.7275}, "Toy Bear": {"Onyx Black": 24.735999999999997, "Black": 47.215999999999994, "just": 15.895}, "Vintage Cigar": {"Onyx Black": 42.356, "Black": 55.6, "just": 20.4}, "Neko Helmet": {"Onyx Black": 35.9, "Black": 75.9, "just": 22.525}, "Low Rider": {"Onyx Black": 34.268, "Black": 91.068, "just": 21.913}, "Signet Ring": {"Onyx Black": 37.294, "Black": 80.094, "just": 23.3665}, "Electric Skull": {"Onyx Black": 44.194, "Black": 67.78999999999999, "just": 26.341499999999996}, "Kissed Frog": {"Onyx Black": 48.965999999999994, "Black": 82.214, "just": 32.0365}, "Swiss Watch": {"Onyx Black": 45.384, "Black": 69.384, "just": 30.294}, "Sharp Tongue": {"Onyx Black": 58.564, "Black": 108.564, "just": 34.799}, "Genie Lamp": {"Onyx Black": 65.53, "Black": 229.73000000000002,