{"Snoop Dogg": {"Sapphire": 2.1015, "Chrome": 2.421, "Goldizzle": 6.8469999999999995, "Cold Topaz": 2.016, "Doggfather": 3.1625, "Black Diamond": 2.1965000000000003, "King Snoop": 4.330500000000001, "Doberman": 3.2955, "AI Dogg": 3.3905000000000003, "Onyx Black": 3.3733333333333335, "Black": 11.089230769230769, "just": 1.462}, "Swag Bag": {"P.I.M.P.": 1.9110000000000003, "Happy Herbs": 2.821, "Snoop Life": 2.366, "Missionary": 6.37, "Darkness": 2.0020000000000002, "Bulk Order": 2.275, "Cashback": 2.821, "Take It Easy": 2.275, "April 20th": 2.821, "Boiling Hot": 2.275, "Leopard": 1.9110000000000003, "Gin & Jewels": 2.184, "Onyx Black": 2.91, "Black": 6.91, "just": 1.547}, "Snoop Cigar": {"Onyx Black": 7.2, "Black": 16.799999999999997, "just": 3.74}, "Lol Pop": {"Jinxed": 1.4175000000000002, "Heart Pop": 1.4850000000000003, "Glowstick": 2.0925000000000002, "Icicle": 1.4175000000000002, "Portable Pop": 1.4175000000000002, "Pink Foil": 1.4175000000000002, "Angelina": 2.0925000000000002, "Watermelon": 1.4850000000000003, "Shock Wave": 1.4175000000000002, "Jolly Roger": 1.4175000000000002, "Comic Crunch": 1.4175000000000002, "Andromeda": 1.5525, "Sweetheart": 1.5525, "Rosebud": 1.5525, "Cobweb": 1.5525, "Love Bubbles": 1.4850000000000003, "Doodle Art": 1.4175000000000002, "Nostalgia": 1.4175000000000002, "Pumpkin": 1.4175000000000002, "Celestia": 2.0925000000000002, "Plastic Ice": 1.4175000000000002, "Dark Sky": 1.5525, "Satellite": 1.7550000000000001, "Soap Bubbles": 1.4175000000000002, "Fire Vortex": 1.4175000000000002, "Hexed Helix": 1.5525, "Cookie Dip": 1.5525, "Dark Portal": 1.6875, "Einstein": 1.4850000000000003, "Crystalline": 1.4175000000000002, "Blood Sucker": 1.6875, "Milky Way": 1.4175000000000002, "Mortal Sin": 2.7, "Blood Ember": 1.4850000000000003, "Onyx Black": 1.7850000000000001, "Black": 5.125, "just": 1.1475}, "B-Day Candle": {"Kaboom!": 1.7415000000000003, "Happy Meows": 1.9995, "Pixel Wish": 1.9995, "On Fire": 1.9995, "Purr Magic": 1.9995, "Final Boss": 2.58, "Shocker": 2.58, "Payday": 1.9995, "Onyx Black": 1.715, "Black": 5.3950000000000005, "just": 1.0965}, "Desk Calendar": {"Sunday": 2.0615, "Burning Time": 2.0615, "Independence": 3.7239999999999998, "Tic Tac Toe": 1.596, "Heartbreak": 1.4630000000000003, "Hodler": 3.7239999999999998, "Checklist": 2.0615, "Investor": 4.655, "Adult Tasks": 4.655, "Balloon Face": 1.5294999999999999, "Fawkes Night": 4.655, "Telegram": 2.0615, "Fund Manager": 2.0615, "Durov Day": 2.66, "Deadline": 2.0615, "Peach Week": 1.7955000000000003, "Pepe Plans": 4.655, "Onyx Black": 1.715, "Black": 7.59, "just": 1.1305}, "Lunar Snake": {"Soul Eater": 2.17, "Synthwave": 4.8999999999999995, "Dragon Ball": 4.8999999999999995, "Psychedelic": 1.89, "Hellspawn": 2.17, "Hot Cherry": 2.17, "Python Dev": 2.17, "Timelock": 1.54, "Onyx Black": 2.0300000000000002, "Black": 5.199999999999999, "just": 1.19}, "Xmas Stocking": {"Onyx Black": 1.925, "Black": 5.17, "just": 1.1475}, "Snake Box": {"Onyx Black": 1.8900000000000001, "Black": 8.035, "just": 1.1305}, "Pet Snake": {"Onyx Black": 2.515, "Black": 5.88, "just": 1.496}, "Candy Cane": {"Grinch": 2.387, "Sticky Sweet": 2.079, "Hex Pot": 3.08, "Designer": 5.390000000000001, "Onyx Black": 2.3449999999999998, "Black": 5.470000000000001, "just": 1.309}, "Whip Cupcake": {"Deep State": 1.9035, "Toncoin": 2.1854999999999998, "Bitcoin": 4.935, "Resistance": 4.935, "Sponge Duck": 2.1854999999999998, "Onyx Black": 2.205, "Black": 5.205, "just": 1.1985}, "Big Year": {"First Website": 1.9425000000000001, "Big Brother": 2.4975000000000005, "Creator": 2.8675, "Balloons": 1.9425000000000001, "The Nether": 2.035, "Pokeball": 2.8675, "Qing Dynasty": 3.7, "The Hobbit": 3.7, "Telegram": 3.7, "Game Boy": 2.3125, "Gold Mine": 6.4750000000000005, "YouTubes": 2.8675, "Pavel Durov": 3.7, "Bitcoin": 6.4750000000000005, "Cheshire Cat": 2.3125, "Onyx Black": 2.895, "Black": 7.575000000000001, "just": 1.5725}, "Homemade Cake": {"Onyx Black": 2.01, "Black": 5.0600000000000005, "just": 1.377}, "Cookie Heart": {"Onyx Black": 2.185, "Black": 6.234999999999999, "just": 1.5045}, "Jester Hat": {"Onyx Black": 2.575, "Black": 6.69, "just": 1.343}, "Holiday Drink": {"Onyx Black": 2.4850000000000003, "Black": 5.380000000000001, "just": 1.5045}, "Ginger Cookie": {"Onyx Black": 3.165, "Black": 5.915, "just": 1.5555}, "Hypno Lollipop": {"Onyx Black": 2.935, "Black": 5.710000000000001, "just": 1.649}, "Winter Wreath": {"Onyx Black": 2.3449999999999998, "Black": 8.895, "just": 1.5215}, "Party Sparkler": {"Onyx Black": 2.8449999999999998, "Black": 6.944999999999999, "just": 1.6064999999999998}, "Jingle Bells": {"Onyx Black": 2.62, "Black": 6.825, "just": 1.4875}, "Tama Gadget": {"Onyx Black": 3.38, "Black": 6.879999999999999, "just": 1.5385}, "Jack-in-the-Box": {"Onyx Black": 3.1450000000000005, "Black": 7.775, "just": 1.785}, "Star Notepad": {"Onyx Black": 3.8449999999999998, "Black": 8.595, "just": 1.8615}, "Easter Egg": {"Onyx Black": 3.97, "Black": 10.245000000000001, "just": 2.1165000000000003}, "Santa Hat": {"Onyx Black": 3.565, "Black": 9.79, "just": 2.193}, "Hex Pot": {"Onyx Black": 3.575, "Black": 8.535, "just": 2.04}, "Restless Jar": {"Onyx Black": 3.725, "Black": 8.075, "just": 2.0825}, "Lush Bouquet": {"Onyx Black": 3.475, "Black": 7.8500000000000005, "just": 2.295}, "Spiced Wine": {"Onyx Black": 2.88, "Black": 7.779999999999999, "just": 1.751}, "Snow Globe": {"Onyx Black": 3.965, "Black": 8.04, "just": 2.0229999999999997}, "Joyful Bundle": {"Onyx Black": 3.735, "Black": 8.085, "just": 2.2695}, "Light Sword": {"Onyx Black": 4.72, "Black": 11.214999999999998, "just": 2.499}, "Witch Hat": {"Onyx Black": 4.265, "Black": 11.865, "just": 2.3205}, "Bow Tie": {"Onyx Black": 4.4, "Black": 16.05, "just": 2.635}, "Eternal Candle": {"Onyx Black": 4.984999999999999, "Black": 11.985000000000001, "just": 2.5245}, "Jelly Bunny": {"Onyx Black": 4.46, "Black": 10.545, "just": 2.8219999999999996}, "Bunny Muffin": {"Onyx Black": 4.85, "Black": 16.6, "just": 2.72}, "Spy Agaric": {"Onyx Black": 5.295, "Black": 10.985, "just": 2.6264999999999996}, "Evil Eye": {"Onyx Black": 6.34, "Black": 15.69, "just": 3.2129999999999996}, "Snow Mittens": {"Onyx Black": 4.56, "Black": 8.88, "just": 2.7795}, "Berry Box": {"Onyx Black": 4.725, "Black": 12.280000000000001, "just": 2.941}, "Valentine Box": {"Onyx Black": 7.984999999999999, "Black": 14.485000000000001, "just": 3.3745000000000003}, "Sakura Flower": {"Onyx Black": 7.025, "Black": 17.075000000000003, "just": 3.5275000000000003}, "Hanging Star": {"Onyx Black": 7.42, "Black": 16.439999999999998, "just": 4.156499999999999}, "Sleigh Bell": {"Onyx Black": 12.05, "Black": 16.735, "just": 5.185}, "Love Candle": {"Onyx Black": 8.3, "Black": 14.905000000000001, "just": 5.6185}, "Skull Flower": {"Onyx Black": 8.695, "Black": 17.14, "just": 5.338}, "Crystal Ball": {"Onyx Black": 13.384999999999998, "Black": 28.400000000000002, "just": 5.779999999999999}, "Trapped Heart": {"Onyx Black": 11.870000000000001, "Black": 23.57, "just": 6.579}, "Top Hat": {"Onyx Black": 14.75, "Black": 26.25, "just": 6.375}, "Love Potion": {"Onyx Black": 10.375, "Black": 28.625, "just": 7.0125}, "Flying Broom": {"Onyx Black": 10.195, "Black": 19.189999999999998, "just": 7.1315}, "Cupid Charm": {"Onyx Black": 16.695, "Black": 37.2, "just": 8.84}, "Record Player": {"Onyx Black": 11.845, "Black": 23.82, "just": 6.706499999999999}, "Eternal Rose": {"Onyx Black": 18.185, "Black": 39.335, "just": 11.6195}, "Mad Pumpkin": {"Onyx Black": 22.365000000000002, "Black": 46.864999999999995, "just": 12.5205}, "Voodoo Doll": {"Onyx Black": 22.77, "Black": 46.269999999999996, "just": 13.209}, "Diamond Ring": {"Onyx Black": 21.175, "Black": 43.175, "just": 13.0475}, "Toy Bear": {"Onyx Black": 26.689999999999998, "Black": 51.19, "just": 14.772999999999998}, "Vintage Cigar": {"Onyx Black": 48.485, "Black": 69.985, "just": 19.5245}, "Neko Helmet": {"Onyx Black": 42.0, "Black": 71.995, "just": 20.4}, "Low Rider": {"Onyx Black": 39.0,