{"Snoop Dogg": {"AI Dogg": 3.0410000000000004, "Doberman": 3.4305000000000003, "King Ruby": 2.0205, "Green Light": 1.935, "Chrome": 2.4005, "Sapphire": 2.1155, "Cold Topaz": 2.011, "Doggfather": 2.799, "Emerald": 1.9255, "Goldizzle": 7.135499999999999, "King Snoop": 4.741, "Black Diamond": 2.011, "Onyx Black": 3.2600000000000002, "Black": 10.553846153846154, "just": 1.53}, "Swag Bag": {"Missionary": 6.965, "Happy Herbs": 3.0845000000000002, "Darkness": 2.3283, "Bulk Order": 2.189, "Leopard": 2.2885, "Gin & Jewels": 2.4875, "April 20th": 3.0845000000000002, "Snoop Life": 2.4875, "Boiling Hot": 2.4875, "Aviators": 2.0895, "Cashback": 3.0845000000000002, "Take It Easy": 2.6865, "P.I.M.P.": 2.0895, "Onyx Black": 3.09, "Black": 7.445, "just": 1.6915}, "Snoop Cigar": {"Onyx Black": 7.4, "Black": 19.299999999999997, "just": 4.08}, "Lol Pop": {"Satellite": 1.7874999999999999, "Einstein": 1.6444999999999999, "Blood Sucker": 1.9305, "Mortal Sin": 4.004, "Milky Way": 1.5015, "Doodle Art": 1.6444999999999999, "Blood Ember": 1.573, "Glowstick": 2.2165, "Cobweb": 1.573, "Fire Vortex": 1.5015, "Crystal Comet": 1.5015, "Shock Wave": 1.573, "Heart Pop": 1.573, "Sweetheart": 1.859, "Love Bubbles": 1.859, "Hexed Helix": 1.6730999999999998, "Celestia": 2.2165, "Cookie Dip": 1.5015, "Watermelon": 1.5015, "Dark Sky": 1.573, "Andromeda": 1.9305, "Jolly Roger": 1.6730999999999998, "Angelina": 2.2165, "Pumpkin": 1.573, "Plastic Ice": 1.5015, "Jinxed": 1.7874999999999999, "Sailor Moon": 1.5015, "Rosebud": 1.716, "Dark Portal": 1.7874999999999999, "Nostalgia": 1.5015, "Comic Crunch": 1.5015, "Onyx Black": 2.015, "Black": 5.205, "just": 1.2155}, "B-Day Candle": {"Pixel Wish": 2.201, "Happy Meows": 2.201, "On Fire": 2.201, "Kaboom!": 1.917, "Payday": 2.201, "Purr Magic": 2.201, "Final Boss": 2.201, "Onyx Black": 1.8599999999999999, "Black": 5.16, "just": 1.2069999999999999}, "Desk Calendar": {"Heartbreak": 1.6099999999999999, "Burning Time": 2.17, "Deadline": 2.17, "Independence": 2.17, "Sunday": 1.89, "Fund Manager": 2.17, "Adult Tasks": 26.45, "Tic Tac Toe": 2.17, "Investor": 7.15, "Pepe Plans": 14.695, "Balloon Face": 1.8199999999999998, "Peach Week": 2.17, "Durov Day": 3.9199999999999995, "Telegram": 2.17, "Hodler": 4.8999999999999995, "Fawkes Night": 3.9199999999999995, "Checklist": 2.17, "Onyx Black": 1.895, "Black": 5.25, "just": 1.19}, "Lunar Snake": {"Python Dev": 2.325, "Soul Eater": 2.325, "Timelock": 2.325, "Hellspawn": 1.875, "Dragon Ball": 5.25, "Synthwave": 5.25, "Hot Cherry": 2.325, "Psychedelic": 2.325, "Onyx Black": 2.495, "Black": 5.3, "just": 1.275}, "Xmas Stocking": {"Onyx Black": 2.3600000000000003, "Black": 5.385, "just": 1.292}, "Snake Box": {"Onyx Black": 2.11, "Black": 5.445, "just": 1.3515}, "Pet Snake": {"Onyx Black": 2.5100000000000002, "Black": 5.4, "just": 1.53}, "Candy Cane": {"Sticky Sweet": 2.4645, "Grinch": 3.18, "Designer": 7.295, "Hex Pot": 3.18, "Onyx Black": 2.35, "Black": 5.85, "just": 1.3515}, "Whip Cupcake": {"Bitcoin": 14.875, "Deep State": 2.4025000000000003, "Sponge Duck": 2.4025000000000003, "Toncoin": 2.4025000000000003, "Resistance": 6.5249999999999995, "Onyx Black": 2.225, "Black": 5.7749999999999995, "just": 1.3175}, "Big Year": {"Big Brother": 3.1, "YouTubes": 4.0, "Telegram": 5.6, "The Hobbit": 4.0, "Pokeball": 2.6, "Qing Dynasty": 3.1, "Creator": 2.7, "The Nether": 3.1, "Balloons": 2.2, "Game Boy": 2.4, "Bitcoin": 5.6, "Pavel Durov": 7.0, "First Website": 2.1, "Cheshire Cat": 3.1, "Gold Mine": 7.0, "Onyx Black": 3.62, "Black": 9.25, "just": 1.7}, "Homemade Cake": {"Onyx Black": 2.395, "Black": 5.4, "just": 1.615}, "Cookie Heart": {"Onyx Black": 2.645, "Black": 6.895, "just": 1.615}, "Jester Hat": {"Onyx Black": 2.755, "Black": 6.385000000000001, "just": 1.513}, "Holiday Drink": {"Onyx Black": 2.7, "Black": 6.215, "just": 1.615}, "Ginger Cookie": {"Onyx Black": 3.615, "Black": 6.91, "just": 1.6404999999999998}, "Hypno Lollipop": {"Onyx Black": 3.4850000000000003, "Black": 6.459999999999999, "just": 1.6744999999999999}, "Winter Wreath": {"Moon Cat": 106.25999999999999, "Onyx Black": 2.97, "Black": 6.995, "just": 1.6915}, "Party Sparkler": {"Onyx Black": 3.1499999999999995, "Black": 7.245, "just": 1.6575}, "Jingle Bells": {"Onyx Black": 2.82, "Black": 6.035, "just": 1.7594999999999998}, "Tama Gadget": {"Onyx Black": 3.465, "Black": 6.805, "just": 1.7934999999999999}, "Jack-in-the-Box": {"Onyx Black": 3.1950000000000003, "Black": 7.105, "just": 1.887}, "Star Notepad": {"Onyx Black": 3.75, "Black": 9.425, "just": 1.9975}, "Easter Egg": {"Onyx Black": 3.8200000000000003, "Black": 10.7, "just": 2.465}, "Santa Hat": {"Onyx Black": 3.928, "Black": 8.264, "just": 2.363}, "Hex Pot": {"Onyx Black": 4.02, "Black": 10.155, "just": 2.397}, "Restless Jar": {"Onyx Black": 3.9799999999999995, "Black": 9.41, "just": 2.1845}, "Lush Bouquet": {"Onyx Black": 4.51, "Black": 8.77, "just": 2.584}, "Spiced Wine": {"Onyx Black": 3.388, "Black": 6.752000000000001, "just": 2.108}, "Snow Globe": {"Onyx Black": 4.4, "Black": 11.395, "just": 2.38}, "Joyful Bundle": {"Onyx Black": 3.53, "Black": 9.67, "just": 2.4139999999999997}, "Light Sword": {"Onyx Black": 4.2780000000000005, "Black": 10.674, "just": 2.6605}, "Witch Hat": {"Onyx Black": 4.53, "Black": 12.08, "just": 2.686}, "Bow Tie": {"Onyx Black": 4.68, "Black": 11.2, "just": 2.72}, "Eternal Candle": {"Onyx Black": 5.36, "Black": 10.591999999999999, "just": 3.06}, "Jelly Bunny": {"Onyx Black": 4.6850000000000005, "Black": 10.66, "just": 2.8645}, "Bunny Muffin": {"Onyx Black": 4.59, "Black": 11.53, "just": 3.0174999999999996}, "Spy Agaric": {"Onyx Black": 5.65, "Black": 10.45, "just": 3.0174999999999996}, "Evil Eye": {"Onyx Black": 6.276, "Black": 12.068, "just": 3.043}, "Snow Mittens": {"Onyx Black": 5.74, "Black": 8.74, "just": 3.315}, "Berry Box": {"Onyx Black": 5.462, "Black": 10.662, "just": 3.2045}, "Valentine Box": {"Onyx Black": 7.268000000000001, "Black": 12.068, "just": 4.063}, "Sakura Flower": {"Onyx Black": 6.21, "Black": 16.17, "just": 4.2075000000000005}, "Hanging Star": {"Onyx Black": 7.98, "Black": 15.316, "just": 5.015000000000001}, "Sleigh Bell": {"Onyx Black": 10.496, "Black": 20.5, "just": 6.375}, "Love Candle": {"Onyx Black": 10.7, "Black": 17.86, "just": 7.395}, "Skull Flower": {"Onyx Black": 11.75, "Black": 17.59, "just": 7.0125}, "Crystal Ball": {"Onyx Black": 12.594, "Black": 28.194, "just": 7.1315}, "Trapped Heart": {"Onyx Black": 13.1, "Black": 17.9, "just": 7.225}, "Top Hat": {"Onyx Black": 15.1, "Black": 23.3, "just": 7.225}, "Love Potion": {"Onyx Black": 13.414, "Black": 23.810000000000002, "just": 8.2365}, "Flying Broom": {"Onyx Black": 12.688, "Black": 18.58, "just": 7.905}, "Cupid Charm": {"Onyx Black": 17.08, "Black": 30.680000000000003, "just": 10.030000000000001}, "Record Player": {"Onyx Black": 10.48, "Black": 20.68, "just": 6.63}, "Eternal Rose": {"Onyx Black": 20.486, "Black": 34.522, "just": 12.0785}, "Mad Pumpkin": {"Onyx Black": 24.614, "Black": 40.614000000000004, "just": 16.7365}, "Voodoo Doll": {"Onyx Black": 23.238, "Black": 45.718, "just": 14.900500000000001}, "Diamond Ring": {"Onyx Black": 22.016, "Black": 43.62, "just": 14.194999999999999}, "Toy Bear": {"Onyx Black": 33.42, "Black": 51.019999999999996, "just": 21.845}, "Vintage Cigar": {"Onyx Black": 36.936, "Black": 72.336, "just": 20.875999999999998}, "Neko Helmet": {"Onyx Black": 38.176, "Black": 58.57599999999999, "just": 22.916}, "Low Rider": {"Onyx Black": 32.804, "Black": 84.536, "just": 21.538999999999998}, "Signet Ring": {"Onyx Black": 37.294, "Black": 80.054, "just": 23.3665}, "Electric Skull": {"Onyx Black": 45.8, "Black": 75.8, "just": 28.05}, "Kissed Frog": {"Onyx Black": 45.59, "Black": 80.394, "just": 28.8915}, "Swiss Watch": {"Onyx Black": 43.228, "Black": 72.828, "just": 30.073}, "Sharp Tongue": {"Onyx Black": 58.370000000000005, "Black": 122.37, "just": 37.3575}, "Genie Lamp": {"Onyx Black": 68.53999999999999, "Black": 186.54000000000002, "just": 43.265},