{"Snoop Dogg": {"Doberman": 3.3905000000000003, "Goldizzle": 7.055999999999999, "AI Dogg": 3.1055, "Cold Topaz": 2.2060000000000004, "Chrome": 2.4055000000000004, "Sapphire": 2.4055000000000004, "Doggfather": 3.1435000000000004, "Black Diamond": 2.1205000000000003, "King Ruby": 1.9780000000000002, "King Snoop": 4.549, "Onyx Black": 3.293333333333333, "Black": 10.403076923076922, "just": 1.513}, "Swag Bag": {"Missionary": 6.58, "April 20th": 2.9139999999999997, "Bulk Order": 2.444, "Leopard": 2.068, "Snoop Life": 2.538, "Happy Herbs": 2.9139999999999997, "Gin & Jewels": 2.3499999999999996, "Take It Easy": 2.3499999999999996, "P.I.M.P.": 1.974, "Boiling Hot": 2.538, "Darkness": 2.162, "Cashback": 2.9139999999999997, "Onyx Black": 3.19, "Black": 7.364999999999999, "just": 1.5979999999999999}, "Snoop Cigar": {"Onyx Black": 8.175, "Black": 16.735, "just": 3.7994999999999997}, "Lol Pop": {"Glowstick": 2.0925000000000002, "Cookie Dip": 1.4175000000000002, "Jolly Roger": 1.62, "Satellite": 1.6875, "Icicle": 1.4175000000000002, "Einstein": 1.4850000000000003, "Love Bubbles": 1.4850000000000003, "Sweetheart": 1.5525, "Gold Star": 1.5525, "Sick Leave": 1.4850000000000003, "Rosebud": 1.5525, "Blood Ember": 1.5525, "Doodle Art": 1.4850000000000003, "Dark Portal": 1.7550000000000001, "Comic Crunch": 1.4850000000000003, "Blood Sucker": 1.62, "Nostalgia": 1.4175000000000002, "Mortal Sin": 3.78, "Cobweb": 1.4175000000000002, "Celestia": 2.0925000000000002, "Andromeda": 2.0925000000000002, "Soap Bubbles": 1.4175000000000002, "Watermelon": 1.4175000000000002, "Heart Pop": 1.5525, "Milky Way": 1.5525, "Pink Foil": 1.4175000000000002, "Dark Sky": 1.5525, "Fire Vortex": 1.4175000000000002, "Angelina": 2.0925000000000002, "Shock Wave": 1.4850000000000003, "Hexed Helix": 1.5525, "Jinxed": 1.4850000000000003, "Portable Pop": 1.4175000000000002, "Pumpkin": 1.5525, "Sailor Moon": 1.5525, "Onyx Black": 1.85, "Black": 5.325000000000001, "just": 1.1475}, "B-Day Candle": {"Pixel Wish": 2.015, "Purr Magic": 2.015, "Happy Meows": 2.015, "Payday": 2.015, "On Fire": 2.015, "Final Boss": 2.015, "Kaboom!": 1.7550000000000001, "Onyx Black": 1.705, "Black": 5.15, "just": 1.105}, "Desk Calendar": {"Heartbreak": 1.584, "Hodler": 3.6959999999999997, "Investor": 4.62, "Durov Day": 2.64, "Independence": 2.64, "Sunday": 2.0460000000000003, "Telegram": 2.0460000000000003, "Burning Time": 2.0460000000000003, "Tic Tac Toe": 1.6500000000000001, "Fund Manager": 2.0460000000000003, "Deadline": 2.0460000000000003, "Adult Tasks": 25.06, "Checklist": 1.7160000000000002, "Pepe Plans": 11.145, "Peach Week": 2.0460000000000003, "Fawkes Night": 4.62, "Balloon Face": 1.518, "Onyx Black": 1.625, "Black": 6.0, "just": 1.122}, "Lunar Snake": {"Hot Cherry": 1.9305, "Python Dev": 2.2165, "Hellspawn": 2.2165, "Timelock": 1.6444999999999999, "Synthwave": 5.005, "Dragon Ball": 5.005, "Soul Eater": 2.2165, "Psychedelic": 1.716, "Onyx Black": 2.18, "Black": 5.46, "just": 1.2155}, "Xmas Stocking": {"Onyx Black": 2.045, "Black": 5.449999999999999, "just": 1.2325}, "Snake Box": {"Onyx Black": 1.9849999999999999, "Black": 5.0600000000000005, "just": 1.122}, "Pet Snake": {"Onyx Black": 2.38, "Black": 5.7299999999999995, "just": 1.496}, "Candy Cane": {"Designer": 5.425, "Sticky Sweet": 2.0925000000000002, "Grinch": 3.1, "Hex Pot": 3.1, "Onyx Black": 2.375, "Black": 6.159999999999999, "just": 1.3175}, "Whip Cupcake": {"Bitcoin": 10.555, "Sponge Duck": 2.263, "Deep State": 1.971, "Resistance": 5.109999999999999, "Toncoin": 2.263, "Onyx Black": 2.025, "Black": 5.305, "just": 1.2409999999999999}, "Big Year": {"Pokeball": 2.6325000000000003, "Cheshire Cat": 2.34, "Big Brother": 3.0225, "Pavel Durov": 3.9, "Bitcoin": 5.46, "Telegram": 5.46, "The Nether": 2.0475, "Qing Dynasty": 3.0225, "Game Boy": 2.0475, "The Hobbit": 3.9, "YouTubes": 2.6325000000000003, "Creator": 3.0225, "Gold Mine": 5.46, "Onyx Black": 3.45, "Black": 8.915000000000001, "just": 1.6575}, "Homemade Cake": {"Onyx Black": 2.1100000000000003, "Black": 5.295, "just": 1.36}, "Cookie Heart": {"Onyx Black": 2.57, "Black": 7.17, "just": 1.564}, "Jester Hat": {"Onyx Black": 2.6100000000000003, "Black": 6.81, "just": 1.377}, "Holiday Drink": {"Onyx Black": 2.88, "Black": 5.845, "just": 1.5215}, "Ginger Cookie": {"Onyx Black": 3.9, "Black": 6.5, "just": 1.7}, "Hypno Lollipop": {"Onyx Black": 2.8, "Black": 6.3999999999999995, "just": 1.53}, "Winter Wreath": {"Onyx Black": 2.645, "Black": 9.35, "just": 1.53}, "Party Sparkler": {"Onyx Black": 3.67, "Black": 7.07, "just": 1.649}, "Jingle Bells": {"Onyx Black": 2.69, "Black": 6.965, "just": 1.6404999999999998}, "Tama Gadget": {"Onyx Black": 3.475, "Black": 7.0200000000000005, "just": 1.7424999999999997}, "Jack-in-the-Box": {"Onyx Black": 3.125, "Black": 7.8999999999999995, "just": 1.87}, "Star Notepad": {"Onyx Black": 3.85, "Black": 8.844999999999999, "just": 1.87}, "Easter Egg": {"Onyx Black": 3.885, "Black": 10.74, "just": 2.108}, "Santa Hat": {"Onyx Black": 3.456, "Black": 8.296, "just": 2.176}, "Hex Pot": {"Onyx Black": 3.84, "Black": 10.34, "just": 2.278}, "Restless Jar": {"Onyx Black": 4.015, "Black": 8.44, "just": 2.1504999999999996}, "Lush Bouquet": {"Onyx Black": 4.75, "Black": 7.800000000000001, "just": 2.21}, "Spiced Wine": {"Onyx Black": 2.774, "Black": 6.466000000000001, "just": 1.8615}, "Snow Globe": {"Onyx Black": 4.1, "Black": 10.325, "just": 2.2525}, "Joyful Bundle": {"Onyx Black": 3.765, "Black": 8.145, "just": 2.3715}, "Light Sword": {"Onyx Black": 4.152, "Black": 9.751999999999999, "just": 2.4819999999999998}, "Witch Hat": {"Onyx Black": 4.315, "Black": 11.905000000000001, "just": 2.3885}, "Bow Tie": {"Onyx Black": 4.118, "Black": 12.702, "just": 2.6944999999999997}, "Eternal Candle": {"Onyx Black": 5.034, "Black": 13.154, "just": 2.8815}, "Jelly Bunny": {"Onyx Black": 4.4750000000000005, "Black": 10.235, "just": 2.9495}, "Bunny Muffin": {"Onyx Black": 5.52, "Black": 11.748000000000001, "just": 3.043}, "Spy Agaric": {"Onyx Black": 4.872, "Black": 10.872, "just": 2.652}, "Evil Eye": {"Onyx Black": 6.172000000000001, "Black": 13.192, "just": 3.077}, "Snow Mittens": {"Onyx Black": 4.868, "Black": 7.744, "just": 3.2129999999999996}, "Berry Box": {"Onyx Black": 5.220000000000001, "Black": 11.804000000000002, "just": 3.145}, "Valentine Box": {"Onyx Black": 8.386, "Black": 12.506, "just": 3.6634999999999995}, "Sakura Flower": {"Onyx Black": 6.4559999999999995, "Black": 13.780000000000001, "just": 3.655}, "Hanging Star": {"Onyx Black": 8.14, "Black": 14.935999999999998, "just": 4.165}, "Sleigh Bell": {"Onyx Black": 10.82, "Black": 18.82, "just": 6.545}, "Love Candle": {"Onyx Black": 9.8, "Black": 15.879999999999999, "just": 6.63}, "Skull Flower": {"Onyx Black": 10.6, "Black": 18.28, "just": 6.63}, "Crystal Ball": {"Onyx Black": 12.27, "Black": 30.189999999999998, "just": 6.5025}, "Trapped Heart": {"Onyx Black": 11.626000000000001, "Black": 19.942, "just": 7.4035}, "Top Hat": {"Onyx Black": 12.316, "Black": 25.768, "just": 6.681}, "Love Potion": {"Onyx Black": 10.14, "Black": 22.14, "just": 7.565}, "Flying Broom": {"Onyx Black": 11.076, "Black": 17.276, "just": 8.041}, "Cupid Charm": {"Onyx Black": 17.088, "Black": 35.888, "just": 8.908}, "Record Player": {"Onyx Black": 11.036000000000001, "Black": 20.696, "just": 6.681}, "Eternal Rose": {"Onyx Black": 18.594, "Black": 31.793999999999997, "just": 11.0415}, "Mad Pumpkin": {"Onyx Black": 26.08, "Black": 40.88, "just": 14.28}, "Voodoo Doll": {"Onyx Black": 23.394, "Black": 57.894000000000005, "just": 14.016499999999999}, "Diamond Ring": {"Onyx Black": 22.64, "Black": 39.04, "just": 13.939999999999998}, "Toy Bear": {"Onyx Black": 25.012, "Black": 49.46000000000001, "just": 16.235}, "Vintage Cigar": {"Onyx Black": 44.47, "Black": 59.674, "just": 19.371499999999997}, "Neko Helmet": {"Onyx Black": 37.168, "Black": 63.160000000000004, "just": 21.488}, "Low Rider": {"Onyx Black": 34.554, "Black": 86.994, "just": 21.2415}, "Signet Ring": {"Onyx Black": 36.394,