{"Snoop Dogg": {"Doggfather": 3.0410000000000004, "Goldizzle": 7.202, "Emerald": 1.9445000000000001, "King Snoop": 5.596, "King Ruby": 1.992, "Black Gold": 1.935, "Cold Topaz": 1.9730000000000003, "Black Diamond": 2.068, "AI Dogg": 2.9319999999999995, "Doberman": 3.3354999999999997, "Chrome": 2.443, "Sapphire": 2.2105, "Onyx Black": 3.726666666666667, "Black": 10.4, "just": 1.53}, "Swag Bag": {"Missionary": 8.245, "Gin & Jewels": 2.388, "Take It Easy": 2.587, "Bulk Order": 2.3283, "Cashback": 3.0845000000000002, "Darkness": 2.189, "Happy Herbs": 3.0845000000000002, "Boiling Hot": 2.4875, "Golden Nugs": 2.0895, "April 20th": 3.0845000000000002, "Snoop Life": 2.587, "Onyx Black": 3.545, "Black": 7.14, "just": 1.6915}, "Snoop Cigar": {"Onyx Black": 8.325, "Black": 19.87, "just": 4.0375}, "Lol Pop": {"Blood Ember": 1.656, "Satellite": 1.656, "Dark Sky": 1.5869999999999997, "Romance": 1.4489999999999998, "Plastic Ice": 1.4489999999999998, "Blood Sucker": 1.7249999999999999, "Sweetheart": 1.656, "Icicle": 1.4489999999999998, "Love Bubbles": 1.5869999999999997, "Pink Foil": 1.4489999999999998, "Dark Portal": 1.7249999999999999, "Pumpkin": 1.863, "Icy Touch": 1.4489999999999998, "Rosebud": 1.7249999999999999, "Einstein": 1.7249999999999999, "Angelina": 2.139, "Gold Star": 1.4489999999999998, "Cookie Dip": 1.4489999999999998, "Andromeda": 1.863, "Mortal Sin": 2.76, "Watermelon": 1.4489999999999998, "Jinxed": 1.656, "Sailor Moon": 1.4489999999999998, "Crystal Comet": 1.4489999999999998, "Jolly Roger": 1.656, "Cobweb": 1.518, "Celestia": 1.863, "Glowstick": 1.863, "Milky Way": 1.4489999999999998, "Fire Vortex": 1.5869999999999997, "Nostalgia": 1.4489999999999998, "Heart Pop": 1.518, "Doodle Art": 1.518, "Hexed Helix": 1.518, "Magic Wand": 1.4489999999999998, "Comic Crunch": 1.4489999999999998, "Onyx Black": 1.835, "Black": 4.91, "just": 1.1729999999999998}, "B-Day Candle": {"Happy Meows": 2.1235000000000004, "Pixel Wish": 2.1235000000000004, "Kaboom!": 1.8495000000000004, "Final Boss": 2.1235000000000004, "Purr Magic": 2.1235000000000004, "On Fire": 2.1235000000000004, "Payday": 2.1235000000000004, "Onyx Black": 1.73, "Black": 4.8100000000000005, "just": 1.1645}, "Desk Calendar": {"Durov Day": 6.385000000000001, "Burning Time": 2.1235000000000004, "Balloon Face": 1.6029, "Independence": 2.1235000000000004, "Fawkes Night": 5.63, "Tic Tac Toe": 1.6440000000000001, "Hodler": 4.795, "Checklist": 2.1235000000000004, "Peach Week": 2.1235000000000004, "Heartbreak": 1.5070000000000003, "Telegram": 2.74, "Sunday": 2.1235000000000004, "Fund Manager": 2.1235000000000004, "Deadline": 2.1235000000000004, "Adult Tasks": 25.610000000000003, "Pepe Plans": 13.93, "Investor": 9.18, "Onyx Black": 1.78, "Black": 4.9350000000000005, "just": 1.1645}, "Lunar Snake": {"Timelock": 2.2475, "Soul Eater": 1.9575, "Synthwave": 5.075, "Psychedelic": 1.8125, "Dragon Ball": 5.075, "Hellspawn": 1.9575, "Hot Cherry": 1.9575, "Python Dev": 2.2475, "Onyx Black": 2.45, "Black": 5.42, "just": 1.2325}, "Xmas Stocking": {"Onyx Black": 2.04, "Black": 5.795, "just": 1.258}, "Snake Box": {"Onyx Black": 2.175, "Black": 5.529999999999999, "just": 1.326}, "Pet Snake": {"Onyx Black": 2.465, "Black": 5.865, "just": 1.5555}, "Candy Cane": {"Designer": 5.285, "Hex Pot": 3.02, "Grinch": 3.02, "Sticky Sweet": 1.963, "Onyx Black": 2.155, "Black": 5.75, "just": 1.2834999999999999}, "Whip Cupcake": {"Deep State": 2.132, "Bitcoin": 10.82, "Toncoin": 2.542, "Sponge Duck": 2.542, "Resistance": 5.739999999999999, "Onyx Black": 2.3449999999999998, "Black": 5.220000000000001, "just": 1.394}, "Big Year": {"Telegram": 5.292, "Creator": 2.9295, "Gold Mine": 6.614999999999999, "Bitcoin": 5.292, "First Website": 2.5515, "Balloons": 1.9845, "Big Brother": 2.9295, "Cheshire Cat": 2.9295, "The Hobbit": 3.78, "The Nether": 2.5515, "Qing Dynasty": 2.9295, "Game Boy": 2.079, "Pavel Durov": 8.94, "YouTubes": 3.78, "Pokeball": 2.5515, "Onyx Black": 3.54, "Black": 8.945, "just": 1.6064999999999998}, "Homemade Cake": {"Onyx Black": 2.2199999999999998, "Black": 5.57, "just": 1.5725}, "Cookie Heart": {"Onyx Black": 2.64, "Black": 6.515, "just": 1.6404999999999998}, "Jester Hat": {"Onyx Black": 2.665, "Black": 6.51, "just": 1.4705}, "Holiday Drink": {"Onyx Black": 2.685, "Black": 6.334999999999999, "just": 1.6744999999999999}, "Ginger Cookie": {"Onyx Black": 3.5700000000000003, "Black": 7.215, "just": 1.649}, "Hypno Lollipop": {"Onyx Black": 3.2249999999999996, "Black": 7.025, "just": 1.6575}, "Winter Wreath": {"Moon Cat": 90.99000000000001, "Onyx Black": 2.8899999999999997, "Black": 7.9399999999999995, "just": 1.683}, "Party Sparkler": {"Onyx Black": 2.835, "Black": 6.86, "just": 1.5895000000000001}, "Jingle Bells": {"Onyx Black": 2.99, "Black": 6.985, "just": 1.768}, "Tama Gadget": {"Onyx Black": 3.41, "Black": 6.74, "just": 1.7}, "Jack-in-the-Box": {"Onyx Black": 3.09, "Black": 6.6450000000000005, "just": 1.9465}, "Star Notepad": {"Onyx Black": 3.5149999999999997, "Black": 8.59, "just": 1.9379999999999997}, "Easter Egg": {"Onyx Black": 3.77, "Black": 10.850000000000001, "just": 2.3715}, "Santa Hat": {"Onyx Black": 3.776, "Black": 9.235999999999999, "just": 2.3459999999999996}, "Hex Pot": {"Onyx Black": 4.0, "Black": 9.36, "just": 2.38}, "Restless Jar": {"Onyx Black": 4.2299999999999995, "Black": 8.385, "just": 2.1845}, "Lush Bouquet": {"Onyx Black": 4.675, "Black": 8.25, "just": 2.55}, "Spiced Wine": {"Onyx Black": 2.822, "Black": 6.814, "just": 2.0145}, "Snow Globe": {"Onyx Black": 7.495, "Black": 10.094999999999999, "just": 2.5415}, "Joyful Bundle": {"Onyx Black": 4.38, "Black": 9.355, "just": 2.3459999999999996}, "Light Sword": {"Onyx Black": 4.876, "Black": 10.288, "just": 2.686}, "Witch Hat": {"Onyx Black": 4.645, "Black": 11.995, "just": 2.5415}, "Bow Tie": {"Onyx Black": 5.538, "Black": 12.318, "just": 2.7455}, "Eternal Candle": {"Onyx Black": 5.41, "Black": 11.001999999999999, "just": 3.1365}, "Jelly Bunny": {"Onyx Black": 4.675, "Black": 10.675, "just": 2.8475}, "Bunny Muffin": {"Onyx Black": 6.486, "Black": 16.526, "just": 3.2385}, "Spy Agaric": {"Onyx Black": 6.878, "Black": 10.422, "just": 2.9495}, "Evil Eye": {"Onyx Black": 7.04, "Black": 14.256, "just": 3.1959999999999997}, "Snow Mittens": {"Onyx Black": 6.024, "Black": 8.724, "just": 3.4339999999999997}, "Berry Box": {"Onyx Black": 4.76, "Black": 10.536, "just": 3.23}, "Valentine Box": {"Onyx Black": 6.936, "Black": 11.936, "just": 3.8759999999999994}, "Sakura Flower": {"Onyx Black": 6.866, "Black": 16.266000000000002, "just": 4.343500000000001}, "Hanging Star": {"Onyx Black": 8.852, "Black": 15.292, "just": 4.947}, "Sleigh Bell": {"Onyx Black": 10.776, "Black": 24.016, "just": 6.256}, "Love Candle": {"Onyx Black": 10.23, "Black": 15.59, "just": 7.3525}, "Skull Flower": {"Onyx Black": 10.988, "Black": 18.308, "just": 6.783}, "Crystal Ball": {"Onyx Black": 12.094, "Black": 27.002000000000002, "just": 6.5365}, "Trapped Heart": {"Onyx Black": 11.48, "Black": 20.68, "just": 6.63}, "Top Hat": {"Onyx Black": 14.07, "Black": 26.266, "just": 6.6215}, "Love Potion": {"Onyx Black": 12.559999999999999, "Black": 23.924, "just": 8.398}, "Flying Broom": {"Onyx Black": 11.693999999999999, "Black": 26.694000000000003, "just": 8.0665}, "Cupid Charm": {"Onyx Black": 17.573999999999998, "Black": 32.774, "just": 9.596499999999999}, "Record Player": {"Onyx Black": 10.434, "Black": 20.434, "just": 6.281499999999999}, "Eternal Rose": {"Onyx Black": 17.71, "Black": 35.51, "just": 11.772499999999999}, "Mad Pumpkin": {"Onyx Black": 23.24, "Black": 39.64, "just": 14.79}, "Voodoo Doll": {"Onyx Black": 24.02, "Black": 47.62, "just": 14.194999999999999}, "Diamond Ring": {"Onyx Black": 20.387999999999998, "Black": 41.587999999999994, "just": 13.583}, "Toy Bear": {"Onyx Black": 29.908, "Black": 46.708, "just": 19.703}, "Vintage Cigar": {"Onyx Black": 36.518, "Black": 58.298, "just": 20.255499999999998}, "Neko Helmet": {"Onyx Black": 36.5, "Black": 63.9, "just": 22.525},