{"Snoop Dogg": {"AI Dogg": 2.8845, "Doggfather": 3.0504999999999995, "Chrome": 2.3055000000000003, "King Snoop": 4.8455, "Goldizzle": 6.945500000000001, "Sapphire": 2.1060000000000003, "Black Diamond": 2.1060000000000003, "Emerald": 1.8685000000000005, "Doberman": 3.231, "Onyx Black": 3.26, "Black": 10.18, "just": 1.513}, "Swag Bag": {"Bulk Order": 2.2769999999999997, "April 20th": 3.069, "Aviators": 2.079, "Happy Herbs": 3.069, "Cashback": 3.069, "Missionary": 6.93, "Dogg’s Loot": 2.079, "Snoop Life": 2.475, "Boiling Hot": 2.376, "P.I.M.P.": 2.079, "Take It Easy": 3.069, "Gin & Jewels": 2.475, "Leopard": 2.376, "Darkness": 2.178, "Onyx Black": 3.09, "Black": 7.49, "just": 1.683}, "Snoop Cigar": {"Onyx Black": 7.9, "Black": 19.244999999999997, "just": 4.114}, "Lol Pop": {"Pumpkin": 1.5435, "Jolly Roger": 1.8375, "Blood Ember": 1.5435, "Celestia": 2.2785, "Andromeda": 1.9845000000000002, "Glowstick": 2.2785, "Satellite": 1.8375, "Cobweb": 1.5435, "Dark Sky": 1.617, "Nostalgia": 1.5435, "Dark Portal": 1.911, "Angelina": 2.2785, "Einstein": 1.7198999999999998, "Doodle Art": 1.617, "Comic Crunch": 1.5435, "Sick Leave": 1.5435, "Jinxed": 1.617, "Blood Sucker": 1.9845000000000002, "Heart Pop": 1.5435, "Hollywood": 1.5435, "Hexed Helix": 1.8375, "Milky Way": 1.617, "Rosebud": 1.7198999999999998, "Love Bubbles": 1.6905, "Mortal Sin": 4.116, "Sweetheart": 1.8375, "Onyx Black": 2.035, "Black": 5.335, "just": 1.2495}, "B-Day Candle": {"Happy Meows": 2.1235000000000004, "Final Boss": 2.1235000000000004, "Payday": 2.1235000000000004, "Kaboom!": 2.1235000000000004, "Pixel Wish": 2.1235000000000004, "Purr Magic": 2.1235000000000004, "On Fire": 2.1235000000000004, "Onyx Black": 1.905, "Black": 5.15, "just": 1.1645}, "Desk Calendar": {"Heartbreak": 1.6099999999999999, "Telegram": 2.17, "Fund Manager": 2.17, "Independence": 2.17, "Durov Day": 4.8999999999999995, "Tic Tac Toe": 2.17, "Investor": 8.7, "Checklist": 2.17, "Adult Tasks": 27.645, "Balloon Face": 1.8199999999999998, "Burning Time": 2.17, "Peach Week": 2.17, "Hodler": 4.8999999999999995, "Pepe Plans": 14.695, "Deadline": 2.17, "Fawkes Night": 2.8, "Sunday": 1.75, "Onyx Black": 1.8499999999999999, "Black": 5.35, "just": 1.19}, "Lunar Snake": {"Dragon Ball": 5.215, "Hellspawn": 2.0115000000000003, "Psychedelic": 2.3095, "Python Dev": 2.0115000000000003, "Timelock": 2.3095, "Soul Eater": 2.3095, "Hot Cherry": 2.3095, "Synthwave": 5.215, "Onyx Black": 2.34, "Black": 5.445, "just": 1.2665}, "Xmas Stocking": {"Onyx Black": 2.31, "Black": 5.534999999999999, "just": 1.2495}, "Snake Box": {"Onyx Black": 2.23, "Black": 5.435, "just": 1.343}, "Pet Snake": {"Onyx Black": 2.395, "Black": 6.155, "just": 1.5215}, "Candy Cane": {"Sticky Sweet": 2.4025000000000003, "Hex Pot": 4.34, "Designer": 5.425, "Grinch": 3.1, "Onyx Black": 2.425, "Black": 5.7749999999999995, "just": 1.3175}, "Whip Cupcake": {"Sponge Duck": 2.4025000000000003, "Bitcoin": 13.775, "Resistance": 6.489999999999999, "Toncoin": 2.4025000000000003, "Deep State": 2.4025000000000003, "Onyx Black": 2.245, "Black": 5.415, "just": 1.3175}, "Big Year": {"First Website": 2.058, "Game Boy": 2.156, "Balloons": 2.156, "The Nether": 3.038, "Pokeball": 2.646, "Pavel Durov": 8.725000000000001, "Qing Dynasty": 3.038, "Gold Mine": 6.859999999999999, "Creator": 2.646, "YouTubes": 3.038, "Telegram": 5.4879999999999995, "Cheshire Cat": 2.646, "Bitcoin": 5.4879999999999995, "The Hobbit": 3.92, "Big Brother": 3.038, "Onyx Black": 4.43, "Black": 9.18, "just": 1.666}, "Homemade Cake": {"Onyx Black": 2.35, "Black": 5.625, "just": 1.5725}, "Cookie Heart": {"Onyx Black": 2.475, "Black": 6.7299999999999995, "just": 1.6744999999999999}, "Jester Hat": {"Onyx Black": 2.63, "Black": 6.5249999999999995, "just": 1.496}, "Holiday Drink": {"Onyx Black": 2.67, "Black": 6.209999999999999, "just": 1.6064999999999998}, "Ginger Cookie": {"Onyx Black": 3.54, "Black": 6.859999999999999, "just": 1.6404999999999998}, "Hypno Lollipop": {"Onyx Black": 3.4749999999999996, "Black": 6.9350000000000005, "just": 1.683}, "Winter Wreath": {"Moon Cat": 106.24000000000001, "Onyx Black": 2.9749999999999996, "Black": 6.9750000000000005, "just": 1.6575}, "Party Sparkler": {"Onyx Black": 2.9850000000000003, "Black": 7.254999999999999, "just": 1.6744999999999999}, "Jingle Bells": {"Onyx Black": 2.8200000000000003, "Black": 6.199999999999999, "just": 1.819}, "Tama Gadget": {"Onyx Black": 3.46, "Black": 6.790000000000001, "just": 1.785}, "Jack-in-the-Box": {"Onyx Black": 3.22, "Black": 6.97, "just": 1.9040000000000001}, "Star Notepad": {"Onyx Black": 3.725, "Black": 9.149999999999999, "just": 1.9549999999999998}, "Easter Egg": {"Onyx Black": 3.795, "Black": 10.875, "just": 2.4139999999999997}, "Santa Hat": {"Onyx Black": 3.92, "Black": 8.276, "just": 2.38}, "Hex Pot": {"Onyx Black": 3.995, "Black": 9.895, "just": 2.3715}, "Restless Jar": {"Onyx Black": 3.8049999999999997, "Black": 9.285, "just": 2.2184999999999997}, "Lush Bouquet": {"Onyx Black": 4.57, "Black": 8.83, "just": 2.686}, "Spiced Wine": {"Onyx Black": 3.304, "Black": 6.54, "just": 1.9889999999999999}, "Snow Globe": {"Onyx Black": 4.895, "Black": 11.399999999999999, "just": 2.38}, "Joyful Bundle": {"Onyx Black": 3.97, "Black": 9.620000000000001, "just": 2.3715}, "Light Sword": {"Onyx Black": 4.552, "Black": 9.872, "just": 2.652}, "Witch Hat": {"Onyx Black": 4.0, "Black": 11.5, "just": 2.55}, "Bow Tie": {"Onyx Black": 4.699999999999999, "Black": 11.664000000000001, "just": 2.8049999999999997}, "Eternal Candle": {"Onyx Black": 5.433999999999999, "Black": 11.234, "just": 2.8815}, "Jelly Bunny": {"Onyx Black": 5.175, "Black": 10.665, "just": 2.8899999999999997}, "Bunny Muffin": {"Onyx Black": 4.71, "Black": 11.686, "just": 3.2385}, "Spy Agaric": {"Onyx Black": 5.476, "Black": 10.468, "just": 2.941}, "Evil Eye": {"Onyx Black": 6.014, "Black": 13.414, "just": 3.1365}, "Snow Mittens": {"Onyx Black": 5.7940000000000005, "Black": 8.71, "just": 3.3915}, "Berry Box": {"Onyx Black": 5.514, "Black": 10.734, "just": 3.3065}, "Valentine Box": {"Onyx Black": 7.256, "Black": 12.856, "just": 4.045999999999999}, "Sakura Flower": {"Onyx Black": 6.57, "Black": 16.17, "just": 4.2075000000000005}, "Hanging Star": {"Onyx Black": 8.92, "Black": 15.08, "just": 4.76}, "Sleigh Bell": {"Onyx Black": 9.693999999999999, "Black": 20.494, "just": 6.3665}, "Love Candle": {"Onyx Black": 10.34, "Black": 17.200000000000003, "just": 7.14}, "Skull Flower": {"Onyx Black": 11.678, "Black": 18.598, "just": 6.910500000000001}, "Crystal Ball": {"Onyx Black": 12.414, "Black": 27.654, "just": 6.8765}, "Trapped Heart": {"Onyx Black": 12.7, "Black": 17.5, "just": 7.225}, "Top Hat": {"Onyx Black": 14.998000000000001, "Black": 26.598, "just": 7.0805}, "Love Potion": {"Onyx Black": 13.370000000000001, "Black": 23.774, "just": 8.185500000000001}, "Flying Broom": {"Onyx Black": 12.082, "Black": 17.682000000000002, "just": 8.0495}, "Cupid Charm": {"Onyx Black": 16.16, "Black": 32.76, "just": 9.86}, "Record Player": {"Onyx Black": 10.6, "Black": 20.8, "just": 6.8}, "Eternal Rose": {"Onyx Black": 20.36, "Black": 33.8, "just": 11.9}, "Mad Pumpkin": {"Onyx Black": 24.08, "Black": 40.056, "just": 15.98}, "Voodoo Doll": {"Onyx Black": 23.996000000000002, "Black": 44.6, "just": 14.45}, "Diamond Ring": {"Onyx Black": 21.28, "Black": 42.08, "just": 14.28}, "Toy Bear": {"Onyx Black": 34.634, "Black": 50.794, "just": 23.7915}, "Vintage Cigar": {"Onyx Black": 36.774, "Black": 64.534, "just": 20.6465}, "Neko Helmet": {"Onyx Black": 38.794, "Black": 67.514, "just": 23.7915}, "Low Rider": {"Onyx Black": 32.822, "Black": 84.11, "just": 21.5645}, "Signet Ring": {"Onyx Black": 37.234, "Black": 76.394, "just": 23.2815}, "Electric Skull": {"Onyx Black": 44.09, "Black": 76.094, "just": 28.4665}, "Kissed Frog": {"Onyx Black": 46.02, "Black": 80.82, "just": 29.495}, "Swiss Watch": {"Onyx Black": 42.81, "Black": 72.81, "just": 30.0475}, "Sharp Tongue": {"Onyx Black": 56.4, "Black": 141.2, "just": 35.699999999999996},