{"Snoop Dogg": {"Goldizzle": 7.905499999999999, "Sapphire": 2.0635, "Black Diamond": 2.301, "Chrome": 2.516, "King Snoop": 5.0525, "Doggfather": 2.9205, "Doberman": 3.59, "Emerald": 2.111, "AI Dogg": 3.063, "Onyx Black": 3.5966666666666667, "Black": 10.682307692307692, "just": 1.5215}, "Swag Bag": {"Leopard": 2.079, "Darkness": 2.376, "Snoop Life": 2.574, "Boiling Hot": 2.673, "Gin & Jewels": 2.574, "Missionary": 6.93, "Take It Easy": 2.475, "Happy Herbs": 3.069, "Bulk Order": 2.475, "April 20th": 3.069, "Cashback": 3.069, "P.I.M.P.": 2.178, "Onyx Black": 3.04, "Black": 7.414999999999999, "just": 1.683}, "Snoop Cigar": {"Onyx Black": 7.654999999999999, "Black": 17.28, "just": 4.063}, "Lol Pop": {"Blood Ember": 1.595, "Sick Leave": 1.5225, "Jolly Roger": 1.74, "Rosebud": 1.74, "Gold Star": 1.5225, "Love Bubbles": 1.8125, "Plastic Ice": 1.595, "Einstein": 1.595, "Comic Crunch": 1.5225, "Jinxed": 1.595, "Cobweb": 1.595, "Sailor Moon": 1.595, "Magic Wand": 1.595, "Andromeda": 1.9575, "Milky Way": 1.595, "Pumpkin": 1.595, "Hexed Helix": 1.8125, "Celestia": 2.2475, "Glowstick": 2.2475, "Sweetheart": 1.885, "Doodle Art": 1.5225, "Dark Portal": 1.5225, "Crystalline": 1.595, "Mortal Sin": 2.9, "Blue Goo": 1.5225, "Heart Pop": 1.8125, "Angelina": 2.2475, "Blood Sucker": 1.74, "Satellite": 1.74, "Dark Sky": 1.6674999999999998, "Watermelon": 1.5225, "Shock Wave": 1.595, "Onyx Black": 2.02, "Black": 5.34, "just": 1.2325}, "B-Day Candle": {"Kaboom!": 1.8225000000000002, "On Fire": 2.0925000000000002, "Pixel Wish": 2.0925000000000002, "Purr Magic": 2.0925000000000002, "Happy Meows": 2.0925000000000002, "Payday": 2.0925000000000002, "Final Boss": 2.0925000000000002, "Onyx Black": 1.675, "Black": 5.370000000000001, "just": 1.1475}, "Desk Calendar": {"Fund Manager": 2.0925000000000002, "Fawkes Night": 3.78, "Telegram": 2.0925000000000002, "Pepe Plans": 10.659999999999998, "Tic Tac Toe": 1.8225000000000002, "Checklist": 2.0925000000000002, "Hodler": 4.7250000000000005, "Heartbreak": 1.4850000000000003, "Durov Day": 2.0925000000000002, "Balloon Face": 1.8225000000000002, "Investor": 5.67, "Independence": 2.7, "Sunday": 2.0925000000000002, "Deadline": 2.0925000000000002, "Adult Tasks": 23.89, "Peach Week": 2.0925000000000002, "Burning Time": 2.0925000000000002, "Onyx Black": 1.7, "Black": 5.620000000000001, "just": 1.1475}, "Lunar Snake": {"Timelock": 1.998, "Synthwave": 5.18, "Soul Eater": 2.294, "Python Dev": 2.294, "Psychedelic": 1.85, "Hellspawn": 1.998, "Hot Cherry": 1.998, "Dragon Ball": 5.18, "Onyx Black": 2.19, "Black": 5.635, "just": 1.258}, "Xmas Stocking": {"Onyx Black": 2.165, "Black": 5.74, "just": 1.258}, "Snake Box": {"Onyx Black": 2.11, "Black": 5.99, "just": 1.2325}, "Pet Snake": {"Onyx Black": 2.435, "Black": 5.78, "just": 1.4109999999999998}, "Candy Cane": {"Hex Pot": 3.12, "Sticky Sweet": 2.418, "Grinch": 3.12, "Designer": 4.367999999999999, "Onyx Black": 2.475, "Black": 5.955, "just": 1.326}, "Whip Cupcake": {"Sponge Duck": 3.0, "Toncoin": 2.325, "Resistance": 5.25, "Deep State": 2.325, "Bitcoin": 9.475, "Onyx Black": 2.225, "Black": 5.7, "just": 1.275}, "Big Year": {"Qing Dynasty": 3.2860000000000005, "Telegram": 4.24, "Bitcoin": 4.24, "Game Boy": 2.3320000000000003, "The Hobbit": 3.2860000000000005, "Creator": 2.8620000000000005, "Pokeball": 2.7560000000000002, "Big Brother": 2.8620000000000005, "First Website": 2.4379999999999997, "The Nether": 3.2860000000000005, "Cheshire Cat": 2.3320000000000003, "Pavel Durov": 4.24, "YouTubes": 3.2860000000000005, "Gold Mine": 7.42, "Onyx Black": 3.685, "Black": 8.655000000000001, "just": 1.802}, "Homemade Cake": {"Onyx Black": 2.395, "Black": 5.6450000000000005, "just": 1.53}, "Cookie Heart": {"Onyx Black": 2.665, "Black": 6.99, "just": 1.5725}, "Jester Hat": {"Onyx Black": 2.8200000000000003, "Black": 6.574999999999999, "just": 1.4705}, "Holiday Drink": {"Onyx Black": 2.675, "Black": 5.890000000000001, "just": 1.615}, "Ginger Cookie": {"Onyx Black": 3.355, "Black": 6.4799999999999995, "just": 1.7084999999999997}, "Hypno Lollipop": {"Onyx Black": 3.045, "Black": 6.52, "just": 1.7764999999999997}, "Winter Wreath": {"Moon Cat": 108.47, "Onyx Black": 2.815, "Black": 8.67, "just": 1.649}, "Party Sparkler": {"Onyx Black": 4.48, "Black": 7.2250000000000005, "just": 1.666}, "Jingle Bells": {"Onyx Black": 2.895, "Black": 6.050000000000001, "just": 1.785}, "Tama Gadget": {"Onyx Black": 3.485, "Black": 7.04, "just": 1.7764999999999997}, "Jack-in-the-Box": {"Onyx Black": 3.125, "Black": 7.615, "just": 1.9040000000000001}, "Star Notepad": {"Onyx Black": 3.75, "Black": 11.12, "just": 1.9040000000000001}, "Easter Egg": {"Onyx Black": 3.745, "Black": 10.995, "just": 2.2864999999999998}, "Santa Hat": {"Onyx Black": 3.388, "Black": 8.408000000000001, "just": 2.363}, "Hex Pot": {"Onyx Black": 3.995, "Black": 10.11, "just": 2.3205}, "Restless Jar": {"Onyx Black": 3.995, "Black": 10.7, "just": 2.125}, "Lush Bouquet": {"Onyx Black": 4.27, "Black": 7.92, "just": 2.4139999999999997}, "Spiced Wine": {"Onyx Black": 3.0180000000000002, "Black": 6.878, "just": 2.0145}, "Snow Globe": {"Onyx Black": 4.18, "Black": 12.805, "just": 2.2184999999999997}, "Joyful Bundle": {"Onyx Black": 3.9299999999999997, "Black": 7.755000000000001, "just": 2.431}, "Light Sword": {"Onyx Black": 4.596, "Black": 10.676000000000002, "just": 2.72}, "Witch Hat": {"Onyx Black": 4.435, "Black": 11.870000000000001, "just": 2.8219999999999996}, "Bow Tie": {"Onyx Black": 4.948, "Black": 12.648, "just": 2.771}, "Eternal Candle": {"Onyx Black": 5.236, "Black": 11.64, "just": 2.8899999999999997}, "Jelly Bunny": {"Onyx Black": 4.75, "Black": 11.5, "just": 2.975}, "Bunny Muffin": {"Onyx Black": 4.926, "Black": 11.61, "just": 3.0174999999999996}, "Spy Agaric": {"Onyx Black": 4.522, "Black": 10.354000000000001, "just": 2.7795}, "Evil Eye": {"Onyx Black": 5.832, "Black": 13.028, "just": 3.162}, "Snow Mittens": {"Onyx Black": 5.45, "Black": 8.006, "just": 3.1875}, "Berry Box": {"Onyx Black": 5.640000000000001, "Black": 11.6, "just": 3.23}, "Valentine Box": {"Onyx Black": 8.16, "Black": 12.62, "just": 3.9099999999999997}, "Sakura Flower": {"Onyx Black": 6.77, "Black": 15.370000000000001, "just": 4.2075000000000005}, "Hanging Star": {"Onyx Black": 8.89, "Black": 15.41, "just": 4.8365}, "Sleigh Bell": {"Onyx Black": 10.4, "Black": 19.98, "just": 6.205}, "Love Candle": {"Onyx Black": 9.815999999999999, "Black": 20.616, "just": 7.105999999999999}, "Skull Flower": {"Onyx Black": 10.338000000000001, "Black": 18.698, "just": 6.6555}, "Crystal Ball": {"Onyx Black": 11.474, "Black": 28.274, "just": 6.6215}, "Trapped Heart": {"Onyx Black": 12.53, "Black": 18.89, "just": 7.607499999999999}, "Top Hat": {"Onyx Black": 12.234, "Black": 23.474, "just": 6.6215}, "Love Potion": {"Onyx Black": 10.87, "Black": 22.073999999999998, "just": 7.471499999999999}, "Flying Broom": {"Onyx Black": 10.888, "Black": 18.488, "just": 8.058}, "Cupid Charm": {"Onyx Black": 16.822, "Black": 32.422, "just": 9.664499999999999}, "Record Player": {"Onyx Black": 10.922, "Black": 20.158, "just": 6.5195}, "Eternal Rose": {"Onyx Black": 17.0, "Black": 33.4, "just": 11.049999999999999}, "Mad Pumpkin": {"Onyx Black": 22.474, "Black": 36.254, "just": 14.526499999999999}, "Voodoo Doll": {"Onyx Black": 21.77, "Black": 47.834, "just": 13.9315}, "Diamond Ring": {"Onyx Black": 22.573999999999998, "Black": 45.754, "just": 13.846499999999999}, "Toy Bear": {"Onyx Black": 24.316, "Black": 46.796, "just": 15.299999999999999}, "Vintage Cigar": {"Onyx Black": 42.20399999999999, "Black": 53.408, "just": 20.128}, "Neko Helmet": {"Onyx Black": 37.6, "Black": 75.6, "just": 22.099999999999998}, "Low Rider": {"Onyx Black": 33.8, "Black": 90.6, "just": 21.25}, "Signet Ring": {"Onyx Black": 36.856, "Black": 79.256, "just": 22.746000000000002}, "Electric Skull": {"Onyx Black": 44.536, "Black": 68.532, "just": 26.825999999999997}, "Kissed Frog": {"Onyx Black": 43.6, "Black": 81.6, "just": 30.599999999999998},