{"Snoop Dogg": {"Cold Topaz": 1.9255, "King Snoop": 4.883500000000001, "King Ruby": 1.9064999999999999, "Chrome": 2.1155, "Sapphire": 1.9825, "AI Dogg": 2.9459999999999997, "Doggfather": 2.851, "Doberman": 3.6870000000000003, "Goldizzle": 7.315999999999999, "Black Diamond": 2.1155, "Onyx Black": 3.23, "Black": 10.331538461538461, "just": 1.5045}, "Swag Bag": {"Cashback": 3.0845000000000002, "April 20th": 3.0845000000000002, "Leopard": 2.2885, "Take It Easy": 2.388, "Missionary": 8.495, "Gin & Jewels": 2.587, "Boiling Hot": 2.587, "Golden Nugs": 2.0895, "Darkness": 2.2885, "Bulk Order": 2.3283, "Happy Herbs": 3.0845000000000002, "Snoop Life": 2.4875, "Onyx Black": 3.045, "Black": 7.985, "just": 1.6915}, "Snoop Cigar": {"Onyx Black": 7.885, "Black": 18.794999999999998, "just": 4.0715}, "Lol Pop": {"Sailor Moon": 1.512, "Pumpkin": 1.512, "Cookie Dip": 1.512, "Pink Foil": 1.512, "Hexed Helix": 1.512, "Satellite": 1.6847999999999999, "Love Bubbles": 1.8719999999999999, "Einstein": 1.728, "Watermelon": 1.512, "Angelina": 2.2319999999999998, "Shock Wave": 1.584, "Dark Sky": 1.584, "Milky Way": 1.512, "Blood Ember": 1.584, "Andromeda": 1.8719999999999999, "Blood Sucker": 1.6847999999999999, "Heart Pop": 1.584, "Doodle Art": 1.656, "Jinxed": 1.584, "Cobweb": 1.512, "Glowstick": 1.944, "Rosebud": 1.584, "Sweetheart": 1.8719999999999999, "Jolly Roger": 1.728, "Plastic Ice": 1.512, "Comic Crunch": 1.512, "Fire Vortex": 1.512, "Dark Portal": 1.7999999999999998, "Mortal Sin": 4.032, "Romance": 1.512, "Celestia": 2.2319999999999998, "Onyx Black": 2.01, "Black": 5.220000000000001, "just": 1.224}, "B-Day Candle": {"Payday": 2.8, "On Fire": 2.17, "Purr Magic": 2.17, "Happy Meows": 2.8, "Kaboom!": 1.89, "Pixel Wish": 2.17, "Final Boss": 2.17, "Onyx Black": 2.02, "Black": 5.1, "just": 1.19}, "Desk Calendar": {"Investor": 7.12, "Independence": 2.68, "Burning Time": 2.0770000000000004, "Peach Week": 2.0770000000000004, "Heartbreak": 1.4740000000000002, "Hodler": 4.69, "Durov Day": 2.68, "Balloon Face": 2.0770000000000004, "Tic Tac Toe": 1.541, "Checklist": 1.675, "Fund Manager": 2.0770000000000004, "Fawkes Night": 3.752, "Telegram": 2.0770000000000004, "Adult Tasks": 21.669999999999998, "Sunday": 2.0770000000000004, "Deadline": 2.0770000000000004, "Pepe Plans": 14.67, "Onyx Black": 1.8450000000000002, "Black": 5.325, "just": 1.139}, "Lunar Snake": {"Hot Cherry": 2.325, "Synthwave": 5.25, "Python Dev": 2.325, "Hellspawn": 2.325, "Dragon Ball": 5.25, "Soul Eater": 2.0250000000000004, "Timelock": 1.9500000000000002, "Psychedelic": 2.325, "Onyx Black": 2.225, "Black": 5.75, "just": 1.275}, "Xmas Stocking": {"Onyx Black": 2.665, "Black": 5.5, "just": 1.275}, "Snake Box": {"Onyx Black": 2.21, "Black": 6.195, "just": 1.3005}, "Pet Snake": {"Onyx Black": 2.545, "Black": 6.204999999999999, "just": 1.5895000000000001}, "Candy Cane": {"Designer": 5.705, "Grinch": 3.26, "Sticky Sweet": 2.5265, "Hex Pot": 2.5265, "Onyx Black": 2.385, "Black": 5.88, "just": 1.3855}, "Whip Cupcake": {"Resistance": 5.32, "Bitcoin": 10.254999999999999, "Sponge Duck": 2.3560000000000003, "Toncoin": 2.3560000000000003, "Deep State": 2.052, "Onyx Black": 2.23, "Black": 5.960000000000001, "just": 1.292}, "Big Year": {"First Website": 2.2, "Gold Mine": 7.0, "The Hobbit": 4.0, "Bitcoin": 5.6, "The Nether": 2.7, "Pokeball": 2.7, "Creator": 2.7, "YouTubes": 4.0, "Telegram": 5.6, "Pavel Durov": 7.0, "Balloons": 2.34, "Cheshire Cat": 2.7, "Qing Dynasty": 3.1, "Big Brother": 3.1, "Game Boy": 2.2, "Onyx Black": 3.62, "Black": 9.65, "just": 1.7}, "Homemade Cake": {"Onyx Black": 2.415, "Black": 5.3549999999999995, "just": 1.564}, "Cookie Heart": {"Onyx Black": 2.66, "Black": 6.675000000000001, "just": 1.5725}, "Jester Hat": {"Onyx Black": 2.62, "Black": 6.305, "just": 1.4789999999999999}, "Holiday Drink": {"Onyx Black": 2.49, "Black": 6.254999999999999, "just": 1.683}, "Ginger Cookie": {"Onyx Black": 3.785, "Black": 7.25, "just": 1.7169999999999999}, "Hypno Lollipop": {"Onyx Black": 2.945, "Black": 6.23, "just": 1.6915}, "Winter Wreath": {"Moon Cat": 106.265, "Onyx Black": 2.975, "Black": 7.2, "just": 1.7}, "Party Sparkler": {"Onyx Black": 3.17, "Black": 7.7250000000000005, "just": 1.6575}, "Jingle Bells": {"Onyx Black": 2.835, "Black": 6.72, "just": 1.7764999999999997}, "Tama Gadget": {"Onyx Black": 3.485, "Black": 6.585, "just": 1.8444999999999998}, "Jack-in-the-Box": {"Onyx Black": 3.0949999999999998, "Black": 7.085000000000001, "just": 1.9295}, "Star Notepad": {"Onyx Black": 4.05, "Black": 9.549999999999999, "just": 2.04}, "Easter Egg": {"Onyx Black": 3.815, "Black": 10.79, "just": 2.448}, "Santa Hat": {"Onyx Black": 3.95, "Black": 8.39, "just": 2.3375}, "Hex Pot": {"Onyx Black": 4.01, "Black": 10.125, "just": 2.3375}, "Restless Jar": {"Onyx Black": 4.12, "Black": 9.71, "just": 2.244}, "Lush Bouquet": {"Onyx Black": 4.49, "Black": 7.72, "just": 2.5415}, "Spiced Wine": {"Onyx Black": 3.074, "Black": 7.006, "just": 2.2015}, "Snow Globe": {"Onyx Black": 4.4350000000000005, "Black": 10.184999999999999, "just": 2.4395000000000002}, "Joyful Bundle": {"Onyx Black": 3.92, "Black": 10.375, "just": 2.4225}, "Light Sword": {"Onyx Black": 4.666, "Black": 10.661999999999999, "just": 2.6435}, "Witch Hat": {"Onyx Black": 4.53, "Black": 12.034999999999998, "just": 2.618}, "Bow Tie": {"Onyx Black": 4.746, "Black": 12.342, "just": 2.7624999999999997}, "Eternal Candle": {"Onyx Black": 4.942, "Black": 10.738, "just": 3.0345}, "Jelly Bunny": {"Onyx Black": 4.8, "Black": 9.7, "just": 2.8899999999999997}, "Bunny Muffin": {"Onyx Black": 4.764, "Black": 12.644, "just": 3.1790000000000003}, "Spy Agaric": {"Onyx Black": 5.568, "Black": 10.475999999999999, "just": 2.9579999999999997}, "Evil Eye": {"Onyx Black": 6.359999999999999, "Black": 12.420000000000002, "just": 3.145}, "Snow Mittens": {"Onyx Black": 5.07, "Black": 8.33, "just": 3.3575}, "Berry Box": {"Onyx Black": 5.68, "Black": 10.556000000000001, "just": 3.23}, "Valentine Box": {"Onyx Black": 7.662, "Black": 13.661999999999999, "just": 4.054499999999999}, "Sakura Flower": {"Onyx Black": 6.6579999999999995, "Black": 15.658, "just": 4.6155}, "Hanging Star": {"Onyx Black": 7.66, "Black": 14.98, "just": 4.505}, "Sleigh Bell": {"Onyx Black": 10.494, "Black": 20.894, "just": 6.3665}, "Love Candle": {"Onyx Black": 10.934000000000001, "Black": 17.314, "just": 7.556500000000001}, "Skull Flower": {"Onyx Black": 12.968, "Black": 16.964, "just": 7.037999999999999}, "Crystal Ball": {"Onyx Black": 12.594, "Black": 28.014000000000003, "just": 7.1315}, "Trapped Heart": {"Onyx Black": 13.251999999999999, "Black": 19.288, "just": 7.497}, "Top Hat": {"Onyx Black": 12.67, "Black": 22.189999999999998, "just": 7.182499999999999}, "Love Potion": {"Onyx Black": 11.706, "Black": 23.646, "just": 7.9985}, "Flying Broom": {"Onyx Black": 12.876000000000001, "Black": 19.676000000000002, "just": 8.041}, "Cupid Charm": {"Onyx Black": 16.864, "Black": 30.464, "just": 9.724}, "Record Player": {"Onyx Black": 10.266, "Black": 20.866, "just": 6.8934999999999995}, "Eternal Rose": {"Onyx Black": 21.194, "Black": 35.994, "just": 11.8915}, "Mad Pumpkin": {"Onyx Black": 23.14, "Black": 41.34, "just": 16.064999999999998}, "Voodoo Doll": {"Onyx Black": 21.934, "Black": 48.734, "just": 15.2065}, "Diamond Ring": {"Onyx Black": 22.116, "Black": 45.31999999999999, "just": 13.77}, "Toy Bear": {"Onyx Black": 34.254, "Black": 51.894000000000005, "just": 22.516499999999997}, "Vintage Cigar": {"Onyx Black": 36.9, "Black": 55.9, "just": 20.825}, "Neko Helmet": {"Onyx Black": 38.62, "Black": 66.58, "just": 23.544999999999998}, "Low Rider": {"Onyx Black": 32.828, "Black": 81.228, "just": 21.572999999999997}, "Signet Ring": {"Onyx Black": 37.474000000000004, "Black": 80.27000000000001, "just": 23.621499999999997}, "Electric Skull": {"Onyx Black": 44.09, "Black": 76.094, "just": 28.4665}, "Kissed Frog": {"Onyx Black": 47.022000000000006, "Black": 81.42599999999999, "just": 30.3535}, "Swiss Watch": {"Onyx Black": 44.816,