{"Snoop Dogg": {"King Snoop": 5.8305, "Doggfather": 3.2405, "Goldizzle": 7.8955, "Doberman": 3.763, "Sapphire": 2.0585, "AI Dogg": 2.6565, "Cold Topaz": 1.9634999999999998, "Black Diamond": 2.1155, "Chrome": 2.4810000000000003, "Onyx Black": 3.726666666666667, "Black": 10.184615384615384, "just": 1.53}, "Swag Bag": {"Snoop Life": 2.5, "Gin & Jewels": 2.4, "Bulk Order": 2.2, "Take It Easy": 2.6, "Cashback": 3.1, "April 20th": 3.1, "Happy Herbs": 3.1, "Darkness": 2.1, "Golden Nugs": 2.1, "Missionary": 8.45, "Boiling Hot": 2.6, "Onyx Black": 3.95, "Black": 7.195, "just": 1.7}, "Snoop Cigar": {"Onyx Black": 8.42, "Black": 19.945, "just": 4.165}, "Lol Pop": {"Glowstick": 1.917, "Celestia": 1.917, "Einstein": 1.704, "Shock Wave": 1.4909999999999999, "Gold Star": 1.4909999999999999, "Mortal Sin": 2.84, "Satellite": 1.6613999999999998, "Sweetheart": 1.704, "Icicle": 1.4909999999999999, "Rosebud": 1.704, "Love Bubbles": 1.6329999999999998, "Fire Vortex": 1.4909999999999999, "Sick Leave": 1.4909999999999999, "Hexed Helix": 1.562, "Doodle Art": 1.562, "Jolly Roger": 1.6613999999999998, "Dark Sky": 1.562, "Cobweb": 1.562, "Heart Pop": 1.4909999999999999, "Pumpkin": 2.201, "Comic Crunch": 1.4909999999999999, "Dark Portal": 1.6613999999999998, "Blood Sucker": 1.704, "Nostalgia": 1.4909999999999999, "Milky Way": 1.4909999999999999, "Blood Ember": 1.6613999999999998, "Andromeda": 1.917, "Plastic Ice": 1.4909999999999999, "Crystalline": 1.4909999999999999, "Jinxed": 1.704, "Angelina": 2.201, "Onyx Black": 1.91, "Black": 4.95, "just": 1.2069999999999999}, "B-Day Candle": {"Purr Magic": 2.108, "Pixel Wish": 2.108, "Happy Meows": 2.108, "On Fire": 2.108, "Final Boss": 2.108, "Payday": 2.108, "Kaboom!": 2.108, "Onyx Black": 1.77, "Black": 4.925, "just": 1.1560000000000001}, "Desk Calendar": {"Deadline": 2.015, "Adult Tasks": 25.590000000000003, "Sunday": 2.015, "Checklist": 1.7550000000000001, "Durov Day": 6.59, "Hodler": 4.55, "Peach Week": 2.015, "Fawkes Night": 5.595, "Investor": 9.525, "Tic Tac Toe": 1.625, "Independence": 2.015, "Burning Time": 2.015, "Balloon Face": 1.625, "Heartbreak": 1.521, "Fund Manager": 2.6, "Telegram": 2.6, "Pepe Plans": 14.145, "Onyx Black": 1.725, "Black": 4.970000000000001, "just": 1.105}, "Lunar Snake": {"Dragon Ball": 5.04, "Hot Cherry": 1.944, "Python Dev": 2.2319999999999998, "Synthwave": 5.04, "Soul Eater": 2.2319999999999998, "Psychedelic": 1.8719999999999999, "Timelock": 2.2319999999999998, "Hellspawn": 1.8719999999999999, "Onyx Black": 2.8200000000000003, "Black": 5.460000000000001, "just": 1.224}, "Xmas Stocking": {"Onyx Black": 2.06, "Black": 5.905, "just": 1.2069999999999999}, "Snake Box": {"Onyx Black": 2.145, "Black": 6.0, "just": 1.275}, "Pet Snake": {"Onyx Black": 2.43, "Black": 5.915000000000001, "just": 1.581}, "Candy Cane": {"Sticky Sweet": 1.9375, "Grinch": 3.1, "Hex Pot": 3.1, "Designer": 5.425, "Onyx Black": 2.125, "Black": 5.779999999999999, "just": 1.3175}, "Whip Cupcake": {"Resistance": 5.390000000000001, "Toncoin": 2.387, "Sponge Duck": 2.387, "Bitcoin": 11.77, "Deep State": 2.079, "Onyx Black": 2.435, "Black": 5.43, "just": 1.309}, "Big Year": {"Game Boy": 2.079, "Creator": 2.9295, "Big Brother": 2.9295, "The Nether": 2.5515, "Balloons": 1.9845, "The Hobbit": 3.78, "Pavel Durov": 9.395, "Bitcoin": 5.292, "YouTubes": 3.78, "First Website": 2.5515, "Cheshire Cat": 2.9295, "Pokeball": 2.5515, "Qing Dynasty": 2.9295, "Gold Mine": 6.614999999999999, "Telegram": 5.292, "Onyx Black": 3.54, "Black": 8.945, "just": 1.6064999999999998}, "Homemade Cake": {"Onyx Black": 2.225, "Black": 5.324999999999999, "just": 1.581}, "Cookie Heart": {"Onyx Black": 2.65, "Black": 6.504999999999999, "just": 1.615}, "Jester Hat": {"Onyx Black": 2.5, "Black": 6.475, "just": 1.53}, "Holiday Drink": {"Onyx Black": 2.67, "Black": 6.299999999999999, "just": 1.615}, "Ginger Cookie": {"Onyx Black": 3.5999999999999996, "Black": 7.195, "just": 1.615}, "Hypno Lollipop": {"Onyx Black": 3.295, "Black": 7.32, "just": 1.649}, "Winter Wreath": {"Moon Cat": 90.97, "Onyx Black": 2.87, "Black": 7.92, "just": 1.649}, "Party Sparkler": {"Onyx Black": 2.9, "Black": 6.6899999999999995, "just": 1.615}, "Jingle Bells": {"Onyx Black": 2.87, "Black": 6.760000000000001, "just": 1.734}, "Tama Gadget": {"Onyx Black": 3.41, "Black": 6.74, "just": 1.7}, "Jack-in-the-Box": {"Onyx Black": 3.135, "Black": 6.885, "just": 1.9295}, "Star Notepad": {"Onyx Black": 3.58, "Black": 9.145, "just": 1.9465}, "Easter Egg": {"Onyx Black": 3.77, "Black": 10.855, "just": 2.38}, "Santa Hat": {"Onyx Black": 3.776, "Black": 9.235999999999999, "just": 2.3459999999999996}, "Hex Pot": {"Onyx Black": 3.96, "Black": 9.32, "just": 2.3120000000000003}, "Restless Jar": {"Onyx Black": 3.715, "Black": 8.585, "just": 2.278}, "Lush Bouquet": {"Onyx Black": 4.72, "Black": 8.25, "just": 2.5925}, "Spiced Wine": {"Onyx Black": 2.944, "Black": 6.859999999999999, "just": 2.074}, "Snow Globe": {"Onyx Black": 7.5, "Black": 10.1, "just": 2.55}, "Joyful Bundle": {"Onyx Black": 4.9399999999999995, "Black": 8.940000000000001, "just": 2.448}, "Light Sword": {"Onyx Black": 4.852, "Black": 10.267999999999999, "just": 2.652}, "Witch Hat": {"Onyx Black": 4.67, "Black": 12.02, "just": 2.584}, "Bow Tie": {"Onyx Black": 6.286, "Black": 12.282000000000002, "just": 2.6774999999999998}, "Eternal Candle": {"Onyx Black": 5.3740000000000006, "Black": 10.966000000000001, "just": 3.0854999999999997}, "Jelly Bunny": {"Onyx Black": 4.85, "Black": 11.405000000000001, "just": 2.8135}, "Bunny Muffin": {"Onyx Black": 6.763999999999999, "Black": 16.764, "just": 3.5189999999999997}, "Spy Agaric": {"Onyx Black": 6.848, "Black": 10.392, "just": 2.907}, "Evil Eye": {"Onyx Black": 6.728, "Black": 14.328, "just": 3.298}, "Snow Mittens": {"Onyx Black": 5.970000000000001, "Black": 8.690000000000001, "just": 3.3575}, "Berry Box": {"Onyx Black": 4.816, "Black": 10.512, "just": 3.1959999999999997}, "Valentine Box": {"Onyx Black": 7.032, "Black": 12.632000000000001, "just": 4.012}, "Sakura Flower": {"Onyx Black": 6.968, "Black": 16.364, "just": 4.488}, "Hanging Star": {"Onyx Black": 9.218, "Black": 15.466000000000001, "just": 5.1935}, "Sleigh Bell": {"Onyx Black": 10.864, "Black": 24.064000000000004, "just": 6.324}, "Love Candle": {"Onyx Black": 10.362, "Black": 15.722000000000001, "just": 7.539499999999999}, "Skull Flower": {"Onyx Black": 11.054, "Black": 18.374, "just": 6.8765}, "Crystal Ball": {"Onyx Black": 12.282, "Black": 27.118000000000002, "just": 6.6895}, "Trapped Heart": {"Onyx Black": 11.533999999999999, "Black": 20.733999999999998, "just": 6.706499999999999}, "Top Hat": {"Onyx Black": 14.314, "Black": 26.406, "just": 6.8084999999999996}, "Love Potion": {"Onyx Black": 12.578, "Black": 23.942, "just": 8.4235}, "Flying Broom": {"Onyx Black": 11.494, "Black": 27.174, "just": 7.896499999999999}, "Cupid Charm": {"Onyx Black": 18.094, "Black": 32.694, "just": 9.7665}, "Record Player": {"Onyx Black": 10.356, "Black": 20.356, "just": 6.170999999999999}, "Eternal Rose": {"Onyx Black": 18.348, "Black": 35.587999999999994, "just": 11.883000000000001}, "Mad Pumpkin": {"Onyx Black": 23.798, "Black": 40.198, "just": 15.580499999999999}, "Voodoo Doll": {"Onyx Black": 24.174, "Black": 47.794, "just": 14.441499999999998}, "Diamond Ring": {"Onyx Black": 20.782, "Black": 41.582, "just": 13.5745}, "Toy Bear": {"Onyx Black": 30.93, "Black": 46.93000000000001, "just": 20.017500000000002}, "Vintage Cigar": {"Onyx Black": 33.8, "Black": 57.8, "just": 19.55}, "Neko Helmet": {"Onyx Black": 37.256, "Black": 64.656, "just": 23.596}, "Low Rider": {"Onyx Black": 33.104, "Black": 76.704, "just": 21.964}, "Signet Ring": {"Onyx Black": 37.6, "Black": 74.8, "just": 23.8}, "Electric Skull": {"Onyx Black": 42.269999999999996, "Black": 75.07400000000001, "just": 27.0215}, "Kissed Frog": {"Onyx Black": 43.866, "Black": 78.514, "just": 26.5115}, "Swiss Watch": {"Onyx Black": 47.54, "Black": 75.53999999999999, "just": 33.915}, "Sharp Tongue": {"Onyx Black": 53.826,