{"Snoop Dogg": {"Emerald": 1.8639999999999999, "Green Light": 1.826, "Black Diamond": 2.1205000000000003, "Chrome": 2.1585, "Cold Topaz": 2.016, "Doggfather": 2.8205, "King Snoop": 5.280500000000001, "Goldizzle": 7.2405, "Sapphire": 2.2060000000000004, "Doberman": 3.3430000000000004, "AI Dogg": 2.773, "Onyx Black": 2.836666666666667, "Black": 10.38076923076923, "just": 1.4024999999999999}, "Swag Bag": {"Bulk Order": 1.9425000000000001, "Gin & Jewels": 2.3125, "Darkness": 2.035, "Boiling Hot": 2.1275, "Take It Easy": 2.3125, "Cashback": 2.8675, "Happy Herbs": 2.8675, "Dogg’s Loot": 1.9425000000000001, "Missionary": 6.4750000000000005, "April 20th": 2.8675, "Snoop Life": 2.1275, "Onyx Black": 2.9000000000000004, "Black": 6.675000000000001, "just": 1.5725}, "Snoop Cigar": {"Onyx Black": 6.715, "Black": 19.215, "just": 3.7655}, "Lol Pop": {"Icy Touch": 1.344, "Einstein": 1.4080000000000001, "Angelina": 1.9840000000000002, "Icicle": 1.4080000000000001, "Love Bubbles": 1.6, "Satellite": 1.6, "Jinxed": 1.344, "Cobweb": 1.344, "Blood Ember": 1.7280000000000002, "Hexed Helix": 1.4080000000000001, "Wonka Berry": 1.344, "Blood Sucker": 1.6, "Comic Crunch": 1.344, "Fire Vortex": 1.344, "Sweetheart": 1.472, "Pumpkin": 1.472, "Dark Sky": 1.536, "Andromeda": 1.7280000000000002, "Celestia": 1.9840000000000002, "Glowstick": 1.9840000000000002, "Heart Pop": 1.344, "Milky Way": 1.344, "Liquid Lime": 1.344, "Doodle Art": 1.472, "Romance": 1.344, "Mortal Sin": 3.5839999999999996, "Watermelon": 1.4080000000000001, "Rosebud": 1.6640000000000001, "Soap Bubbles": 1.344, "Cookie Dip": 1.4080000000000001, "Dark Portal": 1.536, "Jolly Roger": 1.6640000000000001, "Onyx Black": 1.725, "Black": 4.6899999999999995, "just": 1.088}, "B-Day Candle": {"On Fire": 1.9065, "Happy Meows": 2.46, "Pixel Wish": 1.9065, "Purr Magic": 2.46, "Payday": 1.9065, "Shocker": 1.9065, "Final Boss": 1.9065, "Kaboom!": 1.9065, "Onyx Black": 1.635, "Black": 4.109999999999999, "just": 1.0454999999999999}, "Desk Calendar": {"Tic Tac Toe": 1.9065, "Durov Day": 2.46, "Adult Tasks": 4.305, "Fund Manager": 1.9065, "Hodler": 4.305, "Pepe Plans": 4.305, "Checklist": 1.9065, "Telegram": 1.9065, "Investor": 4.305, "Balloon Face": 1.599, "Peach Week": 1.6605, "Heartbreak": 1.4144999999999999, "Independence": 3.444, "Burning Time": 1.9065, "Sunday": 2.46, "Fawkes Night": 3.444, "Deadline": 2.46, "Onyx Black": 1.6099999999999999, "Black": 4.654999999999999, "just": 1.0454999999999999}, "Lunar Snake": {"Hellspawn": 1.8360000000000003, "Hot Cherry": 2.108, "Psychedelic": 2.108, "Soul Eater": 2.108, "Python Dev": 2.108, "Synthwave": 3.808, "Timelock": 1.8360000000000003, "Dragon Ball": 4.760000000000001, "Onyx Black": 2.0100000000000002, "Black": 4.83, "just": 1.1560000000000001}, "Xmas Stocking": {"Onyx Black": 2.0100000000000002, "Black": 4.779999999999999, "just": 1.1560000000000001}, "Snake Box": {"Onyx Black": 1.9449999999999998, "Black": 4.87, "just": 1.139}, "Pet Snake": {"Onyx Black": 2.29, "Black": 4.89, "just": 1.513}, "Candy Cane": {"Sticky Sweet": 1.8599999999999999, "Grinch": 3.1, "Hex Pot": 3.1, "Designer": 5.425, "Onyx Black": 2.27, "Black": 6.7749999999999995, "just": 1.3175}, "Whip Cupcake": {"Toncoin": 2.1545, "Bitcoin": 4.864999999999999, "Sponge Duck": 2.1545, "Resistance": 4.864999999999999, "Deep State": 2.1545, "Onyx Black": 2.195, "Black": 4.995, "just": 1.1815}, "Big Year": {"First Website": 2.322, "Gold Mine": 4.816, "The Hobbit": 3.44, "Creator": 2.236, "Pokeball": 3.44, "Telegram": 4.816, "The Nether": 2.236, "Big Brother": 2.666, "Balloons": 1.8920000000000001, "Game Boy": 2.236, "Bitcoin": 4.816, "YouTubes": 3.44, "Pavel Durov": 4.816, "Qing Dynasty": 3.44, "Cheshire Cat": 2.15, "Onyx Black": 2.8600000000000003, "Black": 7.81, "just": 1.462}, "Homemade Cake": {"Onyx Black": 1.92, "Black": 4.8149999999999995, "just": 1.309}, "Cookie Heart": {"Onyx Black": 2.45, "Black": 5.475, "just": 1.4875}, "Jester Hat": {"Onyx Black": 2.715, "Black": 6.065, "just": 1.3855}, "Holiday Drink": {"Onyx Black": 2.345, "Black": 5.260000000000001, "just": 1.462}, "Ginger Cookie": {"Onyx Black": 2.85, "Black": 6.425000000000001, "just": 1.5725}, "Hypno Lollipop": {"Onyx Black": 2.675, "Black": 5.875, "just": 1.4875}, "Winter Wreath": {"Onyx Black": 2.4, "Black": 8.8, "just": 1.53}, "Party Sparkler": {"Onyx Black": 3.0599999999999996, "Black": 6.16, "just": 1.547}, "Jingle Bells": {"Onyx Black": 2.63, "Black": 5.39, "just": 1.513}, "Tama Gadget": {"Onyx Black": 2.6100000000000003, "Black": 6.125, "just": 1.4875}, "Jack-in-the-Box": {"Onyx Black": 2.77, "Black": 7.745, "just": 1.734}, "Star Notepad": {"Onyx Black": 3.2699999999999996, "Black": 9.495000000000001, "just": 1.8615}, "Easter Egg": {"Onyx Black": 3.545, "Black": 10.94, "just": 2.1165000000000003}, "Santa Hat": {"Onyx Black": 3.45, "Black": 9.7, "just": 2.04}, "Hex Pot": {"Onyx Black": 3.2350000000000003, "Black": 7.664999999999999, "just": 2.108}, "Restless Jar": {"Onyx Black": 3.7350000000000003, "Black": 8.125, "just": 2.0995}, "Lush Bouquet": {"Onyx Black": 3.395, "Black": 8.795, "just": 2.2015}, "Spiced Wine": {"Onyx Black": 3.275, "Black": 7.419999999999999, "just": 1.7424999999999997}, "Snow Globe": {"Onyx Black": 4.065, "Black": 9.115, "just": 2.0655}, "Joyful Bundle": {"Onyx Black": 3.745, "Black": 7.87, "just": 2.329}, "Light Sword": {"Onyx Black": 4.095000000000001, "Black": 11.895, "just": 2.3715}, "Witch Hat": {"Onyx Black": 4.0600000000000005, "Black": 9.415, "just": 2.4055}, "Bow Tie": {"Onyx Black": 4.665, "Black": 14.665000000000001, "just": 2.533}, "Eternal Candle": {"Onyx Black": 5.15, "Black": 10.2, "just": 2.465}, "Jelly Bunny": {"Onyx Black": 4.485, "Black": 10.129999999999999, "just": 2.7795}, "Bunny Muffin": {"Onyx Black": 4.475, "Black": 11.024999999999999, "just": 2.6774999999999998}, "Spy Agaric": {"Onyx Black": 5.33, "Black": 10.184999999999999, "just": 2.4395000000000002}, "Evil Eye": {"Onyx Black": 5.835000000000001, "Black": 14.334999999999999, "just": 3.128}, "Snow Mittens": {"Onyx Black": 4.355, "Black": 8.9, "just": 2.55}, "Berry Box": {"Onyx Black": 4.675, "Black": 14.18, "just": 2.856}, "Valentine Box": {"Onyx Black": 5.970000000000001, "Black": 10.97, "just": 3.3489999999999998}, "Sakura Flower": {"Onyx Black": 5.720000000000001, "Black": 13.575000000000001, "just": 3.5275000000000003}, "Hanging Star": {"Onyx Black": 7.3, "Black": 19.799999999999997, "just": 3.9099999999999997}, "Sleigh Bell": {"Onyx Black": 9.850000000000001, "Black": 17.85, "just": 4.845}, "Love Candle": {"Onyx Black": 7.82, "Black": 14.62, "just": 5.304}, "Skull Flower": {"Onyx Black": 8.59, "Black": 16.445, "just": 5.0065}, "Crystal Ball": {"Onyx Black": 10.11, "Black": 36.269999999999996, "just": 5.304}, "Trapped Heart": {"Onyx Black": 10.185, "Black": 23.185, "just": 6.2645}, "Top Hat": {"Onyx Black": 13.625, "Black": 25.975, "just": 6.1625}, "Love Potion": {"Onyx Black": 10.145, "Black": 29.095, "just": 6.961499999999999}, "Flying Broom": {"Onyx Black": 10.835, "Black": 20.235, "just": 7.3694999999999995}, "Cupid Charm": {"Onyx Black": 15.8, "Black": 33.8, "just": 8.16}, "Record Player": {"Onyx Black": 10.23, "Black": 23.98, "just": 6.766}, "Eternal Rose": {"Onyx Black": 18.990000000000002, "Black": 33.989999999999995, "just": 11.033}, "Mad Pumpkin": {"Onyx Black": 18.495, "Black": 40.995, "just": 11.8915}, "Voodoo Doll": {"Onyx Black": 20.255, "Black": 40.255, "just": 12.333499999999999}, "Diamond Ring": {"Onyx Black": 21.115000000000002, "Black": 42.295, "just": 13.2515}, "Toy Bear": {"Onyx Black": 22.095, "Black": 51.095, "just": 14.611500000000001}, "Vintage Cigar": {"Onyx Black": 43.435, "Black": 62.435, "just": 18.5895}, "Neko Helmet": {"Onyx Black": 41.5, "Black": 71.5, "just": 19.55}, "Low Rider": {"Onyx Black": 38.15, "Black": 106.64999999999999, "just": 19.805}, "Signet Ring": {"Onyx Black": 33.615, "Black": 84.865, "just": 19.3205}, "Electric Skull": {"Onyx Black": 37.24, "Black": 69.745, "just": 20.816499999999998},