{"Snoop Dogg": {"Chrome": 2.1345, "Cold Topaz": 1.8780000000000001, "Black Diamond": 2.011, "Doberman": 3.3545, "Emerald": 1.9255, "AI Dogg": 2.9459999999999997, "Doggfather": 2.8605, "King Ruby": 1.9730000000000003, "Goldizzle": 7.055999999999999, "King Snoop": 4.560499999999999, "Onyx Black": 3.26, "Black": 10.564615384615383, "just": 1.513}, "Swag Bag": {"Snoop Life": 2.4625, "Missionary": 6.895, "April 20th": 3.0535, "Cashback": 3.0535, "Happy Herbs": 3.0535, "Darkness": 2.2655, "Golden Nugs": 2.1670000000000003, "Bulk Order": 2.364, "Take It Easy": 2.3049, "Leopard": 2.2655, "Boiling Hot": 2.6595, "Gin & Jewels": 2.561, "Onyx Black": 3.1799999999999997, "Black": 7.4799999999999995, "just": 1.6744999999999999}, "Snoop Cigar": {"Onyx Black": 7.575, "Black": 19.575, "just": 4.0375}, "Lol Pop": {"Cookie Dip": 1.4805, "Einstein": 1.6214999999999997, "Doodle Art": 1.551, "Mortal Sin": 2.82, "Hexed Helix": 1.551, "Jinxed": 1.551, "Celestia": 2.1854999999999998, "Sailor Moon": 1.4805, "Love Bubbles": 1.6214999999999997, "Fire Vortex": 1.4805, "Dark Sky": 1.4805, "Plastic Ice": 1.4805, "Magic Wand": 1.4805, "Satellite": 1.692, "Sweetheart": 1.833, "Shock Wave": 1.551, "Blood Sucker": 1.7625, "Romance": 1.4805, "Rosebud": 1.7625, "Cobweb": 1.4805, "Comic Crunch": 1.4805, "Dark Portal": 1.6214999999999997, "Andromeda": 1.9035, "Watermelon": 1.4805, "Glowstick": 2.1854999999999998, "Heart Pop": 1.6496999999999997, "Jolly Roger": 1.6214999999999997, "Pumpkin": 1.4805, "Angelina": 2.1854999999999998, "Blood Ember": 1.551, "Pink Foil": 1.4805, "Milky Way": 1.4805, "Onyx Black": 1.955, "Black": 4.955, "just": 1.1985}, "B-Day Candle": {"Final Boss": 2.1235000000000004, "Pixel Wish": 2.1235000000000004, "On Fire": 2.1235000000000004, "Purr Magic": 2.1235000000000004, "Payday": 2.1235000000000004, "Kaboom!": 1.8495000000000004, "Happy Meows": 2.74, "Onyx Black": 1.7550000000000001, "Black": 5.135, "just": 1.1645}, "Desk Calendar": {"Peach Week": 2.17, "Pepe Plans": 13.450000000000001, "Balloon Face": 2.17, "Hodler": 4.8999999999999995, "Checklist": 2.17, "Investor": 5.85, "Burning Time": 2.17, "Fund Manager": 2.17, "Sunday": 1.89, "Tic Tac Toe": 1.8199999999999998, "Durov Day": 2.8, "Fawkes Night": 2.8, "Independence": 2.8, "Deadline": 2.17, "Telegram": 2.17, "Heartbreak": 1.6099999999999999, "Adult Tasks": 23.2, "Onyx Black": 1.75, "Black": 5.35, "just": 1.19}, "Lunar Snake": {"Hot Cherry": 2.263, "Python Dev": 2.263, "Psychedelic": 2.263, "Synthwave": 5.109999999999999, "Dragon Ball": 5.109999999999999, "Hellspawn": 1.898, "Timelock": 1.971, "Soul Eater": 2.263, "Onyx Black": 2.205, "Black": 5.7299999999999995, "just": 1.2409999999999999}, "Xmas Stocking": {"Onyx Black": 2.6950000000000003, "Black": 5.455, "just": 1.2834999999999999}, "Snake Box": {"Onyx Black": 2.18, "Black": 6.175, "just": 1.2495}, "Pet Snake": {"Onyx Black": 2.465, "Black": 6.140000000000001, "just": 1.4449999999999998}, "Candy Cane": {"Hex Pot": 3.16, "Designer": 6.3950000000000005, "Sticky Sweet": 3.16, "Grinch": 3.16, "Onyx Black": 2.365, "Black": 5.865, "just": 1.343}, "Whip Cupcake": {"Bitcoin": 9.25, "Resistance": 5.25, "Toncoin": 2.325, "Deep State": 2.0250000000000004, "Sponge Duck": 2.325, "Onyx Black": 2.2, "Black": 5.55, "just": 1.275}, "Big Year": {"Qing Dynasty": 3.1464999999999996, "Bitcoin": 7.1049999999999995, "Cheshire Cat": 2.3750999999999998, "The Hobbit": 4.06, "First Website": 2.1315, "Pokeball": 2.7405, "The Nether": 2.5374999999999996, "Telegram": 4.06, "Creator": 2.7405, "Gold Mine": 7.1049999999999995, "Game Boy": 2.233, "Big Brother": 3.1464999999999996, "YouTubes": 4.06, "Pavel Durov": 5.683999999999999, "Onyx Black": 3.635, "Black": 9.665000000000001, "just": 1.7254999999999998}, "Homemade Cake": {"Onyx Black": 2.4250000000000003, "Black": 5.425, "just": 1.581}, "Cookie Heart": {"Onyx Black": 2.685, "Black": 6.645, "just": 1.6064999999999998}, "Jester Hat": {"Onyx Black": 2.8550000000000004, "Black": 6.3549999999999995, "just": 1.462}, "Holiday Drink": {"Onyx Black": 2.48, "Black": 6.430000000000001, "just": 1.666}, "Ginger Cookie": {"Onyx Black": 3.8099999999999996, "Black": 7.275, "just": 1.7594999999999998}, "Hypno Lollipop": {"Onyx Black": 2.95, "Black": 6.295, "just": 1.7}, "Winter Wreath": {"Moon Cat": 100.99000000000001, "Onyx Black": 2.965, "Black": 7.484999999999999, "just": 1.683}, "Party Sparkler": {"Onyx Black": 3.4350000000000005, "Black": 6.975, "just": 1.6744999999999999}, "Jingle Bells": {"Onyx Black": 2.7, "Black": 6.795, "just": 1.785}, "Tama Gadget": {"Onyx Black": 3.49, "Black": 6.34, "just": 1.836}, "Jack-in-the-Box": {"Onyx Black": 3.0650000000000004, "Black": 7.1000000000000005, "just": 1.87}, "Star Notepad": {"Onyx Black": 3.98, "Black": 9.48, "just": 1.9209999999999998}, "Easter Egg": {"Onyx Black": 3.785, "Black": 10.870000000000001, "just": 2.397}, "Santa Hat": {"Onyx Black": 3.9139999999999997, "Black": 8.354000000000001, "just": 2.2864999999999998}, "Hex Pot": {"Onyx Black": 4.0249999999999995, "Black": 10.07, "just": 2.363}, "Restless Jar": {"Onyx Black": 3.745, "Black": 9.745000000000001, "just": 2.159}, "Lush Bouquet": {"Onyx Black": 4.325, "Black": 7.7749999999999995, "just": 2.5075000000000003}, "Spiced Wine": {"Onyx Black": 2.918, "Black": 6.8500000000000005, "just": 1.9805}, "Snow Globe": {"Onyx Black": 4.535, "Black": 10.985000000000001, "just": 2.5245}, "Joyful Bundle": {"Onyx Black": 4.1, "Black": 8.025, "just": 2.4225}, "Light Sword": {"Onyx Black": 4.708, "Black": 10.584, "just": 2.533}, "Witch Hat": {"Onyx Black": 4.33, "Black": 12.105, "just": 2.737}, "Bow Tie": {"Onyx Black": 4.832000000000001, "Black": 12.264, "just": 2.652}, "Eternal Candle": {"Onyx Black": 4.864, "Black": 10.844, "just": 2.924}, "Jelly Bunny": {"Onyx Black": 4.445, "Black": 10.69, "just": 2.8815}, "Bunny Muffin": {"Onyx Black": 4.754, "Black": 14.113999999999999, "just": 3.0515}, "Spy Agaric": {"Onyx Black": 5.55, "Black": 10.462, "just": 2.9325}, "Evil Eye": {"Onyx Black": 6.384, "Black": 13.244, "just": 3.1790000000000003}, "Snow Mittens": {"Onyx Black": 5.074, "Black": 8.274000000000001, "just": 3.2215}, "Berry Box": {"Onyx Black": 5.906000000000001, "Black": 10.59, "just": 3.2725}, "Valentine Box": {"Onyx Black": 7.542, "Black": 12.582, "just": 3.8845}, "Sakura Flower": {"Onyx Black": 6.642, "Black": 15.442, "just": 4.3095}, "Hanging Star": {"Onyx Black": 7.86, "Black": 15.256, "just": 4.6240000000000006}, "Sleigh Bell": {"Onyx Black": 10.362, "Black": 20.762, "just": 6.179499999999999}, "Love Candle": {"Onyx Black": 10.144, "Black": 18.184, "just": 7.344}, "Skull Flower": {"Onyx Black": 11.072000000000001, "Black": 18.076, "just": 7.191000000000001}, "Crystal Ball": {"Onyx Black": 11.924, "Black": 27.924, "just": 6.6979999999999995}, "Trapped Heart": {"Onyx Black": 13.113999999999999, "Black": 18.314, "just": 7.3015}, "Top Hat": {"Onyx Black": 12.394, "Black": 21.913999999999998, "just": 6.7915}, "Love Potion": {"Onyx Black": 11.06, "Black": 23.46, "just": 7.734999999999999}, "Flying Broom": {"Onyx Black": 12.888, "Black": 19.688000000000002, "just": 8.058}, "Cupid Charm": {"Onyx Black": 15.908, "Black": 30.308, "just": 9.503}, "Record Player": {"Onyx Black": 10.193999999999999, "Black": 20.793999999999997, "just": 6.7915}, "Eternal Rose": {"Onyx Black": 20.95, "Black": 34.59, "just": 11.6025}, "Mad Pumpkin": {"Onyx Black": 22.0, "Black": 38.2, "just": 14.45}, "Voodoo Doll": {"Onyx Black": 22.535999999999998, "Black": 46.099999999999994, "just": 14.364999999999998}, "Diamond Ring": {"Onyx Black": 22.176000000000002, "Black": 43.78, "just": 13.855}, "Toy Bear": {"Onyx Black": 32.730000000000004, "Black": 52.734, "just": 23.7065}, "Vintage Cigar": {"Onyx Black": 35.194, "Black": 54.034, "just": 19.8815}, "Neko Helmet": {"Onyx Black": 38.757999999999996, "Black": 66.758, "just": 23.7405}, "Low Rider": {"Onyx Black": 33.534, "Black": 87.534, "just": 22.0065}, "Signet Ring": {"Onyx Black": 36.760000000000005, "Black": 79.56, "just": 22.61},