{"Snoop Dogg": {"Silver": 1.8165000000000002, "Emerald": 2.0065, "Chrome": 2.3165, "Cold Topaz": 2.2535000000000003, "King Ruby": 1.826, "King Snoop": 4.6155, "Doggfather": 2.8205, "Green Light": 1.883, "Goldizzle": 6.9555, "Doberman": 3.6565000000000007, "Sapphire": 2.111, "Black Diamond": 2.3105, "AI Dogg": 3.153, "Onyx Black": 2.9833333333333334, "Black": 9.88076923076923, "just": 1.4024999999999999}, "Swag Bag": {"Leopard": 2.0055, "Take It Easy": 2.483, "April 20th": 2.9605, "Bulk Order": 2.2346999999999997, "Darkness": 2.101, "Missionary": 6.685, "Dogg’s Loot": 2.0055, "Snoop Life": 2.483, "Happy Herbs": 2.9605, "Boiling Hot": 2.5785, "Cashback": 2.9605, "Gin & Jewels": 2.3874999999999997, "Onyx Black": 3.1499999999999995, "Black": 7.44, "just": 1.6235}, "Snoop Cigar": {"Onyx Black": 7.26, "Black": 17.21, "just": 3.9354999999999998}, "Lol Pop": {"Dark Sky": 1.8125, "Portable Pop": 1.5225, "Satellite": 1.74, "Jolly Roger": 1.74, "Watermelon": 1.5225, "Mortal Sin": 4.06, "Celestia": 2.2475, "Sailor Moon": 1.595, "Magic Wand": 1.595, "Cobweb": 1.595, "Glowstick": 1.9575, "Hexed Helix": 1.885, "Sweetheart": 1.885, "Plastic Ice": 1.595, "Jinxed": 1.74, "Blood Sucker": 1.6674999999999998, "Einstein": 1.5225, "Gold Star": 1.5225, "Love Bubbles": 1.595, "Pumpkin": 1.5225, "Dark Portal": 1.5225, "Comic Crunch": 1.5225, "Andromeda": 1.9575, "Angelina": 2.2475, "Milky Way": 1.595, "Rosebud": 1.595, "Blood Ember": 1.595, "Heart Pop": 1.595, "Shock Wave": 1.595, "Onyx Black": 2.025, "Black": 5.39, "just": 1.2325}, "B-Day Candle": {"Purr Magic": 1.9995, "On Fire": 1.9995, "Happy Meows": 2.58, "Payday": 1.9995, "Kaboom!": 1.9995, "Pixel Wish": 1.9995, "Final Boss": 1.9995, "Onyx Black": 1.715, "Black": 5.109999999999999, "just": 1.0965}, "Desk Calendar": {"Hodler": 4.7250000000000005, "Heartbreak": 1.62, "Fund Manager": 2.0925000000000002, "Peach Week": 2.0925000000000002, "Pepe Plans": 10.874999999999998, "Durov Day": 2.7, "Balloon Face": 1.4850000000000003, "Deadline": 2.0925000000000002, "Investor": 4.7250000000000005, "Tic Tac Toe": 2.0925000000000002, "Burning Time": 2.0925000000000002, "Independence": 2.7, "Sunday": 2.0925000000000002, "Telegram": 2.0925000000000002, "Adult Tasks": 24.475, "Fawkes Night": 2.7, "Checklist": 2.0925000000000002, "Onyx Black": 1.705, "Black": 5.275, "just": 1.1475}, "Lunar Snake": {"Hot Cherry": 2.17, "Hellspawn": 2.17, "Python Dev": 2.17, "Timelock": 1.54, "Synthwave": 5.6850000000000005, "Dragon Ball": 5.6, "Psychedelic": 1.8199999999999998, "Soul Eater": 2.17, "Onyx Black": 2.05, "Black": 5.199999999999999, "just": 1.19}, "Xmas Stocking": {"Onyx Black": 2.125, "Black": 5.470000000000001, "just": 1.2325}, "Snake Box": {"Onyx Black": 2.175, "Black": 6.114999999999999, "just": 1.1815}, "Pet Snake": {"Onyx Black": 2.455, "Black": 5.4399999999999995, "just": 1.428}, "Candy Cane": {"Designer": 4.34, "Sticky Sweet": 2.015, "Grinch": 3.1, "Hex Pot": 3.1, "Onyx Black": 2.475, "Black": 5.949999999999999, "just": 1.3175}, "Whip Cupcake": {"Deep State": 2.052, "Bitcoin": 9.959999999999999, "Sponge Duck": 2.3560000000000003, "Toncoin": 2.3560000000000003, "Resistance": 5.32, "Onyx Black": 2.035, "Black": 5.26, "just": 1.292}, "Big Year": {"First Website": 2.592, "Telegram": 5.3759999999999994, "The Nether": 3.84, "Game Boy": 2.2464, "Pokeball": 2.592, "Gold Mine": 5.3759999999999994, "Qing Dynasty": 2.976, "Creator": 2.976, "The Hobbit": 2.976, "Cheshire Cat": 2.304, "Pavel Durov": 5.3759999999999994, "Big Brother": 2.592, "Bitcoin": 5.3759999999999994, "YouTubes": 2.976, "Onyx Black": 3.585, "Black": 8.61, "just": 1.632}, "Homemade Cake": {"Onyx Black": 2.395, "Black": 5.59, "just": 1.5215}, "Cookie Heart": {"Onyx Black": 2.6350000000000002, "Black": 7.07, "just": 1.564}, "Jester Hat": {"Onyx Black": 2.675, "Black": 6.619999999999999, "just": 1.4024999999999999}, "Holiday Drink": {"Onyx Black": 2.665, "Black": 5.625, "just": 1.5725}, "Ginger Cookie": {"Onyx Black": 3.5599999999999996, "Black": 6.484999999999999, "just": 1.7169999999999999}, "Hypno Lollipop": {"Onyx Black": 2.81, "Black": 5.905, "just": 1.632}, "Winter Wreath": {"Moon Cat": 105.69, "Onyx Black": 2.69, "Black": 8.835, "just": 1.5979999999999999}, "Party Sparkler": {"Onyx Black": 3.71, "Black": 7.205, "just": 1.632}, "Jingle Bells": {"Onyx Black": 2.895, "Black": 6.97, "just": 1.6915}, "Tama Gadget": {"Onyx Black": 3.46, "Black": 7.015, "just": 1.734}, "Jack-in-the-Box": {"Onyx Black": 3.065, "Black": 7.56, "just": 1.802}, "Star Notepad": {"Onyx Black": 3.915, "Black": 8.715, "just": 1.9805}, "Easter Egg": {"Onyx Black": 3.745, "Black": 10.95, "just": 2.21}, "Santa Hat": {"Onyx Black": 3.324, "Black": 8.283999999999999, "just": 2.159}, "Hex Pot": {"Onyx Black": 3.9699999999999998, "Black": 10.39, "just": 2.363}, "Restless Jar": {"Onyx Black": 3.995, "Black": 9.745000000000001, "just": 2.1165000000000003}, "Lush Bouquet": {"Onyx Black": 4.855, "Black": 7.7299999999999995, "just": 2.3459999999999996}, "Spiced Wine": {"Onyx Black": 2.8520000000000003, "Black": 6.788, "just": 1.887}, "Snow Globe": {"Onyx Black": 4.09, "Black": 10.29, "just": 2.193}, "Joyful Bundle": {"Onyx Black": 3.615, "Black": 7.965, "just": 2.3205}, "Light Sword": {"Onyx Black": 4.436, "Black": 10.331999999999999, "just": 2.703}, "Witch Hat": {"Onyx Black": 4.47, "Black": 11.695, "just": 2.8815}, "Bow Tie": {"Onyx Black": 4.896, "Black": 12.588000000000001, "just": 2.686}, "Eternal Candle": {"Onyx Black": 5.144, "Black": 10.664000000000001, "just": 2.754}, "Jelly Bunny": {"Onyx Black": 4.4399999999999995, "Black": 10.690000000000001, "just": 2.8729999999999998}, "Bunny Muffin": {"Onyx Black": 5.314, "Black": 11.634, "just": 3.0515}, "Spy Agaric": {"Onyx Black": 4.438000000000001, "Black": 10.278, "just": 2.6605}, "Evil Eye": {"Onyx Black": 6.324, "Black": 12.924, "just": 3.009}, "Snow Mittens": {"Onyx Black": 4.91, "Black": 8.006, "just": 3.2725}, "Berry Box": {"Onyx Black": 5.256, "Black": 11.456, "just": 3.1959999999999997}, "Valentine Box": {"Onyx Black": 8.033999999999999, "Black": 12.494, "just": 3.7314999999999996}, "Sakura Flower": {"Onyx Black": 6.94, "Black": 13.840000000000002, "just": 4.165}, "Hanging Star": {"Onyx Black": 8.649999999999999, "Black": 15.169999999999998, "just": 4.4965}, "Sleigh Bell": {"Onyx Black": 10.280000000000001, "Black": 17.86, "just": 6.034999999999999}, "Love Candle": {"Onyx Black": 10.284, "Black": 16.084, "just": 6.9190000000000005}, "Skull Flower": {"Onyx Black": 9.538, "Black": 18.482, "just": 6.3495}, "Crystal Ball": {"Onyx Black": 12.188, "Black": 30.387999999999998, "just": 6.783}, "Trapped Heart": {"Onyx Black": 12.05, "Black": 18.69, "just": 6.9275}, "Top Hat": {"Onyx Black": 12.239999999999998, "Black": 24.48, "just": 6.63}, "Love Potion": {"Onyx Black": 10.876000000000001, "Black": 22.080000000000002, "just": 7.48}, "Flying Broom": {"Onyx Black": 10.66, "Black": 19.82, "just": 7.734999999999999}, "Cupid Charm": {"Onyx Black": 16.714, "Black": 32.254, "just": 9.5115}, "Record Player": {"Onyx Black": 11.102, "Black": 20.422, "just": 6.7745}, "Eternal Rose": {"Onyx Black": 18.04, "Black": 32.04, "just": 11.39}, "Mad Pumpkin": {"Onyx Black": 23.328, "Black": 41.128, "just": 15.197999999999999}, "Voodoo Doll": {"Onyx Black": 22.304, "Black": 54.308, "just": 14.603}, "Diamond Ring": {"Onyx Black": 22.676000000000002, "Black": 41.876000000000005, "just": 13.991}, "Toy Bear": {"Onyx Black": 24.427999999999997, "Black": 46.908, "just": 15.453}, "Vintage Cigar": {"Onyx Black": 44.13199999999999, "Black": 55.336, "just": 20.026}, "Neko Helmet": {"Onyx Black": 37.594, "Black": 75.594, "just": 22.091499999999996}, "Low Rider": {"Onyx Black": 33.674, "Black": 87.674, "just": 21.0715}, "Signet Ring": {"Onyx Black": 36.256, "Black": 75.456, "just": 21.896}, "Electric Skull": {"Onyx Black": 44.92, "Black": 68.52, "just": 26.808999999999997}, "Kissed Frog": {"Onyx Black": 44.08, "Black": 80.88, "just": 29.58}, "Swiss Watch": {"Onyx Black": 44.56, "Black": 72.56,