{"Snoop Dogg": {"Chrome": 2.5759999999999996, "Goldizzle": 7.445500000000001, "AI Dogg": 2.9319999999999995, "Sapphire": 2.0585, "Doggfather": 3.2405, "Black Diamond": 2.182, "Doberman": 3.6205000000000007, "King Snoop": 5.786, "Onyx Black": 3.6366666666666667, "Black": 10.260769230769231, "just": 1.6404999999999998}, "Swag Bag": {"Bulk Order": 2.189, "Snoop Life": 2.4875, "Gin & Jewels": 2.388, "Leopard": 2.0895, "Happy Herbs": 3.0845000000000002, "Darkness": 2.0895, "Missionary": 8.495, "Aviators": 2.0895, "Dogg’s Loot": 2.0895, "April 20th": 2.6865, "Golden Nugs": 2.0895, "Take It Easy": 2.587, "Cashback": 3.0845000000000002, "Boiling Hot": 2.6865, "Onyx Black": 3.63, "Black": 7.19, "just": 1.6915}, "Snoop Cigar": {"Onyx Black": 8.42, "Black": 19.945, "just": 4.165}, "Lol Pop": {"Glowstick": 2.1545, "Dark Sky": 1.5984999999999998, "Andromeda": 1.8765, "Milky Way": 1.4595, "Love Bubbles": 1.5984999999999998, "Satellite": 1.668, "Heart Pop": 1.4595, "Dark Portal": 1.5984999999999998, "Rising Star": 1.4595, "Angelina": 2.1545, "Comic Crunch": 1.4595, "Shock Wave": 1.529, "Nostalgia": 1.4595, "Hollywood": 1.4595, "Rosebud": 1.7374999999999998, "Romance": 1.4595, "Fire Vortex": 1.4595, "Pumpkin": 2.1545, "Icy Touch": 1.4595, "Gold Star": 1.4595, "Hexed Helix": 1.529, "Mortal Sin": 3.8919999999999995, "Sick Leave": 1.4595, "Crystalline": 1.4595, "Celestia": 1.8765, "Blood Sucker": 1.7374999999999998, "Crystal Comet": 1.4595, "Doodle Art": 1.529, "Einstein": 1.668, "Sweetheart": 1.7374999999999998, "Jinxed": 1.7374999999999998, "Sailor Moon": 1.4595, "Watermelon": 1.4595, "Plastic Ice": 1.4595, "Icicle": 1.4595, "Cobweb": 1.529, "Magic Wand": 1.4595, "Jolly Roger": 1.6262999999999999, "Blood Ember": 1.6262999999999999, "Onyx Black": 1.9249999999999998, "Black": 4.945, "just": 1.1815}, "B-Day Candle": {"Final Boss": 2.0925000000000002, "Purr Magic": 2.0925000000000002, "Payday": 2.0925000000000002, "Happy Meows": 2.0925000000000002, "Kaboom!": 2.0925000000000002, "On Fire": 2.0925000000000002, "Pixel Wish": 2.0925000000000002, "Onyx Black": 1.7650000000000001, "Black": 5.0, "just": 1.1475}, "Desk Calendar": {"Sunday": 2.0925000000000002, "Pepe Plans": 14.174999999999999, "Tic Tac Toe": 1.6875, "Durov Day": 6.625, "Burning Time": 2.0925000000000002, "Fund Manager": 2.0925000000000002, "Independence": 2.0925000000000002, "Balloon Face": 1.6875, "Adult Tasks": 25.62, "Deadline": 2.0925000000000002, "Checklist": 2.0925000000000002, "Telegram": 2.7, "Peach Week": 2.0925000000000002, "Hodler": 4.7250000000000005, "Fawkes Night": 5.625, "Investor": 9.549999999999999, "Heartbreak": 1.5525, "Onyx Black": 1.75, "Black": 5.120000000000001, "just": 1.1475}, "Lunar Snake": {"Python Dev": 2.2785, "Timelock": 2.2785, "Hellspawn": 1.7198999999999998, "Synthwave": 4.116, "Psychedelic": 1.911, "Soul Eater": 2.2785, "Hot Cherry": 1.9845000000000002, "Dragon Ball": 5.145, "Onyx Black": 2.235, "Black": 5.475, "just": 1.2495}, "Xmas Stocking": {"Onyx Black": 2.065, "Black": 5.9399999999999995, "just": 1.258}, "Snake Box": {"Onyx Black": 2.105, "Black": 6.0249999999999995, "just": 1.2834999999999999}, "Pet Snake": {"Onyx Black": 2.42, "Black": 5.915, "just": 1.564}, "Candy Cane": {"Grinch": 3.12, "Hex Pot": 4.367999999999999, "Sticky Sweet": 1.9500000000000002, "Designer": 5.46, "Onyx Black": 2.13, "Black": 5.785, "just": 1.326}, "Whip Cupcake": {"Sponge Duck": 2.4800000000000004, "Resistance": 5.6000000000000005, "Toncoin": 2.4800000000000004, "Deep State": 2.16, "Bitcoin": 11.799999999999999, "Onyx Black": 2.545, "Black": 5.460000000000001, "just": 1.36}, "Big Year": {"Creator": 2.8830000000000005, "The Nether": 2.8830000000000005, "Gold Mine": 6.510000000000001, "Pavel Durov": 9.43, "Big Brother": 2.8830000000000005, "Telegram": 5.208, "Balloons": 1.9530000000000003, "The Hobbit": 3.72, "Pokeball": 2.511, "Bitcoin": 5.208, "Game Boy": 2.0460000000000003, "Qing Dynasty": 3.72, "Cheshire Cat": 2.8830000000000005, "First Website": 2.511, "YouTubes": 2.8830000000000005, "Onyx Black": 3.5250000000000004, "Black": 8.93, "just": 1.581}, "Homemade Cake": {"Onyx Black": 2.2199999999999998, "Black": 5.32, "just": 1.5725}, "Cookie Heart": {"Onyx Black": 2.575, "Black": 6.720000000000001, "just": 1.6575}, "Jester Hat": {"Onyx Black": 2.49, "Black": 6.465000000000001, "just": 1.513}, "Holiday Drink": {"Onyx Black": 2.68, "Black": 6.294999999999999, "just": 1.6064999999999998}, "Ginger Cookie": {"Onyx Black": 3.61, "Black": 7.205, "just": 1.632}, "Hypno Lollipop": {"Onyx Black": 3.325, "Black": 7.45, "just": 1.7}, "Winter Wreath": {"Moon Cat": 90.985, "Onyx Black": 2.885, "Black": 7.935, "just": 1.6744999999999999}, "Party Sparkler": {"Onyx Black": 2.8899999999999997, "Black": 6.69, "just": 1.5979999999999999}, "Jingle Bells": {"Onyx Black": 2.9299999999999997, "Black": 6.385, "just": 1.683}, "Tama Gadget": {"Onyx Black": 3.43, "Black": 6.760000000000001, "just": 1.734}, "Jack-in-the-Box": {"Onyx Black": 3.125, "Black": 6.875, "just": 1.9124999999999999}, "Star Notepad": {"Onyx Black": 3.585, "Black": 9.349999999999998, "just": 1.9549999999999998}, "Easter Egg": {"Onyx Black": 3.7750000000000004, "Black": 10.860000000000001, "just": 2.3885}, "Santa Hat": {"Onyx Black": 3.746, "Black": 9.206, "just": 2.3035}, "Hex Pot": {"Onyx Black": 3.955, "Black": 9.315000000000001, "just": 2.3035}, "Restless Jar": {"Onyx Black": 3.745, "Black": 8.565, "just": 2.244}, "Lush Bouquet": {"Onyx Black": 4.705, "Black": 8.26, "just": 2.5669999999999997}, "Spiced Wine": {"Onyx Black": 3.09, "Black": 6.926, "just": 2.1675}, "Snow Globe": {"Onyx Black": 5.745, "Black": 10.094999999999999, "just": 2.5415}, "Joyful Bundle": {"Onyx Black": 4.9399999999999995, "Black": 8.940000000000001, "just": 2.448}, "Light Sword": {"Onyx Black": 4.876, "Black": 10.292, "just": 2.686}, "Witch Hat": {"Onyx Black": 4.6899999999999995, "Black": 12.040000000000001, "just": 2.618}, "Bow Tie": {"Onyx Black": 6.286, "Black": 12.282000000000002, "just": 2.6774999999999998}, "Eternal Candle": {"Onyx Black": 5.38, "Black": 10.972, "just": 3.094}, "Jelly Bunny": {"Onyx Black": 4.87, "Black": 11.424999999999999, "just": 2.8475}, "Bunny Muffin": {"Onyx Black": 6.782, "Black": 16.782, "just": 3.5444999999999998}, "Spy Agaric": {"Onyx Black": 6.506, "Black": 10.446000000000002, "just": 2.9835}, "Evil Eye": {"Onyx Black": 6.93, "Black": 14.334, "just": 3.3065}, "Snow Mittens": {"Onyx Black": 5.964, "Black": 8.684000000000001, "just": 3.3489999999999998}, "Berry Box": {"Onyx Black": 4.828, "Black": 10.663999999999998, "just": 3.2129999999999996}, "Valentine Box": {"Onyx Black": 7.2219999999999995, "Black": 12.661999999999999, "just": 4.054499999999999}, "Sakura Flower": {"Onyx Black": 6.92, "Black": 16.316000000000003, "just": 4.42}, "Hanging Star": {"Onyx Black": 9.098, "Black": 15.346, "just": 5.0235}, "Sleigh Bell": {"Onyx Black": 10.894, "Black": 24.094, "just": 6.3665}, "Love Candle": {"Onyx Black": 10.424, "Black": 15.764, "just": 7.598999999999999}, "Skull Flower": {"Onyx Black": 11.26, "Black": 18.379999999999995, "just": 6.885}, "Crystal Ball": {"Onyx Black": 12.293999999999999, "Black": 27.130000000000003, "just": 6.706499999999999}, "Trapped Heart": {"Onyx Black": 11.533999999999999, "Black": 20.733999999999998, "just": 6.706499999999999}, "Top Hat": {"Onyx Black": 14.254, "Black": 26.346, "just": 6.7235}, "Love Potion": {"Onyx Black": 12.632, "Black": 23.996000000000002, "just": 8.5}, "Flying Broom": {"Onyx Black": 11.786000000000001, "Black": 18.786, "just": 7.9135}, "Cupid Charm": {"Onyx Black": 18.238, "Black": 32.837999999999994, "just": 9.9705}, "Record Player": {"Onyx Black": 10.356, "Black": 20.356, "just": 6.170999999999999}, "Eternal Rose": {"Onyx Black": 18.264, "Black": 35.744, "just": 12.104}, "Mad Pumpkin": {"Onyx Black": 24.2, "Black": 40.6, "just": 16.15}, "Voodoo Doll": {"Onyx Black": 24.762, "Black": 50.782, "just": 15.274499999999998}, "Diamond Ring": {"Onyx Black": 20.974, "Black": 41.774,