{"Snoop Dogg": {"AI Dogg": 2.9555, "Black Diamond": 2.0205, "Cold Topaz": 1.9255, "King Snoop": 4.6080000000000005, "Emerald": 2.0015, "Sapphire": 1.8874999999999997, "Doggfather": 2.8655, "Doberman": 3.4305000000000003, "Chrome": 2.1725000000000003, "Goldizzle": 7.055999999999999, "Onyx Black": 3.46, "Black": 10.656923076923077, "just": 1.513}, "Swag Bag": {"Gin & Jewels": 2.561, "Boiling Hot": 2.6595, "Bulk Order": 2.4625, "Missionary": 7.919999999999999, "Golden Nugs": 2.1670000000000003, "Cashback": 3.0535, "Darkness": 2.2655, "April 20th": 3.0535, "Happy Herbs": 3.0535, "Take It Easy": 2.3049, "Leopard": 2.2655, "Snoop Life": 2.4625, "Onyx Black": 3.1799999999999997, "Black": 7.4799999999999995, "just": 1.6744999999999999}, "Snoop Cigar": {"Onyx Black": 7.66, "Black": 19.615, "just": 4.0715}, "Lol Pop": {"Einstein": 1.551, "Doodle Art": 1.6214999999999997, "Heart Pop": 1.6496999999999997, "Sailor Moon": 1.4805, "Cobweb": 1.4805, "Jinxed": 1.551, "Watermelon": 1.4805, "Angelina": 2.1854999999999998, "Dark Portal": 1.7625, "Jolly Roger": 1.551, "Blood Ember": 1.551, "Mortal Sin": 2.82, "Love Bubbles": 1.6214999999999997, "Sweetheart": 1.833, "Pumpkin": 1.4805, "Romance": 1.4805, "Rosebud": 1.551, "Hexed Helix": 1.6214999999999997, "Blood Sucker": 1.7625, "Fire Vortex": 1.4805, "Satellite": 1.692, "Milky Way": 1.551, "Plastic Ice": 1.4805, "Dark Sky": 1.6214999999999997, "Shock Wave": 1.6214999999999997, "Celestia": 2.1854999999999998, "Cookie Dip": 1.4805, "Andromeda": 1.9035, "Pink Foil": 1.4805, "Glowstick": 2.1854999999999998, "Onyx Black": 1.955, "Black": 5.155, "just": 1.1985}, "B-Day Candle": {"Happy Meows": 2.76, "Payday": 2.139, "Pixel Wish": 2.139, "On Fire": 2.139, "Final Boss": 2.139, "Purr Magic": 2.139, "Kaboom!": 1.863, "Onyx Black": 1.765, "Black": 5.1899999999999995, "just": 1.1729999999999998}, "Desk Calendar": {"Independence": 2.78, "Fund Manager": 2.1545, "Sunday": 1.8765, "Telegram": 2.1545, "Investor": 4.864999999999999, "Pepe Plans": 13.195, "Heartbreak": 1.5984999999999998, "Tic Tac Toe": 1.8765, "Deadline": 2.1545, "Burning Time": 2.1545, "Peach Week": 1.8765, "Durov Day": 2.78, "Fawkes Night": 2.78, "Checklist": 2.1545, "Hodler": 4.864999999999999, "Balloon Face": 2.1545, "Adult Tasks": 23.195, "Onyx Black": 1.77, "Black": 5.515, "just": 1.1815}, "Lunar Snake": {"Python Dev": 2.263, "Soul Eater": 2.263, "Dragon Ball": 5.109999999999999, "Hot Cherry": 1.971, "Synthwave": 5.109999999999999, "Timelock": 1.971, "Psychedelic": 2.263, "Hellspawn": 1.898, "Onyx Black": 2.205, "Black": 5.7299999999999995, "just": 1.2409999999999999}, "Xmas Stocking": {"Onyx Black": 2.3200000000000003, "Black": 5.465, "just": 1.258}, "Snake Box": {"Onyx Black": 2.17, "Black": 5.9750000000000005, "just": 1.2325}, "Pet Snake": {"Onyx Black": 2.475, "Black": 6.1499999999999995, "just": 1.462}, "Candy Cane": {"Designer": 6.7700000000000005, "Grinch": 3.08, "Hex Pot": 3.08, "Sticky Sweet": 3.08, "Onyx Black": 2.3449999999999998, "Black": 5.845, "just": 1.309}, "Whip Cupcake": {"Resistance": 5.215, "Bitcoin": 9.245, "Deep State": 2.0115000000000003, "Toncoin": 2.3095, "Sponge Duck": 2.3095, "Onyx Black": 2.195, "Black": 5.545, "just": 1.2665}, "Big Year": {"YouTubes": 3.92, "Qing Dynasty": 3.038, "Big Brother": 3.038, "Gold Mine": 6.859999999999999, "Game Boy": 2.156, "The Hobbit": 3.92, "First Website": 2.058, "Pavel Durov": 5.4879999999999995, "Balloons": 2.058, "The Nether": 2.548, "Pokeball": 2.646, "Telegram": 3.92, "Cheshire Cat": 2.352, "Creator": 3.038, "Bitcoin": 6.859999999999999, "Onyx Black": 3.6, "Black": 9.629999999999999, "just": 1.666}, "Homemade Cake": {"Onyx Black": 2.4050000000000002, "Black": 5.405, "just": 1.547}, "Cookie Heart": {"Onyx Black": 2.685, "Black": 6.645, "just": 1.6064999999999998}, "Jester Hat": {"Onyx Black": 2.8449999999999998, "Black": 6.425000000000001, "just": 1.4449999999999998}, "Holiday Drink": {"Onyx Black": 2.45, "Black": 6.4, "just": 1.615}, "Ginger Cookie": {"Onyx Black": 3.795, "Black": 7.260000000000001, "just": 1.734}, "Hypno Lollipop": {"Onyx Black": 2.945, "Black": 6.295, "just": 1.6915}, "Winter Wreath": {"Moon Cat": 100.96000000000001, "Onyx Black": 2.935, "Black": 7.455, "just": 1.632}, "Party Sparkler": {"Onyx Black": 3.465, "Black": 6.9799999999999995, "just": 1.6744999999999999}, "Jingle Bells": {"Onyx Black": 2.8499999999999996, "Black": 6.800000000000001, "just": 1.7934999999999999}, "Tama Gadget": {"Onyx Black": 3.47, "Black": 6.2749999999999995, "just": 1.802}, "Jack-in-the-Box": {"Onyx Black": 3.0999999999999996, "Black": 7.345000000000001, "just": 1.8615}, "Star Notepad": {"Onyx Black": 4.025, "Black": 9.475, "just": 1.9124999999999999}, "Easter Egg": {"Onyx Black": 3.8249999999999997, "Black": 11.05, "just": 2.38}, "Santa Hat": {"Onyx Black": 3.9320000000000004, "Black": 8.372, "just": 2.3120000000000003}, "Hex Pot": {"Onyx Black": 3.88, "Black": 10.08, "just": 2.363}, "Restless Jar": {"Onyx Black": 3.75, "Black": 9.864999999999998, "just": 2.1675}, "Lush Bouquet": {"Onyx Black": 4.305, "Black": 7.755, "just": 2.4735}, "Spiced Wine": {"Onyx Black": 2.942, "Black": 6.87, "just": 2.0145}, "Snow Globe": {"Onyx Black": 4.4399999999999995, "Black": 10.889999999999999, "just": 2.363}, "Joyful Bundle": {"Onyx Black": 3.625, "Black": 7.999999999999999, "just": 2.38}, "Light Sword": {"Onyx Black": 4.7540000000000004, "Black": 10.174, "just": 2.5415}, "Witch Hat": {"Onyx Black": 4.34, "Black": 11.615, "just": 2.754}, "Bow Tie": {"Onyx Black": 4.949999999999999, "Black": 12.642, "just": 2.7795}, "Eternal Candle": {"Onyx Black": 5.0120000000000005, "Black": 10.84, "just": 2.907}, "Jelly Bunny": {"Onyx Black": 4.87, "Black": 10.739999999999998, "just": 2.9665}, "Bunny Muffin": {"Onyx Black": 4.628, "Black": 13.98, "just": 2.8219999999999996}, "Spy Agaric": {"Onyx Black": 5.538, "Black": 10.450000000000001, "just": 2.9155}, "Evil Eye": {"Onyx Black": 6.378, "Black": 13.238, "just": 3.1705}, "Snow Mittens": {"Onyx Black": 5.02, "Black": 8.22, "just": 3.145}, "Berry Box": {"Onyx Black": 5.93, "Black": 10.734, "just": 3.3065}, "Valentine Box": {"Onyx Black": 7.596, "Black": 12.636000000000001, "just": 3.961}, "Sakura Flower": {"Onyx Black": 6.843999999999999, "Black": 15.483999999999998, "just": 4.369}, "Hanging Star": {"Onyx Black": 8.280000000000001, "Black": 15.232, "just": 4.59}, "Sleigh Bell": {"Onyx Black": 10.374, "Black": 20.774, "just": 6.1964999999999995}, "Love Candle": {"Onyx Black": 10.144, "Black": 18.064, "just": 7.1739999999999995}, "Skull Flower": {"Onyx Black": 10.963999999999999, "Black": 17.967999999999996, "just": 7.037999999999999}, "Crystal Ball": {"Onyx Black": 11.870000000000001, "Black": 27.87, "just": 6.6215}, "Trapped Heart": {"Onyx Black": 13.258, "Black": 18.462, "just": 7.5055}, "Top Hat": {"Onyx Black": 12.466, "Black": 21.985999999999997, "just": 6.8934999999999995}, "Love Potion": {"Onyx Black": 11.0, "Black": 23.4, "just": 7.6499999999999995}, "Flying Broom": {"Onyx Black": 12.744, "Black": 19.903999999999996, "just": 7.854}, "Cupid Charm": {"Onyx Black": 16.262, "Black": 31.101999999999997, "just": 9.4945}, "Record Player": {"Onyx Black": 10.414, "Black": 20.854, "just": 6.8765}, "Eternal Rose": {"Onyx Black": 20.894, "Black": 35.694, "just": 11.4665}, "Mad Pumpkin": {"Onyx Black": 22.262, "Black": 40.862, "just": 14.254499999999998}, "Voodoo Doll": {"Onyx Black": 22.356, "Black": 45.92, "just": 14.110000000000001}, "Diamond Ring": {"Onyx Black": 22.169999999999998, "Black": 45.754, "just": 13.846499999999999}, "Toy Bear": {"Onyx Black": 29.257999999999996, "Black": 49.79, "just": 19.5415}, "Vintage Cigar": {"Onyx Black": 35.874, "Black": 54.394000000000005, "just": 20.391499999999997}, "Neko Helmet": {"Onyx Black": 38.8, "Black": 72.328, "just": 23.8}, "Low Rider": {"Onyx Black": 33.46, "Black": 86.7, "just": 20.825}, "Signet Ring": {"Onyx Black": 36.574, "Black": 79.374, "just": 22.3465}, "Electric Skull": {"Onyx Black": 45.194, "Black": 71.194,