{"Snoop Dogg": {"AI Dogg": 3.1814999999999998, "Black Diamond": 2.168, "Doggfather": 3.0105000000000004, "Chrome": 2.2535000000000003, "Sapphire": 2.1965000000000003, "King Snoop": 5.0905000000000005, "Emerald": 1.9210000000000003, "Cold Topaz": 2.0065, "Green Light": 1.9305000000000003, "Doberman": 3.3430000000000004, "Goldizzle": 7.021999999999999, "Onyx Black": 2.8833333333333333, "Black": 10.226923076923077, "just": 1.4024999999999999}, "Swag Bag": {"Darkness": 1.9530000000000003, "Boiling Hot": 2.139, "P.I.M.P.": 1.9530000000000003, "Cashback": 2.8830000000000005, "April 20th": 2.8830000000000005, "Bulk Order": 2.0460000000000003, "Gin & Jewels": 2.418, "Happy Herbs": 2.8830000000000005, "Take It Easy": 2.139, "Snoop Life": 2.0460000000000003, "Missionary": 6.510000000000001, "Onyx Black": 2.8000000000000003, "Black": 6.680000000000001, "just": 1.581}, "Snoop Cigar": {"Onyx Black": 8.06, "Black": 19.185, "just": 3.7145}, "Lol Pop": {"Soap Bubbles": 1.3545, "Pumpkin": 1.4190000000000003, "Satellite": 1.6125, "Cobweb": 1.4190000000000003, "Angelina": 1.9995, "Nostalgia": 1.3545, "Cookie Dip": 1.4190000000000003, "Celestia": 1.9995, "Rosebud": 1.677, "Blood Sucker": 1.548, "Romance": 1.3545, "Dark Sky": 1.4834999999999998, "Sweetheart": 1.4190000000000003, "Love Bubbles": 1.6125, "Hexed Helix": 1.4190000000000003, "Heart Pop": 1.3545, "Dark Portal": 1.6125, "Jolly Roger": 1.6125, "Fire Vortex": 1.4190000000000003, "Glowstick": 1.9995, "Milky Way": 1.4190000000000003, "Jinxed": 1.4190000000000003, "Andromeda": 1.677, "Einstein": 1.4190000000000003, "Icy Touch": 1.3545, "Mortal Sin": 4.515000000000001, "Blood Ember": 1.7415000000000003, "Comic Crunch": 1.3545, "Liquid Lime": 1.3545, "Watermelon": 1.4190000000000003, "Icicle": 1.4190000000000003, "Doodle Art": 1.4834999999999998, "Onyx Black": 1.745, "Black": 4.92, "just": 1.0965}, "B-Day Candle": {"Shocker": 1.8445, "Payday": 1.8445, "Final Boss": 1.8445, "On Fire": 1.8445, "Purr Magic": 2.38, "Pixel Wish": 1.8445, "Kaboom!": 1.8445, "Happy Meows": 2.38, "Onyx Black": 1.595, "Black": 4.09, "just": 1.0114999999999998}, "Desk Calendar": {"Sunday": 2.5, "Fund Manager": 1.9375, "Adult Tasks": 4.375, "Fawkes Night": 3.5, "Independence": 3.5, "Heartbreak": 1.375, "Pepe Plans": 4.375, "Durov Day": 2.5, "Tic Tac Toe": 1.9375, "Burning Time": 1.9375, "Telegram": 1.9375, "Checklist": 1.9375, "Hodler": 4.375, "Peach Week": 1.6875, "Deadline": 2.5, "Investor": 4.375, "Balloon Face": 1.625, "Onyx Black": 1.575, "Black": 4.665, "just": 1.0625}, "Lunar Snake": {"Synthwave": 3.9199999999999995, "Timelock": 1.89, "Hot Cherry": 2.17, "Psychedelic": 2.17, "Soul Eater": 2.17, "Hellspawn": 1.89, "Dragon Ball": 4.8999999999999995, "Python Dev": 2.17, "Onyx Black": 2.0300000000000002, "Black": 4.85, "just": 1.19}, "Xmas Stocking": {"Onyx Black": 1.965, "Black": 4.91, "just": 1.1305}, "Snake Box": {"Onyx Black": 1.945, "Black": 4.795, "just": 1.0965}, "Pet Snake": {"Onyx Black": 2.255, "Black": 5.36, "just": 1.462}, "Candy Cane": {"Designer": 4.76, "Grinch": 3.4, "Sticky Sweet": 2.295, "Hex Pot": 2.635, "Onyx Black": 2.345, "Black": 6.8500000000000005, "just": 1.4449999999999998}, "Whip Cupcake": {"Deep State": 2.201, "Sponge Duck": 2.84, "Resistance": 4.97, "Bitcoin": 4.97, "Toncoin": 2.201, "Onyx Black": 2.205, "Black": 5.01, "just": 1.2069999999999999}, "Big Year": {"Qing Dynasty": 2.7435, "Creator": 2.301, "The Nether": 2.301, "The Hobbit": 3.54, "Bitcoin": 4.9559999999999995, "First Website": 2.301, "YouTubes": 2.7435, "Gold Mine": 4.9559999999999995, "Cheshire Cat": 2.301, "Balloons": 1.8585, "Game Boy": 2.301, "Telegram": 4.9559999999999995, "Big Brother": 2.7435, "Pavel Durov": 3.54, "Pokeball": 2.7435, "Onyx Black": 2.865, "Black": 7.835000000000001, "just": 1.5045}, "Homemade Cake": {"Onyx Black": 1.9699999999999998, "Black": 4.970000000000001, "just": 1.394}, "Cookie Heart": {"Onyx Black": 2.45, "Black": 5.88, "just": 1.496}, "Jester Hat": {"Onyx Black": 2.735, "Black": 6.085, "just": 1.4195}, "Holiday Drink": {"Onyx Black": 2.33, "Black": 5.28, "just": 1.496}, "Ginger Cookie": {"Onyx Black": 2.825, "Black": 6.3999999999999995, "just": 1.53}, "Hypno Lollipop": {"Onyx Black": 2.755, "Black": 6.95, "just": 1.6235}, "Winter Wreath": {"Onyx Black": 2.4050000000000002, "Black": 8.805, "just": 1.5385}, "Party Sparkler": {"Onyx Black": 3.1449999999999996, "Black": 6.1450000000000005, "just": 1.6915}, "Jingle Bells": {"Onyx Black": 2.685, "Black": 5.445, "just": 1.6064999999999998}, "Tama Gadget": {"Onyx Black": 2.645, "Black": 6.1499999999999995, "just": 1.53}, "Jack-in-the-Box": {"Onyx Black": 2.7800000000000002, "Black": 7.754999999999999, "just": 1.751}, "Star Notepad": {"Onyx Black": 3.305, "Black": 9.33, "just": 1.836}, "Easter Egg": {"Onyx Black": 3.825, "Black": 11.005, "just": 2.261}, "Santa Hat": {"Onyx Black": 3.185, "Black": 9.684999999999999, "just": 2.0145}, "Hex Pot": {"Onyx Black": 3.54, "Black": 7.72, "just": 2.2015}, "Restless Jar": {"Onyx Black": 3.4650000000000003, "Black": 7.995, "just": 2.1165000000000003}, "Lush Bouquet": {"Onyx Black": 3.375, "Black": 7.7749999999999995, "just": 2.1675}, "Spiced Wine": {"Onyx Black": 3.29, "Black": 7.545, "just": 1.7764999999999997}, "Snow Globe": {"Onyx Black": 4.075, "Black": 9.125, "just": 2.0825}, "Joyful Bundle": {"Onyx Black": 3.7199999999999998, "Black": 8.545, "just": 2.2864999999999998}, "Light Sword": {"Onyx Black": 4.1, "Black": 11.899999999999999, "just": 2.38}, "Witch Hat": {"Onyx Black": 4.02, "Black": 9.42, "just": 2.4139999999999997}, "Bow Tie": {"Onyx Black": 4.725, "Black": 14.725, "just": 2.635}, "Eternal Candle": {"Onyx Black": 4.945, "Black": 10.19, "just": 2.4565}, "Jelly Bunny": {"Onyx Black": 4.6, "Black": 10.094999999999999, "just": 2.72}, "Bunny Muffin": {"Onyx Black": 4.495, "Black": 11.045, "just": 2.7115}, "Spy Agaric": {"Onyx Black": 5.35, "Black": 9.95, "just": 2.4735}, "Evil Eye": {"Onyx Black": 5.765000000000001, "Black": 14.219999999999999, "just": 3.009}, "Snow Mittens": {"Onyx Black": 4.52, "Black": 8.915, "just": 2.584}, "Berry Box": {"Onyx Black": 4.79, "Black": 14.299999999999999, "just": 3.06}, "Valentine Box": {"Onyx Black": 6.0, "Black": 10.99, "just": 3.4}, "Sakura Flower": {"Onyx Black": 5.720000000000001, "Black": 18.075000000000003, "just": 3.5275000000000003}, "Hanging Star": {"Onyx Black": 7.92, "Black": 17.42, "just": 4.114}, "Sleigh Bell": {"Onyx Black": 9.754999999999999, "Black": 17.755000000000003, "just": 4.6834999999999996}, "Love Candle": {"Onyx Black": 7.845000000000001, "Black": 14.645, "just": 5.3465}, "Skull Flower": {"Onyx Black": 8.575, "Black": 16.43, "just": 4.981}, "Crystal Ball": {"Onyx Black": 10.255, "Black": 29.27, "just": 5.559}, "Trapped Heart": {"Onyx Black": 10.345, "Black": 22.845, "just": 6.5365}, "Top Hat": {"Onyx Black": 13.3, "Black": 26.15, "just": 6.46}, "Love Potion": {"Onyx Black": 10.225, "Black": 29.174999999999997, "just": 7.097499999999999}, "Flying Broom": {"Onyx Black": 10.684999999999999, "Black": 20.085, "just": 7.114499999999999}, "Cupid Charm": {"Onyx Black": 15.274999999999999, "Black": 33.745, "just": 8.0665}, "Record Player": {"Onyx Black": 10.635, "Black": 24.384999999999998, "just": 7.4544999999999995}, "Eternal Rose": {"Onyx Black": 19.0, "Black": 34.0, "just": 11.049999999999999}, "Mad Pumpkin": {"Onyx Black": 18.5, "Black": 41.0, "just": 11.9}, "Voodoo Doll": {"Onyx Black": 20.45, "Black": 40.45, "just": 12.665}, "Diamond Ring": {"Onyx Black": 21.04, "Black": 47.22, "just": 13.123999999999999}, "Toy Bear": {"Onyx Black": 23.225, "Black": 51.22, "just": 14.8325}, "Vintage Cigar": {"Onyx Black": 43.5, "Black": 62.5, "just": 18.7}, "Neko Helmet": {"Onyx Black": 41.5, "Black": 71.5, "just": 19.55}, "Low Rider": {"Onyx Black": 37.57, "Black": 111.57000000000001, "just": 19.669}, "Signet Ring": {"Onyx Black": 33.245, "Black": 84.495, "just": 18.691499999999998}, "Electric Skull": {"Onyx Black": 36.465, "Black": 70.465, "just": 22.040499999999998},