{"Snoop Dogg": {"Sapphire": 2.0300000000000002, "Black Diamond": 2.0205, "AI Dogg": 2.9365000000000006, "Cold Topaz": 1.9730000000000003, "Chrome": 2.296, "King Snoop": 4.627, "Goldizzle": 6.945500000000001, "Black Gold": 2.0015, "King Ruby": 2.0205, "Doberman": 3.5540000000000003, "Doggfather": 3.0410000000000004, "Emerald": 2.011, "Onyx Black": 3.256666666666667, "Black": 10.408461538461538, "just": 1.5045}, "Swag Bag": {"Darkness": 2.2697999999999996, "Leopard": 2.2697999999999996, "Golden Nugs": 2.134, "Boiling Hot": 2.619, "Missionary": 7.970000000000001, "April 20th": 3.007, "Happy Herbs": 3.007, "Bulk Order": 2.328, "Cashback": 3.007, "Take It Easy": 2.522, "Snoop Life": 2.522, "Gin & Jewels": 2.522, "Onyx Black": 3.0700000000000003, "Black": 7.220000000000001, "just": 1.649}, "Snoop Cigar": {"Onyx Black": 7.5600000000000005, "Black": 19.384999999999998, "just": 4.1395}, "Lol Pop": {"Blood Ember": 1.5984999999999998, "Glowstick": 2.1545, "Blue Goo": 1.4595, "Satellite": 1.668, "Mortal Sin": 3.8919999999999995, "Einstein": 1.4595, "Jinxed": 1.529, "Hexed Helix": 1.5984999999999998, "Watermelon": 1.4595, "Dark Portal": 1.7374999999999998, "Shock Wave": 1.5984999999999998, "Blood Sucker": 1.8765, "Pumpkin": 1.4595, "Cookie Dip": 1.529, "Nostalgia": 1.4595, "Heart Pop": 1.529, "Icicle": 1.4595, "Celestia": 2.1545, "Sweetheart": 1.8765, "Rosebud": 1.529, "Love Bubbles": 1.5984999999999998, "Fire Vortex": 1.4595, "Jolly Roger": 1.529, "Milky Way": 1.529, "Magic Wand": 1.4595, "Pink Foil": 1.4595, "Portable Pop": 1.4595, "Doodle Art": 1.668, "Sailor Moon": 1.4595, "Cobweb": 1.529, "Angelina": 2.1545, "Andromeda": 2.1545, "Dark Sky": 1.7374999999999998, "Onyx Black": 1.94, "Black": 5.220000000000001, "just": 1.1815}, "B-Day Candle": {"Final Boss": 2.0925000000000002, "Payday": 2.0925000000000002, "Purr Magic": 2.0925000000000002, "On Fire": 2.0925000000000002, "Pixel Wish": 2.0925000000000002, "Happy Meows": 2.7, "Kaboom!": 1.8225000000000002, "Onyx Black": 1.75, "Black": 5.115, "just": 1.1475}, "Desk Calendar": {"Adult Tasks": 24.119999999999997, "Tic Tac Toe": 1.8090000000000002, "Burning Time": 1.8090000000000002, "Independence": 2.68, "Checklist": 2.0770000000000004, "Pepe Plans": 15.67, "Peach Week": 2.0770000000000004, "Deadline": 2.0770000000000004, "Durov Day": 2.68, "Fawkes Night": 2.68, "Investor": 5.41, "Balloon Face": 2.0770000000000004, "Fund Manager": 2.0770000000000004, "Telegram": 2.0770000000000004, "Sunday": 1.8090000000000002, "Hodler": 4.69, "Heartbreak": 1.5678, "Onyx Black": 1.7400000000000002, "Black": 5.3549999999999995, "just": 1.139}, "Lunar Snake": {"Soul Eater": 2.325, "Dragon Ball": 5.25, "Python Dev": 2.325, "Synthwave": 5.25, "Hellspawn": 2.325, "Timelock": 1.9500000000000002, "Hot Cherry": 2.0250000000000004, "Psychedelic": 1.875, "Onyx Black": 2.225, "Black": 5.85, "just": 1.275}, "Xmas Stocking": {"Onyx Black": 2.65, "Black": 5.685, "just": 1.275}, "Snake Box": {"Onyx Black": 2.2, "Black": 6.170000000000001, "just": 1.2325}, "Pet Snake": {"Onyx Black": 2.275, "Black": 5.845000000000001, "just": 1.4449999999999998}, "Candy Cane": {"Hex Pot": 3.08, "Sticky Sweet": 3.08, "Designer": 8.370000000000001, "Grinch": 3.08, "Onyx Black": 2.3449999999999998, "Black": 5.87, "just": 1.309}, "Whip Cupcake": {"Toncoin": 2.3560000000000003, "Deep State": 2.3560000000000003, "Bitcoin": 9.26, "Sponge Duck": 2.3560000000000003, "Resistance": 5.32, "Onyx Black": 2.2350000000000003, "Black": 5.5600000000000005, "just": 1.292}, "Big Year": {"Telegram": 4.24, "YouTubes": 4.24, "Pokeball": 2.6500000000000004, "Game Boy": 2.2260000000000004, "Big Brother": 2.8620000000000005, "Gold Mine": 7.42, "Bitcoin": 5.936, "Creator": 2.8620000000000005, "Cheshire Cat": 2.4379999999999997, "Pavel Durov": 4.24, "First Website": 2.3320000000000003, "The Nether": 2.7560000000000002, "Qing Dynasty": 3.2860000000000005, "The Hobbit": 3.2860000000000005, "Onyx Black": 3.68, "Black": 9.925, "just": 1.802}, "Homemade Cake": {"Onyx Black": 2.42, "Black": 5.365, "just": 1.5725}, "Cookie Heart": {"Onyx Black": 2.55, "Black": 6.945, "just": 1.615}, "Jester Hat": {"Onyx Black": 2.46, "Black": 6.4750000000000005, "just": 1.513}, "Holiday Drink": {"Onyx Black": 2.46, "Black": 6.445, "just": 1.6915}, "Ginger Cookie": {"Onyx Black": 3.825, "Black": 7.300000000000001, "just": 1.785}, "Hypno Lollipop": {"Onyx Black": 2.815, "Black": 6.5200000000000005, "just": 1.8104999999999998}, "Winter Wreath": {"Moon Cat": 105.49000000000001, "Onyx Black": 2.965, "Black": 7.84, "just": 1.683}, "Party Sparkler": {"Onyx Black": 2.9850000000000003, "Black": 6.984999999999999, "just": 1.6744999999999999}, "Jingle Bells": {"Onyx Black": 2.86, "Black": 6.765, "just": 1.8104999999999998}, "Tama Gadget": {"Onyx Black": 3.215, "Black": 6.565, "just": 1.8104999999999998}, "Jack-in-the-Box": {"Onyx Black": 3.125, "Black": 7.37, "just": 1.9040000000000001}, "Star Notepad": {"Onyx Black": 4.005, "Black": 9.48, "just": 1.9209999999999998}, "Easter Egg": {"Onyx Black": 3.8249999999999997, "Black": 11.05, "just": 2.38}, "Santa Hat": {"Onyx Black": 3.474, "Black": 8.414000000000001, "just": 2.3715}, "Hex Pot": {"Onyx Black": 3.89, "Black": 10.094999999999999, "just": 2.3715}, "Restless Jar": {"Onyx Black": 3.74, "Black": 10.185, "just": 2.1504999999999996}, "Lush Bouquet": {"Onyx Black": 4.335, "Black": 7.984999999999999, "just": 2.5245}, "Spiced Wine": {"Onyx Black": 2.858, "Black": 6.91, "just": 2.0655}, "Snow Globe": {"Onyx Black": 4.465, "Black": 10.915000000000001, "just": 2.4055}, "Joyful Bundle": {"Onyx Black": 3.625, "Black": 7.999999999999999, "just": 2.38}, "Light Sword": {"Onyx Black": 4.8740000000000006, "Black": 10.474, "just": 2.6605}, "Witch Hat": {"Onyx Black": 4.37, "Black": 11.674999999999999, "just": 2.8475}, "Bow Tie": {"Onyx Black": 4.912000000000001, "Black": 12.600000000000001, "just": 2.72}, "Eternal Candle": {"Onyx Black": 5.054, "Black": 11.086000000000002, "just": 2.9665}, "Jelly Bunny": {"Onyx Black": 5.02, "Black": 10.72, "just": 2.924}, "Bunny Muffin": {"Onyx Black": 4.934, "Black": 14.542, "just": 3.0515}, "Spy Agaric": {"Onyx Black": 5.572, "Black": 10.444, "just": 2.907}, "Evil Eye": {"Onyx Black": 6.414, "Black": 13.274000000000001, "just": 3.2215}, "Snow Mittens": {"Onyx Black": 5.12, "Black": 8.216000000000001, "just": 3.145}, "Berry Box": {"Onyx Black": 5.928, "Black": 10.728000000000002, "just": 3.298}, "Valentine Box": {"Onyx Black": 8.274000000000001, "Black": 12.714000000000002, "just": 4.0715}, "Sakura Flower": {"Onyx Black": 6.843999999999999, "Black": 15.483999999999998, "just": 4.369}, "Hanging Star": {"Onyx Black": 8.078, "Black": 15.274000000000001, "just": 4.6495}, "Sleigh Bell": {"Onyx Black": 10.158, "Black": 18.154, "just": 5.890499999999999}, "Love Candle": {"Onyx Black": 10.96, "Black": 19.56, "just": 7.31}, "Skull Flower": {"Onyx Black": 11.27, "Black": 18.874, "just": 7.471499999999999}, "Crystal Ball": {"Onyx Black": 11.870000000000001, "Black": 27.874, "just": 6.6215}, "Trapped Heart": {"Onyx Black": 13.233999999999998, "Black": 18.514, "just": 7.471499999999999}, "Top Hat": {"Onyx Black": 12.394, "Black": 22.594, "just": 6.7915}, "Love Potion": {"Onyx Black": 10.969999999999999, "Black": 23.369999999999997, "just": 7.607499999999999}, "Flying Broom": {"Onyx Black": 12.888, "Black": 20.048000000000002, "just": 8.058}, "Cupid Charm": {"Onyx Black": 16.628, "Black": 31.868000000000002, "just": 10.013}, "Record Player": {"Onyx Black": 10.754000000000001, "Black": 20.793999999999997, "just": 6.7915}, "Eternal Rose": {"Onyx Black": 20.172, "Black": 36.152, "just": 11.576999999999998}, "Mad Pumpkin": {"Onyx Black": 22.22, "Black": 41.215999999999994, "just": 14.194999999999999}, "Voodoo Doll": {"Onyx Black": 22.41, "Black": 45.934, "just": 14.1865}, "Diamond Ring": {"Onyx Black": 22.086, "Black": 42.57000000000001, "just": 13.7275}, "Toy Bear": {"Onyx Black": 26.65, "Black": 48.934, "just": 18.6065}, "Vintage Cigar": {"Onyx Black": 38.634,