{"Snoop Dogg": {"Cold Topaz": 1.9874999999999998, "Goldizzle": 7.7155, "Chrome": 2.3165, "Doggfather": 3.039, "Black Diamond": 2.0255, "King Snoop": 4.5680000000000005, "Doberman": 3.3905000000000003, "King Ruby": 1.7405, "AI Dogg": 2.8870000000000005, "Sapphire": 2.111, "Onyx Black": 2.8600000000000003, "Black": 10.038461538461538, "just": 1.36}, "Swag Bag": {"Cashback": 3.6, "Missionary": 6.3, "Boiling Hot": 2.25, "Happy Herbs": 2.79, "Gin & Jewels": 2.25, "Take It Easy": 1.9800000000000002, "Golden Nugs": 1.8900000000000001, "April 20th": 2.79, "Bulk Order": 1.9800000000000002, "Snoop Life": 2.16, "Darkness": 2.07, "Onyx Black": 3.1500000000000004, "Black": 6.8999999999999995, "just": 1.53}, "Snoop Cigar": {"Onyx Black": 8.11, "Black": 18.21, "just": 3.7569999999999997}, "Lol Pop": {"Sweetheart": 1.4834999999999998, "Wonka Berry": 1.4190000000000003, "Pumpkin": 1.4190000000000003, "Blood Ember": 1.4190000000000003, "Celestia": 1.9995, "Mortal Sin": 2.58, "Hexed Helix": 1.4834999999999998, "Andromeda": 1.9995, "Comic Crunch": 1.3545, "Jinxed": 1.4190000000000003, "Soap Bubbles": 1.4190000000000003, "Doodle Art": 1.4834999999999998, "Dark Portal": 1.9995, "Glowstick": 1.9995, "Pink Foil": 1.3545, "Milky Way": 1.4190000000000003, "Sailor Moon": 1.4834999999999998, "Rosebud": 1.548, "Icicle": 1.3545, "Watermelon": 1.4190000000000003, "Angelina": 1.9995, "Love Bubbles": 1.4190000000000003, "Jolly Roger": 1.548, "Heart Pop": 1.3545, "Blood Sucker": 1.548, "Shock Wave": 1.3545, "Nostalgia": 1.548, "Fire Vortex": 1.4190000000000003, "Einstein": 1.4834999999999998, "Dark Sky": 1.4834999999999998, "Cobweb": 1.4190000000000003, "Satellite": 1.677, "Cookie Dip": 1.677, "Portable Pop": 1.3545, "Onyx Black": 1.795, "Black": 4.9399999999999995, "just": 1.0965}, "B-Day Candle": {"On Fire": 1.922, "Shocker": 1.922, "Final Boss": 1.922, "Happy Meows": 2.48, "Pixel Wish": 1.922, "Kaboom!": 1.922, "Purr Magic": 1.922, "Payday": 1.922, "Onyx Black": 1.62, "Black": 4.865, "just": 1.054}, "Desk Calendar": {"Peach Week": 1.599, "Pepe Plans": 4.305, "Fund Manager": 1.9065, "Investor": 4.305, "Sunday": 1.9065, "Hodler": 4.305, "Deadline": 2.46, "Balloon Face": 1.5375, "Burning Time": 1.9065, "Fawkes Night": 4.305, "Checklist": 1.9065, "Tic Tac Toe": 1.6605, "Independence": 3.444, "Heartbreak": 1.353, "Adult Tasks": 4.305, "Durov Day": 2.46, "Telegram": 1.9065, "Onyx Black": 1.695, "Black": 5.414999999999999, "just": 1.0454999999999999}, "Lunar Snake": {"Python Dev": 2.0615, "Hellspawn": 3.7239999999999998, "Hot Cherry": 2.0615, "Timelock": 1.7955000000000003, "Psychedelic": 2.0615, "Dragon Ball": 4.655, "Synthwave": 3.7239999999999998, "Soul Eater": 2.0615, "Onyx Black": 1.965, "Black": 5.065, "just": 1.1305}, "Xmas Stocking": {"Onyx Black": 1.8900000000000001, "Black": 4.904999999999999, "just": 1.1135}, "Snake Box": {"Onyx Black": 1.7650000000000001, "Black": 5.154999999999999, "just": 1.1135}, "Pet Snake": {"Onyx Black": 2.32, "Black": 5.2700000000000005, "just": 1.394}, "Candy Cane": {"Sticky Sweet": 2.325, "Grinch": 3.0, "Hex Pot": 3.0, "Designer": 5.25, "Onyx Black": 2.35, "Black": 6.745, "just": 1.275}, "Whip Cupcake": {"Deep State": 1.89, "Resistance": 4.8999999999999995, "Sponge Duck": 2.8, "Bitcoin": 4.8999999999999995, "Toncoin": 2.17, "Onyx Black": 2.125, "Black": 5.199999999999999, "just": 1.19}, "Big Year": {"The Hobbit": 3.42, "Pavel Durov": 4.787999999999999, "Pokeball": 2.6505, "Big Brother": 2.223, "Creator": 2.3085, "Gold Mine": 5.984999999999999, "Balloons": 1.881, "Game Boy": 2.223, "Bitcoin": 4.787999999999999, "The Nether": 2.1375, "Qing Dynasty": 3.42, "YouTubes": 2.6505, "Cheshire Cat": 2.223, "First Website": 2.1375, "Telegram": 4.787999999999999, "Onyx Black": 2.73, "Black": 7.8549999999999995, "just": 1.4535}, "Homemade Cake": {"Onyx Black": 2.035, "Black": 5.28, "just": 1.343}, "Cookie Heart": {"Onyx Black": 2.315, "Black": 6.3149999999999995, "just": 1.4705}, "Jester Hat": {"Onyx Black": 2.8449999999999998, "Black": 6.569999999999999, "just": 1.394}, "Holiday Drink": {"Onyx Black": 2.26, "Black": 5.54, "just": 1.428}, "Ginger Cookie": {"Onyx Black": 3.38, "Black": 6.33, "just": 1.496}, "Hypno Lollipop": {"Onyx Black": 2.7, "Black": 6.84, "just": 1.53}, "Winter Wreath": {"Onyx Black": 2.435, "Black": 8.855, "just": 1.4535}, "Party Sparkler": {"Onyx Black": 2.9450000000000003, "Black": 7.694999999999999, "just": 1.6064999999999998}, "Jingle Bells": {"Onyx Black": 2.43, "Black": 6.300000000000001, "just": 1.4449999999999998}, "Tama Gadget": {"Onyx Black": 3.145, "Black": 6.37, "just": 1.5215}, "Jack-in-the-Box": {"Onyx Black": 3.02, "Black": 7.72, "just": 1.7764999999999997}, "Star Notepad": {"Onyx Black": 4.09, "Black": 8.805, "just": 1.853}, "Easter Egg": {"Onyx Black": 3.865, "Black": 11.159999999999998, "just": 1.9805}, "Santa Hat": {"Onyx Black": 3.1550000000000002, "Black": 9.450000000000001, "just": 1.785}, "Hex Pot": {"Onyx Black": 3.5599999999999996, "Black": 8.17, "just": 1.9975}, "Restless Jar": {"Onyx Black": 3.83, "Black": 7.680000000000001, "just": 2.0145}, "Lush Bouquet": {"Onyx Black": 3.525, "Black": 8.600000000000001, "just": 2.295}, "Spiced Wine": {"Onyx Black": 2.99, "Black": 7.779999999999999, "just": 1.6064999999999998}, "Snow Globe": {"Onyx Black": 3.875, "Black": 9.0, "just": 1.87}, "Joyful Bundle": {"Onyx Black": 3.695, "Black": 8.045, "just": 2.2015}, "Light Sword": {"Onyx Black": 4.5, "Black": 11.25, "just": 2.38}, "Witch Hat": {"Onyx Black": 4.03, "Black": 10.385, "just": 2.3545}, "Bow Tie": {"Onyx Black": 4.55, "Black": 14.549999999999999, "just": 2.635}, "Eternal Candle": {"Onyx Black": 5.195, "Black": 13.945, "just": 2.4565}, "Jelly Bunny": {"Onyx Black": 5.015000000000001, "Black": 10.045000000000002, "just": 2.7965}, "Bunny Muffin": {"Onyx Black": 4.785, "Black": 21.58, "just": 2.6944999999999997}, "Spy Agaric": {"Onyx Black": 5.220000000000001, "Black": 10.72, "just": 2.499}, "Evil Eye": {"Onyx Black": 5.68, "Black": 15.535, "just": 2.8645}, "Snow Mittens": {"Onyx Black": 4.49, "Black": 8.54, "just": 2.618}, "Berry Box": {"Onyx Black": 4.21, "Black": 13.959999999999999, "just": 2.992}, "Valentine Box": {"Onyx Black": 7.99, "Black": 10.99, "just": 3.383}, "Sakura Flower": {"Onyx Black": 7.0, "Black": 17.75, "just": 3.4}, "Hanging Star": {"Onyx Black": 7.61, "Black": 16.46, "just": 4.1819999999999995}, "Sleigh Bell": {"Onyx Black": 10.395, "Black": 17.22, "just": 5.049}, "Love Candle": {"Onyx Black": 7.875, "Black": 15.375, "just": 5.4825}, "Skull Flower": {"Onyx Black": 8.66, "Black": 16.965, "just": 5.0405}, "Crystal Ball": {"Onyx Black": 13.29, "Black": 28.294999999999998, "just": 5.6015}, "Trapped Heart": {"Onyx Black": 11.885, "Black": 23.384999999999998, "just": 6.6045}, "Top Hat": {"Onyx Black": 16.174999999999997, "Black": 26.050000000000004, "just": 6.29}, "Love Potion": {"Onyx Black": 10.245000000000001, "Black": 28.494999999999997, "just": 6.7915}, "Flying Broom": {"Onyx Black": 10.879999999999999, "Black": 19.39, "just": 7.462999999999999}, "Cupid Charm": {"Onyx Black": 16.5, "Black": 37.0, "just": 8.5}, "Record Player": {"Onyx Black": 11.725000000000001, "Black": 23.82, "just": 6.5025}, "Eternal Rose": {"Onyx Black": 21.0, "Black": 36.5, "just": 11.049999999999999}, "Mad Pumpkin": {"Onyx Black": 18.43, "Black": 46.684999999999995, "just": 12.2145}, "Voodoo Doll": {"Onyx Black": 22.68, "Black": 46.18, "just": 13.056}, "Diamond Ring": {"Onyx Black": 20.39, "Black": 43.905, "just": 13.4385}, "Toy Bear": {"Onyx Black": 24.55, "Black": 53.050000000000004, "just": 14.535}, "Vintage Cigar": {"Onyx Black": 47.980000000000004, "Black": 72.70500000000001, "just": 18.666}, "Neko Helmet": {"Onyx Black": 41.135000000000005, "Black": 71.13, "just": 18.9295}, "Low Rider": {"Onyx Black": 40.900000000000006, "Black": 106.89999999999999, "just": 21.08}, "Signet Ring": {"Onyx Black": 37.845, "Black": 85.845, "just": 20.1365}, "Electric Skull": {"Onyx Black": 37.480000000000004, "Black": 68.485,