{"Snoop Dogg": {"Chrome": 2.4810000000000003, "Black Diamond": 2.1155, "Doggfather": 3.2405, "AI Dogg": 2.7565, "Doberman": 3.763, "Sapphire": 2.0585, "Cold Topaz": 1.9255, "Goldizzle": 7.886000000000001, "King Snoop": 6.0805, "Onyx Black": 3.7366666666666672, "Black": 10.19153846153846, "just": 1.5555}, "Swag Bag": {"Take It Easy": 2.548, "Cashback": 3.038, "Bulk Order": 2.156, "Gin & Jewels": 2.352, "Darkness": 2.058, "Snoop Life": 2.45, "Boiling Hot": 2.646, "Golden Nugs": 2.058, "Happy Herbs": 3.038, "April 20th": 3.038, "Aviators": 2.058, "Missionary": 8.43, "Onyx Black": 3.93, "Black": 7.175, "just": 1.666}, "Snoop Cigar": {"Onyx Black": 8.41, "Black": 19.94, "just": 4.156499999999999}, "Lol Pop": {"Einstein": 1.6965, "Dark Portal": 1.6674999999999998, "Glowstick": 1.9575, "Fire Vortex": 1.5225, "Mortal Sin": 2.9, "Cobweb": 1.595, "Crystalline": 1.5225, "Dark Sky": 1.595, "Blood Ember": 1.6674999999999998, "Jolly Roger": 1.6674999999999998, "Comic Crunch": 1.5225, "Gold Star": 1.5225, "Rosebud": 1.74, "Angelina": 2.2475, "Shock Wave": 1.5225, "Pumpkin": 2.2475, "Satellite": 1.6674999999999998, "Love Bubbles": 1.595, "Doodle Art": 1.595, "Icicle": 1.5225, "Hexed Helix": 1.595, "Celestia": 1.9575, "Andromeda": 1.9575, "Plastic Ice": 1.5225, "Blood Sucker": 1.74, "Sick Leave": 1.5225, "Heart Pop": 1.5225, "Sweetheart": 1.74, "Jinxed": 1.6965, "Onyx Black": 1.915, "Black": 4.96, "just": 1.2325}, "B-Day Candle": {"Purr Magic": 2.139, "Final Boss": 2.139, "Pixel Wish": 2.139, "Payday": 2.139, "Kaboom!": 2.139, "Happy Meows": 2.139, "On Fire": 2.139, "Onyx Black": 1.78, "Black": 4.9350000000000005, "just": 1.1729999999999998}, "Desk Calendar": {"Heartbreak": 1.5525, "Checklist": 1.8225000000000002, "Fawkes Night": 5.620000000000001, "Investor": 9.175, "Independence": 2.0925000000000002, "Peach Week": 2.0925000000000002, "Deadline": 2.0925000000000002, "Balloon Face": 1.6875, "Tic Tac Toe": 1.6875, "Fund Manager": 2.0925000000000002, "Burning Time": 2.0925000000000002, "Pepe Plans": 14.169999999999998, "Adult Tasks": 25.61, "Hodler": 4.7250000000000005, "Durov Day": 6.615, "Sunday": 2.0925000000000002, "Telegram": 2.7, "Onyx Black": 1.75, "Black": 4.995000000000001, "just": 1.1475}, "Lunar Snake": {"Python Dev": 2.201, "Timelock": 2.201, "Soul Eater": 2.201, "Dragon Ball": 4.97, "Hellspawn": 1.917, "Psychedelic": 1.775, "Synthwave": 4.97, "Hot Cherry": 1.917, "Onyx Black": 2.81, "Black": 5.45, "just": 1.2069999999999999}, "Xmas Stocking": {"Onyx Black": 2.075, "Black": 5.9, "just": 1.2325}, "Snake Box": {"Onyx Black": 2.14, "Black": 5.995, "just": 1.2665}, "Pet Snake": {"Onyx Black": 2.425, "Black": 5.9, "just": 1.5725}, "Candy Cane": {"Sticky Sweet": 1.9625000000000001, "Grinch": 3.14, "Hex Pot": 3.14, "Designer": 5.495, "Onyx Black": 2.1350000000000002, "Black": 5.79, "just": 1.3345}, "Whip Cupcake": {"Sponge Duck": 2.3715, "Toncoin": 2.3715, "Resistance": 5.355, "Deep State": 2.0655, "Bitcoin": 10.264999999999999, "Onyx Black": 2.415, "Black": 5.425, "just": 1.3005}, "Big Year": {"Big Brother": 2.9295, "Balloons": 1.9845, "The Hobbit": 3.78, "Cheshire Cat": 2.9295, "Bitcoin": 5.292, "Qing Dynasty": 2.9295, "Creator": 2.9295, "Game Boy": 2.079, "YouTubes": 3.78, "Gold Mine": 6.614999999999999, "Telegram": 5.292, "The Nether": 2.5515, "Pokeball": 2.5515, "Pavel Durov": 9.195, "First Website": 2.5515, "Onyx Black": 3.54, "Black": 8.945, "just": 1.6064999999999998}, "Homemade Cake": {"Onyx Black": 2.225, "Black": 5.324999999999999, "just": 1.581}, "Cookie Heart": {"Onyx Black": 2.685, "Black": 6.635, "just": 1.6744999999999999}, "Jester Hat": {"Onyx Black": 2.495, "Black": 6.569999999999999, "just": 1.5215}, "Holiday Drink": {"Onyx Black": 2.665, "Black": 6.294999999999999, "just": 1.6064999999999998}, "Ginger Cookie": {"Onyx Black": 3.625, "Black": 7.220000000000001, "just": 1.6575}, "Hypno Lollipop": {"Onyx Black": 3.3200000000000003, "Black": 7.345, "just": 1.6915}, "Winter Wreath": {"Moon Cat": 90.97, "Onyx Black": 2.87, "Black": 7.92, "just": 1.649}, "Party Sparkler": {"Onyx Black": 2.915, "Black": 6.7, "just": 1.6404999999999998}, "Jingle Bells": {"Onyx Black": 2.87, "Black": 6.760000000000001, "just": 1.734}, "Tama Gadget": {"Onyx Black": 3.4050000000000002, "Black": 6.735, "just": 1.6915}, "Jack-in-the-Box": {"Onyx Black": 3.12, "Black": 6.87, "just": 1.9040000000000001}, "Star Notepad": {"Onyx Black": 3.575, "Black": 9.145, "just": 1.9465}, "Easter Egg": {"Onyx Black": 3.77, "Black": 10.855, "just": 2.38}, "Santa Hat": {"Onyx Black": 3.77, "Black": 9.23, "just": 2.3375}, "Hex Pot": {"Onyx Black": 3.96, "Black": 9.32, "just": 2.3120000000000003}, "Restless Jar": {"Onyx Black": 3.715, "Black": 8.58, "just": 2.278}, "Lush Bouquet": {"Onyx Black": 4.715, "Black": 8.225000000000001, "just": 2.5925}, "Spiced Wine": {"Onyx Black": 2.95, "Black": 6.866, "just": 2.0825}, "Snow Globe": {"Onyx Black": 7.495, "Black": 10.094999999999999, "just": 2.5415}, "Joyful Bundle": {"Onyx Black": 4.9399999999999995, "Black": 8.940000000000001, "just": 2.448}, "Light Sword": {"Onyx Black": 4.846, "Black": 10.261999999999999, "just": 2.6435}, "Witch Hat": {"Onyx Black": 4.67, "Black": 12.02, "just": 2.584}, "Bow Tie": {"Onyx Black": 6.316000000000001, "Black": 12.312000000000001, "just": 2.72}, "Eternal Candle": {"Onyx Black": 5.416, "Black": 11.008, "just": 3.145}, "Jelly Bunny": {"Onyx Black": 4.835, "Black": 11.389999999999999, "just": 2.788}, "Bunny Muffin": {"Onyx Black": 6.763999999999999, "Black": 16.764, "just": 3.5189999999999997}, "Spy Agaric": {"Onyx Black": 6.944, "Black": 10.488000000000001, "just": 3.043}, "Evil Eye": {"Onyx Black": 7.128, "Black": 14.328, "just": 3.298}, "Snow Mittens": {"Onyx Black": 5.976, "Black": 8.675999999999998, "just": 3.366}, "Berry Box": {"Onyx Black": 4.7540000000000004, "Black": 10.530000000000001, "just": 3.2215}, "Valentine Box": {"Onyx Black": 7.02, "Black": 12.620000000000001, "just": 3.995}, "Sakura Flower": {"Onyx Black": 6.962, "Black": 16.358, "just": 4.4795}, "Hanging Star": {"Onyx Black": 9.212, "Black": 15.459999999999999, "just": 5.185}, "Sleigh Bell": {"Onyx Black": 10.834, "Black": 24.034, "just": 6.281499999999999}, "Love Candle": {"Onyx Black": 10.362, "Black": 15.722000000000001, "just": 7.539499999999999}, "Skull Flower": {"Onyx Black": 11.054, "Black": 18.374, "just": 6.8765}, "Crystal Ball": {"Onyx Black": 12.27, "Black": 27.098, "just": 6.672499999999999}, "Trapped Heart": {"Onyx Black": 11.533999999999999, "Black": 20.733999999999998, "just": 6.706499999999999}, "Top Hat": {"Onyx Black": 14.283999999999999, "Black": 26.376, "just": 6.766}, "Love Potion": {"Onyx Black": 12.601999999999999, "Black": 23.966, "just": 8.4575}, "Flying Broom": {"Onyx Black": 11.58, "Black": 27.180000000000003, "just": 7.905}, "Cupid Charm": {"Onyx Black": 18.094, "Black": 32.894, "just": 9.7665}, "Record Player": {"Onyx Black": 10.440000000000001, "Black": 20.44, "just": 6.29}, "Eternal Rose": {"Onyx Black": 18.348, "Black": 35.587999999999994, "just": 11.883000000000001}, "Mad Pumpkin": {"Onyx Black": 23.768, "Black": 40.168, "just": 15.538}, "Voodoo Doll": {"Onyx Black": 24.18, "Black": 47.8, "just": 14.45}, "Diamond Ring": {"Onyx Black": 20.369999999999997, "Black": 41.56999999999999, "just": 13.5575}, "Toy Bear": {"Onyx Black": 30.716, "Black": 46.72, "just": 19.72}, "Vintage Cigar": {"Onyx Black": 36.019999999999996, "Black": 57.8, "just": 19.55}, "Neko Helmet": {"Onyx Black": 37.256, "Black": 64.656, "just": 23.596}, "Low Rider": {"Onyx Black": 33.873999999999995, "Black": 76.674, "just": 21.921499999999998}, "Signet Ring": {"Onyx Black": 37.480000000000004, "Black": 74.68, "just": 23.63}, "Electric Skull": {"Onyx Black": 42.348, "Black": 75.152, "just": 27.132}, "Kissed Frog": {"Onyx Black": 43.866, "Black": 78.514, "just": 26.5115}, "Swiss Watch": {"Onyx Black": 47.534, "Black": 75.53399999999999, "just": 33.9065}, "Sharp Tongue": {"Onyx Black": 53.826, "Black": 139.826, "just": 33.7535},