{"Snoop Dogg": {"King Ruby": 1.992, "AI Dogg": 2.7754999999999996, "Emerald": 1.9730000000000003, "Black Diamond": 2.163, "Doberman": 3.7155000000000005, "King Snoop": 5.824, "Black Gold": 1.9445000000000001, "Doggfather": 3.2405, "Chrome": 2.4715, "Goldizzle": 7.5915, "Sapphire": 2.0585, "Onyx Black": 3.74, "Black": 10.193846153846152, "just": 1.564}, "Swag Bag": {"Bulk Order": 2.2, "Boiling Hot": 2.6, "April 20th": 3.1, "Cashback": 3.1, "Take It Easy": 2.6, "Missionary": 8.4, "Happy Herbs": 3.1, "Gin & Jewels": 2.4, "Golden Nugs": 2.1, "Snoop Life": 2.6, "Onyx Black": 3.745, "Black": 7.1, "just": 1.7}, "Snoop Cigar": {"Onyx Black": 8.41, "Black": 19.94, "just": 4.156499999999999}, "Lol Pop": {"Mortal Sin": 2.9, "Comic Crunch": 1.5225, "Icicle": 1.5225, "Pumpkin": 1.9575, "Jolly Roger": 1.6674999999999998, "Sick Leave": 1.5225, "Cobweb": 1.595, "Sweetheart": 1.74, "Dark Portal": 1.74, "Shock Wave": 1.5225, "Dark Sky": 1.595, "Blood Ember": 1.595, "Andromeda": 1.9575, "Jinxed": 1.6965, "Crystalline": 1.5225, "Watermelon": 1.5225, "Heart Pop": 1.595, "Blood Sucker": 1.74, "Rosebud": 1.74, "Gold Star": 1.5225, "Satellite": 1.6674999999999998, "Plastic Ice": 1.5225, "Love Bubbles": 1.595, "Einstein": 1.6965, "Glowstick": 1.9575, "Doodle Art": 1.595, "Fire Vortex": 1.595, "Angelina": 2.2475, "Celestia": 1.9575, "Hexed Helix": 1.595, "Onyx Black": 1.915, "Black": 4.944999999999999, "just": 1.2325}, "B-Day Candle": {"Pixel Wish": 2.17, "Happy Meows": 2.17, "Kaboom!": 2.17, "Purr Magic": 2.17, "Final Boss": 2.17, "On Fire": 2.17, "Payday": 2.17, "Onyx Black": 1.75, "Black": 4.890000000000001, "just": 1.19}, "Desk Calendar": {"Tic Tac Toe": 1.6320000000000001, "Checklist": 1.7680000000000002, "Deadline": 2.108, "Fawkes Night": 5.625000000000001, "Pepe Plans": 13.924999999999999, "Telegram": 2.72, "Adult Tasks": 25.615, "Durov Day": 6.460000000000001, "Hodler": 4.760000000000001, "Independence": 2.108, "Burning Time": 2.108, "Heartbreak": 1.5912, "Sunday": 2.108, "Balloon Face": 1.6320000000000001, "Peach Week": 2.108, "Investor": 9.174999999999999, "Fund Manager": 2.108, "Onyx Black": 1.755, "Black": 4.97, "just": 1.1560000000000001}, "Lunar Snake": {"Hellspawn": 1.9305, "Synthwave": 5.005, "Dragon Ball": 5.005, "Python Dev": 2.2165, "Timelock": 2.2165, "Hot Cherry": 1.9305, "Soul Eater": 1.9305, "Psychedelic": 1.7874999999999999, "Onyx Black": 2.5599999999999996, "Black": 5.34, "just": 1.2155}, "Xmas Stocking": {"Onyx Black": 2.065, "Black": 5.74, "just": 1.258}, "Snake Box": {"Onyx Black": 2.18, "Black": 6.03, "just": 1.3345}, "Pet Snake": {"Onyx Black": 2.545, "Black": 5.97, "just": 1.6915}, "Candy Cane": {"Hex Pot": 3.12, "Sticky Sweet": 1.9500000000000002, "Grinch": 3.12, "Designer": 5.46, "Onyx Black": 2.13, "Black": 5.785, "just": 1.326}, "Whip Cupcake": {"Bitcoin": 11.514999999999999, "Toncoin": 2.3715, "Resistance": 5.355, "Sponge Duck": 2.3715, "Deep State": 2.0655, "Onyx Black": 2.315, "Black": 5.265, "just": 1.3005}, "Big Year": {"Creator": 2.9139999999999997, "YouTubes": 3.76, "The Nether": 2.538, "Pavel Durov": 8.940000000000001, "First Website": 2.538, "Gold Mine": 6.58, "Qing Dynasty": 2.9139999999999997, "Telegram": 5.263999999999999, "Cheshire Cat": 2.9139999999999997, "Balloons": 1.974, "The Hobbit": 3.76, "Big Brother": 2.9139999999999997, "Bitcoin": 5.263999999999999, "Pokeball": 2.538, "Game Boy": 2.068, "Onyx Black": 3.535, "Black": 8.940000000000001, "just": 1.5979999999999999}, "Homemade Cake": {"Onyx Black": 2.21, "Black": 5.56, "just": 1.5555}, "Cookie Heart": {"Onyx Black": 2.65, "Black": 6.504999999999999, "just": 1.615}, "Jester Hat": {"Onyx Black": 2.7199999999999998, "Black": 6.56, "just": 1.5215}, "Holiday Drink": {"Onyx Black": 2.67, "Black": 6.299999999999999, "just": 1.615}, "Ginger Cookie": {"Onyx Black": 3.56, "Black": 7.205, "just": 1.632}, "Hypno Lollipop": {"Onyx Black": 3.3200000000000003, "Black": 7.095, "just": 1.6915}, "Winter Wreath": {"Moon Cat": 90.985, "Onyx Black": 2.885, "Black": 7.935, "just": 1.6744999999999999}, "Party Sparkler": {"Onyx Black": 2.92, "Black": 6.57, "just": 1.649}, "Jingle Bells": {"Onyx Black": 2.865, "Black": 6.965, "just": 1.7254999999999998}, "Tama Gadget": {"Onyx Black": 3.425, "Black": 6.755000000000001, "just": 1.7254999999999998}, "Jack-in-the-Box": {"Onyx Black": 3.1399999999999997, "Black": 6.890000000000001, "just": 1.9379999999999997}, "Star Notepad": {"Onyx Black": 3.545, "Black": 8.895, "just": 1.9465}, "Easter Egg": {"Onyx Black": 3.77, "Black": 10.850000000000001, "just": 2.3715}, "Santa Hat": {"Onyx Black": 3.77, "Black": 9.23, "just": 2.3375}, "Hex Pot": {"Onyx Black": 4.09, "Black": 9.45, "just": 2.533}, "Restless Jar": {"Onyx Black": 4.195, "Black": 8.540000000000001, "just": 2.21}, "Lush Bouquet": {"Onyx Black": 4.67, "Black": 8.495000000000001, "just": 2.5415}, "Spiced Wine": {"Onyx Black": 2.968, "Black": 6.884, "just": 2.108}, "Snow Globe": {"Onyx Black": 7.425000000000001, "Black": 10.025, "just": 2.4225}, "Joyful Bundle": {"Onyx Black": 4.38, "Black": 9.355, "just": 2.3459999999999996}, "Light Sword": {"Onyx Black": 4.654, "Black": 10.25, "just": 2.6264999999999996}, "Witch Hat": {"Onyx Black": 4.654999999999999, "Black": 12.005, "just": 2.5584999999999996}, "Bow Tie": {"Onyx Black": 5.926, "Black": 12.306000000000001, "just": 2.7285}, "Eternal Candle": {"Onyx Black": 5.422000000000001, "Black": 11.014, "just": 3.1534999999999997}, "Jelly Bunny": {"Onyx Black": 4.845, "Black": 10.655, "just": 2.8135}, "Bunny Muffin": {"Onyx Black": 6.635999999999999, "Black": 16.676000000000002, "just": 3.4509999999999996}, "Spy Agaric": {"Onyx Black": 6.878, "Black": 10.422, "just": 2.9495}, "Evil Eye": {"Onyx Black": 7.094000000000001, "Black": 14.309999999999999, "just": 3.2725}, "Snow Mittens": {"Onyx Black": 5.981999999999999, "Black": 8.682, "just": 3.3745000000000003}, "Berry Box": {"Onyx Black": 4.76, "Black": 10.536, "just": 3.23}, "Valentine Box": {"Onyx Black": 6.966, "Black": 12.566, "just": 3.9185000000000003}, "Sakura Flower": {"Onyx Black": 6.92, "Black": 16.311999999999998, "just": 4.42}, "Hanging Star": {"Onyx Black": 8.975999999999999, "Black": 15.376000000000001, "just": 5.066}, "Sleigh Bell": {"Onyx Black": 10.846, "Black": 24.046000000000003, "just": 6.2985}, "Love Candle": {"Onyx Black": 10.326, "Black": 15.686, "just": 7.4885}, "Skull Flower": {"Onyx Black": 11.042, "Black": 18.362, "just": 6.8595}, "Crystal Ball": {"Onyx Black": 12.238, "Black": 26.694000000000003, "just": 6.6555}, "Trapped Heart": {"Onyx Black": 11.474, "Black": 20.674, "just": 6.6215}, "Top Hat": {"Onyx Black": 14.014, "Black": 26.214000000000002, "just": 6.5365}, "Love Potion": {"Onyx Black": 12.326, "Black": 23.689999999999998, "just": 8.0665}, "Flying Broom": {"Onyx Black": 11.73, "Black": 26.73, "just": 8.1175}, "Cupid Charm": {"Onyx Black": 18.07, "Black": 32.87, "just": 9.7325}, "Record Player": {"Onyx Black": 10.434, "Black": 20.434, "just": 6.281499999999999}, "Eternal Rose": {"Onyx Black": 17.994, "Black": 35.594, "just": 11.8915}, "Mad Pumpkin": {"Onyx Black": 23.78, "Black": 40.18000000000001, "just": 15.555}, "Voodoo Doll": {"Onyx Black": 23.214, "Black": 47.614000000000004, "just": 14.1865}, "Diamond Ring": {"Onyx Black": 20.214, "Black": 41.414, "just": 13.3365}, "Toy Bear": {"Onyx Black": 31.189999999999998, "Black": 47.194, "just": 20.391499999999997}, "Vintage Cigar": {"Onyx Black": 36.29, "Black": 58.06999999999999, "just": 19.932499999999997}, "Neko Helmet": {"Onyx Black": 37.208, "Black": 64.608, "just": 23.528}, "Low Rider": {"Onyx Black": 33.214, "Black": 76.014, "just": 20.9865}, "Signet Ring": {"Onyx Black": 37.6, "Black": 74.8, "just": 23.8}, "Electric Skull": {"Onyx Black": 41.97, "Black": 74.774, "just": 26.5965}, "Kissed Frog": {"Onyx Black": 43.728, "Black": 78.376, "just": 26.316}, "Swiss Watch": {"Onyx Black": 49.339999999999996, "Black": 77.34, "just": 36.464999999999996}, "Sharp Tongue": {"Onyx Black": 53.814, "Black": 139.814, "just": 33.7365},