{"Snoop Dogg": {"AI Dogg": 2.8965, "Sapphire": 1.94, "Cold Topaz": 1.9970000000000003, "Doberman": 3.476, "Doggfather": 3.0485, "Black Diamond": 2.2060000000000004, "Black Gold": 1.7215, "Chrome": 2.364, "Emerald": 1.731, "Goldizzle": 7.858, "King Ruby": 1.7215, "King Snoop": 4.5680000000000005, "Onyx Black": 2.8533333333333335, "Black": 10.033846153846154, "just": 1.343}, "Swag Bag": {"Gin & Jewels": 2.25, "Take It Easy": 1.9800000000000002, "Darkness": 2.07, "Snoop Life": 2.16, "Missionary": 6.3, "Leopard": 1.8900000000000001, "Happy Herbs": 2.79, "April 20th": 2.79, "Bulk Order": 2.07, "Golden Nugs": 1.8900000000000001, "Boiling Hot": 2.25, "Cashback": 3.6, "Onyx Black": 3.1500000000000004, "Black": 6.8999999999999995, "just": 1.53}, "Snoop Cigar": {"Onyx Black": 8.100000000000001, "Black": 18.200000000000003, "just": 3.74}, "Lol Pop": {"Portable Pop": 1.3545, "Nostalgia": 1.548, "Hexed Helix": 1.4834999999999998, "Doodle Art": 1.4834999999999998, "Blood Ember": 1.4190000000000003, "Celestia": 1.9995, "Fire Vortex": 1.4190000000000003, "Andromeda": 1.9995, "Glowstick": 1.9995, "Sweetheart": 1.4834999999999998, "Wonka Berry": 1.4190000000000003, "Cobweb": 1.4190000000000003, "Dark Portal": 1.9995, "Einstein": 1.4190000000000003, "Icicle": 1.3545, "Dark Sky": 1.4834999999999998, "Heart Pop": 1.3545, "Shock Wave": 1.3545, "Angelina": 1.9995, "Pink Foil": 1.3545, "Sailor Moon": 1.4834999999999998, "Mortal Sin": 2.58, "Jinxed": 1.4190000000000003, "Satellite": 1.677, "Comic Crunch": 1.3545, "Pumpkin": 1.4190000000000003, "Blood Sucker": 1.548, "Rosebud": 1.548, "Milky Way": 1.4190000000000003, "Watermelon": 1.4190000000000003, "Jolly Roger": 1.548, "Love Bubbles": 1.3545, "Cookie Dip": 1.677, "Onyx Black": 1.795, "Black": 4.984999999999999, "just": 1.0965}, "B-Day Candle": {"On Fire": 1.9065, "Payday": 1.9065, "Pixel Wish": 1.9065, "Kaboom!": 1.9065, "Purr Magic": 1.9065, "Final Boss": 1.9065, "Shocker": 1.9065, "Happy Meows": 2.46, "Onyx Black": 1.615, "Black": 4.709999999999999, "just": 1.0454999999999999}, "Desk Calendar": {"Durov Day": 2.4, "Pepe Plans": 4.2, "Peach Week": 1.62, "Sunday": 1.8599999999999999, "Fawkes Night": 4.2, "Investor": 4.2, "Heartbreak": 1.32, "Burning Time": 1.8599999999999999, "Tic Tac Toe": 1.62, "Hodler": 4.2, "Balloon Face": 1.5, "Deadline": 2.4, "Telegram": 1.8599999999999999, "Checklist": 1.8599999999999999, "Independence": 3.36, "Adult Tasks": 4.2, "Fund Manager": 1.8599999999999999, "Onyx Black": 1.6, "Black": 5.4, "just": 1.02}, "Lunar Snake": {"Hot Cherry": 2.0925000000000002, "Hellspawn": 3.78, "Psychedelic": 2.0925000000000002, "Timelock": 1.8225000000000002, "Dragon Ball": 4.7250000000000005, "Python Dev": 2.0925000000000002, "Soul Eater": 2.0925000000000002, "Synthwave": 3.78, "Onyx Black": 1.975, "Black": 5.075000000000001, "just": 1.1475}, "Xmas Stocking": {"Onyx Black": 1.8900000000000001, "Black": 4.904999999999999, "just": 1.1135}, "Snake Box": {"Onyx Black": 1.795, "Black": 4.65, "just": 1.105}, "Pet Snake": {"Onyx Black": 2.32, "Black": 5.295, "just": 1.394}, "Candy Cane": {"Designer": 5.25, "Sticky Sweet": 2.325, "Hex Pot": 3.0, "Grinch": 3.0, "Onyx Black": 2.35, "Black": 6.75, "just": 1.275}, "Whip Cupcake": {"Resistance": 4.935, "Sponge Duck": 2.82, "Toncoin": 2.1854999999999998, "Bitcoin": 4.935, "Deep State": 1.9035, "Onyx Black": 2.155, "Black": 5.33, "just": 1.1985}, "Big Year": {"The Nether": 2.125, "YouTubes": 2.635, "The Hobbit": 3.4, "Creator": 2.295, "Cheshire Cat": 2.295, "Qing Dynasty": 3.4, "Big Brother": 2.21, "Balloons": 1.87, "Pavel Durov": 4.76, "First Website": 2.125, "Bitcoin": 4.76, "Pokeball": 2.635, "Telegram": 4.76, "Game Boy": 2.21, "Gold Mine": 5.95, "Onyx Black": 2.65, "Black": 7.8500000000000005, "just": 1.4449999999999998}, "Homemade Cake": {"Onyx Black": 2.035, "Black": 5.28, "just": 1.343}, "Cookie Heart": {"Onyx Black": 2.315, "Black": 6.34, "just": 1.4705}, "Jester Hat": {"Onyx Black": 2.845, "Black": 6.54, "just": 1.343}, "Holiday Drink": {"Onyx Black": 2.275, "Black": 5.555, "just": 1.4535}, "Ginger Cookie": {"Onyx Black": 3.385, "Black": 6.385, "just": 1.5045}, "Hypno Lollipop": {"Onyx Black": 2.7, "Black": 6.84, "just": 1.53}, "Winter Wreath": {"Onyx Black": 2.44, "Black": 8.855, "just": 1.4535}, "Party Sparkler": {"Onyx Black": 2.95, "Black": 7.75, "just": 1.615}, "Jingle Bells": {"Onyx Black": 2.43, "Black": 6.300000000000001, "just": 1.4449999999999998}, "Tama Gadget": {"Onyx Black": 3.1500000000000004, "Black": 6.374999999999999, "just": 1.53}, "Jack-in-the-Box": {"Onyx Black": 3.02, "Black": 7.72, "just": 1.7764999999999997}, "Star Notepad": {"Onyx Black": 4.09, "Black": 8.81, "just": 1.853}, "Easter Egg": {"Onyx Black": 3.875, "Black": 11.169999999999998, "just": 1.9975}, "Santa Hat": {"Onyx Black": 3.15, "Black": 9.445, "just": 1.7764999999999997}, "Hex Pot": {"Onyx Black": 3.55, "Black": 8.16, "just": 1.9805}, "Restless Jar": {"Onyx Black": 3.8049999999999997, "Black": 7.654999999999999, "just": 1.9719999999999998}, "Lush Bouquet": {"Onyx Black": 3.51, "Black": 8.585, "just": 2.2695}, "Spiced Wine": {"Onyx Black": 2.99, "Black": 7.779999999999999, "just": 1.6064999999999998}, "Snow Globe": {"Onyx Black": 3.885, "Black": 9.01, "just": 1.887}, "Joyful Bundle": {"Onyx Black": 3.695, "Black": 8.045, "just": 2.2015}, "Light Sword": {"Onyx Black": 4.5, "Black": 11.25, "just": 2.38}, "Witch Hat": {"Onyx Black": 4.02, "Black": 10.375, "just": 2.3375}, "Bow Tie": {"Onyx Black": 4.55, "Black": 14.549999999999999, "just": 2.635}, "Eternal Candle": {"Onyx Black": 5.195, "Black": 13.945, "just": 2.4565}, "Jelly Bunny": {"Onyx Black": 5.045, "Black": 9.895, "just": 2.7965}, "Bunny Muffin": {"Onyx Black": 5.01, "Black": 21.58, "just": 2.6944999999999997}, "Spy Agaric": {"Onyx Black": 5.220000000000001, "Black": 10.72, "just": 2.499}, "Evil Eye": {"Onyx Black": 5.6850000000000005, "Black": 15.54, "just": 2.8729999999999998}, "Snow Mittens": {"Onyx Black": 4.505, "Black": 8.555, "just": 2.6435}, "Berry Box": {"Onyx Black": 4.64, "Black": 13.959999999999999, "just": 2.992}, "Valentine Box": {"Onyx Black": 7.945, "Black": 10.945, "just": 3.3065}, "Sakura Flower": {"Onyx Black": 7.095000000000001, "Black": 17.845, "just": 3.5615}, "Hanging Star": {"Onyx Black": 7.635, "Black": 16.485, "just": 4.2245}, "Sleigh Bell": {"Onyx Black": 10.385, "Black": 17.46, "just": 5.032}, "Love Candle": {"Onyx Black": 7.870000000000001, "Black": 15.370000000000001, "just": 5.474}, "Skull Flower": {"Onyx Black": 8.66, "Black": 16.965, "just": 5.0405}, "Crystal Ball": {"Onyx Black": 13.29, "Black": 28.294999999999998, "just": 5.6015}, "Trapped Heart": {"Onyx Black": 11.885, "Black": 23.384999999999998, "just": 6.6045}, "Top Hat": {"Onyx Black": 16.27, "Black": 26.145, "just": 6.451499999999999}, "Love Potion": {"Onyx Black": 10.23, "Black": 28.48, "just": 6.766}, "Flying Broom": {"Onyx Black": 10.745000000000001, "Black": 19.244999999999997, "just": 7.2165}, "Cupid Charm": {"Onyx Black": 16.485, "Black": 36.985, "just": 8.4745}, "Record Player": {"Onyx Black": 11.745000000000001, "Black": 23.840000000000003, "just": 6.5365}, "Eternal Rose": {"Onyx Black": 20.799999999999997, "Black": 36.3, "just": 10.709999999999999}, "Mad Pumpkin": {"Onyx Black": 18.465, "Black": 46.72, "just": 12.274}, "Voodoo Doll": {"Onyx Black": 22.83, "Black": 46.33, "just": 13.311}, "Diamond Ring": {"Onyx Black": 20.4, "Black": 43.915, "just": 13.455499999999999}, "Toy Bear": {"Onyx Black": 24.92, "Black": 53.42, "just": 15.164}, "Vintage Cigar": {"Onyx Black": 47.974999999999994, "Black": 73.475, "just": 18.6575}, "Neko Helmet": {"Onyx Black": 41.16, "Black": 71.155, "just": 18.972}, "Low Rider": {"Onyx Black": 41.945, "Black": 106.94500000000001, "just": 21.1565}, "Signet Ring": {"Onyx Black": 37.855000000000004, "Black": 85.85499999999999, "just": 20.1535}, "Electric Skull": {"Onyx Black": 37.445, "Black": 67.945, "just": 22.0065}, "Kissed Frog": {"Onyx Black": 45.349999999999994, "Black": 98.89999999999999,