{"Snoop Dogg": {"AI Dogg": 2.856, "Sapphire": 2.1060000000000003, "Doberman": 3.1930000000000005, "King Snoop": 4.8455, "Emerald": 1.8780000000000001, "Doggfather": 3.0504999999999995, "Black Diamond": 2.0015, "Goldizzle": 7.0405, "Chrome": 2.296, "Onyx Black": 3.2633333333333336, "Black": 10.39769230769231, "just": 1.5215}, "Swag Bag": {"Cashback": 3.0535, "April 20th": 3.0535, "Leopard": 2.364, "Missionary": 6.895, "Gin & Jewels": 2.4625, "Aviators": 2.0685000000000002, "Snoop Life": 2.4625, "Take It Easy": 2.6595, "Bulk Order": 2.3049, "Boiling Hot": 2.364, "Dogg’s Loot": 2.0685000000000002, "P.I.M.P.": 2.0685000000000002, "Happy Herbs": 3.0535, "Darkness": 2.1670000000000003, "Onyx Black": 3.085, "Black": 7.484999999999999, "just": 1.6744999999999999}, "Snoop Cigar": {"Onyx Black": 7.930000000000001, "Black": 19.275, "just": 4.165}, "Lol Pop": {"Sick Leave": 1.5435, "Pumpkin": 1.5435, "Love Bubbles": 1.6905, "Dark Sky": 1.617, "Angelina": 2.2785, "Andromeda": 1.9845000000000002, "Heart Pop": 1.5435, "Einstein": 1.7198999999999998, "Jinxed": 1.617, "Mortal Sin": 4.116, "Nostalgia": 1.5435, "Doodle Art": 1.617, "Dark Portal": 1.911, "Satellite": 1.8375, "Hexed Helix": 1.764, "Celestia": 2.2785, "Rosebud": 1.7198999999999998, "Milky Way": 1.617, "Sweetheart": 1.8375, "Cobweb": 1.5435, "Hollywood": 1.5435, "Jolly Roger": 1.8375, "Comic Crunch": 1.5435, "Glowstick": 2.2785, "Blood Ember": 1.5435, "Blood Sucker": 1.9845000000000002, "Onyx Black": 2.035, "Black": 5.175000000000001, "just": 1.2495}, "B-Day Candle": {"Happy Meows": 2.1854999999999998, "Pixel Wish": 2.1854999999999998, "Payday": 2.1854999999999998, "On Fire": 2.1854999999999998, "Kaboom!": 1.9035, "Purr Magic": 2.1854999999999998, "Final Boss": 2.1854999999999998, "Onyx Black": 1.9249999999999998, "Black": 4.95, "just": 1.1985}, "Desk Calendar": {"Balloon Face": 1.807, "Heartbreak": 1.5984999999999998, "Adult Tasks": 27.64, "Checklist": 2.1545, "Fawkes Night": 2.78, "Burning Time": 2.1545, "Deadline": 2.1545, "Durov Day": 4.864999999999999, "Telegram": 2.1545, "Tic Tac Toe": 2.1545, "Peach Week": 2.1545, "Pepe Plans": 14.69, "Hodler": 4.864999999999999, "Fund Manager": 2.1545, "Sunday": 1.7374999999999998, "Independence": 2.1545, "Investor": 8.695, "Onyx Black": 1.8449999999999998, "Black": 5.045, "just": 1.1815}, "Lunar Snake": {"Psychedelic": 2.263, "Python Dev": 1.898, "Soul Eater": 2.263, "Hellspawn": 1.971, "Hot Cherry": 2.263, "Timelock": 2.263, "Synthwave": 5.109999999999999, "Dragon Ball": 5.109999999999999, "Onyx Black": 2.4299999999999997, "Black": 5.43, "just": 1.2409999999999999}, "Xmas Stocking": {"Onyx Black": 2.285, "Black": 5.155, "just": 1.2069999999999999}, "Snake Box": {"Onyx Black": 2.125, "Black": 5.42, "just": 1.3175}, "Pet Snake": {"Onyx Black": 2.395, "Black": 6.155, "just": 1.5215}, "Candy Cane": {"Grinch": 3.0, "Designer": 6.0, "Sticky Sweet": 2.325, "Hex Pot": 4.199999999999999, "Onyx Black": 2.4, "Black": 5.75, "just": 1.275}, "Whip Cupcake": {"Toncoin": 2.4025000000000003, "Sponge Duck": 2.4025000000000003, "Bitcoin": 14.525, "Resistance": 6.489999999999999, "Deep State": 2.4025000000000003, "Onyx Black": 2.245, "Black": 5.415, "just": 1.3175}, "Big Year": {"Pokeball": 2.646, "Big Brother": 3.038, "Qing Dynasty": 3.038, "Creator": 2.646, "The Nether": 3.038, "Cheshire Cat": 2.646, "Telegram": 3.92, "YouTubes": 3.038, "Bitcoin": 5.4879999999999995, "The Hobbit": 3.92, "Gold Mine": 6.859999999999999, "Pavel Durov": 8.18, "Game Boy": 2.2931999999999997, "Balloons": 2.156, "First Website": 2.058, "Onyx Black": 3.605, "Black": 9.18, "just": 1.666}, "Homemade Cake": {"Onyx Black": 2.35, "Black": 5.625, "just": 1.5725}, "Cookie Heart": {"Onyx Black": 2.475, "Black": 6.7299999999999995, "just": 1.6744999999999999}, "Jester Hat": {"Onyx Black": 2.6950000000000003, "Black": 6.095, "just": 1.5215}, "Holiday Drink": {"Onyx Black": 2.67, "Black": 6.209999999999999, "just": 1.6064999999999998}, "Ginger Cookie": {"Onyx Black": 3.55, "Black": 6.87, "just": 1.6575}, "Hypno Lollipop": {"Onyx Black": 3.4749999999999996, "Black": 6.9350000000000005, "just": 1.683}, "Winter Wreath": {"Moon Cat": 106.25999999999999, "Onyx Black": 2.995, "Black": 6.995, "just": 1.6915}, "Party Sparkler": {"Onyx Black": 2.98, "Black": 7.249999999999999, "just": 1.666}, "Jingle Bells": {"Onyx Black": 2.8449999999999998, "Black": 6.225, "just": 1.8615}, "Tama Gadget": {"Onyx Black": 3.47, "Black": 6.8, "just": 1.802}, "Jack-in-the-Box": {"Onyx Black": 3.195, "Black": 7.1000000000000005, "just": 1.8784999999999998}, "Star Notepad": {"Onyx Black": 3.75, "Black": 9.175, "just": 1.9975}, "Easter Egg": {"Onyx Black": 3.795, "Black": 10.875, "just": 2.4139999999999997}, "Santa Hat": {"Onyx Black": 3.86, "Black": 8.216000000000001, "just": 2.295}, "Hex Pot": {"Onyx Black": 3.995, "Black": 9.969999999999999, "just": 2.3715}, "Restless Jar": {"Onyx Black": 3.81, "Black": 9.29, "just": 2.227}, "Lush Bouquet": {"Onyx Black": 4.57, "Black": 8.83, "just": 2.686}, "Spiced Wine": {"Onyx Black": 3.31, "Black": 6.545999999999999, "just": 1.9975}, "Snow Globe": {"Onyx Black": 4.895, "Black": 11.399999999999999, "just": 2.38}, "Joyful Bundle": {"Onyx Black": 3.97, "Black": 9.620000000000001, "just": 2.3715}, "Light Sword": {"Onyx Black": 4.558, "Black": 9.878, "just": 2.6605}, "Witch Hat": {"Onyx Black": 4.49, "Black": 11.555, "just": 2.6435}, "Bow Tie": {"Onyx Black": 4.688, "Black": 11.652, "just": 2.788}, "Eternal Candle": {"Onyx Black": 5.494, "Black": 11.294, "just": 2.9665}, "Jelly Bunny": {"Onyx Black": 5.18, "Black": 10.67, "just": 2.8985}, "Bunny Muffin": {"Onyx Black": 4.7219999999999995, "Black": 11.698, "just": 3.2555}, "Spy Agaric": {"Onyx Black": 5.470000000000001, "Black": 10.462, "just": 2.9325}, "Evil Eye": {"Onyx Black": 6.220000000000001, "Black": 13.420000000000002, "just": 3.145}, "Snow Mittens": {"Onyx Black": 5.8, "Black": 8.716, "just": 3.4}, "Berry Box": {"Onyx Black": 5.46, "Black": 10.68, "just": 3.23}, "Valentine Box": {"Onyx Black": 7.262, "Black": 12.862, "just": 4.054499999999999}, "Sakura Flower": {"Onyx Black": 6.564, "Black": 16.164, "just": 4.199}, "Hanging Star": {"Onyx Black": 9.033999999999999, "Black": 15.193999999999999, "just": 4.9215}, "Sleigh Bell": {"Onyx Black": 10.014, "Black": 20.614, "just": 6.5365}, "Love Candle": {"Onyx Black": 10.286, "Black": 17.146, "just": 7.0635}, "Skull Flower": {"Onyx Black": 11.756, "Black": 18.676000000000002, "just": 7.021}, "Crystal Ball": {"Onyx Black": 12.414, "Black": 27.654, "just": 6.8765}, "Trapped Heart": {"Onyx Black": 12.64, "Black": 17.44, "just": 7.14}, "Top Hat": {"Onyx Black": 15.009999999999998, "Black": 26.61, "just": 7.097499999999999}, "Love Potion": {"Onyx Black": 13.370000000000001, "Black": 23.774, "just": 8.185500000000001}, "Flying Broom": {"Onyx Black": 12.088000000000001, "Black": 17.688000000000002, "just": 8.058}, "Cupid Charm": {"Onyx Black": 16.619999999999997, "Black": 32.81999999999999, "just": 9.944999999999999}, "Record Player": {"Onyx Black": 10.594000000000001, "Black": 20.793999999999997, "just": 6.7915}, "Eternal Rose": {"Onyx Black": 20.36, "Black": 32.4, "just": 11.9}, "Mad Pumpkin": {"Onyx Black": 24.2, "Black": 40.176, "just": 16.15}, "Voodoo Doll": {"Onyx Black": 23.876, "Black": 44.480000000000004, "just": 14.28}, "Diamond Ring": {"Onyx Black": 21.394, "Black": 42.194, "just": 14.441499999999998}, "Toy Bear": {"Onyx Black": 34.868, "Black": 50.228, "just": 24.122999999999998}, "Vintage Cigar": {"Onyx Black": 36.888, "Black": 64.648, "just": 20.808}, "Neko Helmet": {"Onyx Black": 38.769999999999996, "Black": 67.49, "just": 23.7575}, "Low Rider": {"Onyx Black": 32.822, "Black": 84.11, "just": 21.5645}, "Signet Ring": {"Onyx Black": 37.594, "Black": 76.754, "just": 23.7915}, "Electric Skull": {"Onyx Black": 44.06, "Black": 76.064, "just": 28.423999999999996}, "Kissed Frog": {"Onyx Black": 46.02, "Black": 80.82, "just": 29.495}, "Swiss Watch": {"Onyx Black": 42.816, "Black": 72.816,