{"Snoop Dogg": {"Goldizzle": 7.315999999999999, "King Snoop": 4.4465, "AI Dogg": 2.9079999999999995, "Chrome": 2.0490000000000004, "King Ruby": 1.9064999999999999, "Doggfather": 2.8605, "Black Diamond": 1.992, "Doberman": 3.6870000000000003, "Onyx Black": 3.2533333333333334, "Black": 10.595384615384615, "just": 1.513}, "Swag Bag": {"Dogg’s Loot": 2.0895, "Golden Nugs": 2.0895, "Happy Herbs": 3.0845000000000002, "Take It Easy": 2.388, "Gin & Jewels": 2.587, "Cashback": 3.0845000000000002, "Leopard": 2.2885, "Missionary": 7.995, "Snoop Life": 2.4875, "Bulk Order": 2.3283, "April 20th": 3.0845000000000002, "Boiling Hot": 2.587, "Darkness": 2.2885, "Onyx Black": 3.085, "Black": 7.995, "just": 1.6915}, "Snoop Cigar": {"Onyx Black": 7.79, "Black": 19.590000000000003, "just": 4.1055}, "Lol Pop": {"Dark Sky": 1.54, "Heart Pop": 1.6099999999999999, "Romance": 1.47, "Fire Vortex": 1.47, "Magic Wand": 1.47, "Mortal Sin": 2.8, "Sailor Moon": 1.47, "Blood Sucker": 1.68, "Pink Foil": 1.47, "Shock Wave": 1.54, "Blood Ember": 1.6099999999999999, "Hexed Helix": 1.54, "Rosebud": 1.6099999999999999, "Cookie Dip": 1.47, "Celestia": 2.17, "Angelina": 2.17, "Jolly Roger": 1.75, "Icicle": 1.47, "Pumpkin": 1.47, "Glowstick": 2.17, "Sweetheart": 1.89, "Andromeda": 1.8199999999999998, "Milky Way": 1.54, "Cobweb": 1.54, "Doodle Art": 1.638, "Comic Crunch": 1.47, "Jinxed": 1.6099999999999999, "Einstein": 1.75, "Dark Portal": 1.6099999999999999, "Watermelon": 1.47, "Satellite": 1.68, "Sick Leave": 1.47, "Love Bubbles": 1.89, "Onyx Black": 1.99, "Black": 5.215, "just": 1.19}, "B-Day Candle": {"Final Boss": 2.1545, "Pixel Wish": 2.1545, "Payday": 2.1545, "Happy Meows": 2.78, "On Fire": 2.1545, "Kaboom!": 1.8765, "Purr Magic": 2.1545, "Onyx Black": 1.995, "Black": 4.945, "just": 1.1815}, "Desk Calendar": {"Independence": 2.78, "Burning Time": 2.1545, "Heartbreak": 1.5984999999999998, "Fund Manager": 2.1545, "Durov Day": 2.78, "Hodler": 4.864999999999999, "Adult Tasks": 23.195, "Pepe Plans": 13.44, "Fawkes Night": 3.8919999999999995, "Balloon Face": 2.1545, "Telegram": 2.1545, "Checklist": 1.8765, "Investor": 7.194999999999999, "Deadline": 2.78, "Tic Tac Toe": 1.6262999999999999, "Peach Week": 2.1545, "Sunday": 1.8765, "Onyx Black": 1.795, "Black": 5.29, "just": 1.1815}, "Lunar Snake": {"Python Dev": 2.3405, "Soul Eater": 2.0385, "Timelock": 1.963, "Synthwave": 5.285, "Hot Cherry": 2.3405, "Dragon Ball": 5.285, "Hellspawn": 2.0385, "Psychedelic": 2.3405, "Onyx Black": 2.055, "Black": 5.755, "just": 1.2834999999999999}, "Xmas Stocking": {"Onyx Black": 2.6950000000000003, "Black": 5.465, "just": 1.3005}, "Snake Box": {"Onyx Black": 2.18, "Black": 6.175, "just": 1.2495}, "Pet Snake": {"Onyx Black": 2.4850000000000003, "Black": 6.15, "just": 1.4875}, "Candy Cane": {"Grinch": 3.14, "Designer": 5.495, "Hex Pot": 3.14, "Sticky Sweet": 3.14, "Onyx Black": 2.355, "Black": 5.86, "just": 1.3345}, "Whip Cupcake": {"Resistance": 7.715000000000001, "Toncoin": 2.3715, "Bitcoin": 9.265, "Deep State": 2.0655, "Sponge Duck": 2.3715, "Onyx Black": 2.16, "Black": 5.565, "just": 1.3005}, "Big Year": {"Balloons": 2.388, "Pokeball": 2.6865, "Pavel Durov": 6.965, "YouTubes": 3.98, "Bitcoin": 6.965, "Gold Mine": 6.965, "Cheshire Cat": 2.3283, "The Nether": 2.4875, "The Hobbit": 3.98, "Telegram": 3.98, "First Website": 2.0895, "Game Boy": 2.189, "Big Brother": 3.0845000000000002, "Qing Dynasty": 3.0845000000000002, "Creator": 2.6865, "Onyx Black": 3.615, "Black": 9.645, "just": 1.6915}, "Homemade Cake": {"Onyx Black": 2.41, "Black": 5.405, "just": 1.5555}, "Cookie Heart": {"Onyx Black": 2.56, "Black": 6.91, "just": 1.6404999999999998}, "Jester Hat": {"Onyx Black": 2.8550000000000004, "Black": 6.345, "just": 1.496}, "Holiday Drink": {"Onyx Black": 2.475, "Black": 6.425000000000001, "just": 1.6575}, "Ginger Cookie": {"Onyx Black": 3.815, "Black": 7.28, "just": 1.768}, "Hypno Lollipop": {"Onyx Black": 2.945, "Black": 6.235, "just": 1.6915}, "Winter Wreath": {"Moon Cat": 91.0, "Onyx Black": 2.975, "Black": 7.495, "just": 1.7}, "Party Sparkler": {"Onyx Black": 3.2350000000000003, "Black": 7.9799999999999995, "just": 1.6744999999999999}, "Jingle Bells": {"Onyx Black": 2.6799999999999997, "Black": 6.755000000000001, "just": 1.7934999999999999}, "Tama Gadget": {"Onyx Black": 3.49, "Black": 6.59, "just": 1.853}, "Jack-in-the-Box": {"Onyx Black": 3.085, "Black": 7.075, "just": 1.9124999999999999}, "Star Notepad": {"Onyx Black": 3.9850000000000003, "Black": 9.485, "just": 1.9295}, "Easter Egg": {"Onyx Black": 3.775, "Black": 10.75, "just": 2.38}, "Santa Hat": {"Onyx Black": 3.968, "Black": 8.408000000000001, "just": 2.363}, "Hex Pot": {"Onyx Black": 4.035, "Black": 9.899999999999999, "just": 2.38}, "Restless Jar": {"Onyx Black": 4.015000000000001, "Black": 9.675, "just": 2.1675}, "Lush Bouquet": {"Onyx Black": 4.48, "Black": 7.709999999999999, "just": 2.5245}, "Spiced Wine": {"Onyx Black": 3.14, "Black": 7.072, "just": 2.295}, "Snow Globe": {"Onyx Black": 4.484999999999999, "Black": 10.934999999999999, "just": 2.4395000000000002}, "Joyful Bundle": {"Onyx Black": 3.965, "Black": 10.92, "just": 2.4139999999999997}, "Light Sword": {"Onyx Black": 4.7540000000000004, "Black": 10.638, "just": 2.6094999999999997}, "Witch Hat": {"Onyx Black": 4.515000000000001, "Black": 12.055, "just": 2.652}, "Bow Tie": {"Onyx Black": 4.7379999999999995, "Black": 12.33, "just": 2.7455}, "Eternal Candle": {"Onyx Black": 4.894, "Black": 10.693999999999999, "just": 2.9665}, "Jelly Bunny": {"Onyx Black": 4.805, "Black": 9.955, "just": 2.8985}, "Bunny Muffin": {"Onyx Black": 4.696, "Black": 14.056000000000001, "just": 3.026}, "Spy Agaric": {"Onyx Black": 5.55, "Black": 10.462, "just": 2.9325}, "Evil Eye": {"Onyx Black": 6.324, "Black": 12.584, "just": 3.094}, "Snow Mittens": {"Onyx Black": 5.07, "Black": 8.27, "just": 3.2215}, "Berry Box": {"Onyx Black": 5.7940000000000005, "Black": 10.55, "just": 3.2215}, "Valentine Box": {"Onyx Black": 7.268000000000001, "Black": 12.708, "just": 4.063}, "Sakura Flower": {"Onyx Black": 6.484, "Black": 15.388, "just": 4.2330000000000005}, "Hanging Star": {"Onyx Black": 7.882, "Black": 15.322, "just": 4.717499999999999}, "Sleigh Bell": {"Onyx Black": 10.440000000000001, "Black": 20.840000000000003, "just": 6.29}, "Love Candle": {"Onyx Black": 10.36, "Black": 17.28, "just": 7.48}, "Skull Flower": {"Onyx Black": 11.258, "Black": 17.662, "just": 7.4544999999999995}, "Crystal Ball": {"Onyx Black": 11.978, "Black": 27.762, "just": 6.7745}, "Trapped Heart": {"Onyx Black": 13.18, "Black": 18.339999999999996, "just": 7.395}, "Top Hat": {"Onyx Black": 12.796, "Black": 22.316000000000003, "just": 7.361}, "Love Potion": {"Onyx Black": 11.174, "Black": 23.573999999999998, "just": 7.896499999999999}, "Flying Broom": {"Onyx Black": 12.834, "Black": 19.634, "just": 7.9815000000000005}, "Cupid Charm": {"Onyx Black": 16.564, "Black": 30.164, "just": 9.299}, "Record Player": {"Onyx Black": 10.278, "Black": 20.878, "just": 6.910500000000001}, "Eternal Rose": {"Onyx Black": 20.36, "Black": 34.764, "just": 11.848999999999998}, "Mad Pumpkin": {"Onyx Black": 22.552, "Black": 41.052, "just": 15.232000000000001}, "Voodoo Doll": {"Onyx Black": 22.776, "Black": 46.980000000000004, "just": 14.705}, "Diamond Ring": {"Onyx Black": 22.392, "Black": 45.596000000000004, "just": 14.161}, "Toy Bear": {"Onyx Black": 34.34, "Black": 51.536, "just": 22.014999999999997}, "Vintage Cigar": {"Onyx Black": 37.164, "Black": 54.964, "just": 21.199}, "Neko Helmet": {"Onyx Black": 38.2, "Black": 66.16, "just": 22.95}, "Low Rider": {"Onyx Black": 33.294, "Black": 86.402, "just": 21.6665}, "Signet Ring": {"Onyx Black": 37.774, "Black": 80.534, "just": 24.046499999999998}, "Electric Skull": {"Onyx Black": 45.694, "Black": 76.094, "just": 28.4665}, "Kissed Frog": {"Onyx Black": 47.196, "Black": 81.6, "just": 30.599999999999998}, "Swiss Watch": {"Onyx Black": 44.772, "Black": 72.77199999999999, "just": 29.426999999999996}, "Sharp Tongue": {"Onyx Black": 59.284,