{"Snoop Dogg": {"Chrome": 2.353, "Black Diamond": 2.277, "Sapphire": 2.0585, "Cold Topaz": 1.9634999999999998, "King Snoop": 4.798, "Doggfather": 3.0269999999999997, "Goldizzle": 6.7615, "King Ruby": 1.9540000000000002, "Green Light": 1.9540000000000002, "Doberman": 3.231, "AI Dogg": 2.8655, "Onyx Black": 3.266666666666667, "Black": 9.89076923076923, "just": 1.581}, "Swag Bag": {"P.I.M.P.": 2.1, "Missionary": 8.495000000000001, "Take It Easy": 2.7, "Gin & Jewels": 2.4, "April 20th": 3.1, "Bulk Order": 2.3, "Snoop Life": 3.1, "Happy Herbs": 3.1, "Cashback": 3.1, "Darkness": 2.2, "Leopard": 2.2, "Dogg’s Loot": 2.1, "Aviators": 2.1, "Boiling Hot": 2.4, "Onyx Black": 3.15, "Black": 7.5, "just": 1.7}, "Snoop Cigar": {"Onyx Black": 7.9, "Black": 19.259999999999998, "just": 4.165}, "Lol Pop": {"Doodle Art": 1.6280000000000001, "Rosebud": 1.7315999999999998, "Einstein": 1.7315999999999998, "Celestia": 2.294, "Gold Star": 1.554, "Icy Touch": 1.554, "Angelina": 2.294, "Mortal Sin": 2.96, "Blood Ember": 1.7315999999999998, "Love Bubbles": 1.85, "Blood Sucker": 1.998, "Heart Pop": 1.6280000000000001, "Hexed Helix": 1.85, "Milky Way": 1.554, "Pumpkin": 1.7315999999999998, "Satellite": 1.85, "Andromeda": 1.998, "Glowstick": 1.998, "Jinxed": 1.6280000000000001, "Dark Sky": 1.6280000000000001, "Sick Leave": 1.554, "Shock Wave": 1.554, "Jolly Roger": 1.702, "Hollywood": 1.554, "Cobweb": 1.554, "Sweetheart": 1.85, "Dark Portal": 1.85, "Onyx Black": 1.99, "Black": 5.215, "just": 1.258}, "B-Day Candle": {"Pixel Wish": 2.263, "Final Boss": 2.263, "Happy Meows": 2.263, "Payday": 2.263, "Kaboom!": 1.971, "On Fire": 2.263, "Purr Magic": 2.263, "Onyx Black": 1.875, "Black": 5.1899999999999995, "just": 1.2409999999999999}, "Desk Calendar": {"Tic Tac Toe": 2.17, "Independence": 2.17, "Fawkes Night": 2.8, "Adult Tasks": 27.605, "Pepe Plans": 12.200000000000001, "Hodler": 4.8999999999999995, "Deadline": 2.17, "Checklist": 2.17, "Heartbreak": 1.6099999999999999, "Durov Day": 4.8999999999999995, "Investor": 9.700000000000001, "Peach Week": 2.17, "Balloon Face": 1.8199999999999998, "Fund Manager": 2.17, "Telegram": 2.17, "Burning Time": 2.17, "Sunday": 1.89, "Onyx Black": 1.82, "Black": 5.299999999999999, "just": 1.19}, "Lunar Snake": {"Synthwave": 4.228, "Psychedelic": 1.8875, "Hot Cherry": 1.963, "Timelock": 2.3405, "Hellspawn": 2.0385, "Python Dev": 2.0385, "Dragon Ball": 5.285, "Soul Eater": 2.0385, "Onyx Black": 2.35, "Black": 5.45, "just": 1.2834999999999999}, "Xmas Stocking": {"Onyx Black": 2.21, "Black": 5.754999999999999, "just": 1.258}, "Snake Box": {"Onyx Black": 2.195, "Black": 5.43, "just": 1.3685}, "Pet Snake": {"Onyx Black": 2.545, "Black": 5.965, "just": 1.649}, "Candy Cane": {"Grinch": 3.06, "Hex Pot": 4.284, "Designer": 5.355, "Sticky Sweet": 2.3715, "Onyx Black": 2.265, "Black": 5.61, "just": 1.3005}, "Whip Cupcake": {"Deep State": 2.2680000000000002, "Resistance": 5.88, "Toncoin": 2.604, "Bitcoin": 13.59, "Sponge Duck": 2.604, "Onyx Black": 2.19, "Black": 5.575, "just": 1.428}, "Big Year": {"YouTubes": 2.9295, "Pavel Durov": 13.445, "Qing Dynasty": 2.9295, "The Hobbit": 3.78, "Cheshire Cat": 2.9295, "Creator": 2.9295, "Game Boy": 2.079, "The Nether": 2.9295, "Gold Mine": 6.614999999999999, "Balloons": 2.079, "First Website": 2.2112999999999996, "Telegram": 5.292, "Bitcoin": 5.292, "Big Brother": 2.9295, "Pokeball": 2.5515, "Onyx Black": 4.44, "Black": 9.095, "just": 1.6064999999999998}, "Homemade Cake": {"Onyx Black": 2.325, "Black": 5.65, "just": 1.615}, "Cookie Heart": {"Onyx Black": 2.5700000000000003, "Black": 6.715, "just": 1.649}, "Jester Hat": {"Onyx Black": 2.525, "Black": 6.09, "just": 1.4875}, "Holiday Drink": {"Onyx Black": 2.7, "Black": 6.074999999999999, "just": 1.615}, "Ginger Cookie": {"Onyx Black": 3.5600000000000005, "Black": 7.135, "just": 1.6744999999999999}, "Hypno Lollipop": {"Onyx Black": 3.46, "Black": 7.525, "just": 1.6575}, "Winter Wreath": {"Moon Cat": 85.99499999999999, "Onyx Black": 2.695, "Black": 6.99, "just": 1.6915}, "Party Sparkler": {"Onyx Black": 2.965, "Black": 7.415, "just": 1.6404999999999998}, "Jingle Bells": {"Onyx Black": 3.065, "Black": 6.155, "just": 1.8104999999999998}, "Tama Gadget": {"Onyx Black": 3.465, "Black": 6.785, "just": 1.7934999999999999}, "Jack-in-the-Box": {"Onyx Black": 3.13, "Black": 6.9799999999999995, "just": 1.9209999999999998}, "Star Notepad": {"Onyx Black": 3.745, "Black": 10.17, "just": 2.0315}, "Easter Egg": {"Onyx Black": 3.8, "Black": 10.879999999999999, "just": 2.4225}, "Santa Hat": {"Onyx Black": 3.706, "Black": 8.221999999999998, "just": 2.3035}, "Hex Pot": {"Onyx Black": 3.98, "Black": 9.82, "just": 2.3375}, "Restless Jar": {"Onyx Black": 3.9299999999999997, "Black": 9.24, "just": 2.2015}, "Lush Bouquet": {"Onyx Black": 5.23, "Black": 8.825, "just": 2.686}, "Spiced Wine": {"Onyx Black": 3.274, "Black": 7.35, "just": 2.2015}, "Snow Globe": {"Onyx Black": 4.87, "Black": 11.375, "just": 2.3375}, "Joyful Bundle": {"Onyx Black": 4.675, "Black": 9.6, "just": 2.3375}, "Light Sword": {"Onyx Black": 4.456, "Black": 9.86, "just": 2.635}, "Witch Hat": {"Onyx Black": 4.17, "Black": 12.02, "just": 2.584}, "Bow Tie": {"Onyx Black": 4.622, "Black": 11.902, "just": 2.6944999999999997}, "Eternal Candle": {"Onyx Black": 5.408, "Black": 11.208, "just": 3.128}, "Jelly Bunny": {"Onyx Black": 5.095, "Black": 10.185, "just": 2.8815}, "Bunny Muffin": {"Onyx Black": 4.748, "Black": 11.548000000000002, "just": 3.043}, "Spy Agaric": {"Onyx Black": 5.936, "Black": 10.536000000000001, "just": 3.026}, "Evil Eye": {"Onyx Black": 6.402, "Black": 13.474, "just": 3.2215}, "Snow Mittens": {"Onyx Black": 6.279999999999999, "Black": 8.079999999999998, "just": 3.23}, "Berry Box": {"Onyx Black": 5.254, "Black": 10.734, "just": 3.3065}, "Valentine Box": {"Onyx Black": 7.18, "Black": 12.82, "just": 3.995}, "Sakura Flower": {"Onyx Black": 7.032, "Black": 16.236, "just": 4.300999999999999}, "Hanging Star": {"Onyx Black": 8.778, "Black": 15.382000000000001, "just": 5.0745}, "Sleigh Bell": {"Onyx Black": 12.584, "Black": 20.584, "just": 6.494}, "Love Candle": {"Onyx Black": 10.17, "Black": 17.11, "just": 7.097499999999999}, "Skull Flower": {"Onyx Black": 11.546, "Black": 18.305999999999997, "just": 6.7235}, "Crystal Ball": {"Onyx Black": 12.3, "Black": 27.92, "just": 6.715}, "Trapped Heart": {"Onyx Black": 12.367999999999999, "Black": 19.208, "just": 7.377999999999999}, "Top Hat": {"Onyx Black": 15.216000000000001, "Black": 26.856, "just": 7.446}, "Love Potion": {"Onyx Black": 12.734, "Black": 23.93, "just": 8.4065}, "Flying Broom": {"Onyx Black": 12.469999999999999, "Black": 17.27, "just": 8.032499999999999}, "Cupid Charm": {"Onyx Black": 17.073999999999998, "Black": 32.873999999999995, "just": 10.0215}, "Record Player": {"Onyx Black": 10.32, "Black": 20.56, "just": 6.46}, "Eternal Rose": {"Onyx Black": 18.788, "Black": 33.587999999999994, "just": 11.883000000000001}, "Mad Pumpkin": {"Onyx Black": 24.427999999999997, "Black": 39.228, "just": 16.473}, "Voodoo Doll": {"Onyx Black": 24.204, "Black": 44.624, "just": 14.483999999999998}, "Diamond Ring": {"Onyx Black": 21.07, "Black": 40.67, "just": 13.982499999999998}, "Toy Bear": {"Onyx Black": 33.2, "Black": 49.6, "just": 22.099999999999998}, "Vintage Cigar": {"Onyx Black": 36.885999999999996, "Black": 60.486000000000004, "just": 21.0885}, "Neko Helmet": {"Onyx Black": 38.974000000000004, "Black": 66.57400000000001, "just": 24.046499999999998}, "Low Rider": {"Onyx Black": 32.792, "Black": 83.19200000000001, "just": 21.522}, "Signet Ring": {"Onyx Black": 37.912, "Black": 76.712, "just": 24.241999999999997}, "Electric Skull": {"Onyx Black": 45.51, "Black": 75.914, "just": 28.211499999999997}, "Kissed Frog": {"Onyx Black": 45.48, "Black": 80.08, "just": 28.729999999999997}, "Swiss Watch": {"Onyx Black": 42.756, "Black": 72.756, "just": 29.970999999999997}, "Sharp Tongue": {"Onyx Black": 56.28, "Black": 141.07999999999998, "just": 35.529999999999994}, "Genie Lamp": {"Onyx Black": 67.976,