{"Snoop Dogg": {"Black Diamond": 2.1585, "Doberman": 3.3905000000000003, "Chrome": 1.9970000000000003, "Emerald": 1.8165000000000002, "King Snoop": 4.6155, "Sapphire": 2.016, "Green Light": 1.8165000000000002, "AI Dogg": 2.8205, "Goldizzle": 6.575500000000001, "Cold Topaz": 1.9305000000000003, "Doggfather": 3.153, "Onyx Black": 2.8066666666666666, "Black": 10.378461538461538, "just": 1.394}, "Swag Bag": {"Aviators": 1.9425000000000001, "Take It Easy": 2.3125, "Darkness": 2.035, "Bulk Order": 1.9425000000000001, "April 20th": 2.8675, "Cashback": 2.8675, "Happy Herbs": 2.8675, "Gin & Jewels": 2.3125, "Boiling Hot": 2.3125, "Missionary": 6.4750000000000005, "Snoop Life": 2.1275, "Onyx Black": 2.9050000000000002, "Black": 6.8100000000000005, "just": 1.5725}, "Snoop Cigar": {"Onyx Black": 7.195, "Black": 16.419999999999998, "just": 3.7314999999999996}, "Lol Pop": {"Dark Sky": 1.472, "Glowstick": 1.9840000000000002, "Einstein": 1.4080000000000001, "Icicle": 1.4080000000000001, "Doodle Art": 1.472, "Fire Vortex": 1.344, "Andromeda": 1.7280000000000002, "Heart Pop": 1.4080000000000001, "Dark Portal": 1.536, "Satellite": 1.6, "Hexed Helix": 1.4080000000000001, "Jolly Roger": 1.6, "Angelina": 1.9840000000000002, "Romance": 1.344, "Sick Leave": 1.344, "Watermelon": 1.4080000000000001, "Love Bubbles": 1.6, "Cookie Dip": 1.4080000000000001, "Blood Sucker": 1.6, "Pumpkin": 1.472, "Comic Crunch": 1.4080000000000001, "Cobweb": 1.4080000000000001, "Sweetheart": 1.472, "Jinxed": 1.344, "Icy Touch": 1.344, "Celestia": 1.9840000000000002, "Blood Ember": 1.7280000000000002, "Sailor Moon": 1.536, "Mortal Sin": 3.5839999999999996, "Milky Way": 1.344, "Rosebud": 1.6640000000000001, "Onyx Black": 1.7349999999999999, "Black": 4.7299999999999995, "just": 1.088}, "B-Day Candle": {"On Fire": 1.9375, "Final Boss": 1.9375, "Happy Meows": 2.5, "Payday": 1.9375, "Kaboom!": 1.9375, "Shocker": 1.9375, "Purr Magic": 2.5, "Pixel Wish": 1.9375, "Onyx Black": 1.675, "Black": 4.125, "just": 1.0625}, "Desk Calendar": {"Adult Tasks": 4.305, "Independence": 3.444, "Checklist": 1.9065, "Fawkes Night": 4.305, "Peach Week": 1.6605, "Investor": 4.305, "Burning Time": 1.9065, "Pepe Plans": 4.305, "Telegram": 1.9065, "Heartbreak": 1.353, "Fund Manager": 1.9065, "Durov Day": 2.46, "Hodler": 4.305, "Deadline": 2.46, "Balloon Face": 1.599, "Tic Tac Toe": 1.9065, "Sunday": 2.46, "Onyx Black": 1.6099999999999999, "Black": 4.865, "just": 1.0454999999999999}, "Lunar Snake": {"Psychedelic": 2.0770000000000004, "Hot Cherry": 2.0770000000000004, "Python Dev": 2.0770000000000004, "Timelock": 1.8090000000000002, "Dragon Ball": 4.69, "Synthwave": 2.68, "Hellspawn": 1.8090000000000002, "Soul Eater": 2.0770000000000004, "Onyx Black": 1.8199999999999998, "Black": 4.82, "just": 1.139}, "Xmas Stocking": {"Onyx Black": 1.98, "Black": 4.555, "just": 1.122}, "Snake Box": {"Onyx Black": 1.94, "Black": 5.09, "just": 1.1305}, "Pet Snake": {"Onyx Black": 2.26, "Black": 5.36, "just": 1.462}, "Candy Cane": {"Grinch": 3.2, "Designer": 5.6000000000000005, "Hex Pot": 3.2, "Sticky Sweet": 2.16, "Onyx Black": 2.295, "Black": 6.800000000000001, "just": 1.36}, "Whip Cupcake": {"Sponge Duck": 3.836, "Resistance": 4.795, "Toncoin": 2.1235000000000004, "Deep State": 2.1235000000000004, "Bitcoin": 4.795, "Onyx Black": 2.185, "Black": 4.984999999999999, "just": 1.1645}, "Big Year": {"Bitcoin": 4.76, "Big Brother": 2.635, "Creator": 2.295, "Game Boy": 2.295, "Gold Mine": 4.76, "Cheshire Cat": 2.295, "Pokeball": 3.4, "Pavel Durov": 4.76, "Balloons": 1.87, "Qing Dynasty": 3.4, "The Hobbit": 3.4, "YouTubes": 2.635, "First Website": 2.635, "Telegram": 4.76, "The Nether": 2.295, "Onyx Black": 2.8999999999999995, "Black": 7.800000000000001, "just": 1.4449999999999998}, "Homemade Cake": {"Onyx Black": 2.0, "Black": 4.82, "just": 1.3175}, "Cookie Heart": {"Onyx Black": 2.455, "Black": 5.33, "just": 1.496}, "Jester Hat": {"Onyx Black": 2.42, "Black": 5.32, "just": 1.394}, "Holiday Drink": {"Onyx Black": 2.34, "Black": 5.255000000000001, "just": 1.4535}, "Ginger Cookie": {"Onyx Black": 2.7350000000000003, "Black": 6.435, "just": 1.5895000000000001}, "Hypno Lollipop": {"Onyx Black": 2.71, "Black": 6.31, "just": 1.462}, "Winter Wreath": {"Onyx Black": 2.39, "Black": 8.89, "just": 1.513}, "Party Sparkler": {"Onyx Black": 2.8049999999999997, "Black": 6.13, "just": 1.496}, "Jingle Bells": {"Onyx Black": 2.615, "Black": 5.51, "just": 1.4789999999999999}, "Tama Gadget": {"Onyx Black": 2.48, "Black": 5.885, "just": 1.5045}, "Jack-in-the-Box": {"Onyx Black": 2.8, "Black": 7.85, "just": 1.785}, "Star Notepad": {"Onyx Black": 3.2699999999999996, "Black": 8.535, "just": 1.8615}, "Easter Egg": {"Onyx Black": 3.545, "Black": 10.944999999999999, "just": 2.1165000000000003}, "Santa Hat": {"Onyx Black": 3.515, "Black": 9.649999999999999, "just": 1.9549999999999998}, "Hex Pot": {"Onyx Black": 3.8649999999999998, "Black": 7.565, "just": 2.2355}, "Restless Jar": {"Onyx Black": 3.8149999999999995, "Black": 8.265, "just": 2.1504999999999996}, "Lush Bouquet": {"Onyx Black": 3.415, "Black": 9.165, "just": 2.2355}, "Spiced Wine": {"Onyx Black": 3.49, "Black": 7.390000000000001, "just": 1.683}, "Snow Globe": {"Onyx Black": 4.07, "Black": 9.120000000000001, "just": 2.074}, "Joyful Bundle": {"Onyx Black": 3.745, "Black": 7.87, "just": 2.329}, "Light Sword": {"Onyx Black": 3.9450000000000003, "Black": 12.445, "just": 2.4565}, "Witch Hat": {"Onyx Black": 4.075, "Black": 9.68, "just": 2.431}, "Bow Tie": {"Onyx Black": 4.67, "Black": 17.435000000000002, "just": 2.5415}, "Eternal Candle": {"Onyx Black": 4.949999999999999, "Black": 10.2, "just": 2.465}, "Jelly Bunny": {"Onyx Black": 4.4, "Black": 10.145, "just": 2.8049999999999997}, "Bunny Muffin": {"Onyx Black": 4.4399999999999995, "Black": 11.99, "just": 2.618}, "Spy Agaric": {"Onyx Black": 5.35, "Black": 11.08, "just": 2.4735}, "Evil Eye": {"Onyx Black": 5.835000000000001, "Black": 16.34, "just": 3.128}, "Snow Mittens": {"Onyx Black": 4.375, "Black": 9.170000000000002, "just": 2.584}, "Berry Box": {"Onyx Black": 4.795, "Black": 14.195, "just": 2.8815}, "Valentine Box": {"Onyx Black": 5.88, "Black": 10.68, "just": 3.366}, "Sakura Flower": {"Onyx Black": 5.755, "Black": 13.61, "just": 3.5869999999999997}, "Hanging Star": {"Onyx Black": 8.45, "Black": 22.32, "just": 4.165}, "Sleigh Bell": {"Onyx Black": 9.965, "Black": 17.965, "just": 5.0405}, "Love Candle": {"Onyx Black": 7.76, "Black": 14.86, "just": 5.712}, "Skull Flower": {"Onyx Black": 8.565, "Black": 16.42, "just": 4.9639999999999995}, "Crystal Ball": {"Onyx Black": 10.125, "Black": 36.385000000000005, "just": 5.3294999999999995}, "Trapped Heart": {"Onyx Black": 9.245, "Black": 23.589999999999996, "just": 6.273}, "Top Hat": {"Onyx Black": 16.645, "Black": 26.25, "just": 6.375}, "Love Potion": {"Onyx Black": 10.19, "Black": 29.14, "just": 7.037999999999999}, "Flying Broom": {"Onyx Black": 10.82, "Black": 21.82, "just": 7.344}, "Cupid Charm": {"Onyx Black": 15.485, "Black": 34.235, "just": 8.0495}, "Record Player": {"Onyx Black": 10.495000000000001, "Black": 24.244999999999997, "just": 7.2165}, "Eternal Rose": {"Onyx Black": 18.96, "Black": 33.91, "just": 10.982}, "Mad Pumpkin": {"Onyx Black": 16.975, "Black": 40.980000000000004, "just": 11.866}, "Voodoo Doll": {"Onyx Black": 20.0, "Black": 40.0, "just": 11.9}, "Diamond Ring": {"Onyx Black": 20.580000000000002, "Black": 43.489999999999995, "just": 12.3165}, "Toy Bear": {"Onyx Black": 22.75, "Black": 51.25, "just": 14.875}, "Vintage Cigar": {"Onyx Black": 38.489999999999995, "Black": 62.480000000000004, "just": 18.683}, "Neko Helmet": {"Onyx Black": 41.995000000000005, "Black": 71.995, "just": 20.391499999999997}, "Low Rider": {"Onyx Black": 38.15, "Black": 106.64999999999999, "just": 19.805}, "Signet Ring": {"Onyx Black": 33.894999999999996, "Black": 84.89500000000001, "just": 19.371499999999997}, "Electric Skull": {"Onyx Black": 37.09, "Black": 69.59, "just": 20.553}, "Kissed Frog": {"Onyx Black": 44.0, "Black": 75.5,