{"Snoop Dogg": {"Doberman": 3.4305000000000003, "Goldizzle": 7.3255, "Sapphire": 1.9540000000000002, "Chrome": 2.0205, "Black Diamond": 2.0015, "AI Dogg": 2.9459999999999997, "Doggfather": 2.8605, "King Snoop": 4.560499999999999, "Onyx Black": 3.25, "Black": 10.67, "just": 1.5045}, "Swag Bag": {"Happy Herbs": 3.0535, "Take It Easy": 2.3049, "Leopard": 2.2655, "Golden Nugs": 2.1670000000000003, "Cashback": 3.0535, "Snoop Life": 2.4625, "Darkness": 2.2655, "Boiling Hot": 2.561, "Bulk Order": 2.3049, "Missionary": 6.895, "April 20th": 3.0535, "Gin & Jewels": 2.561, "Onyx Black": 3.085, "Black": 7.484999999999999, "just": 1.6744999999999999}, "Snoop Cigar": {"Onyx Black": 7.664999999999999, "Black": 19.599999999999998, "just": 4.08}, "Lol Pop": {"Dark Sky": 1.4909999999999999, "Sweetheart": 1.8459999999999999, "Jinxed": 1.562, "Cobweb": 1.4909999999999999, "Einstein": 1.704, "Hexed Helix": 1.562, "Jolly Roger": 1.775, "Glowstick": 2.201, "Andromeda": 1.8459999999999999, "Blood Ember": 1.562, "Dark Portal": 1.6329999999999998, "Pink Foil": 1.4909999999999999, "Milky Way": 1.4909999999999999, "Blood Sucker": 1.775, "Watermelon": 1.4909999999999999, "Fire Vortex": 1.4909999999999999, "Angelina": 2.201, "Pumpkin": 1.4909999999999999, "Romance": 1.4909999999999999, "Doodle Art": 1.6329999999999998, "Shock Wave": 1.562, "Cookie Dip": 1.4909999999999999, "Celestia": 2.201, "Heart Pop": 1.6329999999999998, "Rosebud": 1.704, "Sailor Moon": 1.4909999999999999, "Love Bubbles": 1.917, "Satellite": 1.704, "Mortal Sin": 2.84, "Onyx Black": 2.0, "Black": 5.16, "just": 1.2069999999999999}, "B-Day Candle": {"On Fire": 2.1235000000000004, "Final Boss": 2.1235000000000004, "Purr Magic": 2.1235000000000004, "Payday": 2.1235000000000004, "Kaboom!": 1.8495000000000004, "Pixel Wish": 2.1235000000000004, "Happy Meows": 2.74, "Onyx Black": 1.7850000000000001, "Black": 5.135, "just": 1.1645}, "Desk Calendar": {"Balloon Face": 2.1235000000000004, "Pepe Plans": 13.43, "Fund Manager": 2.1235000000000004, "Telegram": 2.1235000000000004, "Sunday": 1.8495000000000004, "Fawkes Night": 3.836, "Investor": 7.185, "Adult Tasks": 23.185000000000002, "Deadline": 2.1235000000000004, "Durov Day": 2.74, "Burning Time": 2.1235000000000004, "Hodler": 3.836, "Tic Tac Toe": 1.7125000000000001, "Checklist": 1.8495000000000004, "Independence": 2.74, "Peach Week": 2.1235000000000004, "Heartbreak": 1.6029, "Onyx Black": 1.7850000000000001, "Black": 5.1850000000000005, "just": 1.1645}, "Lunar Snake": {"Python Dev": 2.3560000000000003, "Timelock": 1.9760000000000002, "Hot Cherry": 2.3560000000000003, "Hellspawn": 2.052, "Soul Eater": 2.052, "Psychedelic": 2.3560000000000003, "Synthwave": 5.32, "Dragon Ball": 5.32, "Onyx Black": 2.2350000000000003, "Black": 5.76, "just": 1.292}, "Xmas Stocking": {"Onyx Black": 2.675, "Black": 5.235, "just": 1.2495}, "Snake Box": {"Onyx Black": 2.17, "Black": 6.165000000000001, "just": 1.2325}, "Pet Snake": {"Onyx Black": 2.485, "Black": 6.16, "just": 1.4789999999999999}, "Candy Cane": {"Sticky Sweet": 3.1, "Grinch": 3.1, "Hex Pot": 3.1, "Designer": 5.425, "Onyx Black": 2.345, "Black": 5.85, "just": 1.3175}, "Whip Cupcake": {"Toncoin": 2.294, "Sponge Duck": 2.294, "Deep State": 1.998, "Resistance": 5.18, "Bitcoin": 9.24, "Onyx Black": 2.19, "Black": 5.539999999999999, "just": 1.258}, "Big Year": {"The Nether": 2.4625, "Pavel Durov": 5.516, "Creator": 2.6595, "The Hobbit": 3.94, "Bitcoin": 6.895, "Gold Mine": 6.895, "Pokeball": 2.6595, "YouTubes": 3.94, "Telegram": 3.94, "First Website": 2.0685000000000002, "Big Brother": 3.0535, "Game Boy": 2.1670000000000003, "Cheshire Cat": 2.364, "Qing Dynasty": 3.0535, "Balloons": 2.0685000000000002, "Onyx Black": 3.6050000000000004, "Black": 9.635, "just": 1.6744999999999999}, "Homemade Cake": {"Onyx Black": 2.3049999999999997, "Black": 5.395, "just": 1.5385}, "Cookie Heart": {"Onyx Black": 2.56, "Black": 6.905, "just": 1.632}, "Jester Hat": {"Onyx Black": 2.87, "Black": 6.37, "just": 1.5215}, "Holiday Drink": {"Onyx Black": 2.48, "Black": 6.430000000000001, "just": 1.666}, "Ginger Cookie": {"Onyx Black": 3.8099999999999996, "Black": 7.275, "just": 1.7594999999999998}, "Hypno Lollipop": {"Onyx Black": 2.945, "Black": 6.24, "just": 1.6915}, "Winter Wreath": {"Moon Cat": 96.00500000000001, "Onyx Black": 2.98, "Black": 7.5, "just": 1.7084999999999997}, "Party Sparkler": {"Onyx Black": 3.45, "Black": 6.960000000000001, "just": 1.649}, "Jingle Bells": {"Onyx Black": 2.675, "Black": 6.7700000000000005, "just": 1.7424999999999997}, "Tama Gadget": {"Onyx Black": 3.465, "Black": 6.154999999999999, "just": 1.7934999999999999}, "Jack-in-the-Box": {"Onyx Black": 3.0949999999999998, "Black": 7.085000000000001, "just": 1.9295}, "Star Notepad": {"Onyx Black": 3.97, "Black": 9.469999999999999, "just": 1.9040000000000001}, "Easter Egg": {"Onyx Black": 3.77, "Black": 10.745000000000001, "just": 2.3715}, "Santa Hat": {"Onyx Black": 3.974, "Black": 8.414000000000001, "just": 2.3715}, "Hex Pot": {"Onyx Black": 4.029999999999999, "Black": 9.895, "just": 2.3715}, "Restless Jar": {"Onyx Black": 3.76, "Black": 9.75, "just": 2.1845}, "Lush Bouquet": {"Onyx Black": 4.32, "Black": 7.720000000000001, "just": 2.499}, "Spiced Wine": {"Onyx Black": 3.044, "Black": 6.976, "just": 2.159}, "Snow Globe": {"Onyx Black": 4.484999999999999, "Black": 10.934999999999999, "just": 2.4395000000000002}, "Joyful Bundle": {"Onyx Black": 3.995, "Black": 7.8, "just": 2.38}, "Light Sword": {"Onyx Black": 4.736000000000001, "Black": 10.620000000000001, "just": 2.584}, "Witch Hat": {"Onyx Black": 4.565, "Black": 12.065, "just": 2.669}, "Bow Tie": {"Onyx Black": 4.904, "Black": 12.336, "just": 2.754}, "Eternal Candle": {"Onyx Black": 4.84, "Black": 10.64, "just": 2.8899999999999997}, "Jelly Bunny": {"Onyx Black": 4.42, "Black": 9.92, "just": 2.839}, "Bunny Muffin": {"Onyx Black": 4.676, "Black": 14.02, "just": 2.975}, "Spy Agaric": {"Onyx Black": 5.574, "Black": 10.486, "just": 2.9665}, "Evil Eye": {"Onyx Black": 6.324, "Black": 13.184000000000001, "just": 3.094}, "Snow Mittens": {"Onyx Black": 4.984, "Black": 8.18, "just": 3.094}, "Berry Box": {"Onyx Black": 5.906000000000001, "Black": 10.59, "just": 3.2725}, "Valentine Box": {"Onyx Black": 7.220000000000001, "Black": 12.66, "just": 3.995}, "Sakura Flower": {"Onyx Black": 6.512, "Black": 15.411999999999999, "just": 4.2669999999999995}, "Hanging Star": {"Onyx Black": 7.786, "Black": 15.225999999999999, "just": 4.581499999999999}, "Sleigh Bell": {"Onyx Black": 10.379999999999999, "Black": 20.78, "just": 6.205}, "Love Candle": {"Onyx Black": 9.858, "Black": 17.058, "just": 7.1655}, "Skull Flower": {"Onyx Black": 11.096, "Black": 17.740000000000002, "just": 7.225}, "Crystal Ball": {"Onyx Black": 11.93, "Black": 24.734, "just": 6.706499999999999}, "Trapped Heart": {"Onyx Black": 13.059999999999999, "Black": 18.22, "just": 7.225}, "Top Hat": {"Onyx Black": 12.82, "Black": 22.339999999999996, "just": 7.395}, "Love Potion": {"Onyx Black": 11.204, "Black": 23.604, "just": 7.939}, "Flying Broom": {"Onyx Black": 12.834, "Black": 19.634, "just": 7.9815000000000005}, "Cupid Charm": {"Onyx Black": 16.136, "Black": 30.176000000000002, "just": 9.316}, "Record Player": {"Onyx Black": 10.100000000000001, "Black": 20.740000000000002, "just": 6.715}, "Eternal Rose": {"Onyx Black": 20.209999999999997, "Black": 34.614, "just": 11.6365}, "Mad Pumpkin": {"Onyx Black": 22.576, "Black": 41.483999999999995, "just": 15.266}, "Voodoo Doll": {"Onyx Black": 22.596, "Black": 46.8, "just": 14.45}, "Diamond Ring": {"Onyx Black": 22.182, "Black": 43.786, "just": 13.863499999999998}, "Toy Bear": {"Onyx Black": 31.896, "Black": 51.9, "just": 22.525}, "Vintage Cigar": {"Onyx Black": 37.373999999999995, "Black": 54.574, "just": 20.6465}, "Neko Helmet": {"Onyx Black": 38.422, "Black": 66.382, "just": 23.2645}, "Low Rider": {"Onyx Black": 32.144, "Black": 87.3, "just": 21.675}, "Signet Ring": {"Onyx Black": 36.760000000000005, "Black": 79.55600000000001, "just": 22.61},