{"Snoop Dogg": {"King Snoop": 4.7105, "AI Dogg": 3.096, "King Ruby": 2.0730000000000004, "Cold Topaz": 2.2060000000000004, "Doggfather": 3.2955, "Black Diamond": 2.2155, "Doberman": 3.8465000000000003, "Sapphire": 2.111, "Goldizzle": 6.780499999999999, "Chrome": 2.5100000000000002, "Onyx Black": 3.46, "Black": 10.53076923076923, "just": 1.53}, "Swag Bag": {"Happy Herbs": 2.9295, "Leopard": 2.079, "Snoop Life": 2.5515, "Take It Easy": 2.3625, "Boiling Hot": 2.3625, "Gin & Jewels": 2.3625, "Cashback": 2.9295, "Bulk Order": 2.5515, "Darkness": 2.1734999999999998, "April 20th": 2.9295, "Missionary": 6.614999999999999, "Onyx Black": 3.12, "Black": 6.944999999999999, "just": 1.6064999999999998}, "Snoop Cigar": {"Onyx Black": 7.295, "Black": 16.744999999999997, "just": 3.8165}, "Lol Pop": {"Cookie Dip": 1.4385000000000001, "Gold Star": 1.4385000000000001, "Blood Sucker": 1.6440000000000001, "Sailor Moon": 1.5070000000000003, "Love Bubbles": 1.5070000000000003, "Rosebud": 1.6440000000000001, "Shock Wave": 1.4385000000000001, "Comic Crunch": 1.5070000000000003, "Dark Sky": 1.5755, "Hexed Helix": 1.5755, "Angelina": 2.1235000000000004, "Cobweb": 1.5070000000000003, "Pumpkin": 1.5070000000000003, "Pink Foil": 1.4385000000000001, "Watermelon": 1.4385000000000001, "Einstein": 1.5070000000000003, "Jinxed": 1.7125000000000001, "Nostalgia": 1.4385000000000001, "Celestia": 2.1235000000000004, "Icicle": 1.4385000000000001, "Jolly Roger": 1.5755, "Mortal Sin": 3.836, "Sweetheart": 1.5070000000000003, "Milky Way": 1.4385000000000001, "Satellite": 1.7125000000000001, "Glowstick": 2.1235000000000004, "Andromeda": 1.5755, "Dark Portal": 2.1235000000000004, "Portable Pop": 1.4385000000000001, "Blood Ember": 1.5070000000000003, "Doodle Art": 1.4385000000000001, "Heart Pop": 1.5070000000000003, "Onyx Black": 1.935, "Black": 5.3999999999999995, "just": 1.1645}, "B-Day Candle": {"Final Boss": 2.0925000000000002, "On Fire": 2.0925000000000002, "Purr Magic": 2.0925000000000002, "Happy Meows": 2.0925000000000002, "Payday": 2.0925000000000002, "Kaboom!": 1.8225000000000002, "Pixel Wish": 2.0925000000000002, "Onyx Black": 1.725, "Black": 5.41, "just": 1.1475}, "Desk Calendar": {"Sunday": 2.0460000000000003, "Durov Day": 2.64, "Pepe Plans": 11.455, "Balloon Face": 1.518, "Deadline": 2.0460000000000003, "Fawkes Night": 4.62, "Tic Tac Toe": 1.7820000000000003, "Telegram": 2.0460000000000003, "Hodler": 3.6959999999999997, "Investor": 5.36, "Checklist": 1.7820000000000003, "Peach Week": 2.0460000000000003, "Burning Time": 2.0460000000000003, "Independence": 2.64, "Adult Tasks": 27.61, "Heartbreak": 1.7160000000000002, "Fund Manager": 2.0460000000000003, "Onyx Black": 1.655, "Black": 6.16, "just": 1.122}, "Lunar Snake": {"Psychedelic": 1.775, "Hellspawn": 2.201, "Hot Cherry": 2.201, "Soul Eater": 1.917, "Synthwave": 5.71, "Python Dev": 2.201, "Timelock": 1.6329999999999998, "Dragon Ball": 4.97, "Onyx Black": 2.04, "Black": 5.61, "just": 1.2069999999999999}, "Xmas Stocking": {"Onyx Black": 2.0149999999999997, "Black": 5.449999999999999, "just": 1.19}, "Snake Box": {"Onyx Black": 2.07, "Black": 6.12, "just": 1.139}, "Pet Snake": {"Onyx Black": 2.5300000000000002, "Black": 5.89, "just": 1.5215}, "Candy Cane": {"Designer": 5.355, "Sticky Sweet": 2.0655, "Hex Pot": 3.06, "Grinch": 3.06, "Onyx Black": 2.265, "Black": 6.15, "just": 1.3005}, "Whip Cupcake": {"Deep State": 1.998, "Bitcoin": 10.99, "Resistance": 5.18, "Sponge Duck": 2.96, "Toncoin": 2.294, "Onyx Black": 1.94, "Black": 5.6899999999999995, "just": 1.258}, "Big Year": {"Creator": 2.673, "Telegram": 5.544, "Pavel Durov": 3.96, "Qing Dynasty": 3.069, "YouTubes": 2.673, "Pokeball": 2.673, "The Hobbit": 3.96, "Gold Mine": 6.93, "Big Brother": 2.574, "Cheshire Cat": 2.2769999999999997, "Game Boy": 2.2769999999999997, "Bitcoin": 5.544, "The Nether": 2.079, "Onyx Black": 3.465, "Black": 8.415, "just": 1.683}, "Homemade Cake": {"Onyx Black": 2.05, "Black": 5.43, "just": 1.4195}, "Cookie Heart": {"Onyx Black": 2.355, "Black": 7.4, "just": 1.5385}, "Jester Hat": {"Onyx Black": 2.8, "Black": 6.73, "just": 1.4109999999999998}, "Holiday Drink": {"Onyx Black": 2.63, "Black": 5.885, "just": 1.5045}, "Ginger Cookie": {"Onyx Black": 3.1500000000000004, "Black": 5.8999999999999995, "just": 1.53}, "Hypno Lollipop": {"Onyx Black": 2.925, "Black": 5.529999999999999, "just": 1.666}, "Winter Wreath": {"Onyx Black": 2.965, "Black": 9.415, "just": 1.6404999999999998}, "Party Sparkler": {"Onyx Black": 4.015, "Black": 7.965, "just": 1.7254999999999998}, "Jingle Bells": {"Onyx Black": 2.875, "Black": 6.7749999999999995, "just": 1.7424999999999997}, "Tama Gadget": {"Onyx Black": 3.5100000000000002, "Black": 7.54, "just": 1.768}, "Jack-in-the-Box": {"Onyx Black": 3.17, "Black": 7.925000000000001, "just": 1.8615}, "Star Notepad": {"Onyx Black": 3.675, "Black": 9.045, "just": 1.9975}, "Easter Egg": {"Onyx Black": 3.85, "Black": 11.05, "just": 2.125}, "Santa Hat": {"Onyx Black": 3.156, "Black": 7.8759999999999994, "just": 2.0909999999999997}, "Hex Pot": {"Onyx Black": 3.76, "Black": 9.39, "just": 2.363}, "Restless Jar": {"Onyx Black": 3.745, "Black": 8.465, "just": 2.1165000000000003}, "Lush Bouquet": {"Onyx Black": 4.415, "Black": 8.07, "just": 2.4139999999999997}, "Spiced Wine": {"Onyx Black": 3.04, "Black": 6.683999999999999, "just": 2.108}, "Snow Globe": {"Onyx Black": 4.17, "Black": 10.395, "just": 2.3715}, "Joyful Bundle": {"Onyx Black": 4.105, "Black": 8.165, "just": 2.4055}, "Light Sword": {"Onyx Black": 4.422, "Black": 10.482000000000001, "just": 2.5245}, "Witch Hat": {"Onyx Black": 4.18, "Black": 11.93, "just": 2.431}, "Bow Tie": {"Onyx Black": 4.162, "Black": 12.521999999999998, "just": 2.7795}, "Eternal Candle": {"Onyx Black": 4.834, "Black": 10.453999999999999, "just": 2.9665}, "Jelly Bunny": {"Onyx Black": 4.64, "Black": 10.370000000000001, "just": 2.788}, "Bunny Muffin": {"Onyx Black": 4.9, "Black": 12.1, "just": 2.975}, "Spy Agaric": {"Onyx Black": 5.0600000000000005, "Black": 11.659999999999998, "just": 2.635}, "Evil Eye": {"Onyx Black": 6.584, "Black": 12.384, "just": 3.094}, "Snow Mittens": {"Onyx Black": 4.982, "Black": 8.178, "just": 3.3745000000000003}, "Berry Box": {"Onyx Black": 4.55, "Black": 11.75, "just": 3.0515}, "Valentine Box": {"Onyx Black": 8.668, "Black": 12.068, "just": 4.063}, "Sakura Flower": {"Onyx Black": 6.392, "Black": 14.592, "just": 3.672}, "Hanging Star": {"Onyx Black": 8.644, "Black": 15.079999999999998, "just": 4.369}, "Sleigh Bell": {"Onyx Black": 10.864, "Black": 18.664, "just": 6.324}, "Love Candle": {"Onyx Black": 9.719999999999999, "Black": 16.92, "just": 6.969999999999999}, "Skull Flower": {"Onyx Black": 11.032, "Black": 17.232, "just": 7.412}, "Crystal Ball": {"Onyx Black": 12.536000000000001, "Black": 30.560000000000002, "just": 6.46}, "Trapped Heart": {"Onyx Black": 11.565999999999999, "Black": 19.562, "just": 7.318499999999999}, "Top Hat": {"Onyx Black": 12.778, "Black": 25.174, "just": 7.335500000000001}, "Love Potion": {"Onyx Black": 10.774000000000001, "Black": 24.814, "just": 7.386499999999999}, "Flying Broom": {"Onyx Black": 11.040000000000001, "Black": 19.64, "just": 7.99}, "Cupid Charm": {"Onyx Black": 17.484, "Black": 34.284, "just": 9.469}, "Record Player": {"Onyx Black": 11.341999999999999, "Black": 20.497999999999998, "just": 7.114499999999999}, "Eternal Rose": {"Onyx Black": 19.5, "Black": 34.7, "just": 12.325}, "Mad Pumpkin": {"Onyx Black": 26.994, "Black": 43.394000000000005, "just": 16.141499999999997}, "Voodoo Doll": {"Onyx Black": 24.094, "Black": 41.294, "just": 14.866499999999998}, "Diamond Ring": {"Onyx Black": 20.695999999999998, "Black": 37.5, "just": 14.025}, "Toy Bear": {"Onyx Black": 25.279999999999998, "Black": 50.932, "just": 15.486999999999998}, "Vintage Cigar": {"Onyx Black": 46.519999999999996, "Black": 62.519999999999996, "just": 22.27}, "Neko Helmet": {"Onyx Black": 41.214, "Black": 65.21, "just": 24.3865}, "Low Rider": {"Onyx Black": 35.364000000000004,