{"Snoop Dogg": {"AI Dogg": 2.797, "Goldizzle": 7.055999999999999, "Chrome": 2.2155, "Sapphire": 2.3770000000000002, "Cold Topaz": 2.016, "Doberman": 3.3905000000000003, "King Snoop": 4.520500000000001, "King Ruby": 1.9685000000000006, "Black Diamond": 2.2060000000000004, "Doggfather": 3.1055, "Onyx Black": 3.39, "Black": 10.177692307692308, "just": 1.5045}, "Swag Bag": {"Dogg’s Loot": 2.0055, "Cashback": 2.9605, "Take It Easy": 2.483, "April 20th": 2.9605, "Darkness": 2.1965, "Golden Nugs": 2.0055, "Snoop Life": 2.5785, "Missionary": 6.685, "P.I.M.P.": 2.0055, "Bulk Order": 2.483, "Happy Herbs": 2.9605, "Leopard": 2.0055, "Gin & Jewels": 2.3874999999999997, "Boiling Hot": 2.5785, "Onyx Black": 3.205, "Black": 7.355, "just": 1.6235}, "Snoop Cigar": {"Onyx Black": 8.190000000000001, "Black": 16.625, "just": 3.8249999999999997}, "Lol Pop": {"Dark Sky": 1.5755, "Fire Vortex": 1.4385000000000001, "Jinxed": 1.7125000000000001, "Jolly Roger": 1.6440000000000001, "Blood Sucker": 1.5755, "Sick Leave": 1.5070000000000003, "Einstein": 1.5070000000000003, "Romance": 1.4385000000000001, "Shock Wave": 1.5755, "Sweetheart": 1.5755, "Cookie Dip": 1.4385000000000001, "Nostalgia": 1.4385000000000001, "Cobweb": 1.4385000000000001, "Comic Crunch": 1.5070000000000003, "Heart Pop": 1.5755, "Milky Way": 1.5755, "Dark Portal": 1.7125000000000001, "Satellite": 1.7125000000000001, "Pink Foil": 1.4385000000000001, "Andromeda": 1.8495000000000004, "Icicle": 1.4385000000000001, "Hexed Helix": 1.7810000000000001, "Rosebud": 1.5755, "Mortal Sin": 3.836, "Celestia": 2.1235000000000004, "Gold Star": 1.5070000000000003, "Plastic Ice": 1.4385000000000001, "Doodle Art": 1.5070000000000003, "Angelina": 2.1235000000000004, "Pumpkin": 1.5070000000000003, "Glowstick": 2.1235000000000004, "Sailor Moon": 1.5070000000000003, "Blood Ember": 1.5755, "Portable Pop": 1.4385000000000001, "Watermelon": 1.4385000000000001, "Love Bubbles": 1.5755, "Onyx Black": 1.86, "Black": 5.425, "just": 1.1645}, "B-Day Candle": {"Pixel Wish": 2.0615, "Happy Meows": 2.66, "Final Boss": 2.0615, "Payday": 2.0615, "Kaboom!": 1.7955000000000003, "On Fire": 2.0615, "Purr Magic": 2.0615, "Onyx Black": 1.665, "Black": 5.155, "just": 1.1305}, "Desk Calendar": {"Investor": 4.55, "Durov Day": 2.6, "Balloon Face": 1.4949999999999999, "Checklist": 1.6900000000000002, "Heartbreak": 1.56, "Adult Tasks": 25.05, "Independence": 2.6, "Burning Time": 2.015, "Fawkes Night": 4.55, "Sunday": 2.015, "Telegram": 2.015, "Tic Tac Toe": 1.625, "Fund Manager": 2.015, "Deadline": 2.015, "Hodler": 3.6399999999999997, "Peach Week": 2.015, "Pepe Plans": 11.09, "Onyx Black": 1.6, "Black": 5.989999999999999, "just": 1.105}, "Lunar Snake": {"Soul Eater": 2.2165, "Synthwave": 5.005, "Dragon Ball": 5.005, "Psychedelic": 1.7874999999999999, "Hellspawn": 2.2165, "Hot Cherry": 1.9305, "Timelock": 1.6444999999999999, "Python Dev": 2.2165, "Onyx Black": 2.18, "Black": 5.3149999999999995, "just": 1.2155}, "Xmas Stocking": {"Onyx Black": 2.1399999999999997, "Black": 5.435, "just": 1.2069999999999999}, "Snake Box": {"Onyx Black": 1.96, "Black": 6.435, "just": 1.1645}, "Pet Snake": {"Onyx Black": 2.39, "Black": 5.6899999999999995, "just": 1.513}, "Candy Cane": {"Designer": 5.390000000000001, "Sticky Sweet": 2.387, "Hex Pot": 3.08, "Grinch": 3.08, "Onyx Black": 2.0949999999999998, "Black": 6.1499999999999995, "just": 1.309}, "Whip Cupcake": {"Resistance": 4.8999999999999995, "Bitcoin": 10.4, "Deep State": 2.17, "Toncoin": 2.8, "Sponge Duck": 2.17, "Onyx Black": 1.9949999999999999, "Black": 5.275, "just": 1.19}, "Big Year": {"Cheshire Cat": 2.1505, "Creator": 2.8985000000000003, "The Hobbit": 3.74, "Qing Dynasty": 3.74, "Gold Mine": 5.236, "Pavel Durov": 5.236, "YouTubes": 2.8985000000000003, "Pokeball": 2.5245, "Telegram": 5.236, "First Website": 1.9635000000000002, "The Nether": 2.0570000000000004, "Big Brother": 2.8985000000000003, "Bitcoin": 5.236, "Balloons": 1.9635000000000002, "Game Boy": 2.0570000000000004, "Onyx Black": 3.41, "Black": 9.184999999999999, "just": 1.5895000000000001}, "Homemade Cake": {"Onyx Black": 2.115, "Black": 5.33, "just": 1.4195}, "Cookie Heart": {"Onyx Black": 2.5999999999999996, "Black": 7.195, "just": 1.615}, "Jester Hat": {"Onyx Black": 2.63, "Black": 6.33, "just": 1.4109999999999998}, "Holiday Drink": {"Onyx Black": 2.88, "Black": 5.845, "just": 1.5215}, "Ginger Cookie": {"Onyx Black": 3.775, "Black": 6.5, "just": 1.7}, "Hypno Lollipop": {"Onyx Black": 2.8499999999999996, "Black": 6.199999999999999, "just": 1.615}, "Winter Wreath": {"Onyx Black": 2.52, "Black": 9.34, "just": 1.5215}, "Party Sparkler": {"Onyx Black": 3.6500000000000004, "Black": 7.195, "just": 1.615}, "Jingle Bells": {"Onyx Black": 2.675, "Black": 6.949999999999999, "just": 1.615}, "Tama Gadget": {"Onyx Black": 3.45, "Black": 6.995, "just": 1.7}, "Jack-in-the-Box": {"Onyx Black": 3.125, "Black": 7.8999999999999995, "just": 1.87}, "Star Notepad": {"Onyx Black": 3.885, "Black": 8.735, "just": 1.9295}, "Easter Egg": {"Onyx Black": 3.875, "Black": 10.725000000000001, "just": 2.0825}, "Santa Hat": {"Onyx Black": 3.414, "Black": 8.254, "just": 2.1165000000000003}, "Hex Pot": {"Onyx Black": 4.04, "Black": 10.425, "just": 2.4225}, "Restless Jar": {"Onyx Black": 3.98, "Black": 8.375, "just": 2.0909999999999997}, "Lush Bouquet": {"Onyx Black": 3.84, "Black": 7.6899999999999995, "just": 2.278}, "Spiced Wine": {"Onyx Black": 2.75, "Black": 6.442, "just": 1.8275}, "Snow Globe": {"Onyx Black": 4.09, "Black": 10.315000000000001, "just": 2.2355}, "Joyful Bundle": {"Onyx Black": 3.74, "Black": 8.115, "just": 2.3205}, "Light Sword": {"Onyx Black": 4.188, "Black": 10.188, "just": 2.533}, "Witch Hat": {"Onyx Black": 4.405, "Black": 11.995, "just": 2.5415}, "Bow Tie": {"Onyx Black": 4.118, "Black": 12.702, "just": 2.6944999999999997}, "Eternal Candle": {"Onyx Black": 5.27, "Black": 11.27, "just": 2.9325}, "Jelly Bunny": {"Onyx Black": 4.42, "Black": 10.18, "just": 2.856}, "Bunny Muffin": {"Onyx Black": 5.448, "Black": 13.18, "just": 2.8049999999999997}, "Spy Agaric": {"Onyx Black": 4.856, "Black": 10.496, "just": 2.686}, "Evil Eye": {"Onyx Black": 6.1, "Black": 12.86, "just": 2.975}, "Snow Mittens": {"Onyx Black": 4.9399999999999995, "Black": 7.819999999999999, "just": 3.315}, "Berry Box": {"Onyx Black": 5.202, "Black": 11.786, "just": 3.1195}, "Valentine Box": {"Onyx Black": 7.2780000000000005, "Black": 12.358, "just": 3.5105}, "Sakura Flower": {"Onyx Black": 6.51, "Black": 13.834, "just": 3.7314999999999996}, "Hanging Star": {"Onyx Black": 8.607999999999999, "Black": 14.332, "just": 4.436999999999999}, "Sleigh Bell": {"Onyx Black": 10.466000000000001, "Black": 18.466, "just": 6.0435}, "Love Candle": {"Onyx Black": 9.914, "Black": 15.994, "just": 6.7915}, "Skull Flower": {"Onyx Black": 10.71, "Black": 18.394, "just": 6.7915}, "Crystal Ball": {"Onyx Black": 12.42, "Black": 29.939999999999998, "just": 6.715}, "Trapped Heart": {"Onyx Black": 11.488, "Black": 19.804000000000002, "just": 7.208}, "Top Hat": {"Onyx Black": 12.274000000000001, "Black": 25.726, "just": 6.6215}, "Love Potion": {"Onyx Black": 10.972000000000001, "Black": 22.176000000000002, "just": 7.6160000000000005}, "Flying Broom": {"Onyx Black": 11.040000000000001, "Black": 17.240000000000002, "just": 7.99}, "Cupid Charm": {"Onyx Black": 17.274, "Black": 36.074, "just": 9.171499999999998}, "Record Player": {"Onyx Black": 11.036000000000001, "Black": 20.696, "just": 6.681}, "Eternal Rose": {"Onyx Black": 18.57, "Black": 31.77, "just": 11.007499999999999}, "Mad Pumpkin": {"Onyx Black": 26.8, "Black": 41.6, "just": 15.299999999999999}, "Voodoo Doll": {"Onyx Black": 23.52, "Black": 58.019999999999996, "just": 14.194999999999999}, "Diamond Ring": {"Onyx Black": 22.34, "Black": 38.74, "just": 13.515}, "Toy Bear": {"Onyx Black": 24.945999999999998, "Black": 47.394000000000005, "just": 16.141499999999997}, "Vintage Cigar": {"Onyx Black": 45.184, "Black": 59.988, "just": 20.383}, "Neko Helmet": {"Onyx Black": 37.942,