{"Snoop Dogg": {"Goldizzle": 7.2215, "Chrome": 2.2060000000000004, "Sapphire": 2.2060000000000004, "Black Diamond": 2.035, "Emerald": 1.9305000000000003, "King Snoop": 4.8055, "Doberman": 3.6945, "Doggfather": 3.153, "AI Dogg": 3.2955, "Onyx Black": 2.8200000000000003, "Black": 10.372307692307693, "just": 1.428}, "Swag Bag": {"Cashback": 2.821, "Take It Easy": 2.093, "Boiling Hot": 2.4570000000000003, "Gin & Jewels": 2.184, "Golden Nugs": 1.9110000000000003, "Snoop Life": 2.4570000000000003, "Darkness": 2.0020000000000002, "Bulk Order": 2.093, "Happy Herbs": 2.821, "Missionary": 6.37, "April 20th": 2.821, "Onyx Black": 2.91, "Black": 6.9, "just": 1.547}, "Snoop Cigar": {"Onyx Black": 7.7, "Black": 18.450000000000003, "just": 3.74}, "Lol Pop": {"Love Bubbles": 1.4300000000000002, "Portable Pop": 1.3650000000000002, "Pink Foil": 1.3650000000000002, "Pumpkin": 1.4949999999999999, "Jinxed": 1.4300000000000002, "Blood Sucker": 1.625, "Dark Sky": 1.56, "Watermelon": 1.4300000000000002, "Icicle": 1.4300000000000002, "Satellite": 1.6900000000000002, "Jolly Roger": 1.56, "Mortal Sin": 3.6399999999999997, "Angelina": 1.7550000000000001, "Hexed Helix": 1.4300000000000002, "Fire Vortex": 1.4300000000000002, "Glowstick": 2.015, "Rosebud": 1.625, "Milky Way": 1.4300000000000002, "Celestia": 2.015, "Sailor Moon": 1.4949999999999999, "Dark Portal": 1.56, "Blood Ember": 1.625, "Nostalgia": 1.3650000000000002, "Comic Crunch": 1.3650000000000002, "Einstein": 1.3650000000000002, "Sweetheart": 1.4949999999999999, "Cobweb": 1.4949999999999999, "Doodle Art": 1.4300000000000002, "Heart Pop": 1.3650000000000002, "Shock Wave": 1.3650000000000002, "Wonka Berry": 1.4300000000000002, "Romance": 1.3650000000000002, "Andromeda": 1.7550000000000001, "Cookie Dip": 1.4300000000000002, "Onyx Black": 1.75, "Black": 5.0200000000000005, "just": 1.105}, "B-Day Candle": {"Purr Magic": 1.891, "Kaboom!": 1.891, "Payday": 1.891, "Final Boss": 1.891, "Pixel Wish": 1.891, "Happy Meows": 2.44, "Shocker": 1.891, "On Fire": 2.44, "Onyx Black": 1.5899999999999999, "Black": 4.86, "just": 1.037}, "Desk Calendar": {"Durov Day": 2.36, "Peach Week": 1.593, "Heartbreak": 1.298, "Hodler": 4.13, "Deadline": 2.36, "Adult Tasks": 4.13, "Telegram": 1.829, "Checklist": 1.829, "Fawkes Night": 4.13, "Sunday": 2.36, "Independence": 3.304, "Investor": 4.13, "Balloon Face": 1.593, "Tic Tac Toe": 1.593, "Pepe Plans": 4.13, "Fund Manager": 1.829, "Burning Time": 1.829, "Onyx Black": 1.565, "Black": 4.84, "just": 1.003}, "Lunar Snake": {"Synthwave": 3.9759999999999995, "Dragon Ball": 4.97, "Timelock": 1.917, "Hot Cherry": 2.201, "Psychedelic": 1.917, "Hellspawn": 2.201, "Python Dev": 2.201, "Soul Eater": 1.775, "Onyx Black": 2.005, "Black": 5.11, "just": 1.2069999999999999}, "Xmas Stocking": {"Onyx Black": 2.0, "Black": 4.925000000000001, "just": 1.1475}, "Snake Box": {"Onyx Black": 1.845, "Black": 5.095000000000001, "just": 1.0965}, "Pet Snake": {"Onyx Black": 2.29, "Black": 5.265, "just": 1.343}, "Candy Cane": {"Sticky Sweet": 2.0925000000000002, "Grinch": 2.4025000000000003, "Hex Pot": 3.1, "Designer": 5.425, "Onyx Black": 2.245, "Black": 6.2749999999999995, "just": 1.3175}, "Whip Cupcake": {"Bitcoin": 4.83, "Sponge Duck": 2.76, "Resistance": 4.83, "Toncoin": 2.139, "Deep State": 2.139, "Onyx Black": 2.09, "Black": 5.64, "just": 1.1729999999999998}, "Big Year": {"Bitcoin": 4.731999999999999, "Qing Dynasty": 2.6195, "Telegram": 4.731999999999999, "The Hobbit": 3.38, "Creator": 2.6195, "YouTubes": 2.6195, "Pavel Durov": 4.731999999999999, "The Nether": 2.197, "Cheshire Cat": 2.2815, "Pokeball": 2.6195, "Big Brother": 2.2815, "Gold Mine": 4.731999999999999, "Game Boy": 2.197, "First Website": 1.859, "Onyx Black": 2.715, "Black": 7.795, "just": 1.4364999999999999}, "Homemade Cake": {"Onyx Black": 2.02, "Black": 5.025, "just": 1.3175}, "Cookie Heart": {"Onyx Black": 2.2649999999999997, "Black": 6.745000000000001, "just": 1.4364999999999999}, "Jester Hat": {"Onyx Black": 2.95, "Black": 5.950000000000001, "just": 1.36}, "Holiday Drink": {"Onyx Black": 2.29, "Black": 5.55, "just": 1.4449999999999998}, "Ginger Cookie": {"Onyx Black": 2.825, "Black": 6.3999999999999995, "just": 1.53}, "Hypno Lollipop": {"Onyx Black": 2.7, "Black": 5.8999999999999995, "just": 1.53}, "Winter Wreath": {"Onyx Black": 2.435, "Black": 7.1000000000000005, "just": 1.4449999999999998}, "Party Sparkler": {"Onyx Black": 2.835, "Black": 6.430000000000001, "just": 1.5895000000000001}, "Jingle Bells": {"Onyx Black": 2.47, "Black": 6.390000000000001, "just": 1.513}, "Tama Gadget": {"Onyx Black": 2.885, "Black": 6.484999999999999, "just": 1.5045}, "Jack-in-the-Box": {"Onyx Black": 2.665, "Black": 7.875, "just": 1.7}, "Star Notepad": {"Onyx Black": 4.145, "Black": 9.035, "just": 1.9465}, "Easter Egg": {"Onyx Black": 3.6799999999999997, "Black": 10.93, "just": 2.006}, "Santa Hat": {"Onyx Black": 3.295, "Black": 9.495000000000001, "just": 1.8615}, "Hex Pot": {"Onyx Black": 3.695, "Black": 7.9799999999999995, "just": 1.9465}, "Restless Jar": {"Onyx Black": 3.6950000000000003, "Black": 8.445, "just": 2.0315}, "Lush Bouquet": {"Onyx Black": 3.345, "Black": 8.495000000000001, "just": 2.1165000000000003}, "Spiced Wine": {"Onyx Black": 3.16, "Black": 7.955, "just": 1.7594999999999998}, "Snow Globe": {"Onyx Black": 3.9749999999999996, "Black": 9.075000000000001, "just": 1.9975}, "Joyful Bundle": {"Onyx Black": 3.69, "Black": 8.295, "just": 2.2015}, "Light Sword": {"Onyx Black": 4.595, "Black": 11.295, "just": 2.4565}, "Witch Hat": {"Onyx Black": 3.8899999999999997, "Black": 10.34, "just": 2.278}, "Bow Tie": {"Onyx Black": 4.675, "Black": 14.675, "just": 2.55}, "Eternal Candle": {"Onyx Black": 5.16, "Black": 10.16, "just": 2.397}, "Jelly Bunny": {"Onyx Black": 4.57, "Black": 10.07, "just": 2.669}, "Bunny Muffin": {"Onyx Black": 4.465, "Black": 21.615000000000002, "just": 2.754}, "Spy Agaric": {"Onyx Black": 5.18, "Black": 10.43, "just": 2.431}, "Evil Eye": {"Onyx Black": 5.710000000000001, "Black": 15.715, "just": 2.9155}, "Snow Mittens": {"Onyx Black": 4.46, "Black": 8.66, "just": 2.4819999999999998}, "Berry Box": {"Onyx Black": 4.35, "Black": 14.200000000000001, "just": 2.8899999999999997}, "Valentine Box": {"Onyx Black": 7.93, "Black": 10.93, "just": 3.2809999999999997}, "Sakura Flower": {"Onyx Black": 5.529999999999999, "Black": 18.03, "just": 3.4509999999999996}, "Hanging Star": {"Onyx Black": 7.4750000000000005, "Black": 16.325000000000003, "just": 3.9525}, "Sleigh Bell": {"Onyx Black": 12.5, "Black": 17.994999999999997, "just": 5.1}, "Love Candle": {"Onyx Black": 7.65, "Black": 15.25, "just": 5.1}, "Skull Flower": {"Onyx Black": 8.695, "Black": 17.0, "just": 5.1}, "Crystal Ball": {"Onyx Black": 10.29, "Black": 28.314999999999998, "just": 5.6354999999999995}, "Trapped Heart": {"Onyx Black": 10.34, "Black": 22.84, "just": 6.528}, "Top Hat": {"Onyx Black": 16.259999999999998, "Black": 26.135, "just": 6.4345}, "Love Potion": {"Onyx Black": 10.27, "Black": 26.544999999999998, "just": 6.8765}, "Flying Broom": {"Onyx Black": 10.879999999999999, "Black": 19.380000000000003, "just": 7.446}, "Cupid Charm": {"Onyx Black": 14.969999999999999, "Black": 34.474999999999994, "just": 8.4575}, "Record Player": {"Onyx Black": 10.02, "Black": 24.015, "just": 6.833999999999999}, "Eternal Rose": {"Onyx Black": 18.7, "Black": 36.45, "just": 10.965}, "Mad Pumpkin": {"Onyx Black": 18.225, "Black": 39.480000000000004, "just": 11.866}, "Voodoo Doll": {"Onyx Black": 20.495, "Black": 45.995, "just": 12.7415}, "Diamond Ring": {"Onyx Black": 20.09, "Black": 44.55, "just": 12.92}, "Toy Bear": {"Onyx Black": 22.84, "Black": 53.095, "just": 14.611500000000001}, "Vintage Cigar": {"Onyx Black": 36.0, "Black": 83.5, "just": 18.7}, "Neko Helmet": {"Onyx Black": 41.510000000000005, "Black": 71.51, "just": 19.567}, "Low Rider": {"Onyx Black": 35.25, "Black": 106.75, "just": 20.825}, "Signet Ring": {"Onyx Black": 37.575, "Black": 90.57499999999999, "just": 19.6775},