{"Snoop Dogg": {"Goldizzle": 6.4955, "King Ruby": 1.8735000000000004, "AI Dogg": 2.963, "Green Light": 1.9210000000000003, "Doggfather": 3.0105000000000004, "King Snoop": 5.0905000000000005, "Black Diamond": 2.2060000000000004, "Sapphire": 1.9970000000000003, "Chrome": 2.2975, "Cold Topaz": 1.9305000000000003, "Doberman": 3.7705000000000006, "Onyx Black": 2.8466666666666667, "Black": 9.984615384615385, "just": 1.36}, "Swag Bag": {"Take It Easy": 2.1045, "Darkness": 2.0130000000000003, "Cashback": 2.8365, "Leopard": 1.9215000000000002, "April 20th": 2.8365, "Gin & Jewels": 2.379, "Missionary": 6.405, "Snoop Life": 2.4705000000000004, "Boiling Hot": 2.0130000000000003, "Bulk Order": 2.0130000000000003, "Happy Herbs": 2.8365, "Onyx Black": 2.79, "Black": 6.665, "just": 1.5555}, "Snoop Cigar": {"Onyx Black": 7.9, "Black": 17.15, "just": 3.74}, "Lol Pop": {"Hexed Helix": 1.4520000000000002, "Andromeda": 1.518, "Nostalgia": 1.3860000000000001, "Mortal Sin": 3.6959999999999997, "Soap Bubbles": 1.3860000000000001, "Dark Portal": 1.584, "Jolly Roger": 1.6500000000000001, "Doodle Art": 1.518, "Sailor Moon": 1.4520000000000002, "Love Bubbles": 1.6500000000000001, "Blood Ember": 1.6500000000000001, "Heart Pop": 1.3860000000000001, "Fire Vortex": 1.4520000000000002, "Satellite": 1.7160000000000002, "Sweetheart": 1.518, "Cookie Dip": 1.3860000000000001, "Watermelon": 1.4520000000000002, "Glowstick": 2.0460000000000003, "Rosebud": 1.518, "Cobweb": 1.3860000000000001, "Celestia": 2.0460000000000003, "Icicle": 1.4520000000000002, "Einstein": 1.3860000000000001, "Angelina": 2.0460000000000003, "Pink Foil": 1.3860000000000001, "Dark Sky": 1.518, "Blood Sucker": 1.518, "Comic Crunch": 1.3860000000000001, "Milky Way": 1.3860000000000001, "Jinxed": 1.4520000000000002, "Pumpkin": 1.518, "Onyx Black": 1.81, "Black": 5.155, "just": 1.122}, "B-Day Candle": {"Final Boss": 1.8599999999999999, "Happy Meows": 2.4, "Shocker": 1.8599999999999999, "Payday": 2.4, "Purr Magic": 2.4, "On Fire": 2.4, "Kaboom!": 1.8599999999999999, "Pixel Wish": 1.8599999999999999, "Onyx Black": 1.6099999999999999, "Black": 4.35, "just": 1.02}, "Desk Calendar": {"Durov Day": 2.4, "Balloon Face": 1.62, "Tic Tac Toe": 1.8599999999999999, "Fund Manager": 1.8599999999999999, "Pepe Plans": 4.2, "Burning Time": 1.8599999999999999, "Peach Week": 1.62, "Heartbreak": 1.32, "Deadline": 2.4, "Sunday": 2.4, "Fawkes Night": 3.36, "Adult Tasks": 4.2, "Checklist": 1.8599999999999999, "Telegram": 1.8599999999999999, "Independence": 3.36, "Hodler": 4.2, "Investor": 4.2, "Onyx Black": 1.7399999999999998, "Black": 4.64, "just": 1.02}, "Lunar Snake": {"Psychedelic": 2.0770000000000004, "Hot Cherry": 2.0770000000000004, "Dragon Ball": 4.69, "Python Dev": 2.0770000000000004, "Synthwave": 3.752, "Timelock": 1.675, "Hellspawn": 2.0770000000000004, "Soul Eater": 2.0770000000000004, "Onyx Black": 2.02, "Black": 4.77, "just": 1.139}, "Xmas Stocking": {"Onyx Black": 1.8900000000000001, "Black": 4.665, "just": 1.1305}, "Snake Box": {"Onyx Black": 1.915, "Black": 4.765, "just": 1.1305}, "Pet Snake": {"Onyx Black": 2.235, "Black": 5.34, "just": 1.428}, "Candy Cane": {"Hex Pot": 3.16, "Designer": 5.53, "Grinch": 3.16, "Sticky Sweet": 2.4490000000000003, "Onyx Black": 2.285, "Black": 6.14, "just": 1.343}, "Whip Cupcake": {"Bitcoin": 4.8999999999999995, "Deep State": 2.17, "Sponge Duck": 2.8, "Toncoin": 2.17, "Resistance": 4.8999999999999995, "Onyx Black": 2.05, "Black": 5.1850000000000005, "just": 1.19}, "Big Year": {"The Hobbit": 3.48, "Balloons": 1.827, "Big Brother": 2.697, "Qing Dynasty": 2.697, "Gold Mine": 4.872, "YouTubes": 2.697, "Cheshire Cat": 2.262, "The Nether": 2.262, "Pokeball": 2.697, "Pavel Durov": 4.872, "Telegram": 4.872, "Game Boy": 2.262, "Creator": 3.48, "First Website": 2.175, "Bitcoin": 4.872, "Onyx Black": 2.72, "Black": 7.82, "just": 1.4789999999999999}, "Homemade Cake": {"Onyx Black": 1.9100000000000001, "Black": 4.765, "just": 1.3005}, "Cookie Heart": {"Onyx Black": 2.295, "Black": 6.775, "just": 1.4449999999999998}, "Jester Hat": {"Onyx Black": 2.5500000000000003, "Black": 6.555000000000001, "just": 1.3685}, "Holiday Drink": {"Onyx Black": 2.285, "Black": 5.645, "just": 1.4364999999999999}, "Ginger Cookie": {"Onyx Black": 2.79, "Black": 5.845, "just": 1.5215}, "Hypno Lollipop": {"Onyx Black": 2.685, "Black": 6.835000000000001, "just": 1.5045}, "Winter Wreath": {"Onyx Black": 2.325, "Black": 8.375, "just": 1.4875}, "Party Sparkler": {"Onyx Black": 2.705, "Black": 6.46, "just": 1.632}, "Jingle Bells": {"Onyx Black": 2.43, "Black": 5.35, "just": 1.4449999999999998}, "Tama Gadget": {"Onyx Black": 2.645, "Black": 6.154999999999999, "just": 1.5385}, "Jack-in-the-Box": {"Onyx Black": 2.69, "Black": 7.749999999999999, "just": 1.7424999999999997}, "Star Notepad": {"Onyx Black": 3.27, "Black": 9.245, "just": 1.7764999999999997}, "Easter Egg": {"Onyx Black": 3.605, "Black": 10.7, "just": 2.0485}, "Santa Hat": {"Onyx Black": 3.35, "Black": 9.649999999999999, "just": 1.9549999999999998}, "Hex Pot": {"Onyx Black": 3.81, "Black": 7.935, "just": 2.057}, "Restless Jar": {"Onyx Black": 3.795, "Black": 7.8950000000000005, "just": 1.9465}, "Lush Bouquet": {"Onyx Black": 3.4400000000000004, "Black": 8.59, "just": 2.278}, "Spiced Wine": {"Onyx Black": 2.915, "Black": 7.905, "just": 1.6404999999999998}, "Snow Globe": {"Onyx Black": 4.025, "Black": 9.1, "just": 2.04}, "Joyful Bundle": {"Onyx Black": 3.42, "Black": 8.445, "just": 2.1165000000000003}, "Light Sword": {"Onyx Black": 4.140000000000001, "Black": 11.440000000000001, "just": 2.448}, "Witch Hat": {"Onyx Black": 3.97, "Black": 10.145, "just": 2.329}, "Bow Tie": {"Onyx Black": 4.725, "Black": 14.725, "just": 2.635}, "Eternal Candle": {"Onyx Black": 5.23, "Black": 10.224999999999998, "just": 2.516}, "Jelly Bunny": {"Onyx Black": 4.425, "Black": 10.12, "just": 2.7624999999999997}, "Bunny Muffin": {"Onyx Black": 4.545, "Black": 10.045000000000002, "just": 2.7965}, "Spy Agaric": {"Onyx Black": 5.37, "Black": 11.225000000000001, "just": 2.5075000000000003}, "Evil Eye": {"Onyx Black": 5.755000000000001, "Black": 14.209999999999999, "just": 2.992}, "Snow Mittens": {"Onyx Black": 4.71, "Black": 8.745000000000001, "just": 2.5415}, "Berry Box": {"Onyx Black": 4.665, "Black": 14.174999999999999, "just": 2.8475}, "Valentine Box": {"Onyx Black": 5.925000000000001, "Black": 10.94, "just": 3.315}, "Sakura Flower": {"Onyx Black": 5.54, "Black": 17.895, "just": 3.2215}, "Hanging Star": {"Onyx Black": 7.48, "Black": 16.18, "just": 3.706}, "Sleigh Bell": {"Onyx Black": 9.899999999999999, "Black": 17.895, "just": 4.93}, "Love Candle": {"Onyx Black": 7.735, "Black": 15.334999999999999, "just": 5.2444999999999995}, "Skull Flower": {"Onyx Black": 8.645, "Black": 19.5, "just": 5.1}, "Crystal Ball": {"Onyx Black": 10.235, "Black": 30.75, "just": 5.5249999999999995}, "Trapped Heart": {"Onyx Black": 10.485, "Black": 22.985, "just": 6.7745}, "Top Hat": {"Onyx Black": 16.240000000000002, "Black": 26.095, "just": 6.3665}, "Love Potion": {"Onyx Black": 10.325, "Black": 26.674999999999997, "just": 7.097499999999999}, "Flying Broom": {"Onyx Black": 10.66, "Black": 21.405, "just": 7.072}, "Cupid Charm": {"Onyx Black": 16.5, "Black": 33.5, "just": 8.5}, "Record Player": {"Onyx Black": 10.045, "Black": 24.045, "just": 6.8765}, "Eternal Rose": {"Onyx Black": 19.2, "Black": 35.7, "just": 11.39}, "Mad Pumpkin": {"Onyx Black": 18.245, "Black": 39.245, "just": 11.4665}, "Voodoo Doll": {"Onyx Black": 20.25, "Black": 40.25, "just": 12.325}, "Diamond Ring": {"Onyx Black": 20.04, "Black": 43.54, "just": 12.818}, "Toy Bear": {"Onyx Black": 22.405, "Black": 51.39999999999999, "just": 15.138499999999999}, "Vintage Cigar": {"Onyx Black": 43.25, "Black": 62.25, "just": 18.275}, "Neko Helmet": {"Onyx Black": 41.875, "Black": 71.875, "just": 20.1875}, "Low Rider": {"Onyx Black": 38.245000000000005, "Black": 106.75, "just": 19.974999999999998}, "Signet Ring": {"Onyx Black": 32.995, "Black": 90.49499999999999, "just": 19.5415},