{"Snoop Dogg": {"Sapphire": 2.2439999999999998, "AI Dogg": 3.0060000000000002, "Emerald": 2.111, "Chrome": 2.5254999999999996, "Black Diamond": 2.2060000000000004, "Doggfather": 2.9205, "King Snoop": 5.0525, "Doberman": 3.666, "Goldizzle": 7.2405, "Onyx Black": 3.1833333333333336, "Black": 10.697692307692307, "just": 1.5215}, "Swag Bag": {"Cashback": 3.007, "P.I.M.P.": 2.037, "Take It Easy": 2.522, "April 20th": 3.007, "Snoop Life": 2.522, "Gin & Jewels": 2.425, "Happy Herbs": 3.007, "Darkness": 2.134, "Bulk Order": 2.425, "Missionary": 6.79, "Leopard": 2.037, "Dogg’s Loot": 2.037, "Boiling Hot": 2.619, "Onyx Black": 3.0199999999999996, "Black": 7.395, "just": 1.649}, "Snoop Cigar": {"Onyx Black": 7.6, "Black": 17.245, "just": 3.995}, "Lol Pop": {"Jolly Roger": 1.7874999999999999, "Dark Sky": 1.716, "Satellite": 1.716, "Sick Leave": 1.573, "Pumpkin": 1.5015, "Jinxed": 1.573, "Sailor Moon": 1.573, "Cobweb": 1.573, "Love Bubbles": 1.573, "Portable Pop": 1.5015, "Mortal Sin": 4.004, "Gold Star": 1.5015, "Doodle Art": 1.5015, "Celestia": 2.2165, "Andromeda": 1.9305, "Einstein": 1.573, "Watermelon": 1.5015, "Blood Sucker": 1.573, "Dark Portal": 1.5015, "Hexed Helix": 1.859, "Magic Wand": 1.573, "Blood Ember": 1.573, "Plastic Ice": 1.573, "Angelina": 1.9305, "Milky Way": 1.573, "Shock Wave": 1.573, "Crystalline": 1.573, "Sweetheart": 1.859, "Comic Crunch": 1.5015, "Glowstick": 1.9305, "Heart Pop": 1.573, "Rosebud": 1.716, "Onyx Black": 2.015, "Black": 5.16, "just": 1.2155}, "B-Day Candle": {"Kaboom!": 2.015, "Pixel Wish": 2.015, "Purr Magic": 2.015, "Final Boss": 2.015, "Happy Meows": 2.6, "On Fire": 2.015, "Payday": 2.015, "Onyx Black": 1.705, "Black": 4.8500000000000005, "just": 1.105}, "Desk Calendar": {"Pepe Plans": 10.629999999999999, "Heartbreak": 1.548, "Investor": 5.64, "Adult Tasks": 24.07, "Burning Time": 1.9995, "Deadline": 1.9995, "Independence": 2.58, "Sunday": 1.9995, "Telegram": 1.9995, "Balloon Face": 1.9995, "Tic Tac Toe": 1.9995, "Durov Day": 2.58, "Hodler": 4.515000000000001, "Fund Manager": 2.58, "Checklist": 1.9995, "Peach Week": 1.9995, "Fawkes Night": 2.58, "Onyx Black": 1.665, "Black": 5.590000000000001, "just": 1.0965}, "Lunar Snake": {"Timelock": 1.937, "Hellspawn": 2.0115000000000003, "Hot Cherry": 2.0115000000000003, "Python Dev": 2.3095, "Synthwave": 5.215, "Soul Eater": 2.3095, "Dragon Ball": 5.215, "Psychedelic": 1.788, "Onyx Black": 2.245, "Black": 5.37, "just": 1.2665}, "Xmas Stocking": {"Onyx Black": 2.17, "Black": 5.74, "just": 1.258}, "Snake Box": {"Onyx Black": 2.11, "Black": 6.1899999999999995, "just": 1.2155}, "Pet Snake": {"Onyx Black": 2.455, "Black": 5.595000000000001, "just": 1.4364999999999999}, "Candy Cane": {"Designer": 5.46, "Grinch": 3.12, "Sticky Sweet": 2.1060000000000003, "Hex Pot": 3.12, "Onyx Black": 2.4699999999999998, "Black": 5.885, "just": 1.326}, "Whip Cupcake": {"Deep State": 2.3560000000000003, "Sponge Duck": 3.04, "Resistance": 5.32, "Bitcoin": 9.709999999999999, "Toncoin": 2.3560000000000003, "Onyx Black": 2.255, "Black": 5.26, "just": 1.292}, "Big Year": {"YouTubes": 4.2, "Creator": 2.8350000000000004, "Cheshire Cat": 2.415, "The Hobbit": 3.2550000000000003, "Pavel Durov": 4.2, "First Website": 2.625, "Big Brother": 2.8350000000000004, "Qing Dynasty": 3.2550000000000003, "Pokeball": 2.7300000000000004, "The Nether": 3.2550000000000003, "Bitcoin": 4.2, "Game Boy": 2.3100000000000005, "Telegram": 4.2, "Gold Mine": 5.88, "Onyx Black": 3.675, "Black": 8.655000000000001, "just": 1.785}, "Homemade Cake": {"Onyx Black": 2.3850000000000002, "Black": 5.635, "just": 1.513}, "Cookie Heart": {"Onyx Black": 2.645, "Black": 7.0200000000000005, "just": 1.581}, "Jester Hat": {"Onyx Black": 2.6550000000000002, "Black": 6.595, "just": 1.4535}, "Holiday Drink": {"Onyx Black": 2.3449999999999998, "Black": 5.845000000000001, "just": 1.6064999999999998}, "Ginger Cookie": {"Onyx Black": 3.375, "Black": 6.499999999999999, "just": 1.7424999999999997}, "Hypno Lollipop": {"Onyx Black": 2.85, "Black": 5.945, "just": 1.7}, "Winter Wreath": {"Moon Cat": 115.955, "Onyx Black": 2.805, "Black": 8.655, "just": 1.6235}, "Party Sparkler": {"Onyx Black": 4.5, "Black": 7.245, "just": 1.7}, "Jingle Bells": {"Onyx Black": 2.925, "Black": 6.08, "just": 1.836}, "Tama Gadget": {"Onyx Black": 3.48, "Black": 7.035, "just": 1.768}, "Jack-in-the-Box": {"Onyx Black": 3.105, "Black": 7.6000000000000005, "just": 1.87}, "Star Notepad": {"Onyx Black": 3.85, "Black": 8.625, "just": 1.87}, "Easter Egg": {"Onyx Black": 3.775, "Black": 10.985000000000001, "just": 2.2695}, "Santa Hat": {"Onyx Black": 3.364, "Black": 8.404, "just": 2.329}, "Hex Pot": {"Onyx Black": 3.875, "Black": 10.065000000000001, "just": 2.3459999999999996}, "Restless Jar": {"Onyx Black": 3.95, "Black": 10.75, "just": 2.125}, "Lush Bouquet": {"Onyx Black": 4.43, "Black": 8.43, "just": 2.4395000000000002}, "Spiced Wine": {"Onyx Black": 2.73, "Black": 6.830000000000001, "just": 1.9465}, "Snow Globe": {"Onyx Black": 4.195, "Black": 12.82, "just": 2.244}, "Joyful Bundle": {"Onyx Black": 3.94, "Black": 7.840000000000001, "just": 2.448}, "Light Sword": {"Onyx Black": 4.616, "Black": 10.68, "just": 2.72}, "Witch Hat": {"Onyx Black": 4.365, "Black": 11.825, "just": 2.703}, "Bow Tie": {"Onyx Black": 4.898, "Black": 12.63, "just": 2.7455}, "Eternal Candle": {"Onyx Black": 5.29, "Black": 12.094, "just": 2.9665}, "Jelly Bunny": {"Onyx Black": 4.48, "Black": 11.685, "just": 2.9495}, "Bunny Muffin": {"Onyx Black": 4.890000000000001, "Black": 11.574, "just": 2.9665}, "Spy Agaric": {"Onyx Black": 4.5600000000000005, "Black": 10.32, "just": 2.72}, "Evil Eye": {"Onyx Black": 6.42, "Black": 13.02, "just": 3.145}, "Snow Mittens": {"Onyx Black": 4.808, "Black": 7.408, "just": 3.128}, "Berry Box": {"Onyx Black": 5.856, "Black": 11.535999999999998, "just": 3.1959999999999997}, "Valentine Box": {"Onyx Black": 8.172, "Black": 12.631999999999998, "just": 3.927}, "Sakura Flower": {"Onyx Black": 6.970000000000001, "Black": 15.370000000000001, "just": 4.2075000000000005}, "Hanging Star": {"Onyx Black": 8.752, "Black": 15.271999999999998, "just": 4.641}, "Sleigh Bell": {"Onyx Black": 10.382, "Black": 15.562, "just": 6.179499999999999}, "Love Candle": {"Onyx Black": 10.952, "Black": 20.351999999999997, "just": 6.732}, "Skull Flower": {"Onyx Black": 9.578, "Black": 18.578, "just": 6.4855}, "Crystal Ball": {"Onyx Black": 11.36, "Black": 28.560000000000002, "just": 6.46}, "Trapped Heart": {"Onyx Black": 12.44, "Black": 19.08, "just": 7.48}, "Top Hat": {"Onyx Black": 12.174, "Black": 23.414, "just": 6.5365}, "Love Potion": {"Onyx Black": 10.996, "Black": 22.2, "just": 7.6499999999999995}, "Flying Broom": {"Onyx Black": 10.804, "Black": 19.964, "just": 7.939}, "Cupid Charm": {"Onyx Black": 16.894, "Black": 32.494, "just": 9.7665}, "Record Player": {"Onyx Black": 10.91, "Black": 20.146, "just": 6.5025}, "Eternal Rose": {"Onyx Black": 17.168, "Black": 33.568, "just": 11.287999999999998}, "Mad Pumpkin": {"Onyx Black": 22.508, "Black": 37.728, "just": 14.347999999999999}, "Voodoo Doll": {"Onyx Black": 22.002, "Black": 48.85, "just": 14.237499999999999}, "Diamond Ring": {"Onyx Black": 22.814, "Black": 45.994, "just": 14.1865}, "Toy Bear": {"Onyx Black": 24.292, "Black": 46.775999999999996, "just": 15.266}, "Vintage Cigar": {"Onyx Black": 42.778, "Black": 55.582, "just": 20.374499999999998}, "Neko Helmet": {"Onyx Black": 37.954, "Black": 75.954, "just": 22.601499999999998}, "Low Rider": {"Onyx Black": 33.68, "Black": 86.47999999999999, "just": 21.08}, "Signet Ring": {"Onyx Black": 36.982, "Black": 74.582, "just": 22.9245}, "Electric Skull": {"Onyx Black": 44.542, "Black": 68.538, "just": 26.8345}, "Kissed Frog": {"Onyx Black": 42.56, "Black": 80.16, "just": 28.56}, "Swiss Watch": {"Onyx Black": 43.194, "Black": 69.23400000000001, "just": 30.0815}, "Sharp Tongue": {"Onyx Black": 58.67400000000001, "Black": 107.69399999999999, "just": 33.5665}, "Genie Lamp": {"Onyx Black": 65.494, "Black": 229.69400000000002,