{"Snoop Dogg": {"AI Dogg": 3.1265, "Chrome": 2.4955, "King Snoop": 5.596, "Black Gold": 1.9730000000000003, "Doberman": 3.2405, "Goldizzle": 7.531000000000001, "King Ruby": 1.9825, "Black Diamond": 2.201, "Sapphire": 2.2295000000000003, "Doggfather": 3.0504999999999995, "Onyx Black": 3.2666666666666666, "Black": 10.109230769230768, "just": 1.564}, "Swag Bag": {"Take It Easy": 2.5875, "Happy Herbs": 3.2085, "Golden Nugs": 2.277, "Darkness": 2.277, "Cashback": 3.2085, "April 20th": 3.2085, "Gin & Jewels": 2.5875, "Missionary": 8.285, "Snoop Life": 2.691, "Dogg’s Loot": 2.1734999999999998, "Leopard": 2.277, "Boiling Hot": 2.4218999999999995, "Bulk Order": 2.3804999999999996, "Onyx Black": 3.495, "Black": 7.529999999999999, "just": 1.7594999999999998}, "Snoop Cigar": {"Onyx Black": 8.415000000000001, "Black": 19.134999999999998, "just": 4.199}, "Lol Pop": {"Mortal Sin": 2.9, "Blood Sucker": 1.885, "Love Bubbles": 1.6674999999999998, "Blood Ember": 1.6674999999999998, "Doodle Art": 1.6674999999999998, "Fire Vortex": 1.595, "Satellite": 1.8125, "Jolly Roger": 1.6965, "Gold Star": 1.5225, "Cobweb": 1.595, "Plastic Ice": 1.5225, "Andromeda": 1.9575, "Sweetheart": 1.74, "Pumpkin": 1.8125, "Crystal Comet": 1.5225, "Dark Portal": 1.8125, "Celestia": 1.9575, "Hexed Helix": 1.8125, "Heart Pop": 1.595, "Pink Foil": 1.5225, "Rosebud": 1.74, "Glowstick": 2.2475, "Einstein": 1.74, "Angelina": 2.2475, "Dark Sky": 1.595, "Hollywood": 1.5225, "Shock Wave": 1.5225, "Jinxed": 1.74, "Onyx Black": 1.975, "Black": 5.145, "just": 1.2325}, "B-Day Candle": {"Happy Meows": 2.201, "On Fire": 2.201, "Pixel Wish": 2.201, "Purr Magic": 2.201, "Kaboom!": 1.917, "Final Boss": 2.201, "Payday": 2.201, "Onyx Black": 1.855, "Black": 5.11, "just": 1.2069999999999999}, "Desk Calendar": {"Hodler": 4.69, "Peach Week": 2.0770000000000004, "Burning Time": 2.0770000000000004, "Fawkes Night": 4.69, "Heartbreak": 1.5678, "Adult Tasks": 25.665, "Fund Manager": 2.0770000000000004, "Investor": 9.42, "Telegram": 2.68, "Sunday": 2.0770000000000004, "Checklist": 2.0770000000000004, "Durov Day": 8.030000000000001, "Tic Tac Toe": 1.8090000000000002, "Pepe Plans": 14.42, "Balloon Face": 1.7420000000000002, "Independence": 2.0770000000000004, "Deadline": 2.0770000000000004, "Onyx Black": 1.8399999999999999, "Black": 5.07, "just": 1.139}, "Lunar Snake": {"Psychedelic": 2.325, "Hot Cherry": 2.0250000000000004, "Python Dev": 2.325, "Soul Eater": 2.0250000000000004, "Hellspawn": 2.0250000000000004, "Dragon Ball": 5.25, "Timelock": 2.325, "Synthwave": 4.199999999999999, "Onyx Black": 2.4450000000000003, "Black": 5.145, "just": 1.275}, "Xmas Stocking": {"Onyx Black": 2.1550000000000002, "Black": 5.745, "just": 1.2409999999999999}, "Snake Box": {"Onyx Black": 2.145, "Black": 5.275, "just": 1.3175}, "Pet Snake": {"Onyx Black": 2.54, "Black": 6.079999999999999, "just": 1.5979999999999999}, "Candy Cane": {"Grinch": 4.284, "Hex Pot": 3.06, "Designer": 5.355, "Sticky Sweet": 2.0655, "Onyx Black": 2.24, "Black": 5.8100000000000005, "just": 1.3005}, "Whip Cupcake": {"Resistance": 5.81, "Bitcoin": 12.78, "Sponge Duck": 2.573, "Deep State": 2.158, "Toncoin": 2.573, "Onyx Black": 2.23, "Black": 5.45, "just": 1.4109999999999998}, "Big Year": {"Telegram": 6.4750000000000005, "Bitcoin": 5.18, "Big Brother": 2.8675, "The Hobbit": 3.7, "Creator": 2.8675, "YouTubes": 3.7, "Gold Mine": 6.4750000000000005, "The Nether": 2.8675, "Game Boy": 2.035, "Pokeball": 2.4975000000000005, "Pavel Durov": 10.424999999999999, "Qing Dynasty": 2.8675, "First Website": 2.1645, "Balloons": 2.035, "Cheshire Cat": 2.8675, "Onyx Black": 3.9250000000000003, "Black": 9.924999999999999, "just": 1.5725}, "Homemade Cake": {"Onyx Black": 2.325, "Black": 5.615, "just": 1.5725}, "Cookie Heart": {"Onyx Black": 2.55, "Black": 6.445, "just": 1.615}, "Jester Hat": {"Onyx Black": 2.5, "Black": 6.3999999999999995, "just": 1.53}, "Holiday Drink": {"Onyx Black": 2.7, "Black": 6.074999999999999, "just": 1.615}, "Ginger Cookie": {"Onyx Black": 3.63, "Black": 7.204999999999999, "just": 1.666}, "Hypno Lollipop": {"Onyx Black": 3.3999999999999995, "Black": 7.4750000000000005, "just": 1.6575}, "Winter Wreath": {"Moon Cat": 100.965, "Onyx Black": 2.96, "Black": 6.465, "just": 1.6404999999999998}, "Party Sparkler": {"Onyx Black": 3.4699999999999998, "Black": 7.415000000000001, "just": 1.649}, "Jingle Bells": {"Onyx Black": 3.0650000000000004, "Black": 6.914999999999999, "just": 1.819}, "Tama Gadget": {"Onyx Black": 3.475, "Black": 6.805000000000001, "just": 1.8104999999999998}, "Jack-in-the-Box": {"Onyx Black": 3.125, "Black": 6.975, "just": 1.9124999999999999}, "Star Notepad": {"Onyx Black": 3.7, "Black": 9.649999999999999, "just": 2.04}, "Easter Egg": {"Onyx Black": 3.835, "Black": 10.915, "just": 2.4819999999999998}, "Santa Hat": {"Onyx Black": 3.66, "Black": 9.164, "just": 2.244}, "Hex Pot": {"Onyx Black": 3.9850000000000003, "Black": 9.78, "just": 2.3545}, "Restless Jar": {"Onyx Black": 3.55, "Black": 9.120000000000001, "just": 2.1675}, "Lush Bouquet": {"Onyx Black": 5.27, "Black": 8.82, "just": 2.754}, "Spiced Wine": {"Onyx Black": 3.356, "Black": 7.156000000000001, "just": 2.21}, "Snow Globe": {"Onyx Black": 4.744999999999999, "Black": 10.145000000000001, "just": 2.2864999999999998}, "Joyful Bundle": {"Onyx Black": 4.98, "Black": 8.98, "just": 2.516}, "Light Sword": {"Onyx Black": 4.456, "Black": 10.655999999999999, "just": 2.635}, "Witch Hat": {"Onyx Black": 4.515, "Black": 12.014999999999999, "just": 2.5755}, "Bow Tie": {"Onyx Black": 5.95, "Black": 11.95, "just": 2.7624999999999997}, "Eternal Candle": {"Onyx Black": 5.404, "Black": 11.04, "just": 3.1790000000000003}, "Jelly Bunny": {"Onyx Black": 4.735, "Black": 10.225, "just": 2.9495}, "Bunny Muffin": {"Onyx Black": 5.42, "Black": 11.620000000000001, "just": 3.145}, "Spy Agaric": {"Onyx Black": 6.058, "Black": 10.453999999999999, "just": 2.9155}, "Evil Eye": {"Onyx Black": 6.954, "Black": 13.354, "just": 3.0515}, "Snow Mittens": {"Onyx Black": 5.981999999999999, "Black": 8.378, "just": 3.3745000000000003}, "Berry Box": {"Onyx Black": 4.728, "Black": 10.72, "just": 3.298}, "Valentine Box": {"Onyx Black": 7.27, "Black": 13.909999999999998, "just": 4.1225}, "Sakura Flower": {"Onyx Black": 7.1, "Black": 16.308, "just": 4.403}, "Hanging Star": {"Onyx Black": 8.998000000000001, "Black": 15.238, "just": 4.8705}, "Sleigh Bell": {"Onyx Black": 11.69, "Black": 20.494, "just": 6.3665}, "Love Candle": {"Onyx Black": 10.274000000000001, "Black": 15.554, "just": 7.3015}, "Skull Flower": {"Onyx Black": 11.501999999999999, "Black": 18.421999999999997, "just": 6.9445}, "Crystal Ball": {"Onyx Black": 11.188, "Black": 27.488, "just": 6.783}, "Trapped Heart": {"Onyx Black": 12.348, "Black": 20.408, "just": 7.377999999999999}, "Top Hat": {"Onyx Black": 14.882000000000001, "Black": 27.526, "just": 6.9785}, "Love Potion": {"Onyx Black": 12.552, "Black": 23.756, "just": 8.16}, "Flying Broom": {"Onyx Black": 12.42, "Black": 17.42, "just": 8.245}, "Cupid Charm": {"Onyx Black": 17.619999999999997, "Black": 32.81999999999999, "just": 9.944999999999999}, "Record Player": {"Onyx Black": 10.386, "Black": 20.626, "just": 6.5535}, "Eternal Rose": {"Onyx Black": 18.814, "Black": 34.622, "just": 12.2145}, "Mad Pumpkin": {"Onyx Black": 24.08, "Black": 38.68000000000001, "just": 15.98}, "Voodoo Doll": {"Onyx Black": 24.3, "Black": 46.31999999999999, "just": 14.62}, "Diamond Ring": {"Onyx Black": 21.148, "Black": 43.548, "just": 14.092999999999998}, "Toy Bear": {"Onyx Black": 33.3, "Black": 49.032, "just": 21.675}, "Vintage Cigar": {"Onyx Black": 36.296, "Black": 60.51599999999999, "just": 20.57}, "Neko Helmet": {"Onyx Black": 37.232, "Black": 63.432, "just": 23.561999999999998}, "Low Rider": {"Onyx Black": 32.87, "Black": 80.46600000000001, "just": 21.6325}, "Signet Ring": {"Onyx Black": 37.57, "Black": 72.73, "just": 23.7575}, "Electric Skull": {"Onyx Black": 43.616, "Black": 75.62, "just": 27.795}, "Kissed Frog": {"Onyx Black": 45.0,