{"Snoop Dogg": {"King Snoop": 4.9405, "Doggfather": 3.2119999999999997, "Chrome": 2.201, "Sapphire": 2.1155, "Cold Topaz": 1.9825, "Emerald": 1.8780000000000001, "Black Diamond": 2.1060000000000003, "Goldizzle": 7.0405, "Doberman": 3.231, "AI Dogg": 2.9269999999999996, "Onyx Black": 3.2366666666666664, "Black": 10.405384615384616, "just": 1.5215}, "Swag Bag": {"Bulk Order": 2.3689999999999998, "Darkness": 2.2660000000000005, "April 20th": 3.193, "Take It Easy": 2.781, "Gin & Jewels": 2.4102, "P.I.M.P.": 2.1630000000000003, "Boiling Hot": 2.472, "Happy Herbs": 3.193, "Leopard": 2.4102, "Cashback": 3.193, "Missionary": 7.21, "Snoop Life": 2.472, "Onyx Black": 3.13, "Black": 7.379999999999999, "just": 1.751}, "Snoop Cigar": {"Onyx Black": 7.950000000000001, "Black": 19.294999999999998, "just": 4.199}, "Lol Pop": {"Hollywood": 1.554, "Crystal Comet": 1.554, "Blood Sucker": 1.998, "Jinxed": 1.776, "Sick Leave": 1.554, "Dark Portal": 1.924, "Milky Way": 1.6280000000000001, "Shock Wave": 1.554, "Magic Wand": 1.554, "Rosebud": 1.7315999999999998, "Fire Vortex": 1.554, "Andromeda": 1.998, "Satellite": 1.7315999999999998, "Mortal Sin": 2.96, "Sweetheart": 1.85, "Love Bubbles": 1.702, "Jolly Roger": 1.85, "Glowstick": 2.294, "Dark Sky": 1.6280000000000001, "Celestia": 2.294, "Doodle Art": 1.6280000000000001, "Blood Ember": 1.6280000000000001, "Comic Crunch": 1.554, "Pumpkin": 1.554, "Cobweb": 1.6280000000000001, "Heart Pop": 1.554, "Nostalgia": 1.554, "Einstein": 1.7315999999999998, "Hexed Helix": 1.85, "Angelina": 2.294, "Onyx Black": 2.04, "Black": 5.1899999999999995, "just": 1.258}, "B-Day Candle": {"Pixel Wish": 2.2475, "Happy Meows": 2.2475, "Final Boss": 2.2475, "Purr Magic": 2.2475, "Payday": 2.2475, "On Fire": 2.2475, "Kaboom!": 1.9575, "Onyx Black": 1.725, "Black": 5.194999999999999, "just": 1.2325}, "Desk Calendar": {"Sunday": 1.971, "Checklist": 1.971, "Independence": 2.263, "Telegram": 2.263, "Investor": 8.73, "Hodler": 5.109999999999999, "Fund Manager": 2.263, "Heartbreak": 1.606, "Tic Tac Toe": 2.263, "Durov Day": 5.109999999999999, "Pepe Plans": 14.724999999999998, "Adult Tasks": 27.05, "Peach Week": 2.263, "Balloon Face": 1.825, "Burning Time": 2.263, "Deadline": 2.263, "Fawkes Night": 5.109999999999999, "Onyx Black": 1.88, "Black": 5.125, "just": 1.2409999999999999}, "Lunar Snake": {"Python Dev": 2.2785, "Psychedelic": 2.2785, "Hot Cherry": 2.2785, "Synthwave": 5.145, "Dragon Ball": 5.145, "Hellspawn": 1.9845000000000002, "Soul Eater": 2.2785, "Timelock": 2.2785, "Onyx Black": 2.435, "Black": 5.4799999999999995, "just": 1.2495}, "Xmas Stocking": {"Onyx Black": 2.215, "Black": 5.21, "just": 1.3005}, "Snake Box": {"Onyx Black": 2.075, "Black": 5.435, "just": 1.343}, "Pet Snake": {"Onyx Black": 2.43, "Black": 6.19, "just": 1.581}, "Candy Cane": {"Grinch": 2.94, "Sticky Sweet": 2.2785, "Designer": 7.185, "Hex Pot": 4.116, "Onyx Black": 2.335, "Black": 5.734999999999999, "just": 1.2495}, "Whip Cupcake": {"Deep State": 2.418, "Toncoin": 2.418, "Sponge Duck": 2.418, "Resistance": 6.494999999999999, "Bitcoin": 13.73, "Onyx Black": 2.1799999999999997, "Black": 5.779999999999999, "just": 1.326}, "Big Year": {"Qing Dynasty": 2.976, "Pokeball": 2.592, "Creator": 2.592, "The Nether": 2.976, "Big Brother": 2.976, "Telegram": 5.3759999999999994, "Balloons": 2.2079999999999997, "The Hobbit": 3.84, "Pavel Durov": 10.4, "YouTubes": 3.84, "Bitcoin": 5.3759999999999994, "Cheshire Cat": 2.976, "Gold Mine": 6.72, "First Website": 2.016, "Game Boy": 2.4, "Onyx Black": 3.585, "Black": 9.16, "just": 1.632}, "Homemade Cake": {"Onyx Black": 2.34, "Black": 5.32, "just": 1.564}, "Cookie Heart": {"Onyx Black": 2.46, "Black": 6.715, "just": 1.649}, "Jester Hat": {"Onyx Black": 2.645, "Black": 6.095, "just": 1.5215}, "Holiday Drink": {"Onyx Black": 2.7, "Black": 6.24, "just": 1.6575}, "Ginger Cookie": {"Onyx Black": 3.5650000000000004, "Black": 6.885, "just": 1.683}, "Hypno Lollipop": {"Onyx Black": 3.485, "Black": 6.945, "just": 1.7}, "Winter Wreath": {"Moon Cat": 88.49499999999999, "Onyx Black": 2.995, "Black": 6.995, "just": 1.6915}, "Party Sparkler": {"Onyx Black": 3.0700000000000003, "Black": 7.24, "just": 1.649}, "Jingle Bells": {"Onyx Black": 2.87, "Black": 6.255, "just": 1.9040000000000001}, "Tama Gadget": {"Onyx Black": 3.46, "Black": 6.790000000000001, "just": 1.785}, "Jack-in-the-Box": {"Onyx Black": 3.21, "Black": 6.625, "just": 1.9124999999999999}, "Star Notepad": {"Onyx Black": 3.795, "Black": 9.22, "just": 2.074}, "Easter Egg": {"Onyx Black": 3.81, "Black": 10.634999999999998, "just": 2.4395000000000002}, "Santa Hat": {"Onyx Black": 3.8899999999999997, "Black": 8.245999999999999, "just": 2.3375}, "Hex Pot": {"Onyx Black": 3.99, "Black": 10.08, "just": 2.3545}, "Restless Jar": {"Onyx Black": 3.9899999999999998, "Black": 9.3, "just": 2.2355}, "Lush Bouquet": {"Onyx Black": 4.53, "Black": 8.79, "just": 2.618}, "Spiced Wine": {"Onyx Black": 3.322, "Black": 6.558, "just": 2.0145}, "Snow Globe": {"Onyx Black": 4.9, "Black": 11.405000000000001, "just": 2.3885}, "Joyful Bundle": {"Onyx Black": 4.0, "Black": 9.645, "just": 2.4139999999999997}, "Light Sword": {"Onyx Black": 4.564, "Black": 10.68, "just": 2.669}, "Witch Hat": {"Onyx Black": 4.4799999999999995, "Black": 12.055, "just": 2.6435}, "Bow Tie": {"Onyx Black": 4.568, "Black": 11.652, "just": 2.788}, "Eternal Candle": {"Onyx Black": 5.476, "Black": 11.276, "just": 2.941}, "Jelly Bunny": {"Onyx Black": 5.2, "Black": 10.695, "just": 2.9325}, "Bunny Muffin": {"Onyx Black": 4.644, "Black": 11.620000000000001, "just": 3.145}, "Spy Agaric": {"Onyx Black": 5.530000000000001, "Black": 10.402, "just": 2.8475}, "Evil Eye": {"Onyx Black": 6.1899999999999995, "Black": 12.110000000000001, "just": 3.1025}, "Snow Mittens": {"Onyx Black": 5.716, "Black": 8.632, "just": 3.2809999999999997}, "Berry Box": {"Onyx Black": 5.388, "Black": 10.608, "just": 3.128}, "Valentine Box": {"Onyx Black": 7.279999999999999, "Black": 12.879999999999999, "just": 4.08}, "Sakura Flower": {"Onyx Black": 6.5760000000000005, "Black": 16.176, "just": 4.216}, "Hanging Star": {"Onyx Black": 8.974, "Black": 15.190000000000001, "just": 4.8365}, "Sleigh Bell": {"Onyx Black": 10.559999999999999, "Black": 20.56, "just": 6.46}, "Love Candle": {"Onyx Black": 10.526, "Black": 17.234, "just": 7.1485}, "Skull Flower": {"Onyx Black": 11.774, "Black": 18.694, "just": 7.046499999999999}, "Crystal Ball": {"Onyx Black": 12.636, "Black": 28.276, "just": 7.191000000000001}, "Trapped Heart": {"Onyx Black": 12.622, "Black": 17.422, "just": 7.114499999999999}, "Top Hat": {"Onyx Black": 14.968, "Black": 26.567999999999998, "just": 7.037999999999999}, "Love Potion": {"Onyx Black": 13.454, "Black": 23.857999999999997, "just": 8.304499999999999}, "Flying Broom": {"Onyx Black": 12.034, "Black": 17.634, "just": 7.9815000000000005}, "Cupid Charm": {"Onyx Black": 16.68, "Black": 31.880000000000003, "just": 10.030000000000001}, "Record Player": {"Onyx Black": 10.54, "Black": 20.740000000000002, "just": 6.715}, "Eternal Rose": {"Onyx Black": 20.582, "Black": 32.182, "just": 12.2145}, "Mad Pumpkin": {"Onyx Black": 24.05, "Black": 40.025999999999996, "just": 15.9375}, "Voodoo Doll": {"Onyx Black": 23.896, "Black": 39.496, "just": 14.586}, "Diamond Ring": {"Onyx Black": 21.956, "Black": 43.160000000000004, "just": 14.110000000000001}, "Toy Bear": {"Onyx Black": 33.314, "Black": 53.474000000000004, "just": 21.921499999999998}, "Vintage Cigar": {"Onyx Black": 36.9, "Black": 66.7, "just": 20.825}, "Neko Helmet": {"Onyx Black": 38.194, "Black": 66.914, "just": 22.941499999999998}, "Low Rider": {"Onyx Black": 32.894, "Black": 84.18199999999999, "just": 21.6665}, "Signet Ring": {"Onyx Black": 37.672, "Black": 76.86800000000001, "just": 23.902}, "Electric Skull": {"Onyx Black": 44.06, "Black": 76.064, "just": 28.423999999999996}, "Kissed Frog": {"Onyx Black": 45.516, "Black": 80.316, "just": 28.781}, "Swiss Watch": {"Onyx Black": 44.010000000000005, "Black": 72.81, "just": 30.0475},