{"Snoop Dogg": {"Chrome": 2.383, "Goldizzle": 6.865999999999999, "Black Diamond": 2.1965000000000003, "Emerald": 1.9970000000000003, "King Snoop": 4.53, "Doberman": 3.248, "Cold Topaz": 1.9210000000000003, "Doggfather": 3.2005, "AI Dogg": 2.7305000000000006, "Sapphire": 2.1205000000000003, "Onyx Black": 3.02, "Black": 11.152307692307692, "just": 1.4109999999999998}, "Swag Bag": {"Cashback": 2.7435, "Take It Easy": 2.0355, "April 20th": 2.7435, "Bulk Order": 2.2125, "Missionary": 6.195, "Gin & Jewels": 2.2125, "Happy Herbs": 2.7435, "Darkness": 2.0355, "Snoop Life": 2.2125, "P.I.M.P.": 1.8585, "Leopard": 1.8585, "Boiling Hot": 2.2125, "Onyx Black": 2.885, "Black": 7.370000000000001, "just": 1.5045}, "Snoop Cigar": {"Onyx Black": 7.805, "Black": 16.755, "just": 3.6634999999999995}, "Lol Pop": {"Milky Way": 1.4070000000000003, "Cobweb": 1.541, "Celestia": 2.0770000000000004, "Wonka Berry": 1.4740000000000002, "Soap Bubbles": 1.4070000000000003, "Portable Pop": 1.4070000000000003, "Mortal Sin": 2.68, "Cookie Dip": 1.541, "Doodle Art": 1.4740000000000002, "Einstein": 1.4740000000000002, "Pumpkin": 1.4070000000000003, "Hexed Helix": 1.4740000000000002, "Dark Portal": 1.675, "Nostalgia": 1.4740000000000002, "Satellite": 1.7420000000000002, "Blood Sucker": 1.675, "Andromeda": 1.541, "Fire Vortex": 1.4070000000000003, "Glowstick": 2.0770000000000004, "Jolly Roger": 1.4740000000000002, "Angelina": 2.0770000000000004, "Comic Crunch": 1.4070000000000003, "Sweetheart": 1.541, "Rosebud": 1.541, "Love Bubbles": 1.4740000000000002, "Dark Sky": 1.541, "Jinxed": 1.4070000000000003, "Icicle": 1.4740000000000002, "Watermelon": 1.4740000000000002, "Heart Pop": 1.4740000000000002, "Blood Ember": 1.4740000000000002, "Crystalline": 1.4070000000000003, "Onyx Black": 1.8199999999999998, "Black": 4.995, "just": 1.139}, "B-Day Candle": {"Happy Meows": 2.015, "On Fire": 2.015, "Pixel Wish": 2.015, "Kaboom!": 2.015, "Purr Magic": 1.7550000000000001, "Shocker": 2.015, "Payday": 2.015, "Final Boss": 2.015, "Onyx Black": 1.65, "Black": 5.15, "just": 1.105}, "Desk Calendar": {"Adult Tasks": 4.375, "Pepe Plans": 4.375, "Deadline": 2.5, "Fawkes Night": 4.375, "Balloon Face": 1.5, "Checklist": 1.6875, "Hodler": 4.375, "Peach Week": 1.9375, "Heartbreak": 1.375, "Independence": 3.5, "Burning Time": 1.9375, "Fund Manager": 1.9375, "Tic Tac Toe": 1.625, "Investor": 4.375, "Durov Day": 2.5, "Telegram": 1.9375, "Sunday": 1.9375, "Onyx Black": 1.695, "Black": 5.625, "just": 1.0625}, "Lunar Snake": {"Psychedelic": 2.0770000000000004, "Hellspawn": 2.0770000000000004, "Timelock": 1.675, "Synthwave": 2.68, "Dragon Ball": 4.69, "Python Dev": 2.0770000000000004, "Hot Cherry": 2.0770000000000004, "Soul Eater": 2.0770000000000004, "Onyx Black": 2.065, "Black": 5.3, "just": 1.139}, "Xmas Stocking": {"Onyx Black": 1.9849999999999999, "Black": 5.155, "just": 1.122}, "Snake Box": {"Onyx Black": 1.85, "Black": 6.63, "just": 1.071}, "Pet Snake": {"Onyx Black": 2.435, "Black": 5.800000000000001, "just": 1.36}, "Candy Cane": {"Grinch": 2.92, "Hex Pot": 2.92, "Sticky Sweet": 1.971, "Designer": 5.109999999999999, "Onyx Black": 2.3049999999999997, "Black": 6.7299999999999995, "just": 1.2409999999999999}, "Whip Cupcake": {"Sponge Duck": 2.8, "Bitcoin": 4.8999999999999995, "Toncoin": 2.17, "Deep State": 1.89, "Resistance": 4.8999999999999995, "Onyx Black": 2.325, "Black": 5.254999999999999, "just": 1.19}, "Big Year": {"First Website": 1.9580000000000002, "YouTubes": 2.7590000000000003, "Creator": 2.7590000000000003, "Gold Mine": 6.23, "Telegram": 3.56, "Game Boy": 2.0469999999999997, "The Nether": 2.0469999999999997, "Bitcoin": 6.23, "Pavel Durov": 4.984, "Qing Dynasty": 3.56, "Balloons": 1.8690000000000002, "Pokeball": 2.403, "Big Brother": 2.314, "Cheshire Cat": 2.314, "The Hobbit": 3.56, "Onyx Black": 2.8600000000000003, "Black": 7.890000000000001, "just": 1.513}, "Homemade Cake": {"Onyx Black": 2.095, "Black": 5.17, "just": 1.3175}, "Cookie Heart": {"Onyx Black": 2.145, "Black": 6.2700000000000005, "just": 1.4789999999999999}, "Jester Hat": {"Onyx Black": 2.585, "Black": 6.245000000000001, "just": 1.36}, "Holiday Drink": {"Onyx Black": 2.51, "Black": 5.5600000000000005, "just": 1.4705}, "Ginger Cookie": {"Onyx Black": 3.125, "Black": 6.365, "just": 1.4875}, "Hypno Lollipop": {"Onyx Black": 2.835, "Black": 5.61, "just": 1.4789999999999999}, "Winter Wreath": {"Onyx Black": 2.455, "Black": 8.875, "just": 1.4875}, "Party Sparkler": {"Onyx Black": 3.035, "Black": 6.760000000000001, "just": 1.5895000000000001}, "Jingle Bells": {"Onyx Black": 2.54, "Black": 6.335, "just": 1.428}, "Tama Gadget": {"Onyx Black": 3.375, "Black": 6.625, "just": 1.5725}, "Jack-in-the-Box": {"Onyx Black": 3.1750000000000003, "Black": 8.004999999999999, "just": 1.836}, "Star Notepad": {"Onyx Black": 3.84, "Black": 8.655, "just": 1.8615}, "Easter Egg": {"Onyx Black": 3.855, "Black": 10.184999999999999, "just": 2.0145}, "Santa Hat": {"Onyx Black": 3.2, "Black": 9.595, "just": 1.8615}, "Hex Pot": {"Onyx Black": 3.575, "Black": 8.535, "just": 2.04}, "Restless Jar": {"Onyx Black": 3.65, "Black": 8.125, "just": 1.9549999999999998}, "Lush Bouquet": {"Onyx Black": 3.46, "Black": 8.335, "just": 2.2695}, "Spiced Wine": {"Onyx Black": 2.9349999999999996, "Black": 7.709999999999999, "just": 1.6064999999999998}, "Snow Globe": {"Onyx Black": 3.875, "Black": 9.0, "just": 1.87}, "Joyful Bundle": {"Onyx Black": 3.65, "Black": 8.0, "just": 2.125}, "Light Sword": {"Onyx Black": 4.6850000000000005, "Black": 11.259999999999998, "just": 2.4395000000000002}, "Witch Hat": {"Onyx Black": 4.33, "Black": 11.93, "just": 2.431}, "Bow Tie": {"Onyx Black": 4.495, "Black": 14.770000000000001, "just": 2.5415}, "Eternal Candle": {"Onyx Black": 4.98, "Black": 12.305000000000001, "just": 2.5584999999999996}, "Jelly Bunny": {"Onyx Black": 4.345, "Black": 10.095, "just": 2.7115}, "Bunny Muffin": {"Onyx Black": 5.14, "Black": 16.64, "just": 2.788}, "Spy Agaric": {"Onyx Black": 5.225, "Black": 10.915, "just": 2.5075000000000003}, "Evil Eye": {"Onyx Black": 6.220000000000001, "Black": 15.620000000000001, "just": 3.009}, "Snow Mittens": {"Onyx Black": 4.63, "Black": 8.455, "just": 2.8985}, "Berry Box": {"Onyx Black": 4.735, "Black": 12.74, "just": 2.9579999999999997}, "Valentine Box": {"Onyx Black": 7.995, "Black": 11.945, "just": 3.3915}, "Sakura Flower": {"Onyx Black": 7.05, "Black": 17.549999999999997, "just": 3.4849999999999994}, "Hanging Star": {"Onyx Black": 7.34, "Black": 16.365000000000002, "just": 4.0205}, "Sleigh Bell": {"Onyx Black": 11.879999999999999, "Black": 15.38, "just": 4.896}, "Love Candle": {"Onyx Black": 8.045, "Black": 14.65, "just": 5.185}, "Skull Flower": {"Onyx Black": 8.77, "Black": 17.095, "just": 5.2615}, "Crystal Ball": {"Onyx Black": 13.384999999999998, "Black": 30.900000000000002, "just": 5.779999999999999}, "Trapped Heart": {"Onyx Black": 11.945, "Black": 23.645, "just": 6.706499999999999}, "Top Hat": {"Onyx Black": 15.689999999999998, "Black": 26.045, "just": 6.281499999999999}, "Love Potion": {"Onyx Black": 10.42, "Black": 28.669999999999998, "just": 7.0889999999999995}, "Flying Broom": {"Onyx Black": 10.094999999999999, "Black": 19.089999999999996, "just": 6.961499999999999}, "Cupid Charm": {"Onyx Black": 16.485, "Black": 36.989999999999995, "just": 8.483}, "Record Player": {"Onyx Black": 10.645, "Black": 23.845, "just": 6.6215}, "Eternal Rose": {"Onyx Black": 20.45, "Black": 41.45, "just": 10.965}, "Mad Pumpkin": {"Onyx Black": 22.490000000000002, "Black": 46.989999999999995, "just": 12.733}, "Voodoo Doll": {"Onyx Black": 22.585, "Black": 46.085, "just": 12.894499999999999}, "Diamond Ring": {"Onyx Black": 23.295, "Black": 43.28999999999999, "just": 13.2515}, "Toy Bear": {"Onyx Black": 24.795, "Black": 53.295, "just": 14.9515}, "Vintage Cigar": {"Onyx Black": 48.599999999999994, "Black": 70.35, "just": 19.72}, "Neko Helmet": {"Onyx Black": 42.0, "Black": 71.995, "just": 20.4}, "Low Rider": {"Onyx Black": 38.75, "Black": 106.75, "just": 20.825},