{"Snoop Dogg": {"Black Diamond": 2.1155, "Doggfather": 2.851, "Chrome": 2.1155, "King Ruby": 1.9064999999999999, "Sapphire": 1.9825, "Doberman": 3.6870000000000003, "Goldizzle": 7.315999999999999, "Cold Topaz": 1.9255, "King Snoop": 4.883500000000001, "AI Dogg": 2.9459999999999997, "Emerald": 1.8305000000000002, "Onyx Black": 3.2266666666666666, "Black": 10.329230769230769, "just": 1.496}, "Swag Bag": {"Missionary": 8.695, "Take It Easy": 2.388, "Leopard": 2.2885, "Darkness": 2.2885, "April 20th": 3.0845000000000002, "Cashback": 3.0845000000000002, "Snoop Life": 2.4875, "Happy Herbs": 3.0845000000000002, "Gin & Jewels": 2.587, "Bulk Order": 2.3283, "Golden Nugs": 2.0895, "Boiling Hot": 2.587, "Onyx Black": 3.04, "Black": 7.985, "just": 1.6915}, "Snoop Cigar": {"Onyx Black": 7.885, "Black": 18.395, "just": 4.0715}, "Lol Pop": {"Shock Wave": 1.584, "Satellite": 1.6847999999999999, "Milky Way": 1.512, "Sweetheart": 1.8719999999999999, "Cookie Dip": 1.512, "Romance": 1.512, "Dark Sky": 1.584, "Dark Portal": 1.7999999999999998, "Watermelon": 1.512, "Cobweb": 1.512, "Blood Ember": 1.584, "Mortal Sin": 4.032, "Plastic Ice": 1.512, "Pink Foil": 1.512, "Comic Crunch": 1.512, "Celestia": 2.2319999999999998, "Sailor Moon": 1.512, "Love Bubbles": 1.8719999999999999, "Jolly Roger": 1.728, "Heart Pop": 1.584, "Einstein": 1.728, "Glowstick": 1.944, "Fire Vortex": 1.512, "Hexed Helix": 1.512, "Rosebud": 1.584, "Doodle Art": 1.656, "Jinxed": 1.584, "Pumpkin": 1.512, "Andromeda": 1.8719999999999999, "Angelina": 2.2319999999999998, "Blood Sucker": 1.584, "Onyx Black": 2.01, "Black": 5.220000000000001, "just": 1.224}, "B-Day Candle": {"Kaboom!": 1.89, "Payday": 2.8, "Pixel Wish": 2.17, "Purr Magic": 2.17, "Happy Meows": 2.8, "Final Boss": 2.17, "On Fire": 2.17, "Onyx Black": 2.02, "Black": 5.15, "just": 1.19}, "Desk Calendar": {"Hodler": 4.69, "Burning Time": 2.0770000000000004, "Independence": 2.68, "Balloon Face": 2.0770000000000004, "Adult Tasks": 21.669999999999998, "Deadline": 2.0770000000000004, "Pepe Plans": 14.67, "Sunday": 2.0770000000000004, "Fund Manager": 2.0770000000000004, "Peach Week": 2.0770000000000004, "Checklist": 1.8090000000000002, "Investor": 7.12, "Fawkes Night": 3.752, "Durov Day": 2.68, "Heartbreak": 1.4740000000000002, "Telegram": 2.0770000000000004, "Tic Tac Toe": 1.541, "Onyx Black": 1.8450000000000002, "Black": 5.325, "just": 1.139}, "Lunar Snake": {"Hot Cherry": 2.325, "Timelock": 1.9500000000000002, "Psychedelic": 2.325, "Soul Eater": 2.0250000000000004, "Hellspawn": 2.325, "Synthwave": 5.25, "Python Dev": 2.325, "Dragon Ball": 5.25, "Onyx Black": 2.225, "Black": 5.75, "just": 1.275}, "Xmas Stocking": {"Onyx Black": 2.6550000000000002, "Black": 5.49, "just": 1.258}, "Snake Box": {"Onyx Black": 2.21, "Black": 6.195, "just": 1.3005}, "Pet Snake": {"Onyx Black": 2.54, "Black": 6.2, "just": 1.581}, "Candy Cane": {"Sticky Sweet": 3.18, "Hex Pot": 2.4645, "Grinch": 4.452, "Designer": 5.565, "Onyx Black": 2.365, "Black": 5.8549999999999995, "just": 1.3515}, "Whip Cupcake": {"Resistance": 5.32, "Toncoin": 2.3560000000000003, "Sponge Duck": 2.3560000000000003, "Deep State": 2.052, "Bitcoin": 10.254999999999999, "Onyx Black": 2.23, "Black": 5.960000000000001, "just": 1.292}, "Big Year": {"The Nether": 2.7540000000000004, "Cheshire Cat": 2.652, "Balloons": 2.3459999999999996, "Bitcoin": 5.712, "Telegram": 4.08, "Game Boy": 2.244, "Gold Mine": 7.140000000000001, "The Hobbit": 4.08, "Pokeball": 2.7540000000000004, "Creator": 2.7540000000000004, "YouTubes": 4.08, "Big Brother": 3.1620000000000004, "Qing Dynasty": 3.1620000000000004, "First Website": 2.244, "Pavel Durov": 7.140000000000001, "Onyx Black": 3.64, "Black": 9.670000000000002, "just": 1.734}, "Homemade Cake": {"Onyx Black": 2.4050000000000002, "Black": 5.35, "just": 1.5555}, "Cookie Heart": {"Onyx Black": 2.675, "Black": 6.69, "just": 1.5979999999999999}, "Jester Hat": {"Onyx Black": 2.64, "Black": 6.32, "just": 1.513}, "Holiday Drink": {"Onyx Black": 2.49, "Black": 6.254999999999999, "just": 1.683}, "Ginger Cookie": {"Onyx Black": 3.8099999999999996, "Black": 7.275, "just": 1.7594999999999998}, "Hypno Lollipop": {"Onyx Black": 2.945, "Black": 6.23, "just": 1.6915}, "Winter Wreath": {"Moon Cat": 106.265, "Onyx Black": 2.975, "Black": 6.0, "just": 1.7}, "Party Sparkler": {"Onyx Black": 3.17, "Black": 7.7250000000000005, "just": 1.6575}, "Jingle Bells": {"Onyx Black": 2.835, "Black": 6.72, "just": 1.7764999999999997}, "Tama Gadget": {"Onyx Black": 3.495, "Black": 6.595000000000001, "just": 1.8615}, "Jack-in-the-Box": {"Onyx Black": 3.06, "Black": 7.05, "just": 1.87}, "Star Notepad": {"Onyx Black": 4.03, "Black": 9.53, "just": 2.006}, "Easter Egg": {"Onyx Black": 3.8049999999999997, "Black": 10.78, "just": 2.431}, "Santa Hat": {"Onyx Black": 3.95, "Black": 8.39, "just": 2.3375}, "Hex Pot": {"Onyx Black": 4.01, "Black": 10.125, "just": 2.3375}, "Restless Jar": {"Onyx Black": 4.1, "Black": 9.600000000000001, "just": 2.21}, "Lush Bouquet": {"Onyx Black": 4.49, "Black": 7.72, "just": 2.5415}, "Spiced Wine": {"Onyx Black": 3.044, "Black": 6.724, "just": 2.159}, "Snow Globe": {"Onyx Black": 4.43, "Black": 10.18, "just": 2.431}, "Joyful Bundle": {"Onyx Black": 3.92, "Black": 10.375, "just": 2.4225}, "Light Sword": {"Onyx Black": 4.666, "Black": 10.661999999999999, "just": 2.6435}, "Witch Hat": {"Onyx Black": 4.525, "Black": 12.03, "just": 2.6094999999999997}, "Bow Tie": {"Onyx Black": 4.7219999999999995, "Black": 12.318000000000001, "just": 2.7285}, "Eternal Candle": {"Onyx Black": 4.942, "Black": 10.738, "just": 3.0345}, "Jelly Bunny": {"Onyx Black": 4.845000000000001, "Black": 9.745000000000001, "just": 2.9665}, "Bunny Muffin": {"Onyx Black": 4.758, "Black": 12.238, "just": 3.1705}, "Spy Agaric": {"Onyx Black": 5.574, "Black": 10.486, "just": 2.9665}, "Evil Eye": {"Onyx Black": 6.356, "Black": 12.18, "just": 3.145}, "Snow Mittens": {"Onyx Black": 5.046, "Black": 8.306000000000001, "just": 3.3235}, "Berry Box": {"Onyx Black": 5.68, "Black": 10.556000000000001, "just": 3.23}, "Valentine Box": {"Onyx Black": 7.662, "Black": 13.262, "just": 4.054499999999999}, "Sakura Flower": {"Onyx Black": 6.652, "Black": 15.652, "just": 4.607}, "Hanging Star": {"Onyx Black": 7.656, "Black": 14.98, "just": 4.505}, "Sleigh Bell": {"Onyx Black": 10.488, "Black": 20.887999999999998, "just": 6.3580000000000005}, "Love Candle": {"Onyx Black": 10.946, "Black": 17.326, "just": 7.5735}, "Skull Flower": {"Onyx Black": 12.95, "Black": 16.945999999999998, "just": 7.0125}, "Crystal Ball": {"Onyx Black": 12.533999999999999, "Black": 27.954, "just": 7.046499999999999}, "Trapped Heart": {"Onyx Black": 13.24, "Black": 19.276000000000003, "just": 7.48}, "Top Hat": {"Onyx Black": 12.67, "Black": 22.189999999999998, "just": 7.182499999999999}, "Love Potion": {"Onyx Black": 11.742, "Black": 23.678000000000004, "just": 8.0495}, "Flying Broom": {"Onyx Black": 12.876000000000001, "Black": 19.676000000000002, "just": 8.041}, "Cupid Charm": {"Onyx Black": 16.864, "Black": 30.464, "just": 9.724}, "Record Player": {"Onyx Black": 10.254, "Black": 20.854, "just": 6.8765}, "Eternal Rose": {"Onyx Black": 21.188000000000002, "Black": 35.988, "just": 11.883000000000001}, "Mad Pumpkin": {"Onyx Black": 23.14, "Black": 41.34, "just": 16.064999999999998}, "Voodoo Doll": {"Onyx Black": 23.124, "Black": 48.728, "just": 15.197999999999999}, "Diamond Ring": {"Onyx Black": 22.11, "Black": 45.31400000000001, "just": 13.7615}, "Toy Bear": {"Onyx Black": 33.954, "Black": 51.594, "just": 22.091499999999996}, "Vintage Cigar": {"Onyx Black": 36.9, "Black": 55.9, "just": 20.825}, "Neko Helmet": {"Onyx Black": 38.608000000000004, "Black": 66.52799999999999, "just": 23.528}, "Low Rider": {"Onyx Black": 33.158, "Black": 81.55799999999999, "just": 22.040499999999998}, "Signet Ring": {"Onyx Black": 37.534, "Black": 80.33000000000001, "just": 23.7065}, "Electric Skull": {"Onyx Black": 44.69, "Black": 76.69399999999999, "just": 29.3165},