{"Snoop Dogg": {"AI Dogg": 2.9935, "Emerald": 2.0300000000000002, "Doggfather": 3.098, "King Ruby": 2.0490000000000004, "Black Diamond": 2.0395, "Doberman": 2.6805000000000003, "Black Gold": 2.011, "Cold Topaz": 1.916, "King Snoop": 4.6365, "Chrome": 2.258, "Goldizzle": 7.445500000000001, "Sapphire": 2.0395, "Onyx Black": 3.413333333333333, "Black": 10.415384615384616, "just": 1.53}, "Swag Bag": {"Take It Easy": 2.587, "April 20th": 3.0845000000000002, "Bulk Order": 2.4875, "Golden Nugs": 2.189, "Happy Herbs": 3.0845000000000002, "Missionary": 6.965, "Snoop Life": 2.587, "Cashback": 3.0845000000000002, "Leopard": 2.2885, "Darkness": 2.3283, "Boiling Hot": 2.587, "Gin & Jewels": 2.587, "Onyx Black": 3.0949999999999998, "Black": 7.245, "just": 1.6915}, "Snoop Cigar": {"Onyx Black": 7.525, "Black": 19.349999999999998, "just": 4.08}, "Lol Pop": {"Plastic Ice": 1.4595, "Dark Sky": 1.7374999999999998, "Shock Wave": 1.5984999999999998, "Einstein": 1.4595, "Rosebud": 1.529, "Fire Vortex": 1.4595, "Milky Way": 1.529, "Blood Ember": 1.5984999999999998, "Jolly Roger": 1.529, "Hexed Helix": 1.5984999999999998, "Jinxed": 1.529, "Icicle": 1.4595, "Mortal Sin": 3.8919999999999995, "Sweetheart": 1.8765, "Doodle Art": 1.668, "Blood Sucker": 1.8765, "Love Bubbles": 1.5984999999999998, "Romance": 1.4595, "Angelina": 2.1545, "Magic Wand": 1.4595, "Celestia": 2.1545, "Portable Pop": 1.4595, "Pumpkin": 1.4595, "Glowstick": 2.1545, "Blue Goo": 1.4595, "Satellite": 1.668, "Cookie Dip": 1.529, "Heart Pop": 1.529, "Andromeda": 2.1545, "Dark Portal": 1.668, "Sailor Moon": 1.4595, "Cobweb": 1.529, "Nostalgia": 1.4595, "Watermelon": 1.4595, "Onyx Black": 1.94, "Black": 5.245, "just": 1.1815}, "B-Day Candle": {"Pixel Wish": 2.1235000000000004, "Final Boss": 2.1235000000000004, "Happy Meows": 2.1235000000000004, "Purr Magic": 2.1235000000000004, "Payday": 2.1235000000000004, "Kaboom!": 1.8495000000000004, "On Fire": 2.1235000000000004, "Onyx Black": 1.76, "Black": 5.135, "just": 1.1645}, "Desk Calendar": {"Pepe Plans": 10.184999999999999, "Adult Tasks": 24.139999999999997, "Hodler": 4.83, "Investor": 4.83, "Balloon Face": 2.139, "Independence": 2.76, "Sunday": 1.863, "Durov Day": 2.76, "Fund Manager": 2.139, "Peach Week": 1.863, "Telegram": 2.139, "Burning Time": 1.863, "Tic Tac Toe": 2.139, "Heartbreak": 1.5869999999999997, "Checklist": 2.139, "Fawkes Night": 2.76, "Deadline": 2.139, "Onyx Black": 1.76, "Black": 5.375, "just": 1.1729999999999998}, "Lunar Snake": {"Timelock": 1.9500000000000002, "Hot Cherry": 2.0250000000000004, "Dragon Ball": 5.25, "Hellspawn": 2.325, "Psychedelic": 1.875, "Soul Eater": 2.325, "Python Dev": 2.325, "Synthwave": 5.25, "Onyx Black": 2.225, "Black": 5.85, "just": 1.275}, "Xmas Stocking": {"Onyx Black": 2.7199999999999998, "Black": 5.715000000000001, "just": 1.309}, "Snake Box": {"Onyx Black": 1.8649999999999998, "Black": 6.16, "just": 1.2155}, "Pet Snake": {"Onyx Black": 2.22, "Black": 5.865, "just": 1.4789999999999999}, "Candy Cane": {"Sticky Sweet": 3.18, "Hex Pot": 3.18, "Grinch": 3.18, "Designer": 8.395, "Onyx Black": 2.37, "Black": 5.895, "just": 1.3515}, "Whip Cupcake": {"Deep State": 2.387, "Toncoin": 2.387, "Resistance": 4.311999999999999, "Sponge Duck": 2.387, "Bitcoin": 9.27, "Onyx Black": 2.245, "Black": 5.52, "just": 1.309}, "Big Year": {"Game Boy": 2.205, "Telegram": 4.2, "Gold Mine": 7.3500000000000005, "Qing Dynasty": 3.2550000000000003, "Creator": 2.8350000000000004, "The Hobbit": 3.2550000000000003, "Pavel Durov": 4.2, "Bitcoin": 5.88, "YouTubes": 4.2, "First Website": 2.3100000000000005, "The Nether": 2.7300000000000004, "Cheshire Cat": 2.415, "Pokeball": 2.7300000000000004, "Big Brother": 2.8350000000000004, "Onyx Black": 3.67, "Black": 9.915000000000001, "just": 1.785}, "Homemade Cake": {"Onyx Black": 2.44, "Black": 5.44, "just": 1.6064999999999998}, "Cookie Heart": {"Onyx Black": 2.55, "Black": 6.594999999999999, "just": 1.615}, "Jester Hat": {"Onyx Black": 2.495, "Black": 6.4799999999999995, "just": 1.5215}, "Holiday Drink": {"Onyx Black": 2.49, "Black": 5.995, "just": 1.6915}, "Ginger Cookie": {"Onyx Black": 3.79, "Black": 7.015000000000001, "just": 1.7254999999999998}, "Hypno Lollipop": {"Onyx Black": 2.8, "Black": 6.505000000000001, "just": 1.785}, "Winter Wreath": {"Moon Cat": 103.5, "Onyx Black": 2.975, "Black": 7.75, "just": 1.7}, "Party Sparkler": {"Onyx Black": 3.4800000000000004, "Black": 6.484999999999999, "just": 1.6744999999999999}, "Jingle Bells": {"Onyx Black": 2.885, "Black": 6.790000000000001, "just": 1.853}, "Tama Gadget": {"Onyx Black": 3.23, "Black": 6.73, "just": 1.836}, "Jack-in-the-Box": {"Onyx Black": 3.135, "Black": 7.38, "just": 1.9209999999999998}, "Star Notepad": {"Onyx Black": 4.025, "Black": 9.5, "just": 1.9549999999999998}, "Easter Egg": {"Onyx Black": 3.82, "Black": 11.094999999999999, "just": 2.3715}, "Santa Hat": {"Onyx Black": 3.51, "Black": 8.450000000000001, "just": 2.4225}, "Hex Pot": {"Onyx Black": 3.9000000000000004, "Black": 10.104999999999999, "just": 2.3885}, "Restless Jar": {"Onyx Black": 3.76, "Black": 10.21, "just": 2.1845}, "Lush Bouquet": {"Onyx Black": 4.345000000000001, "Black": 7.995, "just": 2.5415}, "Spiced Wine": {"Onyx Black": 3.06, "Black": 6.952, "just": 2.125}, "Snow Globe": {"Onyx Black": 4.4399999999999995, "Black": 11.364999999999998, "just": 2.363}, "Joyful Bundle": {"Onyx Black": 3.66, "Black": 7.930000000000001, "just": 2.4395000000000002}, "Light Sword": {"Onyx Black": 4.846, "Black": 10.054, "just": 2.6264999999999996}, "Witch Hat": {"Onyx Black": 4.425, "Black": 11.700000000000001, "just": 2.8899999999999997}, "Bow Tie": {"Onyx Black": 4.84, "Black": 12.576, "just": 2.686}, "Eternal Candle": {"Onyx Black": 5.084, "Black": 11.116, "just": 3.009}, "Jelly Bunny": {"Onyx Black": 5.095000000000001, "Black": 10.745000000000001, "just": 2.9665}, "Bunny Muffin": {"Onyx Black": 4.91, "Black": 14.518, "just": 3.0174999999999996}, "Spy Agaric": {"Onyx Black": 5.24, "Black": 10.432, "just": 2.8899999999999997}, "Evil Eye": {"Onyx Black": 6.402, "Black": 13.262, "just": 3.2045}, "Snow Mittens": {"Onyx Black": 5.09, "Black": 8.186, "just": 3.1025}, "Berry Box": {"Onyx Black": 5.933999999999999, "Black": 11.654, "just": 3.3065}, "Valentine Box": {"Onyx Black": 7.148, "Black": 12.588000000000001, "just": 3.893}, "Sakura Flower": {"Onyx Black": 6.7940000000000005, "Black": 15.394, "just": 4.2415}, "Hanging Star": {"Onyx Black": 8.04, "Black": 15.232, "just": 4.59}, "Sleigh Bell": {"Onyx Black": 10.17, "Black": 18.166, "just": 5.9075}, "Love Candle": {"Onyx Black": 11.032, "Black": 19.632, "just": 7.412}, "Skull Flower": {"Onyx Black": 11.318, "Black": 18.922, "just": 7.539499999999999}, "Crystal Ball": {"Onyx Black": 11.834, "Black": 27.837999999999997, "just": 6.5705}, "Trapped Heart": {"Onyx Black": 13.354, "Black": 18.634, "just": 7.6415}, "Top Hat": {"Onyx Black": 12.309999999999999, "Black": 22.509999999999998, "just": 6.672499999999999}, "Love Potion": {"Onyx Black": 11.0, "Black": 24.6, "just": 7.6499999999999995}, "Flying Broom": {"Onyx Black": 13.565999999999999, "Black": 20.125999999999998, "just": 8.1685}, "Cupid Charm": {"Onyx Black": 16.742, "Black": 32.382, "just": 10.1745}, "Record Player": {"Onyx Black": 10.693999999999999, "Black": 20.733999999999998, "just": 6.706499999999999}, "Eternal Rose": {"Onyx Black": 20.1, "Black": 35.7, "just": 11.475}, "Mad Pumpkin": {"Onyx Black": 22.292, "Black": 41.288, "just": 14.297}, "Voodoo Doll": {"Onyx Black": 22.415999999999997, "Black": 45.94, "just": 14.194999999999999}, "Diamond Ring": {"Onyx Black": 22.516, "Black": 41.31999999999999, "just": 13.77}, "Toy Bear": {"Onyx Black": 25.876, "Black": 48.160000000000004, "just": 17.51}, "Vintage Cigar": {"Onyx Black": 38.64, "Black": 54.64, "just": 20.74}, "Neko Helmet": {"Onyx Black": 37.78, "Black": 75.78, "just": 22.355}, "Low Rider": {"Onyx Black": 34.1, "Black": 87.3, "just": 21.675}, "Signet Ring": {"Onyx Black": 36.82, "Black": 79.62, "just": 22.695},