{"Snoop Dogg": {"Black Diamond": 2.2485000000000004, "Doggfather": 3.2405, "King Ruby": 2.0205, "Chrome": 2.3435, "AI Dogg": 3.136, "Green Light": 1.9255, "Cold Topaz": 2.0395, "Doberman": 3.7915, "Black Gold": 2.0205, "Goldizzle": 7.221, "Sapphire": 2.0585, "King Snoop": 6.068, "Emerald": 1.9255, "Onyx Black": 3.6766666666666667, "Black": 9.806923076923077, "just": 1.5555}, "Swag Bag": {"Dogg’s Loot": 2.1, "Gin & Jewels": 2.5, "Take It Easy": 2.6, "Aviators": 2.1, "April 20th": 3.1, "Happy Herbs": 3.1, "Cashback": 3.1, "Missionary": 9.0, "Darkness": 2.4, "Bulk Order": 2.34, "Leopard": 2.2, "Snoop Life": 3.1, "Boiling Hot": 2.4, "Golden Nugs": 2.34, "P.I.M.P.": 2.1, "Onyx Black": 3.465, "Black": 7.5, "just": 1.7}, "Snoop Cigar": {"Onyx Black": 7.8950000000000005, "Black": 18.200000000000003, "just": 4.165}, "Lol Pop": {"Jinxed": 1.595, "Rosebud": 1.74, "Milky Way": 1.5225, "Glowstick": 1.9575, "Watermelon": 1.5225, "Blood Sucker": 1.885, "Hollywood": 1.5225, "Fire Vortex": 1.5225, "Sick Leave": 1.5225, "Comic Crunch": 1.5225, "Dark Sky": 1.595, "Dark Portal": 1.8125, "Angelina": 2.2475, "Sweetheart": 1.8125, "Hexed Helix": 1.8125, "Love Bubbles": 1.6674999999999998, "Blood Ember": 1.6674999999999998, "Pumpkin": 1.74, "Gold Star": 1.5225, "Jolly Roger": 1.6965, "Satellite": 1.8125, "Doodle Art": 1.6674999999999998, "Einstein": 1.74, "Heart Pop": 1.595, "Mortal Sin": 2.9, "Andromeda": 1.9575, "Cobweb": 1.595, "Crystal Comet": 1.5225, "Shock Wave": 1.5225, "Celestia": 2.2475, "Onyx Black": 1.975, "Black": 5.1899999999999995, "just": 1.2325}, "B-Day Candle": {"Payday": 2.2475, "Final Boss": 2.2475, "On Fire": 2.2475, "Purr Magic": 2.2475, "Kaboom!": 1.9575, "Happy Meows": 2.2475, "Pixel Wish": 2.2475, "Onyx Black": 1.875, "Black": 5.165, "just": 1.2325}, "Desk Calendar": {"Durov Day": 4.97, "Balloon Face": 1.8459999999999999, "Fawkes Night": 2.84, "Sunday": 1.917, "Investor": 9.709999999999999, "Peach Week": 2.201, "Heartbreak": 1.562, "Tic Tac Toe": 1.917, "Deadline": 2.201, "Fund Manager": 2.201, "Pepe Plans": 14.709999999999999, "Adult Tasks": 27.03, "Burning Time": 2.201, "Hodler": 4.97, "Independence": 2.201, "Telegram": 2.201, "Checklist": 2.201, "Onyx Black": 1.8499999999999999, "Black": 5.26, "just": 1.2069999999999999}, "Lunar Snake": {"Hellspawn": 2.052, "Dragon Ball": 5.32, "Psychedelic": 1.9, "Python Dev": 2.3560000000000003, "Soul Eater": 2.052, "Timelock": 2.3560000000000003, "Hot Cherry": 2.052, "Synthwave": 4.255999999999999, "Onyx Black": 2.355, "Black": 5.75, "just": 1.292}, "Xmas Stocking": {"Onyx Black": 2.23, "Black": 5.775, "just": 1.292}, "Snake Box": {"Onyx Black": 2.12, "Black": 5.38, "just": 1.2495}, "Pet Snake": {"Onyx Black": 2.5, "Black": 5.89, "just": 1.53}, "Candy Cane": {"Designer": 5.390000000000001, "Sticky Sweet": 2.387, "Hex Pot": 4.311999999999999, "Grinch": 3.08, "Onyx Black": 2.27, "Black": 5.27, "just": 1.309}, "Whip Cupcake": {"Resistance": 5.7749999999999995, "Sponge Duck": 2.5575, "Toncoin": 2.5575, "Deep State": 2.2275, "Bitcoin": 13.575000000000001, "Onyx Black": 2.2249999999999996, "Black": 5.525, "just": 1.4024999999999999}, "Big Year": {"First Website": 2.1995999999999998, "Bitcoin": 5.263999999999999, "Balloons": 2.068, "Pokeball": 2.538, "YouTubes": 3.76, "Gold Mine": 6.58, "Telegram": 5.263999999999999, "Cheshire Cat": 2.9139999999999997, "The Hobbit": 3.76, "Creator": 2.9139999999999997, "Game Boy": 2.068, "Big Brother": 2.9139999999999997, "Qing Dynasty": 2.9139999999999997, "The Nether": 2.9139999999999997, "Pavel Durov": 14.34, "Onyx Black": 4.390000000000001, "Black": 9.940000000000001, "just": 1.5979999999999999}, "Homemade Cake": {"Onyx Black": 2.37, "Black": 5.6899999999999995, "just": 1.615}, "Cookie Heart": {"Onyx Black": 2.55, "Black": 6.5600000000000005, "just": 1.615}, "Jester Hat": {"Onyx Black": 2.49, "Black": 6.065, "just": 1.513}, "Holiday Drink": {"Onyx Black": 2.695, "Black": 6.069999999999999, "just": 1.6064999999999998}, "Ginger Cookie": {"Onyx Black": 3.635, "Black": 7.135, "just": 1.6744999999999999}, "Hypno Lollipop": {"Onyx Black": 3.4350000000000005, "Black": 7.435, "just": 1.6744999999999999}, "Winter Wreath": {"Moon Cat": 106.25999999999999, "Onyx Black": 2.895, "Black": 6.745, "just": 1.6915}, "Party Sparkler": {"Onyx Black": 2.9299999999999997, "Black": 7.405, "just": 1.6235}, "Jingle Bells": {"Onyx Black": 3.1, "Black": 7.05, "just": 1.87}, "Tama Gadget": {"Onyx Black": 3.46, "Black": 6.780000000000001, "just": 1.785}, "Jack-in-the-Box": {"Onyx Black": 3.105, "Black": 6.954999999999999, "just": 1.8784999999999998}, "Star Notepad": {"Onyx Black": 3.7, "Black": 10.715, "just": 2.0825}, "Easter Egg": {"Onyx Black": 3.875, "Black": 10.955, "just": 2.55}, "Santa Hat": {"Onyx Black": 3.76, "Black": 8.276, "just": 2.38}, "Hex Pot": {"Onyx Black": 3.99, "Black": 9.83, "just": 2.3545}, "Restless Jar": {"Onyx Black": 3.575, "Black": 9.23, "just": 2.21}, "Lush Bouquet": {"Onyx Black": 5.244999999999999, "Black": 8.84, "just": 2.7115}, "Spiced Wine": {"Onyx Black": 3.266, "Black": 7.2299999999999995, "just": 2.0825}, "Snow Globe": {"Onyx Black": 4.92, "Black": 11.424999999999999, "just": 2.4225}, "Joyful Bundle": {"Onyx Black": 4.91, "Black": 9.635, "just": 2.397}, "Light Sword": {"Onyx Black": 4.438, "Black": 9.842, "just": 2.6094999999999997}, "Witch Hat": {"Onyx Black": 4.515, "Black": 12.014999999999999, "just": 2.5755}, "Bow Tie": {"Onyx Black": 4.936, "Black": 11.943999999999999, "just": 2.754}, "Eternal Candle": {"Onyx Black": 5.354, "Black": 10.95, "just": 3.0515}, "Jelly Bunny": {"Onyx Black": 5.095, "Black": 10.185, "just": 2.8815}, "Bunny Muffin": {"Onyx Black": 5.396, "Black": 11.596, "just": 3.111}, "Spy Agaric": {"Onyx Black": 6.106, "Black": 10.506, "just": 2.9835}, "Evil Eye": {"Onyx Black": 7.074, "Black": 13.474, "just": 3.2215}, "Snow Mittens": {"Onyx Black": 6.394, "Black": 8.394, "just": 3.3915}, "Berry Box": {"Onyx Black": 4.952, "Black": 10.736, "just": 3.315}, "Valentine Box": {"Onyx Black": 7.24, "Black": 13.68, "just": 4.08}, "Sakura Flower": {"Onyx Black": 7.074, "Black": 16.278, "just": 4.3605}, "Hanging Star": {"Onyx Black": 7.76, "Black": 15.159999999999998, "just": 4.76}, "Sleigh Bell": {"Onyx Black": 12.614, "Black": 20.614, "just": 6.5365}, "Love Candle": {"Onyx Black": 10.254, "Black": 16.294, "just": 7.2165}, "Skull Flower": {"Onyx Black": 11.526, "Black": 18.486, "just": 6.9785}, "Crystal Ball": {"Onyx Black": 12.36, "Black": 27.8, "just": 6.8}, "Trapped Heart": {"Onyx Black": 12.193999999999999, "Black": 20.234, "just": 7.1315}, "Top Hat": {"Onyx Black": 15.27, "Black": 28.310000000000002, "just": 7.522499999999999}, "Love Potion": {"Onyx Black": 12.734, "Black": 23.93, "just": 8.4065}, "Flying Broom": {"Onyx Black": 12.488, "Black": 17.288, "just": 8.058}, "Cupid Charm": {"Onyx Black": 17.038, "Black": 32.238, "just": 9.9705}, "Record Player": {"Onyx Black": 10.434000000000001, "Black": 20.674, "just": 6.6215}, "Eternal Rose": {"Onyx Black": 18.874, "Black": 34.514, "just": 12.061499999999999}, "Mad Pumpkin": {"Onyx Black": 24.644, "Black": 39.244, "just": 16.779}, "Voodoo Doll": {"Onyx Black": 24.192, "Black": 44.635999999999996, "just": 14.500999999999998}, "Diamond Ring": {"Onyx Black": 21.334, "Black": 42.134, "just": 14.3565}, "Toy Bear": {"Onyx Black": 30.396, "Black": 49.239999999999995, "just": 21.59}, "Vintage Cigar": {"Onyx Black": 36.302, "Black": 58.525999999999996, "just": 20.578500000000002}, "Neko Helmet": {"Onyx Black": 37.72, "Black": 64.52, "just": 23.97}, "Low Rider": {"Onyx Black": 32.384, "Black": 82.784, "just": 20.944}, "Signet Ring": {"Onyx Black": 37.6, "Black": 72.796, "just": 23.8}, "Electric Skull": {"Onyx Black": 45.36, "Black": 75.764, "just": 27.999}, "Kissed Frog": {"Onyx Black": 45.498, "Black": 80.098, "just": 28.755499999999998}, "Swiss Watch": {"Onyx Black": 42.756, "Black": 72.356, "just": 29.970999999999997}, "Sharp Tongue": {"Onyx Black": 56.22, "Black": 141.02, "just": 35.445},