{"Snoop Dogg": {"Doberman": 3.2405, "Doggfather": 3.231, "Cold Topaz": 2.0490000000000004, "Sapphire": 2.163, "King Snoop": 5.596, "Chrome": 2.4385, "Black Diamond": 2.2105, "King Ruby": 1.9825, "AI Dogg": 2.7704999999999997, "Goldizzle": 7.531000000000001, "Black Gold": 1.9730000000000003, "Onyx Black": 3.2666666666666666, "Black": 10.032307692307691, "just": 1.564}, "Swag Bag": {"April 20th": 3.224, "Take It Easy": 2.6, "Happy Herbs": 3.224, "Snoop Life": 2.8080000000000003, "Missionary": 8.99, "Dogg’s Loot": 2.184, "Bulk Order": 2.392, "Cashback": 3.224, "Darkness": 2.2880000000000003, "Gin & Jewels": 2.6, "Boiling Hot": 2.4335999999999998, "Golden Nugs": 2.2880000000000003, "Leopard": 2.2880000000000003, "Onyx Black": 3.49, "Black": 7.54, "just": 1.768}, "Snoop Cigar": {"Onyx Black": 8.42, "Black": 19.14, "just": 4.2075000000000005}, "Lol Pop": {"Jolly Roger": 1.6613999999999998, "Plastic Ice": 1.4909999999999999, "Andromeda": 1.917, "Fire Vortex": 1.562, "Sweetheart": 1.704, "Hexed Helix": 1.775, "Jinxed": 1.704, "Blood Ember": 1.6613999999999998, "Pink Foil": 1.4909999999999999, "Hollywood": 1.562, "Dark Sky": 1.6329999999999998, "Crystal Comet": 1.4909999999999999, "Gold Star": 1.4909999999999999, "Love Bubbles": 1.6613999999999998, "Angelina": 2.201, "Einstein": 1.6613999999999998, "Cobweb": 1.562, "Shock Wave": 1.4909999999999999, "Satellite": 1.775, "Glowstick": 1.917, "Blood Sucker": 1.917, "Pumpkin": 1.704, "Doodle Art": 1.6329999999999998, "Rosebud": 1.704, "Celestia": 2.201, "Heart Pop": 1.562, "Watermelon": 1.4909999999999999, "Mortal Sin": 3.9759999999999995, "Dark Portal": 1.775, "Onyx Black": 1.96, "Black": 5.145, "just": 1.2069999999999999}, "B-Day Candle": {"Final Boss": 2.17, "Payday": 2.17, "Happy Meows": 2.17, "On Fire": 2.8, "Pixel Wish": 2.17, "Kaboom!": 2.17, "Purr Magic": 2.17, "Onyx Black": 1.845, "Black": 5.1, "just": 1.19}, "Desk Calendar": {"Burning Time": 2.108, "Fawkes Night": 4.760000000000001, "Durov Day": 6.680000000000001, "Deadline": 2.108, "Balloon Face": 1.7680000000000002, "Sunday": 2.108, "Fund Manager": 2.108, "Checklist": 2.108, "Hodler": 4.760000000000001, "Tic Tac Toe": 1.8360000000000003, "Telegram": 2.72, "Pepe Plans": 14.68, "Heartbreak": 1.5912, "Independence": 2.108, "Adult Tasks": 25.675, "Peach Week": 2.108, "Investor": 9.43, "Onyx Black": 1.855, "Black": 5.154999999999999, "just": 1.1560000000000001}, "Lunar Snake": {"Timelock": 2.2785, "Hellspawn": 1.9845000000000002, "Python Dev": 2.2785, "Psychedelic": 2.2785, "Dragon Ball": 5.145, "Soul Eater": 1.9845000000000002, "Synthwave": 4.116, "Hot Cherry": 1.9845000000000002, "Onyx Black": 2.43, "Black": 5.255, "just": 1.2495}, "Xmas Stocking": {"Onyx Black": 2.175, "Black": 5.765, "just": 1.275}, "Snake Box": {"Onyx Black": 2.23, "Black": 5.595000000000001, "just": 1.4364999999999999}, "Pet Snake": {"Onyx Black": 2.55, "Black": 6.094999999999999, "just": 1.615}, "Candy Cane": {"Hex Pot": 3.04, "Grinch": 4.255999999999999, "Designer": 5.32, "Sticky Sweet": 2.052, "Onyx Black": 2.2350000000000003, "Black": 5.805, "just": 1.292}, "Whip Cupcake": {"Sponge Duck": 2.635, "Resistance": 5.95, "Deep State": 2.21, "Bitcoin": 13.35, "Toncoin": 2.635, "Onyx Black": 2.25, "Black": 5.5249999999999995, "just": 1.4449999999999998}, "Big Year": {"The Nether": 2.538, "Cheshire Cat": 2.9139999999999997, "Pavel Durov": 10.940000000000001, "Pokeball": 2.538, "Balloons": 2.068, "Creator": 2.9139999999999997, "First Website": 2.1995999999999998, "The Hobbit": 3.76, "YouTubes": 2.9139999999999997, "Big Brother": 2.9139999999999997, "Gold Mine": 6.58, "Telegram": 6.58, "Bitcoin": 5.263999999999999, "Qing Dynasty": 2.9139999999999997, "Game Boy": 2.068, "Onyx Black": 3.94, "Black": 9.940000000000001, "just": 1.5979999999999999}, "Homemade Cake": {"Onyx Black": 2.36, "Black": 5.654999999999999, "just": 1.5979999999999999}, "Cookie Heart": {"Onyx Black": 2.585, "Black": 6.4799999999999995, "just": 1.6744999999999999}, "Jester Hat": {"Onyx Black": 2.47, "Black": 6.37, "just": 1.4789999999999999}, "Holiday Drink": {"Onyx Black": 2.695, "Black": 6.069999999999999, "just": 1.6064999999999998}, "Ginger Cookie": {"Onyx Black": 3.63, "Black": 7.204999999999999, "just": 1.666}, "Hypno Lollipop": {"Onyx Black": 3.41, "Black": 7.484999999999999, "just": 1.6744999999999999}, "Winter Wreath": {"Moon Cat": 90.99499999999999, "Onyx Black": 2.99, "Black": 6.495, "just": 1.6915}, "Party Sparkler": {"Onyx Black": 3.465, "Black": 7.41, "just": 1.6404999999999998}, "Jingle Bells": {"Onyx Black": 3.115, "Black": 6.970000000000001, "just": 1.8955}, "Tama Gadget": {"Onyx Black": 3.47, "Black": 6.8, "just": 1.802}, "Jack-in-the-Box": {"Onyx Black": 3.125, "Black": 6.975, "just": 1.9124999999999999}, "Star Notepad": {"Onyx Black": 3.7700000000000005, "Black": 9.645, "just": 2.0315}, "Easter Egg": {"Onyx Black": 3.825, "Black": 10.905000000000001, "just": 2.465}, "Santa Hat": {"Onyx Black": 3.734, "Black": 9.241999999999999, "just": 2.3545}, "Hex Pot": {"Onyx Black": 3.965, "Black": 9.81, "just": 2.3205}, "Restless Jar": {"Onyx Black": 3.565, "Black": 9.135, "just": 2.193}, "Lush Bouquet": {"Onyx Black": 5.234999999999999, "Black": 8.785, "just": 2.6944999999999997}, "Spiced Wine": {"Onyx Black": 3.35, "Black": 7.15, "just": 2.2015}, "Snow Globe": {"Onyx Black": 4.8, "Black": 10.25, "just": 2.38}, "Joyful Bundle": {"Onyx Black": 4.9399999999999995, "Black": 8.940000000000001, "just": 2.448}, "Light Sword": {"Onyx Black": 4.456, "Black": 10.655999999999999, "just": 2.635}, "Witch Hat": {"Onyx Black": 4.475, "Black": 11.975000000000001, "just": 2.5075000000000003}, "Bow Tie": {"Onyx Black": 6.12, "Black": 11.920000000000002, "just": 2.72}, "Eternal Candle": {"Onyx Black": 5.336, "Black": 10.932, "just": 3.026}, "Jelly Bunny": {"Onyx Black": 5.085, "Black": 10.225, "just": 2.9495}, "Bunny Muffin": {"Onyx Black": 5.324, "Black": 11.524000000000001, "just": 3.009}, "Spy Agaric": {"Onyx Black": 6.058, "Black": 10.458, "just": 2.9155}, "Evil Eye": {"Onyx Black": 7.074, "Black": 13.474, "just": 3.2215}, "Snow Mittens": {"Onyx Black": 6.130000000000001, "Black": 8.366, "just": 3.3575}, "Berry Box": {"Onyx Black": 5.194, "Black": 10.666, "just": 3.2215}, "Valentine Box": {"Onyx Black": 7.288, "Black": 13.928, "just": 4.148}, "Sakura Flower": {"Onyx Black": 7.11, "Black": 16.314, "just": 4.4115}, "Hanging Star": {"Onyx Black": 9.022, "Black": 15.262, "just": 4.9045}, "Sleigh Bell": {"Onyx Black": 11.852, "Black": 20.656, "just": 6.596}, "Love Candle": {"Onyx Black": 10.07, "Black": 15.35, "just": 7.0125}, "Skull Flower": {"Onyx Black": 11.4, "Black": 18.36, "just": 6.8}, "Crystal Ball": {"Onyx Black": 12.347999999999999, "Black": 27.488, "just": 6.783}, "Trapped Heart": {"Onyx Black": 12.228000000000002, "Black": 20.288, "just": 7.208}, "Top Hat": {"Onyx Black": 14.936, "Black": 27.580000000000002, "just": 7.055000000000001}, "Love Potion": {"Onyx Black": 12.658, "Black": 23.857999999999997, "just": 8.304499999999999}, "Flying Broom": {"Onyx Black": 12.32, "Black": 17.3, "just": 8.075}, "Cupid Charm": {"Onyx Black": 17.77, "Black": 32.97, "just": 10.157499999999999}, "Record Player": {"Onyx Black": 10.26, "Black": 20.5, "just": 6.375}, "Eternal Rose": {"Onyx Black": 18.814, "Black": 34.622, "just": 12.2145}, "Mad Pumpkin": {"Onyx Black": 24.427999999999997, "Black": 39.028000000000006, "just": 16.473}, "Voodoo Doll": {"Onyx Black": 24.288, "Black": 46.30799999999999, "just": 14.603}, "Diamond Ring": {"Onyx Black": 21.268, "Black": 43.668, "just": 14.263}, "Toy Bear": {"Onyx Black": 30.618000000000002, "Black": 49.194, "just": 21.9045}, "Vintage Cigar": {"Onyx Black": 36.158, "Black": 60.378, "just": 20.374499999999998}, "Neko Helmet": {"Onyx Black": 37.594, "Black": 63.593999999999994, "just": 23.7915}, "Low Rider": {"Onyx Black": 32.54, "Black": 80.136, "just": 21.165}, "Signet Ring": {"Onyx Black": 37.42, "Black": 72.58, "just": 23.544999999999998}, "Electric Skull": {"Onyx Black": 45.796, "Black": 75.8,