{"Snoop Dogg": {"Cold Topaz": 1.9115000000000002, "Black Diamond": 2.1870000000000003, "AI Dogg": 2.7920000000000003, "Emerald": 1.788, "King Snoop": 5.0905000000000005, "Sapphire": 1.8165000000000002, "Goldizzle": 6.5905, "Chrome": 2.2155, "Doggfather": 2.8205, "Doberman": 3.7229999999999994, "Onyx Black": 2.6766666666666667, "Black": 10.376153846153848, "just": 1.3855}, "Swag Bag": {"Take It Easy": 2.16, "Snoop Life": 2.43, "Darkness": 1.9800000000000002, "Happy Herbs": 2.79, "Cashback": 2.79, "P.I.M.P.": 1.8900000000000001, "Leopard": 1.8900000000000001, "Bulk Order": 2.25, "April 20th": 2.79, "Boiling Hot": 2.25, "Gin & Jewels": 2.3400000000000003, "Missionary": 6.3, "Dogg’s Loot": 1.8900000000000001, "Onyx Black": 2.775, "Black": 6.89, "just": 1.53}, "Snoop Cigar": {"Onyx Black": 7.970000000000001, "Black": 17.224999999999998, "just": 3.8674999999999997}, "Lol Pop": {"Jinxed": 1.4949999999999999, "Angelina": 2.015, "Sweetheart": 1.4949999999999999, "Heart Pop": 1.3650000000000002, "Doodle Art": 1.56, "Pumpkin": 1.4949999999999999, "Cobweb": 1.3650000000000002, "Nostalgia": 1.3650000000000002, "Hexed Helix": 1.4300000000000002, "Blood Sucker": 1.4949999999999999, "Cookie Dip": 1.4300000000000002, "Soap Bubbles": 1.3650000000000002, "Dark Sky": 1.4300000000000002, "Andromeda": 1.6900000000000002, "Wonka Berry": 1.4300000000000002, "Einstein": 1.3650000000000002, "Fire Vortex": 1.4300000000000002, "Shock Wave": 1.3650000000000002, "Glowstick": 2.015, "Comic Crunch": 1.3650000000000002, "Rosebud": 1.625, "Blood Ember": 1.625, "Sick Leave": 1.3650000000000002, "Romance": 1.3650000000000002, "Celestia": 2.015, "Watermelon": 1.4300000000000002, "Milky Way": 1.4300000000000002, "Mortal Sin": 2.6, "Sailor Moon": 1.56, "Jolly Roger": 1.625, "Satellite": 1.6900000000000002, "Icicle": 1.4300000000000002, "Pink Foil": 1.4300000000000002, "Love Bubbles": 1.625, "Dark Portal": 1.56, "Onyx Black": 1.7999999999999998, "Black": 5.050000000000001, "just": 1.105}, "B-Day Candle": {"Pixel Wish": 1.891, "On Fire": 2.44, "Happy Meows": 2.44, "Purr Magic": 2.44, "Shocker": 1.891, "Kaboom!": 1.891, "Final Boss": 1.891, "Payday": 1.891, "Onyx Black": 1.5899999999999999, "Black": 4.61, "just": 1.037}, "Desk Calendar": {"Adult Tasks": 4.27, "Independence": 3.416, "Fund Manager": 1.891, "Heartbreak": 1.342, "Hodler": 4.27, "Deadline": 2.44, "Sunday": 2.44, "Burning Time": 1.891, "Pepe Plans": 4.27, "Fawkes Night": 3.416, "Investor": 4.27, "Peach Week": 1.586, "Checklist": 1.891, "Telegram": 1.891, "Durov Day": 2.44, "Tic Tac Toe": 1.891, "Balloon Face": 1.586, "Onyx Black": 1.56, "Black": 4.605, "just": 1.037}, "Lunar Snake": {"Synthwave": 3.7239999999999998, "Hot Cherry": 2.0615, "Dragon Ball": 4.655, "Hellspawn": 2.0615, "Soul Eater": 1.7955000000000003, "Psychedelic": 2.0615, "Python Dev": 2.0615, "Timelock": 1.7955000000000003, "Onyx Black": 1.915, "Black": 4.815, "just": 1.1305}, "Xmas Stocking": {"Onyx Black": 1.895, "Black": 5.62, "just": 1.139}, "Snake Box": {"Onyx Black": 1.8900000000000001, "Black": 4.885, "just": 1.088}, "Pet Snake": {"Onyx Black": 2.185, "Black": 5.265, "just": 1.343}, "Candy Cane": {"Designer": 5.46, "Hex Pot": 2.418, "Grinch": 2.418, "Sticky Sweet": 2.1060000000000003, "Onyx Black": 2.25, "Black": 5.529999999999999, "just": 1.326}, "Whip Cupcake": {"Resistance": 4.935, "Bitcoin": 4.935, "Sponge Duck": 2.82, "Deep State": 1.9035, "Toncoin": 2.1854999999999998, "Onyx Black": 2.105, "Black": 5.2, "just": 1.1985}, "Big Year": {"Bitcoin": 4.704, "Telegram": 4.704, "YouTubes": 2.2680000000000002, "Big Brother": 2.604, "The Hobbit": 3.36, "Creator": 2.604, "Game Boy": 2.184, "Pavel Durov": 4.704, "Qing Dynasty": 2.604, "The Nether": 2.184, "Cheshire Cat": 2.184, "Pokeball": 2.604, "Gold Mine": 4.704, "First Website": 2.2680000000000002, "Onyx Black": 2.71, "Black": 7.79, "just": 1.428}, "Homemade Cake": {"Onyx Black": 1.995, "Black": 4.8, "just": 1.275}, "Cookie Heart": {"Onyx Black": 2.27, "Black": 6.775, "just": 1.4449999999999998}, "Jester Hat": {"Onyx Black": 2.9799999999999995, "Black": 6.13, "just": 1.4109999999999998}, "Holiday Drink": {"Onyx Black": 2.325, "Black": 5.66, "just": 1.5045}, "Ginger Cookie": {"Onyx Black": 2.8, "Black": 6.375, "just": 1.4875}, "Hypno Lollipop": {"Onyx Black": 2.69, "Black": 6.840000000000001, "just": 1.513}, "Winter Wreath": {"Onyx Black": 2.295, "Black": 7.945, "just": 1.4364999999999999}, "Party Sparkler": {"Onyx Black": 2.915, "Black": 5.665, "just": 1.5555}, "Jingle Bells": {"Onyx Black": 2.395, "Black": 5.3149999999999995, "just": 1.3855}, "Tama Gadget": {"Onyx Black": 2.62, "Black": 6.325, "just": 1.496}, "Jack-in-the-Box": {"Onyx Black": 2.65, "Black": 7.875, "just": 1.7}, "Star Notepad": {"Onyx Black": 3.2750000000000004, "Black": 9.0, "just": 1.785}, "Easter Egg": {"Onyx Black": 3.65, "Black": 10.645, "just": 1.9549999999999998}, "Santa Hat": {"Onyx Black": 3.105, "Black": 9.504999999999999, "just": 1.8784999999999998}, "Hex Pot": {"Onyx Black": 3.76, "Black": 8.61, "just": 1.9719999999999998}, "Restless Jar": {"Onyx Black": 3.8099999999999996, "Black": 7.66, "just": 1.9719999999999998}, "Lush Bouquet": {"Onyx Black": 3.39, "Black": 8.54, "just": 2.193}, "Spiced Wine": {"Onyx Black": 3.135, "Black": 7.484999999999999, "just": 1.6744999999999999}, "Snow Globe": {"Onyx Black": 4.0, "Black": 9.1, "just": 2.04}, "Joyful Bundle": {"Onyx Black": 3.625, "Black": 8.425, "just": 2.0825}, "Light Sword": {"Onyx Black": 4.125, "Black": 10.425, "just": 2.4225}, "Witch Hat": {"Onyx Black": 3.96, "Black": 10.16, "just": 2.397}, "Bow Tie": {"Onyx Black": 4.72, "Black": 14.72, "just": 2.6264999999999996}, "Eternal Candle": {"Onyx Black": 5.1899999999999995, "Black": 10.190000000000001, "just": 2.448}, "Jelly Bunny": {"Onyx Black": 4.595, "Black": 10.095, "just": 2.7115}, "Bunny Muffin": {"Onyx Black": 4.1, "Black": 13.600000000000001, "just": 2.72}, "Spy Agaric": {"Onyx Black": 5.195, "Black": 10.815, "just": 2.4565}, "Evil Eye": {"Onyx Black": 5.745, "Black": 15.75, "just": 2.975}, "Snow Mittens": {"Onyx Black": 4.49, "Black": 8.64, "just": 2.363}, "Berry Box": {"Onyx Black": 4.82, "Black": 14.33, "just": 3.111}, "Valentine Box": {"Onyx Black": 5.925000000000001, "Black": 10.94, "just": 3.315}, "Sakura Flower": {"Onyx Black": 5.3100000000000005, "Black": 17.98, "just": 3.366}, "Hanging Star": {"Onyx Black": 7.525, "Black": 16.25, "just": 3.8249999999999997}, "Sleigh Bell": {"Onyx Black": 9.995000000000001, "Black": 17.990000000000002, "just": 5.0915}, "Love Candle": {"Onyx Black": 7.855, "Black": 15.455, "just": 5.4485}, "Skull Flower": {"Onyx Black": 8.675, "Black": 16.975, "just": 5.0575}, "Crystal Ball": {"Onyx Black": 10.3, "Black": 28.314999999999998, "just": 5.6354999999999995}, "Trapped Heart": {"Onyx Black": 10.17, "Black": 22.92, "just": 6.239}, "Top Hat": {"Onyx Black": 16.195, "Black": 26.070000000000004, "just": 6.324}, "Love Potion": {"Onyx Black": 9.870000000000001, "Black": 26.669999999999998, "just": 7.0889999999999995}, "Flying Broom": {"Onyx Black": 10.594999999999999, "Black": 21.340000000000003, "just": 6.961499999999999}, "Cupid Charm": {"Onyx Black": 16.495, "Black": 34.495, "just": 8.4915}, "Record Player": {"Onyx Black": 9.99, "Black": 23.99, "just": 6.783}, "Eternal Rose": {"Onyx Black": 18.745, "Black": 36.245, "just": 10.6165}, "Mad Pumpkin": {"Onyx Black": 18.09, "Black": 39.34, "just": 11.628}, "Voodoo Doll": {"Onyx Black": 20.245, "Black": 40.245, "just": 12.3165}, "Diamond Ring": {"Onyx Black": 20.37, "Black": 43.37, "just": 13.379}, "Toy Bear": {"Onyx Black": 22.06, "Black": 50.895, "just": 15.1215}, "Vintage Cigar": {"Onyx Black": 44.25, "Black": 85.2, "just": 19.125}, "Neko Helmet": {"Onyx Black": 35.13, "Black": 71.63, "just": 19.771}, "Low Rider": {"Onyx Black": 38.195, "Black": 106.69999999999999, "just": 19.889999999999997}, "Signet Ring": {"Onyx Black": 31.485, "Black": 90.49499999999999, "just": 19.5415}, "Electric Skull": {"Onyx Black": 37.25, "Black": 69.75, "just": 21.675},