{"Snoop Dogg": {"Cold Topaz": 1.916, "Black Diamond": 2.0300000000000002, "Doberman": 3.668, "AI Dogg": 2.9935, "Sapphire": 2.0395, "Emerald": 2.0300000000000002, "Chrome": 2.258, "Goldizzle": 7.445500000000001, "Black Gold": 2.011, "King Ruby": 2.0490000000000004, "Doggfather": 3.098, "King Snoop": 4.6365, "Onyx Black": 3.413333333333333, "Black": 10.415384615384616, "just": 1.53}, "Swag Bag": {"Leopard": 2.2885, "Missionary": 6.965, "Snoop Life": 2.587, "Take It Easy": 2.587, "Cashback": 3.0845000000000002, "Bulk Order": 2.4875, "Boiling Hot": 2.587, "Happy Herbs": 3.0845000000000002, "Darkness": 2.3283, "April 20th": 3.0845000000000002, "Golden Nugs": 2.189, "Gin & Jewels": 2.587, "Onyx Black": 3.0949999999999998, "Black": 7.245, "just": 1.6915}, "Snoop Cigar": {"Onyx Black": 7.525, "Black": 19.349999999999998, "just": 4.08}, "Lol Pop": {"Pumpkin": 1.4595, "Jolly Roger": 1.529, "Andromeda": 2.1545, "Einstein": 1.4595, "Sailor Moon": 1.4595, "Satellite": 1.668, "Watermelon": 1.4595, "Dark Sky": 1.7374999999999998, "Blood Ember": 1.5984999999999998, "Blood Sucker": 1.8765, "Rosebud": 1.529, "Mortal Sin": 3.8919999999999995, "Cobweb": 1.529, "Icicle": 1.4595, "Nostalgia": 1.4595, "Fire Vortex": 1.4595, "Plastic Ice": 1.4595, "Angelina": 2.1545, "Dark Portal": 1.668, "Heart Pop": 1.529, "Portable Pop": 1.4595, "Cookie Dip": 1.529, "Celestia": 2.1545, "Romance": 1.4595, "Hexed Helix": 1.5984999999999998, "Milky Way": 1.529, "Glowstick": 2.1545, "Sweetheart": 1.8765, "Magic Wand": 1.4595, "Love Bubbles": 1.5984999999999998, "Jinxed": 1.529, "Blue Goo": 1.4595, "Shock Wave": 1.5984999999999998, "Doodle Art": 1.668, "Onyx Black": 1.94, "Black": 5.245, "just": 1.1815}, "B-Day Candle": {"Happy Meows": 2.108, "Payday": 2.108, "Pixel Wish": 2.108, "On Fire": 2.108, "Final Boss": 2.108, "Kaboom!": 1.8360000000000003, "Purr Magic": 2.108, "Onyx Black": 1.755, "Black": 5.13, "just": 1.1560000000000001}, "Desk Calendar": {"Tic Tac Toe": 2.0925000000000002, "Fund Manager": 2.0925000000000002, "Checklist": 2.0925000000000002, "Sunday": 1.8225000000000002, "Deadline": 2.0925000000000002, "Balloon Face": 2.0925000000000002, "Telegram": 2.0925000000000002, "Investor": 5.415000000000001, "Hodler": 4.7250000000000005, "Burning Time": 1.8225000000000002, "Adult Tasks": 24.125, "Fawkes Night": 2.7, "Pepe Plans": 10.169999999999998, "Independence": 2.7, "Peach Week": 2.0925000000000002, "Durov Day": 2.7, "Heartbreak": 1.5795, "Onyx Black": 1.745, "Black": 5.359999999999999, "just": 1.1475}, "Lunar Snake": {"Soul Eater": 2.3095, "Python Dev": 2.3095, "Psychedelic": 1.8625, "Hellspawn": 2.3095, "Hot Cherry": 2.0115000000000003, "Synthwave": 5.215, "Dragon Ball": 5.215, "Timelock": 1.937, "Onyx Black": 2.22, "Black": 5.845, "just": 1.2665}, "Xmas Stocking": {"Onyx Black": 2.65, "Black": 5.695, "just": 1.275}, "Snake Box": {"Onyx Black": 1.8649999999999998, "Black": 6.16, "just": 1.2155}, "Pet Snake": {"Onyx Black": 2.225, "Black": 5.87, "just": 1.4875}, "Candy Cane": {"Designer": 8.39, "Hex Pot": 3.16, "Grinch": 3.16, "Sticky Sweet": 3.16, "Onyx Black": 2.365, "Black": 5.89, "just": 1.343}, "Whip Cupcake": {"Deep State": 2.387, "Bitcoin": 9.27, "Toncoin": 2.387, "Resistance": 4.311999999999999, "Sponge Duck": 2.387, "Onyx Black": 2.245, "Black": 5.52, "just": 1.309}, "Big Year": {"Pavel Durov": 4.2, "YouTubes": 4.2, "Creator": 2.8350000000000004, "Cheshire Cat": 2.415, "Game Boy": 2.205, "First Website": 2.3100000000000005, "Qing Dynasty": 3.2550000000000003, "Gold Mine": 7.3500000000000005, "Bitcoin": 5.88, "The Hobbit": 3.2550000000000003, "The Nether": 2.7300000000000004, "Pokeball": 2.7300000000000004, "Telegram": 4.2, "Big Brother": 2.8350000000000004, "Onyx Black": 3.67, "Black": 9.915000000000001, "just": 1.785}, "Homemade Cake": {"Onyx Black": 2.44, "Black": 5.44, "just": 1.6064999999999998}, "Cookie Heart": {"Onyx Black": 2.55, "Black": 6.594999999999999, "just": 1.615}, "Jester Hat": {"Onyx Black": 2.495, "Black": 6.4799999999999995, "just": 1.5215}, "Holiday Drink": {"Onyx Black": 2.49, "Black": 5.995, "just": 1.6915}, "Ginger Cookie": {"Onyx Black": 3.6499999999999995, "Black": 7.015000000000001, "just": 1.7254999999999998}, "Hypno Lollipop": {"Onyx Black": 2.8, "Black": 6.505000000000001, "just": 1.785}, "Winter Wreath": {"Moon Cat": 105.49499999999999, "Onyx Black": 2.97, "Black": 7.745, "just": 1.6915}, "Party Sparkler": {"Onyx Black": 3.4800000000000004, "Black": 6.484999999999999, "just": 1.6744999999999999}, "Jingle Bells": {"Onyx Black": 2.86, "Black": 6.765, "just": 1.8104999999999998}, "Tama Gadget": {"Onyx Black": 3.205, "Black": 6.705, "just": 1.7934999999999999}, "Jack-in-the-Box": {"Onyx Black": 3.135, "Black": 7.38, "just": 1.9209999999999998}, "Star Notepad": {"Onyx Black": 4.025, "Black": 9.5, "just": 1.9549999999999998}, "Easter Egg": {"Onyx Black": 3.82, "Black": 11.094999999999999, "just": 2.3715}, "Santa Hat": {"Onyx Black": 3.498, "Black": 8.438, "just": 2.4055}, "Hex Pot": {"Onyx Black": 3.9000000000000004, "Black": 10.104999999999999, "just": 2.3885}, "Restless Jar": {"Onyx Black": 3.76, "Black": 10.21, "just": 2.1845}, "Lush Bouquet": {"Onyx Black": 4.345000000000001, "Black": 7.995, "just": 2.5415}, "Spiced Wine": {"Onyx Black": 3.0540000000000003, "Black": 6.946000000000001, "just": 2.1165000000000003}, "Snow Globe": {"Onyx Black": 4.435, "Black": 11.36, "just": 2.3545}, "Joyful Bundle": {"Onyx Black": 3.66, "Black": 7.930000000000001, "just": 2.4395000000000002}, "Light Sword": {"Onyx Black": 4.84, "Black": 10.048000000000002, "just": 2.618}, "Witch Hat": {"Onyx Black": 4.425, "Black": 11.700000000000001, "just": 2.8899999999999997}, "Bow Tie": {"Onyx Black": 4.8340000000000005, "Black": 12.57, "just": 2.6774999999999998}, "Eternal Candle": {"Onyx Black": 5.078, "Black": 11.11, "just": 3.0004999999999997}, "Jelly Bunny": {"Onyx Black": 5.09, "Black": 10.74, "just": 2.9579999999999997}, "Bunny Muffin": {"Onyx Black": 4.958, "Black": 14.565999999999999, "just": 3.0854999999999997}, "Spy Agaric": {"Onyx Black": 5.24, "Black": 10.432, "just": 2.8899999999999997}, "Evil Eye": {"Onyx Black": 6.396, "Black": 13.256, "just": 3.1959999999999997}, "Snow Mittens": {"Onyx Black": 5.09, "Black": 8.186, "just": 3.1025}, "Berry Box": {"Onyx Black": 5.933999999999999, "Black": 11.654, "just": 3.3065}, "Valentine Box": {"Onyx Black": 7.142, "Black": 12.582, "just": 3.8845}, "Sakura Flower": {"Onyx Black": 6.788, "Black": 15.388, "just": 4.2330000000000005}, "Hanging Star": {"Onyx Black": 8.082, "Black": 15.274000000000001, "just": 4.6495}, "Sleigh Bell": {"Onyx Black": 10.164, "Black": 18.16, "just": 5.899}, "Love Candle": {"Onyx Black": 11.026, "Black": 19.626, "just": 7.4035}, "Skull Flower": {"Onyx Black": 11.318, "Black": 18.922, "just": 7.539499999999999}, "Crystal Ball": {"Onyx Black": 11.834, "Black": 27.837999999999997, "just": 6.5705}, "Trapped Heart": {"Onyx Black": 13.354, "Black": 18.634, "just": 7.6415}, "Top Hat": {"Onyx Black": 12.304, "Black": 22.503999999999998, "just": 6.664}, "Love Potion": {"Onyx Black": 10.969999999999999, "Black": 24.57, "just": 7.607499999999999}, "Flying Broom": {"Onyx Black": 13.536000000000001, "Black": 20.095999999999997, "just": 8.126}, "Cupid Charm": {"Onyx Black": 16.736, "Black": 32.376000000000005, "just": 10.166}, "Record Player": {"Onyx Black": 10.693999999999999, "Black": 20.733999999999998, "just": 6.706499999999999}, "Eternal Rose": {"Onyx Black": 20.1, "Black": 35.7, "just": 11.475}, "Mad Pumpkin": {"Onyx Black": 22.214, "Black": 41.21, "just": 14.1865}, "Voodoo Doll": {"Onyx Black": 22.415999999999997, "Black": 45.94, "just": 14.194999999999999}, "Diamond Ring": {"Onyx Black": 22.485999999999997, "Black": 42.57000000000001, "just": 13.7275}, "Toy Bear": {"Onyx Black": 25.816, "Black": 48.1, "just": 17.425}, "Vintage Cigar": {"Onyx Black": 38.634, "Black": 54.634, "just": 20.7315}, "Neko Helmet": {"Onyx Black": 37.78, "Black": 75.78, "just": 22.355}, "Low Rider": {"Onyx Black": 34.1, "Black": 87.3,