{"Snoop Dogg": {"Black Diamond": 2.111, "Chrome": 2.2060000000000004, "Sapphire": 2.1205000000000003, "King Snoop": 4.5585, "Goldizzle": 6.984000000000001, "Doberman": 3.3905000000000003, "Doggfather": 3.2955, "AI Dogg": 2.9915000000000003, "Onyx Black": 2.8833333333333333, "Black": 9.573076923076922, "just": 1.4024999999999999}, "Swag Bag": {"P.I.M.P.": 1.8585, "Cashback": 2.7435, "Missionary": 6.195, "Golden Nugs": 1.8585, "April 20th": 2.7435, "Gin & Jewels": 2.2125, "Snoop Life": 1.9470000000000003, "Boiling Hot": 2.0355, "Bulk Order": 1.9470000000000003, "Darkness": 2.0355, "Happy Herbs": 2.7435, "Take It Easy": 2.0355, "Onyx Black": 3.34, "Black": 7.880000000000001, "just": 1.5045}, "Snoop Cigar": {"Onyx Black": 7.9399999999999995, "Black": 17.09, "just": 3.638}, "Lol Pop": {"Love Bubbles": 1.512, "Nostalgia": 1.584, "Hexed Helix": 1.512, "Mortal Sin": 2.88, "Wonka Berry": 1.512, "Andromeda": 1.8719999999999999, "Rosebud": 1.584, "Einstein": 1.584, "Doodle Art": 1.584, "Watermelon": 1.512, "Blood Ember": 1.512, "Glowstick": 2.2319999999999998, "Angelina": 2.2319999999999998, "Dark Portal": 2.2319999999999998, "Cookie Dip": 1.584, "Satellite": 1.728, "Cobweb": 1.584, "Icicle": 1.512, "Sweetheart": 1.512, "Sailor Moon": 1.584, "Jolly Roger": 1.584, "Dark Sky": 1.584, "Celestia": 2.2319999999999998, "Onyx Black": 1.765, "Black": 5.055, "just": 1.224}, "B-Day Candle": {"Payday": 1.922, "Kaboom!": 1.922, "Pixel Wish": 1.922, "Purr Magic": 1.922, "On Fire": 1.922, "Happy Meows": 2.48, "Final Boss": 1.922, "Shocker": 1.922, "Onyx Black": 1.7000000000000002, "Black": 4.92, "just": 1.054}, "Desk Calendar": {"Fund Manager": 1.922, "Adult Tasks": 4.34, "Telegram": 1.922, "Independence": 3.472, "Balloon Face": 1.488, "Heartbreak": 1.364, "Investor": 4.34, "Hodler": 4.34, "Pepe Plans": 4.34, "Sunday": 1.922, "Burning Time": 1.922, "Durov Day": 2.48, "Peach Week": 1.922, "Deadline": 2.48, "Checklist": 1.922, "Fawkes Night": 4.34, "Tic Tac Toe": 1.6740000000000002, "Onyx Black": 1.6949999999999998, "Black": 5.42, "just": 1.054}, "Lunar Snake": {"Hot Cherry": 2.0615, "Timelock": 1.729, "Synthwave": 2.66, "Hellspawn": 3.7239999999999998, "Soul Eater": 2.0615, "Python Dev": 2.0615, "Dragon Ball": 4.655, "Psychedelic": 2.0615, "Onyx Black": 2.015, "Black": 5.415, "just": 1.1305}, "Xmas Stocking": {"Onyx Black": 1.7799999999999998, "Black": 5.13, "just": 1.071}, "Snake Box": {"Onyx Black": 1.7200000000000002, "Black": 5.12, "just": 1.054}, "Pet Snake": {"Onyx Black": 2.425, "Black": 5.265, "just": 1.343}, "Candy Cane": {"Sticky Sweet": 1.998, "Grinch": 2.96, "Hex Pot": 2.96, "Designer": 5.18, "Onyx Black": 2.34, "Black": 6.74, "just": 1.258}, "Whip Cupcake": {"Sponge Duck": 2.8, "Toncoin": 2.17, "Bitcoin": 4.8999999999999995, "Resistance": 4.8999999999999995, "Deep State": 1.89, "Onyx Black": 2.15, "Black": 5.199999999999999, "just": 1.19}, "Big Year": {"Cheshire Cat": 2.2880000000000003, "Pavel Durov": 4.928, "Pokeball": 2.728, "The Hobbit": 3.52, "Gold Mine": 6.16, "Bitcoin": 4.928, "Telegram": 3.52, "The Nether": 2.2, "Big Brother": 2.2, "Creator": 2.2880000000000003, "YouTubes": 2.728, "Game Boy": 2.2, "Qing Dynasty": 3.52, "First Website": 1.9360000000000002, "Balloons": 1.848, "Onyx Black": 2.8550000000000004, "Black": 7.88, "just": 1.496}, "Homemade Cake": {"Onyx Black": 2.0700000000000003, "Black": 5.19, "just": 1.275}, "Cookie Heart": {"Onyx Black": 2.2199999999999998, "Black": 6.325, "just": 1.4875}, "Jester Hat": {"Onyx Black": 2.545, "Black": 6.25, "just": 1.275}, "Holiday Drink": {"Onyx Black": 2.285, "Black": 5.535, "just": 1.4195}, "Ginger Cookie": {"Onyx Black": 3.38, "Black": 5.4799999999999995, "just": 1.496}, "Hypno Lollipop": {"Onyx Black": 2.625, "Black": 6.815, "just": 1.4875}, "Winter Wreath": {"Onyx Black": 2.43, "Black": 8.845, "just": 1.4449999999999998}, "Party Sparkler": {"Onyx Black": 2.995, "Black": 7.545000000000001, "just": 1.5215}, "Jingle Bells": {"Onyx Black": 2.585, "Black": 6.585, "just": 1.428}, "Tama Gadget": {"Onyx Black": 3.175, "Black": 6.6, "just": 1.5725}, "Jack-in-the-Box": {"Onyx Black": 3.05, "Black": 7.725, "just": 1.785}, "Star Notepad": {"Onyx Black": 4.085, "Black": 8.73, "just": 1.8444999999999998}, "Easter Egg": {"Onyx Black": 3.8449999999999998, "Black": 10.649999999999999, "just": 1.9549999999999998}, "Santa Hat": {"Onyx Black": 3.37, "Black": 9.675, "just": 2.1675}, "Hex Pot": {"Onyx Black": 3.5700000000000003, "Black": 8.145, "just": 2.0315}, "Restless Jar": {"Onyx Black": 3.7750000000000004, "Black": 8.4, "just": 1.9975}, "Lush Bouquet": {"Onyx Black": 3.54, "Black": 8.615, "just": 2.3205}, "Spiced Wine": {"Onyx Black": 3.0149999999999997, "Black": 7.77, "just": 1.649}, "Snow Globe": {"Onyx Black": 3.875, "Black": 9.0, "just": 1.87}, "Joyful Bundle": {"Onyx Black": 3.65, "Black": 8.0, "just": 2.125}, "Light Sword": {"Onyx Black": 4.45, "Black": 11.18, "just": 2.295}, "Witch Hat": {"Onyx Black": 4.324999999999999, "Black": 10.379999999999999, "just": 2.3459999999999996}, "Bow Tie": {"Onyx Black": 4.48, "Black": 14.64, "just": 2.516}, "Eternal Candle": {"Onyx Black": 5.04, "Black": 14.040000000000001, "just": 2.618}, "Jelly Bunny": {"Onyx Black": 4.865, "Black": 9.945, "just": 2.5415}, "Bunny Muffin": {"Onyx Black": 5.85, "Black": 21.549999999999997, "just": 2.72}, "Spy Agaric": {"Onyx Black": 5.225, "Black": 10.725000000000001, "just": 2.5075000000000003}, "Evil Eye": {"Onyx Black": 5.6850000000000005, "Black": 15.54, "just": 2.8729999999999998}, "Snow Mittens": {"Onyx Black": 4.43, "Black": 8.495000000000001, "just": 2.5415}, "Berry Box": {"Onyx Black": 4.695, "Black": 13.700000000000001, "just": 2.8899999999999997}, "Valentine Box": {"Onyx Black": 7.970000000000001, "Black": 11.92, "just": 3.3489999999999998}, "Sakura Flower": {"Onyx Black": 7.0, "Black": 17.75, "just": 3.4}, "Hanging Star": {"Onyx Black": 7.45, "Black": 16.450000000000003, "just": 4.165}, "Sleigh Bell": {"Onyx Black": 10.329999999999998, "Black": 16.68, "just": 4.9384999999999994}, "Love Candle": {"Onyx Black": 8.09, "Black": 14.844999999999999, "just": 5.2615}, "Skull Flower": {"Onyx Black": 8.59, "Black": 16.895, "just": 4.9215}, "Crystal Ball": {"Onyx Black": 13.439999999999998, "Black": 28.445, "just": 5.8565}, "Trapped Heart": {"Onyx Black": 11.844999999999999, "Black": 23.345, "just": 6.5365}, "Top Hat": {"Onyx Black": 15.855, "Black": 26.205000000000002, "just": 6.5535}, "Love Potion": {"Onyx Black": 9.995000000000001, "Black": 28.544999999999998, "just": 6.8765}, "Flying Broom": {"Onyx Black": 10.735, "Black": 19.244999999999997, "just": 7.2165}, "Cupid Charm": {"Onyx Black": 16.369999999999997, "Black": 36.875, "just": 8.2875}, "Record Player": {"Onyx Black": 11.815000000000001, "Black": 23.910000000000004, "just": 6.6555}, "Eternal Rose": {"Onyx Black": 20.97, "Black": 38.97, "just": 10.998999999999999}, "Mad Pumpkin": {"Onyx Black": 18.669999999999998, "Black": 46.925000000000004, "just": 12.622499999999999}, "Voodoo Doll": {"Onyx Black": 22.37, "Black": 45.87, "just": 12.529}, "Diamond Ring": {"Onyx Black": 19.965, "Black": 43.495, "just": 12.7415}, "Toy Bear": {"Onyx Black": 24.395, "Black": 53.145, "just": 14.2715}, "Vintage Cigar": {"Onyx Black": 48.0, "Black": 71.0, "just": 18.7}, "Neko Helmet": {"Onyx Black": 41.05, "Black": 71.04499999999999, "just": 18.785}, "Low Rider": {"Onyx Black": 41.385000000000005, "Black": 106.88499999999999, "just": 21.054499999999997}, "Signet Ring": {"Onyx Black": 37.595, "Black": 85.595, "just": 19.7115}, "Electric Skull": {"Onyx Black": 36.89, "Black": 67.39500000000001, "just": 21.0715}, "Kissed Frog": {"Onyx Black": 44.95, "Black": 98.5, "just": 27.2}, "Swiss Watch": {"Onyx Black": 46.1, "Black": 85.1, "just": 28.220000000000002}, "Sharp Tongue": {"Onyx Black": 44.0, "Black": 86.5, "just": 26.349999999999998}, "Genie Lamp": {"Onyx Black": 60.375, "Black": 320.375, "just": 34.637499999999996}, "Scared Cat": {"Onyx Black": 66.245, "Black": 215.745, "just": 35.2665},