{"Snoop Dogg": {"King Snoop": 4.627, "Doberman": 3.6109999999999998, "King Ruby": 1.9064999999999999, "Chrome": 2.1915, "Black Gold": 1.916, "AI Dogg": 3.0410000000000004, "Black Diamond": 2.0015, "Doggfather": 2.9555, "Cold Topaz": 1.9634999999999998, "Sapphire": 1.935, "Goldizzle": 7.055999999999999, "Emerald": 2.0205, "Onyx Black": 3.2633333333333336, "Black": 10.666923076923077, "just": 1.5215}, "Swag Bag": {"Gin & Jewels": 2.574, "Take It Easy": 2.376, "Bulk Order": 2.3165999999999998, "Cashback": 3.069, "April 20th": 3.069, "Happy Herbs": 3.069, "Leopard": 2.2769999999999997, "Boiling Hot": 2.673, "Darkness": 2.3165999999999998, "Golden Nugs": 2.178, "Missionary": 7.959999999999999, "Snoop Life": 2.574, "Onyx Black": 3.2350000000000003, "Black": 7.484999999999999, "just": 1.683}, "Snoop Cigar": {"Onyx Black": 7.695, "Black": 19.655, "just": 4.131}, "Lol Pop": {"Blood Sucker": 1.75, "Icicle": 1.47, "Blood Ember": 1.54, "Satellite": 1.68, "Watermelon": 1.47, "Celestia": 2.17, "Fire Vortex": 1.47, "Shock Wave": 1.6099999999999999, "Rosebud": 1.54, "Dark Portal": 1.75, "Pumpkin": 1.47, "Angelina": 2.17, "Dark Sky": 1.75, "Einstein": 1.54, "Mortal Sin": 3.9199999999999995, "Heart Pop": 1.54, "Pink Foil": 1.47, "Sick Leave": 1.47, "Portable Pop": 1.47, "Cobweb": 1.54, "Cookie Dip": 1.47, "Glowstick": 2.17, "Jolly Roger": 1.54, "Andromeda": 1.89, "Romance": 1.47, "Milky Way": 1.54, "Sailor Moon": 1.47, "Sweetheart": 1.8199999999999998, "Plastic Ice": 1.47, "Love Bubbles": 1.6099999999999999, "Hexed Helix": 1.6099999999999999, "Doodle Art": 1.68, "Jinxed": 1.47, "Onyx Black": 1.945, "Black": 5.219999999999999, "just": 1.19}, "B-Day Candle": {"On Fire": 2.1545, "Pixel Wish": 2.1545, "Kaboom!": 1.8765, "Payday": 2.1545, "Happy Meows": 2.78, "Purr Magic": 2.1545, "Final Boss": 2.1545, "Onyx Black": 1.77, "Black": 5.17, "just": 1.1815}, "Desk Calendar": {"Burning Time": 2.0770000000000004, "Sunday": 1.8090000000000002, "Tic Tac Toe": 1.8090000000000002, "Peach Week": 2.0770000000000004, "Pepe Plans": 15.57, "Independence": 2.68, "Balloon Face": 2.0770000000000004, "Adult Tasks": 24.119999999999997, "Investor": 5.42, "Fund Manager": 2.0770000000000004, "Deadline": 2.0770000000000004, "Checklist": 2.0770000000000004, "Hodler": 4.69, "Durov Day": 2.68, "Fawkes Night": 2.68, "Heartbreak": 1.5678, "Telegram": 2.0770000000000004, "Onyx Black": 1.545, "Black": 5.56, "just": 1.139}, "Lunar Snake": {"Timelock": 1.9500000000000002, "Hot Cherry": 2.0250000000000004, "Dragon Ball": 5.25, "Synthwave": 5.25, "Psychedelic": 2.325, "Hellspawn": 2.325, "Python Dev": 2.325, "Soul Eater": 2.325, "Onyx Black": 2.225, "Black": 5.745, "just": 1.275}, "Xmas Stocking": {"Onyx Black": 2.335, "Black": 5.5, "just": 1.2834999999999999}, "Snake Box": {"Onyx Black": 2.1799999999999997, "Black": 6.175, "just": 1.2409999999999999}, "Pet Snake": {"Onyx Black": 2.295, "Black": 5.865, "just": 1.4789999999999999}, "Candy Cane": {"Sticky Sweet": 3.12, "Designer": 8.379999999999999, "Hex Pot": 3.12, "Grinch": 3.12, "Onyx Black": 2.355, "Black": 5.869999999999999, "just": 1.326}, "Whip Cupcake": {"Sponge Duck": 2.325, "Toncoin": 2.325, "Resistance": 5.25, "Deep State": 2.0250000000000004, "Bitcoin": 9.25, "Onyx Black": 2.2199999999999998, "Black": 5.55, "just": 1.275}, "Big Year": {"Game Boy": 2.189, "The Hobbit": 3.98, "The Nether": 2.587, "Creator": 3.0845000000000002, "Qing Dynasty": 3.0845000000000002, "Big Brother": 3.0845000000000002, "First Website": 2.0895, "Bitcoin": 6.965, "YouTubes": 3.0845000000000002, "Gold Mine": 6.965, "Telegram": 3.98, "Pavel Durov": 5.572, "Cheshire Cat": 2.2885, "Balloons": 2.0895, "Pokeball": 2.6865, "Onyx Black": 3.615, "Black": 9.645, "just": 1.6915}, "Homemade Cake": {"Onyx Black": 2.43, "Black": 5.470000000000001, "just": 1.5895000000000001}, "Cookie Heart": {"Onyx Black": 2.685, "Black": 6.705, "just": 1.6235}, "Jester Hat": {"Onyx Black": 2.435, "Black": 6.4750000000000005, "just": 1.5215}, "Holiday Drink": {"Onyx Black": 2.4050000000000002, "Black": 6.42, "just": 1.649}, "Ginger Cookie": {"Onyx Black": 3.815, "Black": 7.28, "just": 1.768}, "Hypno Lollipop": {"Onyx Black": 2.99, "Black": 6.44, "just": 1.768}, "Winter Wreath": {"Moon Cat": 100.985, "Onyx Black": 2.91, "Black": 7.435, "just": 1.6744999999999999}, "Party Sparkler": {"Onyx Black": 2.9749999999999996, "Black": 6.970000000000001, "just": 1.6575}, "Jingle Bells": {"Onyx Black": 2.8499999999999996, "Black": 6.800000000000001, "just": 1.7934999999999999}, "Tama Gadget": {"Onyx Black": 3.46, "Black": 6.5, "just": 1.785}, "Jack-in-the-Box": {"Onyx Black": 3.0999999999999996, "Black": 7.345000000000001, "just": 1.8615}, "Star Notepad": {"Onyx Black": 4.025, "Black": 9.5, "just": 1.9549999999999998}, "Easter Egg": {"Onyx Black": 3.8249999999999997, "Black": 11.05, "just": 2.38}, "Santa Hat": {"Onyx Black": 3.364, "Black": 8.384, "just": 2.329}, "Hex Pot": {"Onyx Black": 3.89, "Black": 10.09, "just": 2.38}, "Restless Jar": {"Onyx Black": 3.74, "Black": 10.16, "just": 2.1504999999999996}, "Lush Bouquet": {"Onyx Black": 4.34, "Black": 7.789999999999999, "just": 2.533}, "Spiced Wine": {"Onyx Black": 2.988, "Black": 6.8919999999999995, "just": 2.04}, "Snow Globe": {"Onyx Black": 4.42, "Black": 10.87, "just": 2.329}, "Joyful Bundle": {"Onyx Black": 3.6500000000000004, "Black": 8.025, "just": 2.4225}, "Light Sword": {"Onyx Black": 4.816000000000001, "Black": 10.432, "just": 2.601}, "Witch Hat": {"Onyx Black": 4.140000000000001, "Black": 11.665000000000001, "just": 2.8305}, "Bow Tie": {"Onyx Black": 4.96, "Black": 12.647999999999998, "just": 2.788}, "Eternal Candle": {"Onyx Black": 5.018000000000001, "Black": 10.846, "just": 2.9155}, "Jelly Bunny": {"Onyx Black": 4.825, "Black": 10.694999999999999, "just": 2.8899999999999997}, "Bunny Muffin": {"Onyx Black": 4.934, "Black": 14.142, "just": 3.0515}, "Spy Agaric": {"Onyx Black": 5.554, "Black": 10.426, "just": 2.8815}, "Evil Eye": {"Onyx Black": 6.39, "Black": 13.25, "just": 3.1875}, "Snow Mittens": {"Onyx Black": 5.12, "Black": 8.216000000000001, "just": 3.145}, "Berry Box": {"Onyx Black": 5.91, "Black": 10.709999999999999, "just": 3.2725}, "Valentine Box": {"Onyx Black": 7.614000000000001, "Black": 12.654, "just": 3.9865000000000004}, "Sakura Flower": {"Onyx Black": 6.748, "Black": 15.388, "just": 4.2330000000000005}, "Hanging Star": {"Onyx Black": 8.394, "Black": 15.286000000000001, "just": 4.6665}, "Sleigh Bell": {"Onyx Black": 10.302, "Black": 20.302, "just": 6.0945}, "Love Candle": {"Onyx Black": 10.56, "Black": 18.159999999999997, "just": 7.31}, "Skull Flower": {"Onyx Black": 11.09, "Black": 18.094, "just": 7.2165}, "Crystal Ball": {"Onyx Black": 11.870000000000001, "Black": 27.874, "just": 6.6215}, "Trapped Heart": {"Onyx Black": 13.227999999999998, "Black": 18.448, "just": 7.462999999999999}, "Top Hat": {"Onyx Black": 12.514, "Black": 22.034, "just": 6.961499999999999}, "Love Potion": {"Onyx Black": 10.969999999999999, "Black": 23.369999999999997, "just": 7.607499999999999}, "Flying Broom": {"Onyx Black": 12.846, "Black": 20.006, "just": 7.9985}, "Cupid Charm": {"Onyx Black": 16.544, "Black": 31.784, "just": 9.894}, "Record Player": {"Onyx Black": 10.46, "Black": 20.86, "just": 6.885}, "Eternal Rose": {"Onyx Black": 20.990000000000002, "Black": 36.17, "just": 11.6025}, "Mad Pumpkin": {"Onyx Black": 22.22, "Black": 41.019999999999996, "just": 14.194999999999999}, "Voodoo Doll": {"Onyx Black": 22.464, "Black": 46.028000000000006, "just": 14.263}, "Diamond Ring": {"Onyx Black": 22.266, "Black": 45.849999999999994, "just": 13.982499999999998}, "Toy Bear": {"Onyx Black": 27.282, "Black": 49.522, "just": 19.4395}, "Vintage Cigar": {"Onyx Black": 36.598, "Black": 54.598, "just": 20.6805}, "Neko Helmet": {"Onyx Black": 38.2, "Black": 76.196, "just": 22.95}, "Low Rider": {"Onyx Black": 34.18, "Black": 87.42, "just": 21.845}, "Signet Ring": {"Onyx Black": 36.58, "Black": 79.38, "just": 22.355}, "Electric Skull": {"Onyx Black": 46.19, "Black": 72.19,