{"Snoop Dogg": {"King Snoop": 4.5680000000000005, "Cold Topaz": 1.9970000000000003, "Sapphire": 1.94, "Chrome": 2.364, "Black Diamond": 2.2060000000000004, "AI Dogg": 2.8870000000000005, "Doggfather": 3.0485, "Doberman": 3.3905000000000003, "Goldizzle": 7.7155, "Onyx Black": 2.8633333333333333, "Black": 10.04076923076923, "just": 1.3685}, "Swag Bag": {"Gin & Jewels": 2.2875, "Darkness": 2.1045, "Take It Easy": 2.0130000000000003, "Bulk Order": 2.0130000000000003, "Golden Nugs": 1.9215000000000002, "Cashback": 2.8365, "Missionary": 6.405, "Snoop Life": 2.1045, "April 20th": 2.8365, "Boiling Hot": 2.2875, "Happy Herbs": 2.8365, "Onyx Black": 3.165, "Black": 6.915, "just": 1.5555}, "Snoop Cigar": {"Onyx Black": 8.100000000000001, "Black": 18.200000000000003, "just": 3.74}, "Lol Pop": {"Blood Ember": 1.4190000000000003, "Blood Sucker": 1.548, "Satellite": 1.677, "Cookie Dip": 1.677, "Glowstick": 1.9995, "Einstein": 1.4834999999999998, "Watermelon": 1.4190000000000003, "Sailor Moon": 1.4834999999999998, "Hexed Helix": 1.4834999999999998, "Love Bubbles": 1.4190000000000003, "Jinxed": 1.4190000000000003, "Comic Crunch": 1.3545, "Cobweb": 1.4190000000000003, "Doodle Art": 1.4834999999999998, "Jolly Roger": 1.548, "Angelina": 1.9995, "Milky Way": 1.4190000000000003, "Celestia": 1.9995, "Pumpkin": 1.4190000000000003, "Wonka Berry": 1.4190000000000003, "Dark Portal": 1.9995, "Icicle": 1.3545, "Sweetheart": 1.4834999999999998, "Soap Bubbles": 1.4190000000000003, "Nostalgia": 1.548, "Andromeda": 1.9995, "Heart Pop": 1.3545, "Shock Wave": 1.3545, "Pink Foil": 1.3545, "Fire Vortex": 1.4190000000000003, "Dark Sky": 1.4834999999999998, "Portable Pop": 1.3545, "Rosebud": 1.548, "Mortal Sin": 2.58, "Onyx Black": 1.795, "Black": 4.945, "just": 1.0965}, "B-Day Candle": {"Shocker": 1.9065, "Kaboom!": 1.9065, "Purr Magic": 1.9065, "Final Boss": 1.9065, "Pixel Wish": 1.9065, "Happy Meows": 2.46, "Payday": 1.9065, "On Fire": 1.9065, "Onyx Black": 1.615, "Black": 4.709999999999999, "just": 1.0454999999999999}, "Desk Calendar": {"Fund Manager": 1.8599999999999999, "Checklist": 1.8599999999999999, "Heartbreak": 1.32, "Fawkes Night": 4.2, "Peach Week": 1.62, "Burning Time": 1.8599999999999999, "Durov Day": 2.4, "Pepe Plans": 4.2, "Adult Tasks": 4.2, "Balloon Face": 1.5, "Telegram": 1.8599999999999999, "Independence": 3.36, "Sunday": 1.8599999999999999, "Deadline": 2.4, "Tic Tac Toe": 1.62, "Investor": 4.2, "Hodler": 4.2, "Onyx Black": 1.685, "Black": 5.4, "just": 1.02}, "Lunar Snake": {"Soul Eater": 2.139, "Timelock": 1.863, "Dragon Ball": 4.83, "Python Dev": 2.139, "Hot Cherry": 2.139, "Psychedelic": 2.139, "Hellspawn": 3.8639999999999994, "Synthwave": 3.8639999999999994, "Onyx Black": 1.99, "Black": 5.09, "just": 1.1729999999999998}, "Xmas Stocking": {"Onyx Black": 1.8900000000000001, "Black": 4.904999999999999, "just": 1.1135}, "Snake Box": {"Onyx Black": 1.795, "Black": 4.6000000000000005, "just": 1.105}, "Pet Snake": {"Onyx Black": 2.32, "Black": 5.295, "just": 1.394}, "Candy Cane": {"Grinch": 3.0, "Hex Pot": 3.0, "Sticky Sweet": 2.325, "Designer": 5.25, "Onyx Black": 2.35, "Black": 6.75, "just": 1.275}, "Whip Cupcake": {"Deep State": 1.89, "Toncoin": 2.17, "Sponge Duck": 2.8, "Bitcoin": 4.8999999999999995, "Resistance": 4.8999999999999995, "Onyx Black": 2.15, "Black": 5.324999999999999, "just": 1.19}, "Big Year": {"Big Brother": 2.223, "Pokeball": 2.6505, "Cheshire Cat": 2.223, "The Hobbit": 3.42, "Telegram": 4.787999999999999, "Pavel Durov": 4.787999999999999, "Qing Dynasty": 3.42, "YouTubes": 2.6505, "Balloons": 1.881, "Game Boy": 2.223, "First Website": 2.1375, "Creator": 2.3085, "The Nether": 2.1375, "Bitcoin": 4.787999999999999, "Gold Mine": 5.984999999999999, "Onyx Black": 2.73, "Black": 7.8549999999999995, "just": 1.4535}, "Homemade Cake": {"Onyx Black": 2.035, "Black": 5.28, "just": 1.343}, "Cookie Heart": {"Onyx Black": 2.315, "Black": 6.334999999999999, "just": 1.4705}, "Jester Hat": {"Onyx Black": 2.8649999999999998, "Black": 6.565, "just": 1.3855}, "Holiday Drink": {"Onyx Black": 2.275, "Black": 5.555, "just": 1.4535}, "Ginger Cookie": {"Onyx Black": 3.385, "Black": 6.33, "just": 1.5045}, "Hypno Lollipop": {"Onyx Black": 2.7, "Black": 6.84, "just": 1.53}, "Winter Wreath": {"Onyx Black": 2.44, "Black": 8.855, "just": 1.4535}, "Party Sparkler": {"Onyx Black": 2.9450000000000003, "Black": 7.744999999999999, "just": 1.6064999999999998}, "Jingle Bells": {"Onyx Black": 2.43, "Black": 6.300000000000001, "just": 1.4449999999999998}, "Tama Gadget": {"Onyx Black": 3.1500000000000004, "Black": 6.374999999999999, "just": 1.53}, "Jack-in-the-Box": {"Onyx Black": 3.02, "Black": 7.72, "just": 1.7764999999999997}, "Star Notepad": {"Onyx Black": 4.09, "Black": 8.805, "just": 1.853}, "Easter Egg": {"Onyx Black": 3.87, "Black": 11.165, "just": 1.9889999999999999}, "Santa Hat": {"Onyx Black": 3.1550000000000002, "Black": 9.450000000000001, "just": 1.785}, "Hex Pot": {"Onyx Black": 3.5599999999999996, "Black": 8.17, "just": 1.9975}, "Restless Jar": {"Onyx Black": 3.84, "Black": 7.6899999999999995, "just": 2.0315}, "Lush Bouquet": {"Onyx Black": 3.545, "Black": 8.620000000000001, "just": 2.329}, "Spiced Wine": {"Onyx Black": 2.99, "Black": 7.779999999999999, "just": 1.6064999999999998}, "Snow Globe": {"Onyx Black": 3.88, "Black": 9.004999999999999, "just": 1.8784999999999998}, "Joyful Bundle": {"Onyx Black": 3.695, "Black": 8.045, "just": 2.2015}, "Light Sword": {"Onyx Black": 4.5, "Black": 11.25, "just": 2.38}, "Witch Hat": {"Onyx Black": 4.03, "Black": 10.385, "just": 2.3545}, "Bow Tie": {"Onyx Black": 4.55, "Black": 14.549999999999999, "just": 2.635}, "Eternal Candle": {"Onyx Black": 5.1850000000000005, "Black": 13.934999999999999, "just": 2.4395000000000002}, "Jelly Bunny": {"Onyx Black": 5.035, "Black": 10.035, "just": 2.7795}, "Bunny Muffin": {"Onyx Black": 4.785, "Black": 21.58, "just": 2.6944999999999997}, "Spy Agaric": {"Onyx Black": 5.220000000000001, "Black": 10.72, "just": 2.499}, "Evil Eye": {"Onyx Black": 5.6850000000000005, "Black": 15.54, "just": 2.8729999999999998}, "Snow Mittens": {"Onyx Black": 4.49, "Black": 8.54, "just": 2.618}, "Berry Box": {"Onyx Black": 4.2, "Black": 13.95, "just": 2.975}, "Valentine Box": {"Onyx Black": 7.99, "Black": 10.99, "just": 3.383}, "Sakura Flower": {"Onyx Black": 7.0, "Black": 17.75, "just": 3.4}, "Hanging Star": {"Onyx Black": 7.605, "Black": 16.455, "just": 4.1735}, "Sleigh Bell": {"Onyx Black": 10.41, "Black": 17.235, "just": 5.0745}, "Love Candle": {"Onyx Black": 7.875, "Black": 15.375, "just": 5.4825}, "Skull Flower": {"Onyx Black": 8.66, "Black": 16.965, "just": 5.0405}, "Crystal Ball": {"Onyx Black": 13.29, "Black": 28.294999999999998, "just": 5.6015}, "Trapped Heart": {"Onyx Black": 11.885, "Black": 23.384999999999998, "just": 6.6045}, "Top Hat": {"Onyx Black": 16.22, "Black": 26.095, "just": 6.3665}, "Love Potion": {"Onyx Black": 10.22, "Black": 28.470000000000002, "just": 6.7490000000000006}, "Flying Broom": {"Onyx Black": 10.745000000000001, "Black": 19.244999999999997, "just": 7.2165}, "Cupid Charm": {"Onyx Black": 16.5, "Black": 37.0, "just": 8.5}, "Record Player": {"Onyx Black": 11.73, "Black": 23.825, "just": 6.511}, "Eternal Rose": {"Onyx Black": 20.799999999999997, "Black": 36.3, "just": 10.709999999999999}, "Mad Pumpkin": {"Onyx Black": 18.43, "Black": 46.684999999999995, "just": 12.2145}, "Voodoo Doll": {"Onyx Black": 22.83, "Black": 46.33, "just": 13.311}, "Diamond Ring": {"Onyx Black": 20.395, "Black": 43.91, "just": 13.447}, "Toy Bear": {"Onyx Black": 24.905, "Black": 53.405, "just": 15.138499999999999}, "Vintage Cigar": {"Onyx Black": 47.945, "Black": 73.445, "just": 18.6065}, "Neko Helmet": {"Onyx Black": 41.155, "Black": 71.14999999999999, "just": 18.9635}, "Low Rider": {"Onyx Black": 40.849999999999994, "Black": 106.85000000000001, "just": 20.994999999999997}, "Signet Ring": {"Onyx Black": 37.745, "Black": 85.745, "just": 19.9665}, "Electric Skull": {"Onyx Black": 37.480000000000004, "Black": 67.985,