{"Snoop Dogg": {"Doggfather": 3.2005, "Cold Topaz": 1.9210000000000003, "Chrome": 2.3355, "Emerald": 2.0065, "AI Dogg": 2.9155, "Goldizzle": 6.865999999999999, "Sapphire": 2.1205000000000003, "King Snoop": 4.5585, "Black Diamond": 2.2060000000000004, "Doberman": 3.248, "Onyx Black": 3.02, "Black": 11.152307692307692, "just": 1.4109999999999998}, "Swag Bag": {"Darkness": 2.093, "Golden Nugs": 1.9110000000000003, "Cashback": 2.821, "Bulk Order": 2.275, "P.I.M.P.": 1.9110000000000003, "Boiling Hot": 2.275, "Gin & Jewels": 2.184, "Happy Herbs": 2.821, "Missionary": 6.37, "Take It Easy": 2.093, "Snoop Life": 2.4570000000000003, "April 20th": 2.821, "Onyx Black": 3.1100000000000003, "Black": 7.405, "just": 1.547}, "Snoop Cigar": {"Onyx Black": 7.885, "Black": 16.735, "just": 3.7994999999999997}, "Lol Pop": {"Glowstick": 2.1854999999999998, "Blood Ember": 1.551, "Icicle": 1.4805, "Jinxed": 1.4805, "Heart Pop": 1.4805, "Celestia": 2.1854999999999998, "Jolly Roger": 1.4805, "Einstein": 1.551, "Dark Sky": 1.551, "Rosebud": 1.551, "Andromeda": 1.6214999999999997, "Nostalgia": 1.551, "Blood Sucker": 1.692, "Wonka Berry": 1.4805, "Watermelon": 1.4805, "Pumpkin": 1.4805, "Sweetheart": 1.551, "Angelina": 2.1854999999999998, "Hexed Helix": 1.551, "Cookie Dip": 1.551, "Doodle Art": 1.551, "Love Bubbles": 1.4805, "Satellite": 1.7625, "Dark Portal": 1.7625, "Mortal Sin": 2.82, "Onyx Black": 1.855, "Black": 5.03, "just": 1.1985}, "B-Day Candle": {"Purr Magic": 1.7955000000000003, "Pixel Wish": 2.0615, "Shocker": 2.0615, "Kaboom!": 2.0615, "On Fire": 2.0615, "Payday": 2.0615, "Final Boss": 2.0615, "Happy Meows": 2.0615, "Onyx Black": 1.74, "Black": 5.065, "just": 1.1305}, "Desk Calendar": {"Adult Tasks": 4.55, "Hodler": 3.6399999999999997, "Telegram": 2.015, "Deadline": 2.015, "Sunday": 2.015, "Heartbreak": 1.3650000000000002, "Fawkes Night": 4.55, "Independence": 3.6399999999999997, "Pepe Plans": 4.55, "Tic Tac Toe": 1.56, "Balloon Face": 1.4949999999999999, "Fund Manager": 2.015, "Investor": 4.55, "Peach Week": 1.7550000000000001, "Durov Day": 2.6, "Burning Time": 2.015, "Checklist": 1.7550000000000001, "Onyx Black": 1.725, "Black": 5.6499999999999995, "just": 1.105}, "Lunar Snake": {"Hellspawn": 2.1545, "Soul Eater": 2.1545, "Psychedelic": 2.1545, "Synthwave": 2.78, "Dragon Ball": 4.864999999999999, "Hot Cherry": 2.1545, "Python Dev": 2.1545, "Timelock": 1.668, "Onyx Black": 2.09, "Black": 5.325, "just": 1.1815}, "Xmas Stocking": {"Onyx Black": 1.995, "Black": 5.165, "just": 1.139}, "Snake Box": {"Onyx Black": 1.8900000000000001, "Black": 6.67, "just": 1.139}, "Pet Snake": {"Onyx Black": 2.43, "Black": 5.795, "just": 1.3515}, "Candy Cane": {"Designer": 5.18, "Grinch": 2.96, "Hex Pot": 2.96, "Sticky Sweet": 1.998, "Onyx Black": 2.49, "Black": 6.74, "just": 1.258}, "Whip Cupcake": {"Resistance": 5.005, "Toncoin": 2.2165, "Deep State": 1.9305, "Bitcoin": 5.005, "Sponge Duck": 2.86, "Onyx Black": 2.34, "Black": 5.27, "just": 1.2155}, "Big Year": {"Creator": 2.7590000000000003, "Qing Dynasty": 3.56, "YouTubes": 2.7590000000000003, "Pokeball": 2.403, "Pavel Durov": 4.984, "Bitcoin": 6.23, "First Website": 1.9580000000000002, "The Hobbit": 3.56, "Cheshire Cat": 2.314, "AC/DC": 1.9580000000000002, "Gold Mine": 6.23, "Big Brother": 2.314, "Telegram": 3.56, "Balloons": 1.8690000000000002, "The Nether": 2.225, "Game Boy": 2.0469999999999997, "Onyx Black": 2.8600000000000003, "Black": 7.890000000000001, "just": 1.513}, "Homemade Cake": {"Onyx Black": 2.065, "Black": 5.14, "just": 1.2665}, "Cookie Heart": {"Onyx Black": 2.2, "Black": 6.3, "just": 1.53}, "Jester Hat": {"Onyx Black": 2.575, "Black": 6.235, "just": 1.343}, "Holiday Drink": {"Onyx Black": 2.52, "Black": 5.575, "just": 1.4875}, "Ginger Cookie": {"Onyx Black": 3.1399999999999997, "Black": 6.380000000000001, "just": 1.513}, "Hypno Lollipop": {"Onyx Black": 2.865, "Black": 5.640000000000001, "just": 1.53}, "Winter Wreath": {"Onyx Black": 2.43, "Black": 8.85, "just": 1.4449999999999998}, "Party Sparkler": {"Onyx Black": 3.0250000000000004, "Black": 6.875, "just": 1.5725}, "Jingle Bells": {"Onyx Black": 2.5149999999999997, "Black": 6.31, "just": 1.3855}, "Tama Gadget": {"Onyx Black": 3.175, "Black": 6.625, "just": 1.5725}, "Jack-in-the-Box": {"Onyx Black": 3.1550000000000002, "Black": 7.635000000000001, "just": 1.802}, "Star Notepad": {"Onyx Black": 3.85, "Black": 8.670000000000002, "just": 1.87}, "Easter Egg": {"Onyx Black": 3.8099999999999996, "Black": 10.14, "just": 1.9379999999999997}, "Santa Hat": {"Onyx Black": 3.225, "Black": 9.620000000000001, "just": 1.9040000000000001}, "Hex Pot": {"Onyx Black": 3.525, "Black": 7.985, "just": 1.9549999999999998}, "Restless Jar": {"Onyx Black": 3.645, "Black": 8.120000000000001, "just": 1.9465}, "Lush Bouquet": {"Onyx Black": 3.475, "Black": 8.350000000000001, "just": 2.295}, "Spiced Wine": {"Onyx Black": 2.98, "Black": 7.745, "just": 1.666}, "Snow Globe": {"Onyx Black": 3.875, "Black": 9.0, "just": 1.87}, "Joyful Bundle": {"Onyx Black": 3.67, "Black": 8.02, "just": 2.159}, "Light Sword": {"Onyx Black": 4.6850000000000005, "Black": 11.259999999999998, "just": 2.4395000000000002}, "Witch Hat": {"Onyx Black": 4.39, "Black": 11.945, "just": 2.4565}, "Bow Tie": {"Onyx Black": 4.53, "Black": 14.805000000000001, "just": 2.601}, "Eternal Candle": {"Onyx Black": 4.965, "Black": 12.290000000000001, "just": 2.533}, "Jelly Bunny": {"Onyx Black": 4.345, "Black": 10.095, "just": 2.7115}, "Bunny Muffin": {"Onyx Black": 5.1, "Black": 16.6, "just": 2.72}, "Spy Agaric": {"Onyx Black": 5.220000000000001, "Black": 10.91, "just": 2.499}, "Evil Eye": {"Onyx Black": 6.225, "Black": 15.625, "just": 3.0174999999999996}, "Snow Mittens": {"Onyx Black": 4.445, "Black": 8.265, "just": 2.584}, "Berry Box": {"Onyx Black": 4.720000000000001, "Black": 12.725000000000001, "just": 2.9325}, "Valentine Box": {"Onyx Black": 7.99, "Black": 11.94, "just": 3.383}, "Sakura Flower": {"Onyx Black": 7.075, "Black": 17.825000000000003, "just": 3.5275000000000003}, "Hanging Star": {"Onyx Black": 7.34, "Black": 16.365000000000002, "just": 4.0205}, "Sleigh Bell": {"Onyx Black": 11.969999999999999, "Black": 15.469999999999999, "just": 5.049}, "Love Candle": {"Onyx Black": 8.129999999999999, "Black": 14.735, "just": 5.3294999999999995}, "Skull Flower": {"Onyx Black": 8.77, "Black": 17.095, "just": 5.2615}, "Crystal Ball": {"Onyx Black": 13.419999999999998, "Black": 30.935000000000002, "just": 5.8395}, "Trapped Heart": {"Onyx Black": 11.879999999999999, "Black": 22.730000000000004, "just": 6.596}, "Top Hat": {"Onyx Black": 15.59, "Black": 25.945000000000004, "just": 6.1115}, "Love Potion": {"Onyx Black": 10.425, "Black": 28.674999999999997, "just": 7.097499999999999}, "Flying Broom": {"Onyx Black": 10.215, "Black": 19.21, "just": 7.1655}, "Cupid Charm": {"Onyx Black": 16.345, "Black": 36.849999999999994, "just": 8.245}, "Record Player": {"Onyx Black": 10.67, "Black": 23.87, "just": 6.664}, "Eternal Rose": {"Onyx Black": 20.45, "Black": 41.45, "just": 10.965}, "Mad Pumpkin": {"Onyx Black": 18.905, "Black": 46.955, "just": 12.6735}, "Voodoo Doll": {"Onyx Black": 22.495, "Black": 45.995, "just": 12.7415}, "Diamond Ring": {"Onyx Black": 23.25, "Black": 43.25, "just": 13.174999999999999}, "Toy Bear": {"Onyx Black": 24.855, "Black": 53.605, "just": 15.0535}, "Vintage Cigar": {"Onyx Black": 48.620000000000005, "Black": 70.37, "just": 19.753999999999998}, "Neko Helmet": {"Onyx Black": 41.099999999999994, "Black": 71.095, "just": 18.869999999999997}, "Low Rider": {"Onyx Black": 38.75, "Black": 106.75, "just": 20.825}, "Signet Ring": {"Onyx Black": 37.995, "Black": 86.995, "just": 20.391499999999997}, "Electric Skull": {"Onyx Black": 37.455, "Black": 66.46000000000001, "just": 22.032}, "Kissed Frog": {"Onyx Black": 45.275, "Black": 98.82499999999999, "just": 27.752499999999998}, "Swiss Watch": {"Onyx Black": 46.5, "Black": 85.5, "just": 28.9}, "Sharp Tongue": {"Onyx Black": 45.0, "Black": 87.25, "just": 28.05},