{"Snoop Dogg": {"Chrome": 2.2155, "Sapphire": 1.826, "AI Dogg": 2.7305000000000006, "Black Diamond": 2.1870000000000003, "Goldizzle": 6.4955, "Doberman": 3.7229999999999994, "Cold Topaz": 1.9115000000000002, "King Snoop": 5.0905000000000005, "Doggfather": 2.8205, "Emerald": 1.8355000000000004, "Onyx Black": 2.6766666666666667, "Black": 10.376153846153848, "just": 1.3855}, "Swag Bag": {"Gin & Jewels": 2.3400000000000003, "April 20th": 2.79, "Cashback": 2.79, "Bulk Order": 2.25, "P.I.M.P.": 1.8900000000000001, "Leopard": 1.8900000000000001, "Darkness": 1.8900000000000001, "Missionary": 6.3, "Snoop Life": 2.43, "Take It Easy": 2.07, "Dogg’s Loot": 1.8900000000000001, "Happy Herbs": 2.79, "Boiling Hot": 2.25, "Onyx Black": 2.65, "Black": 6.645, "just": 1.53}, "Snoop Cigar": {"Onyx Black": 7.92, "Black": 17.175, "just": 3.7825}, "Lol Pop": {"Satellite": 1.703, "Watermelon": 1.4410000000000003, "Sweetheart": 1.5065, "Jinxed": 1.5065, "Andromeda": 1.703, "Fire Vortex": 1.4410000000000003, "Sick Leave": 1.3755000000000002, "Comic Crunch": 1.3755000000000002, "Einstein": 1.3755000000000002, "Dark Sky": 1.5065, "Mortal Sin": 2.62, "Dark Portal": 1.572, "Wonka Berry": 1.4410000000000003, "Pumpkin": 1.5065, "Blood Sucker": 1.5065, "Pink Foil": 1.4410000000000003, "Milky Way": 1.3755000000000002, "Doodle Art": 1.572, "Cookie Dip": 1.4410000000000003, "Cobweb": 1.3755000000000002, "Jolly Roger": 1.6375000000000002, "Rosebud": 1.6375000000000002, "Icicle": 1.4410000000000003, "Angelina": 2.0305, "Hexed Helix": 1.4410000000000003, "Heart Pop": 1.3755000000000002, "Glowstick": 2.0305, "Love Bubbles": 1.6375000000000002, "Blood Ember": 1.6375000000000002, "Celestia": 2.0305, "Shock Wave": 1.3755000000000002, "Sailor Moon": 1.572, "Onyx Black": 1.7550000000000001, "Black": 5.055, "just": 1.1135}, "B-Day Candle": {"Final Boss": 1.891, "Kaboom!": 1.891, "Shocker": 1.891, "Happy Meows": 2.44, "Pixel Wish": 1.891, "Payday": 2.44, "On Fire": 2.44, "Purr Magic": 2.44, "Onyx Black": 1.5899999999999999, "Black": 4.61, "just": 1.037}, "Desk Calendar": {"Burning Time": 1.8599999999999999, "Heartbreak": 1.32, "Telegram": 1.8599999999999999, "Fawkes Night": 3.36, "Fund Manager": 1.8599999999999999, "Pepe Plans": 4.2, "Adult Tasks": 4.2, "Balloon Face": 1.62, "Checklist": 1.8599999999999999, "Hodler": 4.2, "Sunday": 2.4, "Independence": 3.36, "Durov Day": 2.4, "Deadline": 2.4, "Investor": 4.2, "Tic Tac Toe": 1.8599999999999999, "Peach Week": 1.62, "Onyx Black": 1.565, "Black": 4.6899999999999995, "just": 1.02}, "Lunar Snake": {"Synthwave": 3.6399999999999997, "Timelock": 2.015, "Hot Cherry": 2.015, "Soul Eater": 2.015, "Hellspawn": 2.015, "Dragon Ball": 4.55, "Psychedelic": 2.015, "Python Dev": 2.015, "Onyx Black": 2.0, "Black": 4.800000000000001, "just": 1.105}, "Xmas Stocking": {"Onyx Black": 1.9050000000000002, "Black": 5.630000000000001, "just": 1.1560000000000001}, "Snake Box": {"Onyx Black": 1.895, "Black": 4.890000000000001, "just": 1.0965}, "Pet Snake": {"Onyx Black": 2.205, "Black": 5.3100000000000005, "just": 1.377}, "Candy Cane": {"Designer": 5.46, "Sticky Sweet": 2.1060000000000003, "Grinch": 2.418, "Hex Pot": 2.418, "Onyx Black": 2.255, "Black": 5.73, "just": 1.326}, "Whip Cupcake": {"Bitcoin": 4.935, "Resistance": 4.935, "Sponge Duck": 2.82, "Deep State": 1.9035, "Toncoin": 2.1854999999999998, "Onyx Black": 2.105, "Black": 5.2, "just": 1.1985}, "Big Year": {"Pokeball": 2.5265, "Gold Mine": 4.563999999999999, "Telegram": 4.563999999999999, "Pavel Durov": 4.563999999999999, "Bitcoin": 4.563999999999999, "Cheshire Cat": 2.2005, "Game Boy": 2.2005, "Balloons": 1.7115, "Creator": 3.26, "Big Brother": 2.5265, "The Hobbit": 3.26, "The Nether": 2.1189999999999998, "YouTubes": 2.2005, "First Website": 2.5265, "Qing Dynasty": 2.5265, "Onyx Black": 2.685, "Black": 7.765, "just": 1.3855}, "Homemade Cake": {"Onyx Black": 1.995, "Black": 4.25, "just": 1.275}, "Cookie Heart": {"Onyx Black": 2.31, "Black": 6.815, "just": 1.513}, "Jester Hat": {"Onyx Black": 2.9800000000000004, "Black": 6.08, "just": 1.326}, "Holiday Drink": {"Onyx Black": 2.29, "Black": 5.625, "just": 1.4449999999999998}, "Ginger Cookie": {"Onyx Black": 2.8200000000000003, "Black": 6.3950000000000005, "just": 1.5215}, "Hypno Lollipop": {"Onyx Black": 2.69, "Black": 6.840000000000001, "just": 1.513}, "Winter Wreath": {"Onyx Black": 2.295, "Black": 7.945, "just": 1.4364999999999999}, "Party Sparkler": {"Onyx Black": 2.915, "Black": 5.665, "just": 1.5555}, "Jingle Bells": {"Onyx Black": 2.395, "Black": 5.3149999999999995, "just": 1.3855}, "Tama Gadget": {"Onyx Black": 2.63, "Black": 6.335000000000001, "just": 1.513}, "Jack-in-the-Box": {"Onyx Black": 2.665, "Black": 7.875, "just": 1.7}, "Star Notepad": {"Onyx Black": 3.3, "Black": 9.025, "just": 1.8275}, "Easter Egg": {"Onyx Black": 3.65, "Black": 10.645, "just": 1.9549999999999998}, "Santa Hat": {"Onyx Black": 3.1100000000000003, "Black": 9.51, "just": 1.887}, "Hex Pot": {"Onyx Black": 3.7750000000000004, "Black": 8.625, "just": 1.9975}, "Restless Jar": {"Onyx Black": 3.835, "Black": 7.685, "just": 2.0145}, "Lush Bouquet": {"Onyx Black": 3.385, "Black": 8.535, "just": 2.1845}, "Spiced Wine": {"Onyx Black": 3.135, "Black": 7.734999999999999, "just": 1.6744999999999999}, "Snow Globe": {"Onyx Black": 4.0, "Black": 9.1, "just": 2.04}, "Joyful Bundle": {"Onyx Black": 3.65, "Black": 8.45, "just": 2.125}, "Light Sword": {"Onyx Black": 4.135, "Black": 10.434999999999999, "just": 2.4395000000000002}, "Witch Hat": {"Onyx Black": 3.96, "Black": 10.16, "just": 2.397}, "Bow Tie": {"Onyx Black": 4.72, "Black": 14.72, "just": 2.6264999999999996}, "Eternal Candle": {"Onyx Black": 5.1899999999999995, "Black": 10.190000000000001, "just": 2.448}, "Jelly Bunny": {"Onyx Black": 4.595, "Black": 10.095, "just": 2.7115}, "Bunny Muffin": {"Onyx Black": 4.13, "Black": 13.63, "just": 2.771}, "Spy Agaric": {"Onyx Black": 5.199999999999999, "Black": 10.819999999999999, "just": 2.465}, "Evil Eye": {"Onyx Black": 5.745, "Black": 15.75, "just": 2.975}, "Snow Mittens": {"Onyx Black": 4.49, "Black": 8.64, "just": 2.363}, "Berry Box": {"Onyx Black": 4.6850000000000005, "Black": 14.195, "just": 2.8815}, "Valentine Box": {"Onyx Black": 5.915, "Black": 10.93, "just": 3.298}, "Sakura Flower": {"Onyx Black": 5.275, "Black": 17.945, "just": 3.3065}, "Hanging Star": {"Onyx Black": 7.57, "Black": 16.295, "just": 3.9015}, "Sleigh Bell": {"Onyx Black": 9.995000000000001, "Black": 17.990000000000002, "just": 5.0915}, "Love Candle": {"Onyx Black": 7.870000000000001, "Black": 15.469999999999999, "just": 5.474}, "Skull Flower": {"Onyx Black": 8.65, "Black": 16.950000000000003, "just": 5.015000000000001}, "Crystal Ball": {"Onyx Black": 10.3, "Black": 28.314999999999998, "just": 5.6354999999999995}, "Trapped Heart": {"Onyx Black": 10.245000000000001, "Black": 22.994999999999997, "just": 6.3665}, "Top Hat": {"Onyx Black": 16.21, "Black": 26.085, "just": 6.3495}, "Love Potion": {"Onyx Black": 9.870000000000001, "Black": 26.669999999999998, "just": 7.0889999999999995}, "Flying Broom": {"Onyx Black": 10.625, "Black": 21.37, "just": 7.0125}, "Cupid Charm": {"Onyx Black": 16.495, "Black": 34.995, "just": 8.4915}, "Record Player": {"Onyx Black": 9.99, "Black": 23.99, "just": 6.783}, "Eternal Rose": {"Onyx Black": 18.759999999999998, "Black": 36.260000000000005, "just": 10.642}, "Mad Pumpkin": {"Onyx Black": 17.945, "Black": 39.195, "just": 11.3815}, "Voodoo Doll": {"Onyx Black": 20.245, "Black": 40.245, "just": 12.3165}, "Diamond Ring": {"Onyx Black": 20.375, "Black": 43.375, "just": 13.3875}, "Toy Bear": {"Onyx Black": 22.06, "Black": 50.895, "just": 15.1215}, "Vintage Cigar": {"Onyx Black": 44.474999999999994, "Black": 85.425, "just": 19.5075}, "Neko Helmet": {"Onyx Black": 35.13, "Black": 71.63, "just": 19.771}, "Low Rider": {"Onyx Black": 38.195, "Black": 106.69999999999999, "just": 19.889999999999997}, "Signet Ring": {"Onyx Black": 31.485, "Black": 90.49499999999999, "just": 19.5415},