{"Snoop Dogg": {"Black Diamond": 2.2060000000000004, "Goldizzle": 7.858, "Chrome": 2.4305, "King Ruby": 1.7405, "Emerald": 1.7405, "Cold Topaz": 1.9305000000000003, "King Snoop": 4.5680000000000005, "AI Dogg": 2.8870000000000005, "Sapphire": 2.111, "Doberman": 3.476, "Doggfather": 3.0485, "Onyx Black": 2.8, "Black": 10.092307692307692, "just": 1.36}, "Swag Bag": {"Golden Nugs": 1.9530000000000003, "Happy Herbs": 2.8830000000000005, "Boiling Hot": 2.232, "Gin & Jewels": 2.325, "Snoop Life": 2.0460000000000003, "Cashback": 2.8830000000000005, "Bulk Order": 2.139, "Darkness": 2.139, "Missionary": 6.510000000000001, "Take It Easy": 2.0460000000000003, "April 20th": 2.8830000000000005, "Onyx Black": 3.08, "Black": 6.930000000000001, "just": 1.581}, "Snoop Cigar": {"Onyx Black": 8.14, "Black": 18.240000000000002, "just": 3.8080000000000003}, "Lol Pop": {"Milky Way": 1.4520000000000002, "Heart Pop": 1.3860000000000001, "Pumpkin": 1.4520000000000002, "Glowstick": 2.0460000000000003, "Celestia": 2.0460000000000003, "Watermelon": 1.4520000000000002, "Blood Sucker": 1.584, "Jinxed": 1.4520000000000002, "Hexed Helix": 1.518, "Doodle Art": 1.518, "Pink Foil": 1.3860000000000001, "Mortal Sin": 2.64, "Nostalgia": 1.584, "Einstein": 1.518, "Sweetheart": 1.518, "Angelina": 2.0460000000000003, "Icicle": 1.4520000000000002, "Satellite": 1.7160000000000002, "Fire Vortex": 1.4520000000000002, "Soap Bubbles": 1.4520000000000002, "Blood Ember": 1.518, "Comic Crunch": 1.3860000000000001, "Cookie Dip": 1.7160000000000002, "Love Bubbles": 1.4520000000000002, "Cobweb": 1.3860000000000001, "Andromeda": 2.0460000000000003, "Dark Portal": 2.0460000000000003, "Jolly Roger": 1.584, "Dark Sky": 1.518, "Rosebud": 1.518, "Wonka Berry": 1.4520000000000002, "Onyx Black": 1.81, "Black": 5.01, "just": 1.122}, "B-Day Candle": {"Shocker": 1.9065, "Final Boss": 1.9065, "Pixel Wish": 1.9065, "Payday": 1.9065, "Happy Meows": 2.46, "Kaboom!": 1.9065, "Purr Magic": 1.9065, "On Fire": 1.9065, "Onyx Black": 1.615, "Black": 4.709999999999999, "just": 1.0454999999999999}, "Desk Calendar": {"Sunday": 1.891, "Tic Tac Toe": 1.647, "Durov Day": 2.44, "Hodler": 4.27, "Fund Manager": 1.891, "Heartbreak": 1.342, "Deadline": 2.44, "Balloon Face": 1.525, "Independence": 3.416, "Burning Time": 1.891, "Checklist": 1.647, "Fawkes Night": 4.27, "Investor": 4.27, "Pepe Plans": 4.27, "Adult Tasks": 4.27, "Peach Week": 1.586, "Telegram": 1.891, "Onyx Black": 1.6099999999999999, "Black": 5.0600000000000005, "just": 1.037}, "Lunar Snake": {"Hot Cherry": 2.139, "Soul Eater": 2.139, "Hellspawn": 3.8639999999999994, "Python Dev": 2.139, "Psychedelic": 2.139, "Dragon Ball": 4.83, "Synthwave": 3.8639999999999994, "Timelock": 1.863, "Onyx Black": 1.99, "Black": 5.09, "just": 1.1729999999999998}, "Xmas Stocking": {"Onyx Black": 1.8900000000000001, "Black": 4.904999999999999, "just": 1.1135}, "Snake Box": {"Onyx Black": 1.795, "Black": 4.65, "just": 1.105}, "Pet Snake": {"Onyx Black": 2.32, "Black": 5.295, "just": 1.394}, "Candy Cane": {"Grinch": 3.08, "Designer": 5.390000000000001, "Sticky Sweet": 2.387, "Hex Pot": 3.08, "Onyx Black": 2.37, "Black": 6.7700000000000005, "just": 1.309}, "Whip Cupcake": {"Toncoin": 2.201, "Bitcoin": 4.97, "Resistance": 4.97, "Sponge Duck": 2.201, "Deep State": 1.917, "Onyx Black": 2.16, "Black": 5.335, "just": 1.2069999999999999}, "Big Year": {"Big Brother": 2.322, "Gold Mine": 4.816, "Qing Dynasty": 3.44, "The Hobbit": 3.44, "Telegram": 4.816, "Bitcoin": 4.816, "Game Boy": 2.236, "Cheshire Cat": 2.236, "The Nether": 2.15, "Balloons": 1.8920000000000001, "Pavel Durov": 4.816, "Creator": 2.322, "First Website": 1.9779999999999998, "Pokeball": 2.666, "YouTubes": 2.666, "Onyx Black": 2.7300000000000004, "Black": 7.859999999999999, "just": 1.462}, "Homemade Cake": {"Onyx Black": 2.0500000000000003, "Black": 4.93, "just": 1.3685}, "Cookie Heart": {"Onyx Black": 2.3049999999999997, "Black": 6.1049999999999995, "just": 1.4535}, "Jester Hat": {"Onyx Black": 2.8550000000000004, "Black": 6.550000000000001, "just": 1.36}, "Holiday Drink": {"Onyx Black": 2.29, "Black": 5.57, "just": 1.4789999999999999}, "Ginger Cookie": {"Onyx Black": 3.4000000000000004, "Black": 6.3999999999999995, "just": 1.53}, "Hypno Lollipop": {"Onyx Black": 2.575, "Black": 6.84, "just": 1.53}, "Winter Wreath": {"Onyx Black": 2.44, "Black": 8.855, "just": 1.4535}, "Party Sparkler": {"Onyx Black": 2.95, "Black": 8.125, "just": 1.615}, "Jingle Bells": {"Onyx Black": 2.425, "Black": 6.345000000000001, "just": 1.4364999999999999}, "Tama Gadget": {"Onyx Black": 3.1500000000000004, "Black": 6.374999999999999, "just": 1.53}, "Jack-in-the-Box": {"Onyx Black": 3.02, "Black": 7.72, "just": 1.7764999999999997}, "Star Notepad": {"Onyx Black": 4.1, "Black": 8.825, "just": 1.87}, "Easter Egg": {"Onyx Black": 3.675, "Black": 11.169999999999998, "just": 1.9975}, "Santa Hat": {"Onyx Black": 3.185, "Black": 9.48, "just": 1.836}, "Hex Pot": {"Onyx Black": 3.53, "Black": 7.944999999999999, "just": 1.9465}, "Restless Jar": {"Onyx Black": 3.81, "Black": 7.66, "just": 1.9805}, "Lush Bouquet": {"Onyx Black": 3.545, "Black": 8.620000000000001, "just": 2.329}, "Spiced Wine": {"Onyx Black": 3.025, "Black": 7.815, "just": 1.666}, "Snow Globe": {"Onyx Black": 3.875, "Black": 9.0, "just": 1.87}, "Joyful Bundle": {"Onyx Black": 3.65, "Black": 8.0, "just": 2.125}, "Light Sword": {"Onyx Black": 4.51, "Black": 11.26, "just": 2.397}, "Witch Hat": {"Onyx Black": 3.995, "Black": 10.350000000000001, "just": 2.295}, "Bow Tie": {"Onyx Black": 4.555, "Black": 14.555, "just": 2.6435}, "Eternal Candle": {"Onyx Black": 5.199999999999999, "Black": 13.950000000000001, "just": 2.465}, "Jelly Bunny": {"Onyx Black": 4.945, "Black": 9.795, "just": 2.6264999999999996}, "Bunny Muffin": {"Onyx Black": 5.02, "Black": 21.590000000000003, "just": 2.7115}, "Spy Agaric": {"Onyx Black": 5.24, "Black": 10.74, "just": 2.533}, "Evil Eye": {"Onyx Black": 5.6850000000000005, "Black": 15.54, "just": 2.8729999999999998}, "Snow Mittens": {"Onyx Black": 4.515, "Black": 8.28, "just": 2.6435}, "Berry Box": {"Onyx Black": 4.64, "Black": 14.01, "just": 2.992}, "Valentine Box": {"Onyx Black": 7.949999999999999, "Black": 10.95, "just": 3.315}, "Sakura Flower": {"Onyx Black": 7.045, "Black": 17.795, "just": 3.4764999999999997}, "Hanging Star": {"Onyx Black": 7.640000000000001, "Black": 16.490000000000002, "just": 4.2330000000000005}, "Sleigh Bell": {"Onyx Black": 10.39, "Black": 17.465, "just": 5.0405}, "Love Candle": {"Onyx Black": 7.875, "Black": 15.375, "just": 5.4825}, "Skull Flower": {"Onyx Black": 8.66, "Black": 16.965, "just": 5.0405}, "Crystal Ball": {"Onyx Black": 13.294999999999998, "Black": 28.299999999999997, "just": 5.609999999999999}, "Trapped Heart": {"Onyx Black": 11.89, "Black": 23.39, "just": 6.613}, "Top Hat": {"Onyx Black": 16.310000000000002, "Black": 26.185000000000002, "just": 6.5195}, "Love Potion": {"Onyx Black": 10.225, "Black": 28.474999999999998, "just": 6.7575}, "Flying Broom": {"Onyx Black": 10.870000000000001, "Black": 19.369999999999997, "just": 7.429}, "Cupid Charm": {"Onyx Black": 16.5, "Black": 37.0, "just": 8.5}, "Record Player": {"Onyx Black": 11.745000000000001, "Black": 23.840000000000003, "just": 6.5365}, "Eternal Rose": {"Onyx Black": 20.799999999999997, "Black": 36.3, "just": 10.709999999999999}, "Mad Pumpkin": {"Onyx Black": 18.494999999999997, "Black": 46.75, "just": 12.325}, "Voodoo Doll": {"Onyx Black": 22.855, "Black": 46.355000000000004, "just": 13.3535}, "Diamond Ring": {"Onyx Black": 20.43, "Black": 43.945, "just": 13.5065}, "Toy Bear": {"Onyx Black": 24.93, "Black": 53.43, "just": 15.181}, "Vintage Cigar": {"Onyx Black": 48.144999999999996, "Black": 73.64500000000001, "just": 18.9465}, "Neko Helmet": {"Onyx Black": 41.185, "Black": 71.17999999999999, "just": 19.0145}, "Low Rider": {"Onyx Black": 40.95, "Black": 106.94999999999999, "just": 21.165}, "Signet Ring": {"Onyx Black": 37.865, "Black": 85.865, "just": 20.1705},