{"Snoop Dogg": {"Doberman": 3.098, "Goldizzle": 7.531000000000001, "Cold Topaz": 2.0395, "King Snoop": 5.596, "Black Diamond": 2.2105, "Black Gold": 1.9730000000000003, "Doggfather": 3.231, "Chrome": 2.4385, "Sapphire": 2.1535, "AI Dogg": 2.9605, "Onyx Black": 3.27, "Black": 10.034615384615384, "just": 1.5725}, "Swag Bag": {"April 20th": 3.193, "Darkness": 2.3689999999999998, "Leopard": 2.2660000000000005, "Golden Nugs": 2.2660000000000005, "Gin & Jewels": 2.575, "Take It Easy": 2.575, "Cashback": 3.193, "Bulk Order": 2.4102, "Happy Herbs": 3.193, "Boiling Hot": 2.472, "Dogg’s Loot": 2.2660000000000005, "Missionary": 8.98, "Snoop Life": 2.781, "Onyx Black": 3.495, "Black": 7.529999999999999, "just": 1.751}, "Snoop Cigar": {"Onyx Black": 8.415000000000001, "Black": 19.134999999999998, "just": 4.199}, "Lol Pop": {"Cobweb": 1.562, "Angelina": 2.201, "Pink Foil": 1.4909999999999999, "Dark Sky": 1.6329999999999998, "Pumpkin": 1.704, "Fire Vortex": 1.6329999999999998, "Doodle Art": 1.6329999999999998, "Jolly Roger": 1.6613999999999998, "Hollywood": 1.562, "Sweetheart": 1.704, "Dark Portal": 1.775, "Hexed Helix": 1.775, "Einstein": 1.704, "Crystal Comet": 1.4909999999999999, "Watermelon": 1.4909999999999999, "Jinxed": 1.704, "Shock Wave": 1.4909999999999999, "Rosebud": 1.704, "Satellite": 1.775, "Blood Ember": 1.6613999999999998, "Glowstick": 1.917, "Heart Pop": 1.562, "Mortal Sin": 3.9759999999999995, "Love Bubbles": 1.6613999999999998, "Andromeda": 1.917, "Gold Star": 1.4909999999999999, "Celestia": 2.201, "Plastic Ice": 1.4909999999999999, "Blood Sucker": 1.917, "Onyx Black": 1.96, "Black": 5.145, "just": 1.2069999999999999}, "B-Day Candle": {"Pixel Wish": 2.201, "Purr Magic": 2.201, "Final Boss": 2.201, "On Fire": 2.201, "Payday": 2.201, "Kaboom!": 1.917, "Happy Meows": 2.201, "Onyx Black": 1.855, "Black": 5.11, "just": 1.2069999999999999}, "Desk Calendar": {"Burning Time": 2.0460000000000003, "Peach Week": 2.0460000000000003, "Independence": 2.0460000000000003, "Adult Tasks": 25.655, "Investor": 9.41, "Deadline": 2.0460000000000003, "Sunday": 2.0460000000000003, "Pepe Plans": 14.41, "Telegram": 2.64, "Hodler": 4.62, "Durov Day": 8.025, "Checklist": 2.0460000000000003, "Tic Tac Toe": 1.6500000000000001, "Fawkes Night": 4.62, "Heartbreak": 1.584, "Balloon Face": 1.7820000000000003, "Fund Manager": 2.64, "Onyx Black": 1.835, "Black": 5.135, "just": 1.122}, "Lunar Snake": {"Hot Cherry": 2.0250000000000004, "Psychedelic": 2.325, "Python Dev": 2.325, "Synthwave": 4.199999999999999, "Timelock": 2.325, "Soul Eater": 2.0250000000000004, "Dragon Ball": 5.25, "Hellspawn": 2.0250000000000004, "Onyx Black": 2.4450000000000003, "Black": 5.27, "just": 1.275}, "Xmas Stocking": {"Onyx Black": 2.175, "Black": 5.765, "just": 1.275}, "Snake Box": {"Onyx Black": 2.195, "Black": 5.32, "just": 1.394}, "Pet Snake": {"Onyx Black": 2.54, "Black": 6.085, "just": 1.5979999999999999}, "Candy Cane": {"Sticky Sweet": 2.079, "Designer": 5.390000000000001, "Grinch": 4.311999999999999, "Hex Pot": 3.08, "Onyx Black": 2.245, "Black": 5.815, "just": 1.309}, "Whip Cupcake": {"Bitcoin": 12.809999999999999, "Toncoin": 2.511, "Resistance": 5.67, "Sponge Duck": 2.511, "Deep State": 2.1870000000000003, "Onyx Black": 2.21, "Black": 5.484999999999999, "just": 1.377}, "Big Year": {"Balloons": 2.068, "Game Boy": 2.068, "First Website": 2.1995999999999998, "YouTubes": 2.9139999999999997, "Qing Dynasty": 2.9139999999999997, "Telegram": 6.58, "Pavel Durov": 10.940000000000001, "Bitcoin": 5.263999999999999, "The Nether": 2.538, "The Hobbit": 3.76, "Cheshire Cat": 2.9139999999999997, "Big Brother": 2.9139999999999997, "Gold Mine": 6.58, "Creator": 2.9139999999999997, "Pokeball": 2.538, "Onyx Black": 3.94, "Black": 9.940000000000001, "just": 1.5979999999999999}, "Homemade Cake": {"Onyx Black": 2.335, "Black": 5.61, "just": 1.5555}, "Cookie Heart": {"Onyx Black": 2.585, "Black": 6.4799999999999995, "just": 1.6744999999999999}, "Jester Hat": {"Onyx Black": 2.6, "Black": 6.3950000000000005, "just": 1.5215}, "Holiday Drink": {"Onyx Black": 2.7, "Black": 6.074999999999999, "just": 1.615}, "Ginger Cookie": {"Onyx Black": 3.5999999999999996, "Black": 7.174999999999999, "just": 1.615}, "Hypno Lollipop": {"Onyx Black": 3.375, "Black": 7.449999999999999, "just": 1.615}, "Winter Wreath": {"Moon Cat": 85.99499999999999, "Onyx Black": 2.99, "Black": 6.495, "just": 1.6915}, "Party Sparkler": {"Onyx Black": 3.4749999999999996, "Black": 7.420000000000001, "just": 1.6575}, "Jingle Bells": {"Onyx Black": 3.05, "Black": 6.91, "just": 1.7934999999999999}, "Tama Gadget": {"Onyx Black": 3.475, "Black": 6.805000000000001, "just": 1.8104999999999998}, "Jack-in-the-Box": {"Onyx Black": 3.125, "Black": 6.975, "just": 1.9124999999999999}, "Star Notepad": {"Onyx Black": 3.765, "Black": 9.64, "just": 2.0229999999999997}, "Easter Egg": {"Onyx Black": 3.825, "Black": 10.905000000000001, "just": 2.465}, "Santa Hat": {"Onyx Black": 3.686, "Black": 9.193999999999999, "just": 2.2864999999999998}, "Hex Pot": {"Onyx Black": 3.95, "Black": 9.745000000000001, "just": 2.295}, "Restless Jar": {"Onyx Black": 3.5549999999999997, "Black": 9.125, "just": 2.176}, "Lush Bouquet": {"Onyx Black": 5.27, "Black": 8.82, "just": 2.754}, "Spiced Wine": {"Onyx Black": 3.3440000000000003, "Black": 7.144, "just": 2.193}, "Snow Globe": {"Onyx Black": 4.785, "Black": 10.235, "just": 2.3545}, "Joyful Bundle": {"Onyx Black": 4.9350000000000005, "Black": 8.934999999999999, "just": 2.4395000000000002}, "Light Sword": {"Onyx Black": 4.468, "Black": 10.668, "just": 2.652}, "Witch Hat": {"Onyx Black": 4.46, "Black": 11.959999999999999, "just": 2.4819999999999998}, "Bow Tie": {"Onyx Black": 6.144, "Black": 11.943999999999999, "just": 2.754}, "Eternal Candle": {"Onyx Black": 5.296, "Black": 10.932, "just": 3.026}, "Jelly Bunny": {"Onyx Black": 5.08, "Black": 10.219999999999999, "just": 2.941}, "Bunny Muffin": {"Onyx Black": 5.396, "Black": 11.596, "just": 3.111}, "Spy Agaric": {"Onyx Black": 6.046, "Black": 10.446, "just": 2.8985}, "Evil Eye": {"Onyx Black": 7.05, "Black": 13.45, "just": 3.1875}, "Snow Mittens": {"Onyx Black": 6.096, "Black": 8.372, "just": 3.366}, "Berry Box": {"Onyx Black": 5.26, "Black": 10.732000000000001, "just": 3.315}, "Valentine Box": {"Onyx Black": 7.300000000000001, "Black": 13.940000000000001, "just": 4.165}, "Sakura Flower": {"Onyx Black": 7.11, "Black": 16.314, "just": 4.4115}, "Hanging Star": {"Onyx Black": 8.998000000000001, "Black": 15.238, "just": 4.8705}, "Sleigh Bell": {"Onyx Black": 11.852, "Black": 20.656, "just": 6.596}, "Love Candle": {"Onyx Black": 10.34, "Black": 15.62, "just": 7.395}, "Skull Flower": {"Onyx Black": 11.394, "Black": 18.354, "just": 6.7915}, "Crystal Ball": {"Onyx Black": 12.347999999999999, "Black": 27.488, "just": 6.783}, "Trapped Heart": {"Onyx Black": 12.234000000000002, "Black": 20.293999999999997, "just": 7.2165}, "Top Hat": {"Onyx Black": 14.93, "Black": 27.573999999999998, "just": 7.046499999999999}, "Love Potion": {"Onyx Black": 12.645999999999999, "Black": 23.846, "just": 8.2875}, "Flying Broom": {"Onyx Black": 12.32, "Black": 17.3, "just": 8.075}, "Cupid Charm": {"Onyx Black": 17.77, "Black": 32.97, "just": 10.157499999999999}, "Record Player": {"Onyx Black": 10.32, "Black": 20.56, "just": 6.46}, "Eternal Rose": {"Onyx Black": 18.814, "Black": 34.622, "just": 12.2145}, "Mad Pumpkin": {"Onyx Black": 23.894, "Black": 38.494, "just": 15.716499999999998}, "Voodoo Doll": {"Onyx Black": 24.288, "Black": 46.30799999999999, "just": 14.603}, "Diamond Ring": {"Onyx Black": 21.22, "Black": 43.62, "just": 14.194999999999999}, "Toy Bear": {"Onyx Black": 31.462, "Black": 49.194, "just": 21.9045}, "Vintage Cigar": {"Onyx Black": 36.41, "Black": 60.629999999999995, "just": 20.7315}, "Neko Helmet": {"Onyx Black": 37.6, "Black": 63.6, "just": 23.8}, "Low Rider": {"Onyx Black": 32.3, "Black": 79.896, "just": 20.825}, "Signet Ring": {"Onyx Black": 37.42, "Black": 72.58, "just": 23.544999999999998},