{"Snoop Dogg": {"Sapphire": 2.1205000000000003, "Doberman": 3.5805000000000002, "AI Dogg": 2.9110000000000005, "King Snoop": 4.9385, "Goldizzle": 7.905499999999999, "Doggfather": 3.096, "Black Diamond": 2.32, "Chrome": 2.5195, "Emerald": 2.016, "Onyx Black": 3.5966666666666667, "Black": 10.636153846153846, "just": 1.5215}, "Swag Bag": {"Gin & Jewels": 2.574, "Boiling Hot": 2.574, "April 20th": 3.069, "Darkness": 2.376, "Snoop Life": 2.574, "Missionary": 6.93, "Take It Easy": 2.475, "Leopard": 2.079, "Bulk Order": 2.475, "P.I.M.P.": 2.079, "Happy Herbs": 3.069, "Cashback": 3.069, "Onyx Black": 3.24, "Black": 7.24, "just": 1.683}, "Snoop Cigar": {"Onyx Black": 7.609999999999999, "Black": 16.895, "just": 3.9865000000000004}, "Lol Pop": {"Blood Ember": 1.74, "Jolly Roger": 1.74, "Blood Sucker": 1.6674999999999998, "Blue Goo": 1.5225, "Glowstick": 2.2475, "Love Bubbles": 1.8125, "Rosebud": 1.74, "Hexed Helix": 1.6965, "Comic Crunch": 1.5225, "Dark Sky": 1.6674999999999998, "Satellite": 1.6965, "Watermelon": 1.5225, "Shock Wave": 1.595, "Fire Vortex": 1.5225, "Dark Portal": 1.6674999999999998, "Sweetheart": 1.885, "Einstein": 1.595, "Icy Touch": 1.5225, "Heart Pop": 1.595, "Cobweb": 1.595, "Angelina": 2.2475, "Jinxed": 1.6674999999999998, "Magic Wand": 1.595, "Mortal Sin": 4.06, "Sailor Moon": 1.595, "Milky Way": 1.595, "Plastic Ice": 1.595, "Andromeda": 1.9575, "Cookie Dip": 1.5225, "Doodle Art": 1.595, "Pumpkin": 1.595, "Crystalline": 1.5225, "Celestia": 2.2475, "Onyx Black": 2.015, "Black": 5.395, "just": 1.2325}, "B-Day Candle": {"Final Boss": 2.1235000000000004, "Happy Meows": 2.1235000000000004, "On Fire": 2.1235000000000004, "Payday": 2.1235000000000004, "Pixel Wish": 2.1235000000000004, "Purr Magic": 2.1235000000000004, "Kaboom!": 1.8495000000000004, "Onyx Black": 1.75, "Black": 5.234999999999999, "just": 1.1645}, "Desk Calendar": {"Fund Manager": 2.108, "Pepe Plans": 10.515, "Independence": 2.72, "Deadline": 2.108, "Fawkes Night": 3.808, "Durov Day": 2.108, "Peach Week": 2.108, "Investor": 5.630000000000001, "Balloon Face": 2.108, "Burning Time": 2.108, "Telegram": 2.108, "Heartbreak": 1.4960000000000002, "Adult Tasks": 27.63, "Checklist": 2.108, "Tic Tac Toe": 2.108, "Sunday": 1.8360000000000003, "Hodler": 4.760000000000001, "Onyx Black": 1.725, "Black": 5.57, "just": 1.1560000000000001}, "Lunar Snake": {"Hot Cherry": 2.0655, "Synthwave": 5.355, "Dragon Ball": 5.355, "Timelock": 1.989, "Hellspawn": 2.0655, "Psychedelic": 1.9125, "Soul Eater": 2.3715, "Python Dev": 2.3715, "Onyx Black": 2.2600000000000002, "Black": 5.715000000000001, "just": 1.3005}, "Xmas Stocking": {"Onyx Black": 2.7, "Black": 5.75, "just": 1.275}, "Snake Box": {"Onyx Black": 1.975, "Black": 5.625000000000001, "just": 1.2325}, "Pet Snake": {"Onyx Black": 2.475, "Black": 5.865, "just": 1.4875}, "Candy Cane": {"Hex Pot": 3.16, "Designer": 4.4239999999999995, "Grinch": 3.16, "Sticky Sweet": 2.4490000000000003, "Onyx Black": 2.46, "Black": 5.965, "just": 1.343}, "Whip Cupcake": {"Bitcoin": 9.465, "Toncoin": 2.3715, "Deep State": 2.3715, "Sponge Duck": 3.06, "Resistance": 5.355, "Onyx Black": 2.24, "Black": 5.765000000000001, "just": 1.3005}, "Big Year": {"Bitcoin": 4.32, "Gold Mine": 4.32, "Pokeball": 2.7, "Telegram": 4.32, "The Hobbit": 3.3480000000000003, "Qing Dynasty": 3.3480000000000003, "Game Boy": 2.2680000000000002, "First Website": 2.3760000000000003, "The Nether": 3.3480000000000003, "Cheshire Cat": 2.3760000000000003, "Big Brother": 2.9160000000000004, "Creator": 2.9160000000000004, "YouTubes": 4.32, "Pavel Durov": 4.32, "Onyx Black": 3.705, "Black": 8.675, "just": 1.836}, "Homemade Cake": {"Onyx Black": 2.39, "Black": 5.575, "just": 1.53}, "Cookie Heart": {"Onyx Black": 2.64, "Black": 7.040000000000001, "just": 1.6575}, "Jester Hat": {"Onyx Black": 2.6399999999999997, "Black": 6.51, "just": 1.4705}, "Holiday Drink": {"Onyx Black": 2.685, "Black": 6.215, "just": 1.6404999999999998}, "Ginger Cookie": {"Onyx Black": 3.77, "Black": 6.495, "just": 1.734}, "Hypno Lollipop": {"Onyx Black": 2.79, "Black": 6.5, "just": 1.768}, "Winter Wreath": {"Moon Cat": 108.47, "Onyx Black": 2.69, "Black": 8.67, "just": 1.649}, "Party Sparkler": {"Onyx Black": 3.645, "Black": 7.995, "just": 1.7}, "Jingle Bells": {"Onyx Black": 2.885, "Black": 6.74, "just": 1.768}, "Tama Gadget": {"Onyx Black": 3.49, "Black": 6.84, "just": 1.785}, "Jack-in-the-Box": {"Onyx Black": 3.1399999999999997, "Black": 7.630000000000001, "just": 1.9295}, "Star Notepad": {"Onyx Black": 3.385, "Black": 9.635, "just": 1.9295}, "Easter Egg": {"Onyx Black": 3.645, "Black": 11.099999999999998, "just": 2.38}, "Santa Hat": {"Onyx Black": 3.244, "Black": 8.384, "just": 2.329}, "Hex Pot": {"Onyx Black": 3.9349999999999996, "Black": 9.865, "just": 2.3205}, "Restless Jar": {"Onyx Black": 3.79, "Black": 10.74, "just": 2.193}, "Lush Bouquet": {"Onyx Black": 4.315, "Black": 7.965, "just": 2.4905}, "Spiced Wine": {"Onyx Black": 3.0, "Black": 6.86, "just": 1.9889999999999999}, "Snow Globe": {"Onyx Black": 4.525, "Black": 12.774999999999999, "just": 2.1675}, "Joyful Bundle": {"Onyx Black": 3.62, "Black": 7.685, "just": 2.3715}, "Light Sword": {"Onyx Black": 4.561999999999999, "Black": 10.646, "just": 2.6774999999999998}, "Witch Hat": {"Onyx Black": 4.355, "Black": 11.705, "just": 2.8985}, "Bow Tie": {"Onyx Black": 4.942, "Black": 12.629999999999999, "just": 2.7624999999999997}, "Eternal Candle": {"Onyx Black": 5.296, "Black": 11.3, "just": 2.975}, "Jelly Bunny": {"Onyx Black": 4.76, "Black": 11.205, "just": 2.992}, "Bunny Muffin": {"Onyx Black": 5.05, "Black": 10.65, "just": 3.1875}, "Spy Agaric": {"Onyx Black": 4.494, "Black": 10.354000000000001, "just": 2.7795}, "Evil Eye": {"Onyx Black": 6.39, "Black": 12.65, "just": 3.1875}, "Snow Mittens": {"Onyx Black": 4.962, "Black": 8.018, "just": 3.2045}, "Berry Box": {"Onyx Black": 5.8740000000000006, "Black": 11.594000000000001, "just": 3.2215}, "Valentine Box": {"Onyx Black": 7.9, "Black": 12.68, "just": 3.995}, "Sakura Flower": {"Onyx Black": 6.922000000000001, "Black": 14.922, "just": 4.1395}, "Hanging Star": {"Onyx Black": 8.482, "Black": 15.274000000000001, "just": 4.6495}, "Sleigh Bell": {"Onyx Black": 10.706, "Black": 18.686, "just": 6.6385}, "Love Candle": {"Onyx Black": 11.142, "Black": 20.618000000000002, "just": 7.114499999999999}, "Skull Flower": {"Onyx Black": 10.494, "Black": 18.854, "just": 6.8765}, "Crystal Ball": {"Onyx Black": 11.48, "Black": 28.680000000000003, "just": 6.63}, "Trapped Heart": {"Onyx Black": 13.004, "Black": 19.14, "just": 7.683999999999999}, "Top Hat": {"Onyx Black": 12.128, "Black": 22.608, "just": 6.528}, "Love Potion": {"Onyx Black": 10.996, "Black": 22.2, "just": 7.6499999999999995}, "Flying Broom": {"Onyx Black": 10.876000000000001, "Black": 18.476, "just": 8.041}, "Cupid Charm": {"Onyx Black": 16.894, "Black": 32.494, "just": 9.7665}, "Record Player": {"Onyx Black": 11.102, "Black": 20.378, "just": 6.7745}, "Eternal Rose": {"Onyx Black": 17.294, "Black": 35.489999999999995, "just": 11.4665}, "Mad Pumpkin": {"Onyx Black": 22.594, "Black": 39.174, "just": 14.696499999999999}, "Voodoo Doll": {"Onyx Black": 21.768, "Black": 47.888, "just": 14.008}, "Diamond Ring": {"Onyx Black": 22.598, "Black": 43.798, "just": 13.880499999999998}, "Toy Bear": {"Onyx Black": 24.616, "Black": 47.096, "just": 15.725}, "Vintage Cigar": {"Onyx Black": 42.976, "Black": 56.2, "just": 21.25}, "Neko Helmet": {"Onyx Black": 38.014, "Black": 76.014, "just": 22.6865}, "Low Rider": {"Onyx Black": 34.153999999999996, "Black": 90.95400000000001, "just": 21.7515}, "Signet Ring": {"Onyx Black": 37.138, "Black": 79.938, "just": 23.1455}, "Electric Skull": {"Onyx Black": 44.260000000000005, "Black": 67.856, "just": 26.435000000000002}, "Kissed Frog": {"Onyx Black": 48.606, "Black": 81.854, "just": 31.526500000000002}, "Swiss Watch": {"Onyx Black": 46.896, "Black": 69.3, "just": 30.175}, "Sharp Tongue": {"Onyx Black": 58.57, "Black": 108.57000000000001, "just": 34.807500000000005},