{"Snoop Dogg": {"King Ruby": 1.9874999999999998, "Black Diamond": 2.2915, "Doggfather": 2.9535, "Black Gold": 1.826, "AI Dogg": 3.3905000000000003, "Chrome": 2.4114999999999998, "Emerald": 2.0255, "Goldizzle": 7.0505, "Sapphire": 2.1490000000000005, "King Snoop": 4.4255, "Cold Topaz": 2.1870000000000003, "Doberman": 3.5805000000000002, "Green Light": 1.9210000000000003, "Onyx Black": 2.966666666666667, "Black": 10.34, "just": 1.394}, "Swag Bag": {"Happy Herbs": 2.9605, "Snoop Life": 2.483, "Boiling Hot": 2.5785, "Dogg’s Loot": 2.0055, "Gin & Jewels": 2.5785, "Cashback": 2.9605, "Take It Easy": 2.483, "Bulk Order": 2.483, "April 20th": 2.9605, "Missionary": 6.685, "P.I.M.P.": 2.0055, "Darkness": 2.1965, "Onyx Black": 3.3049999999999997, "Black": 6.955, "just": 1.6235}, "Snoop Cigar": {"Onyx Black": 8.545, "Black": 17.270000000000003, "just": 3.9099999999999997}, "Lol Pop": {"Gold Star": 1.554, "Love Bubbles": 1.776, "Shock Wave": 1.6280000000000001, "Angelina": 2.294, "Comic Crunch": 1.554, "Mortal Sin": 4.144, "Blood Sucker": 1.6280000000000001, "Heart Pop": 1.554, "Dark Portal": 1.554, "Milky Way": 1.6280000000000001, "Dark Sky": 1.776, "Celestia": 2.294, "Jolly Roger": 1.6280000000000001, "Pumpkin": 1.554, "Glowstick": 2.294, "Sick Leave": 1.554, "Sailor Moon": 1.6280000000000001, "Jinxed": 1.776, "Einstein": 1.554, "Blood Ember": 1.6280000000000001, "Satellite": 1.776, "Rosebud": 1.6280000000000001, "Sweetheart": 1.702, "Hexed Helix": 1.85, "Watermelon": 1.554, "Andromeda": 1.998, "Onyx Black": 1.99, "Black": 5.33, "just": 1.258}, "B-Day Candle": {"Pixel Wish": 2.0770000000000004, "Final Boss": 2.0770000000000004, "On Fire": 2.0770000000000004, "Happy Meows": 2.68, "Purr Magic": 2.0770000000000004, "Payday": 2.0770000000000004, "Kaboom!": 2.0770000000000004, "Onyx Black": 1.7200000000000002, "Black": 5.145, "just": 1.139}, "Desk Calendar": {"Tic Tac Toe": 1.703, "Burning Time": 2.0305, "Durov Day": 2.62, "Heartbreak": 1.7685000000000002, "Adult Tasks": 23.104999999999997, "Investor": 5.619999999999999, "Fawkes Night": 2.62, "Sunday": 2.0305, "Deadline": 2.0305, "Peach Week": 2.0305, "Checklist": 1.7685000000000002, "Independence": 2.62, "Fund Manager": 2.0305, "Pepe Plans": 10.940000000000001, "Telegram": 2.0305, "Balloon Face": 1.4410000000000003, "Hodler": 4.585, "Onyx Black": 1.605, "Black": 5.555, "just": 1.1135}, "Lunar Snake": {"Soul Eater": 2.263, "Hot Cherry": 1.971, "Timelock": 1.971, "Python Dev": 2.263, "Psychedelic": 1.898, "Synthwave": 2.92, "Hellspawn": 2.263, "Dragon Ball": 5.109999999999999, "Onyx Black": 2.1550000000000002, "Black": 5.33, "just": 1.2409999999999999}, "Xmas Stocking": {"Onyx Black": 2.15, "Black": 5.220000000000001, "just": 1.224}, "Snake Box": {"Onyx Black": 1.9300000000000002, "Black": 5.675000000000001, "just": 1.1560000000000001}, "Pet Snake": {"Onyx Black": 2.415, "Black": 5.265, "just": 1.3515}, "Candy Cane": {"Hex Pot": 3.06, "Sticky Sweet": 2.0655, "Grinch": 3.06, "Designer": 5.355, "Onyx Black": 2.265, "Black": 5.985, "just": 1.3005}, "Whip Cupcake": {"Bitcoin": 10.004999999999999, "Toncoin": 2.3405, "Deep State": 2.3405, "Sponge Duck": 2.3405, "Resistance": 5.285, "Onyx Black": 2.05, "Black": 5.655, "just": 1.2834999999999999}, "Big Year": {"Telegram": 5.46, "YouTubes": 3.0225, "Pavel Durov": 5.46, "Game Boy": 2.2424999999999997, "Gold Mine": 5.46, "Qing Dynasty": 3.0225, "The Hobbit": 3.0225, "First Website": 2.2424999999999997, "Pokeball": 2.6325000000000003, "Bitcoin": 5.46, "Big Brother": 2.6325000000000003, "The Nether": 2.0475, "Cheshire Cat": 2.34, "Creator": 3.0225, "Onyx Black": 3.45, "Black": 8.87, "just": 1.6575}, "Homemade Cake": {"Onyx Black": 2.25, "Black": 5.785, "just": 1.4449999999999998}, "Cookie Heart": {"Onyx Black": 2.59, "Black": 7.135000000000001, "just": 1.5979999999999999}, "Jester Hat": {"Onyx Black": 2.575, "Black": 6.094999999999999, "just": 1.4024999999999999}, "Holiday Drink": {"Onyx Black": 2.84, "Black": 5.1899999999999995, "just": 1.5979999999999999}, "Ginger Cookie": {"Onyx Black": 3.8449999999999998, "Black": 6.57, "just": 1.8615}, "Hypno Lollipop": {"Onyx Black": 2.79, "Black": 5.79, "just": 1.768}, "Winter Wreath": {"Onyx Black": 2.59, "Black": 8.97, "just": 1.649}, "Party Sparkler": {"Onyx Black": 2.935, "Black": 6.635000000000001, "just": 1.5895000000000001}, "Jingle Bells": {"Onyx Black": 2.72, "Black": 6.87, "just": 1.4789999999999999}, "Tama Gadget": {"Onyx Black": 3.475, "Black": 7.0200000000000005, "just": 1.7424999999999997}, "Jack-in-the-Box": {"Onyx Black": 3.06, "Black": 7.585, "just": 1.8444999999999998}, "Star Notepad": {"Onyx Black": 3.92, "Black": 8.745000000000001, "just": 1.9889999999999999}, "Easter Egg": {"Onyx Black": 3.78, "Black": 11.034999999999998, "just": 2.2695}, "Santa Hat": {"Onyx Black": 3.434, "Black": 8.314, "just": 2.2015}, "Hex Pot": {"Onyx Black": 4.045, "Black": 10.445, "just": 2.4565}, "Restless Jar": {"Onyx Black": 4.0, "Black": 9.75, "just": 2.125}, "Lush Bouquet": {"Onyx Black": 4.53, "Black": 7.67, "just": 2.329}, "Spiced Wine": {"Onyx Black": 2.822, "Black": 6.022, "just": 1.8444999999999998}, "Snow Globe": {"Onyx Black": 4.145, "Black": 10.345, "just": 2.2864999999999998}, "Joyful Bundle": {"Onyx Black": 3.49, "Black": 8.115, "just": 2.3205}, "Light Sword": {"Onyx Black": 4.204, "Black": 10.684, "just": 2.669}, "Witch Hat": {"Onyx Black": 4.3, "Black": 11.950000000000001, "just": 2.465}, "Bow Tie": {"Onyx Black": 4.968, "Black": 12.659999999999998, "just": 2.788}, "Eternal Candle": {"Onyx Black": 5.2940000000000005, "Black": 10.893999999999998, "just": 2.9665}, "Jelly Bunny": {"Onyx Black": 4.715, "Black": 10.715, "just": 2.9155}, "Bunny Muffin": {"Onyx Black": 5.507999999999999, "Black": 11.6, "just": 2.8899999999999997}, "Spy Agaric": {"Onyx Black": 4.720000000000001, "Black": 10.32, "just": 2.72}, "Evil Eye": {"Onyx Black": 6.5600000000000005, "Black": 13.2, "just": 3.06}, "Snow Mittens": {"Onyx Black": 4.602, "Black": 7.6819999999999995, "just": 3.1195}, "Berry Box": {"Onyx Black": 5.148, "Black": 11.543999999999999, "just": 3.043}, "Valentine Box": {"Onyx Black": 7.932, "Black": 12.408000000000001, "just": 3.5869999999999997}, "Sakura Flower": {"Onyx Black": 6.88, "Black": 13.780000000000001, "just": 4.08}, "Hanging Star": {"Onyx Black": 8.656, "Black": 15.175999999999998, "just": 4.505}, "Sleigh Bell": {"Onyx Black": 10.642, "Black": 18.601999999999997, "just": 6.5195}, "Love Candle": {"Onyx Black": 9.764, "Black": 15.963999999999999, "just": 6.7490000000000006}, "Skull Flower": {"Onyx Black": 9.74, "Black": 18.22, "just": 6.545}, "Crystal Ball": {"Onyx Black": 12.079999999999998, "Black": 29.48, "just": 6.63}, "Trapped Heart": {"Onyx Black": 11.764, "Black": 19.76, "just": 7.598999999999999}, "Top Hat": {"Onyx Black": 12.4, "Black": 25.852, "just": 6.8}, "Love Potion": {"Onyx Black": 10.87, "Black": 22.073999999999998, "just": 7.471499999999999}, "Flying Broom": {"Onyx Black": 10.87, "Black": 20.03, "just": 8.032499999999999}, "Cupid Charm": {"Onyx Black": 17.552, "Black": 32.756, "just": 9.571}, "Record Player": {"Onyx Black": 11.102, "Black": 20.722, "just": 6.7745}, "Eternal Rose": {"Onyx Black": 18.358, "Black": 32.358000000000004, "just": 11.840499999999999}, "Mad Pumpkin": {"Onyx Black": 24.412000000000003, "Black": 41.56, "just": 15.81}, "Voodoo Doll": {"Onyx Black": 23.759999999999998, "Black": 54.428, "just": 14.772999999999998}, "Diamond Ring": {"Onyx Black": 22.634, "Black": 45.814, "just": 13.9315}, "Toy Bear": {"Onyx Black": 25.1, "Black": 47.58, "just": 16.405}, "Vintage Cigar": {"Onyx Black": 33.952, "Black": 55.6, "just": 20.4}, "Neko Helmet": {"Onyx Black": 37.984, "Black": 75.98400000000001, "just": 22.644}, "Low Rider": {"Onyx Black": 34.44, "Black": 86.47999999999999, "just": 21.08}, "Signet Ring": {"Onyx Black": 35.86, "Black": 77.06, "just": 21.335}, "Electric Skull": {"Onyx Black": 39.72, "Black": 68.196, "just": 26.349999999999998}, "Kissed Frog": {"Onyx Black": 44.36, "Black": 80.4,