{"Snoop Dogg": {"Doberman": 3.6279999999999997, "AI Dogg": 2.9819999999999998, "Doggfather": 3.1910000000000003, "Goldizzle": 7.953, "Chrome": 2.3259999999999996, "King Snoop": 4.606000000000001, "Emerald": 1.9305000000000003, "Black Diamond": 1.883, "Sapphire": 1.9210000000000003, "Cold Topaz": 1.883, "Onyx Black": 2.79, "Black": 10.77, "just": 1.4195}, "Swag Bag": {"April 20th": 2.8675, "Bulk Order": 2.1275, "Gin & Jewels": 2.035, "Cashback": 2.8675, "Golden Nugs": 1.9425000000000001, "Snoop Life": 2.1275, "Darkness": 2.1275, "Take It Easy": 2.035, "Missionary": 6.4750000000000005, "Boiling Hot": 2.3125, "Happy Herbs": 2.8675, "Onyx Black": 3.165, "Black": 6.925000000000001, "just": 1.5725}, "Snoop Cigar": {"Onyx Black": 8.115, "Black": 18.215, "just": 3.7655}, "Lol Pop": {"Andromeda": 2.0615, "Doodle Art": 1.4630000000000003, "Celestia": 2.0615, "Fire Vortex": 1.3965, "Heart Pop": 1.3965, "Dark Portal": 2.0615, "Comic Crunch": 1.3965, "Milky Way": 1.4630000000000003, "Einstein": 1.5294999999999999, "Nostalgia": 1.596, "Pumpkin": 1.4630000000000003, "Cobweb": 1.5294999999999999, "Rosebud": 1.596, "Blood Ember": 1.596, "Mortal Sin": 2.66, "Sweetheart": 1.5294999999999999, "Wonka Berry": 1.4630000000000003, "Glowstick": 2.0615, "Icicle": 1.4630000000000003, "Hexed Helix": 1.4630000000000003, "Love Bubbles": 1.4630000000000003, "Pink Foil": 1.3965, "Soap Bubbles": 1.3965, "Dark Sky": 1.5294999999999999, "Blood Sucker": 1.6625, "Shock Wave": 1.3965, "Satellite": 1.729, "Jolly Roger": 1.6625, "Cookie Dip": 1.4630000000000003, "Jinxed": 1.4630000000000003, "Crystalline": 1.3965, "Angelina": 2.0615, "Watermelon": 1.4630000000000003, "Onyx Black": 1.7750000000000001, "Black": 5.115, "just": 1.1305}, "B-Day Candle": {"Purr Magic": 1.953, "Happy Meows": 2.52, "Final Boss": 1.953, "Shocker": 1.953, "Pixel Wish": 1.953, "Kaboom!": 1.701, "Payday": 1.953, "On Fire": 1.953, "Onyx Black": 1.63, "Black": 4.7299999999999995, "just": 1.071}, "Desk Calendar": {"Telegram": 1.953, "Heartbreak": 1.3860000000000001, "Investor": 4.41, "Fawkes Night": 4.41, "Balloon Face": 1.575, "Deadline": 2.52, "Pepe Plans": 4.41, "Peach Week": 1.6380000000000001, "Durov Day": 2.52, "Burning Time": 1.953, "Fund Manager": 1.953, "Sunday": 2.52, "Adult Tasks": 4.41, "Hodler": 3.5279999999999996, "Independence": 3.5279999999999996, "Checklist": 1.701, "Tic Tac Toe": 1.701, "Onyx Black": 1.63, "Black": 5.13, "just": 1.071}, "Lunar Snake": {"Timelock": 1.917, "Soul Eater": 2.201, "Synthwave": 3.9759999999999995, "Hot Cherry": 2.201, "Hellspawn": 3.9759999999999995, "Python Dev": 2.201, "Dragon Ball": 4.97, "Psychedelic": 1.917, "Onyx Black": 2.0, "Black": 5.11, "just": 1.2069999999999999}, "Xmas Stocking": {"Onyx Black": 1.9900000000000002, "Black": 5.27, "just": 1.139}, "Snake Box": {"Onyx Black": 1.8199999999999998, "Black": 4.86, "just": 1.122}, "Pet Snake": {"Onyx Black": 2.31, "Black": 5.285, "just": 1.377}, "Candy Cane": {"Sticky Sweet": 2.4645, "Grinch": 3.18, "Designer": 5.565, "Hex Pot": 2.4645, "Onyx Black": 2.395, "Black": 5.545, "just": 1.3515}, "Whip Cupcake": {"Bitcoin": 4.795, "Deep State": 2.1235000000000004, "Sponge Duck": 2.74, "Resistance": 4.795, "Toncoin": 2.1235000000000004, "Onyx Black": 2.135, "Black": 5.33, "just": 1.1645}, "Big Year": {"Pavel Durov": 4.816, "Bitcoin": 4.816, "Game Boy": 2.236, "Balloons": 1.8920000000000001, "The Nether": 2.15, "YouTubes": 2.666, "The Hobbit": 3.44, "Gold Mine": 4.816, "Creator": 2.666, "Qing Dynasty": 3.44, "Cheshire Cat": 2.236, "First Website": 1.9779999999999998, "Pokeball": 2.666, "Telegram": 4.816, "Big Brother": 2.322, "Onyx Black": 2.7300000000000004, "Black": 7.859999999999999, "just": 1.462}, "Homemade Cake": {"Onyx Black": 2.045, "Black": 5.050000000000001, "just": 1.36}, "Cookie Heart": {"Onyx Black": 2.36, "Black": 6.109999999999999, "just": 1.462}, "Jester Hat": {"Onyx Black": 2.9400000000000004, "Black": 6.569999999999999, "just": 1.394}, "Holiday Drink": {"Onyx Black": 2.3049999999999997, "Black": 5.585000000000001, "just": 1.5045}, "Ginger Cookie": {"Onyx Black": 3.415, "Black": 6.415, "just": 1.5555}, "Hypno Lollipop": {"Onyx Black": 2.7, "Black": 6.84, "just": 1.53}, "Winter Wreath": {"Onyx Black": 2.4299999999999997, "Black": 7.845000000000001, "just": 1.4364999999999999}, "Party Sparkler": {"Onyx Black": 2.935, "Black": 7.935, "just": 1.5895000000000001}, "Jingle Bells": {"Onyx Black": 2.455, "Black": 6.375, "just": 1.4875}, "Tama Gadget": {"Onyx Black": 2.925, "Black": 6.41, "just": 1.5725}, "Jack-in-the-Box": {"Onyx Black": 2.73, "Black": 7.94, "just": 1.8104999999999998}, "Star Notepad": {"Onyx Black": 4.115, "Black": 8.885, "just": 1.8955}, "Easter Egg": {"Onyx Black": 3.6799999999999997, "Black": 10.879999999999999, "just": 2.006}, "Santa Hat": {"Onyx Black": 3.245, "Black": 9.545000000000002, "just": 1.9465}, "Hex Pot": {"Onyx Black": 3.385, "Black": 7.970000000000001, "just": 1.9295}, "Restless Jar": {"Onyx Black": 3.795, "Black": 8.375, "just": 1.9549999999999998}, "Lush Bouquet": {"Onyx Black": 3.445, "Black": 8.02, "just": 2.159}, "Spiced Wine": {"Onyx Black": 3.0650000000000004, "Black": 7.824999999999999, "just": 1.683}, "Snow Globe": {"Onyx Black": 3.92, "Black": 9.045000000000002, "just": 1.9465}, "Joyful Bundle": {"Onyx Black": 3.69, "Black": 8.094999999999999, "just": 2.2015}, "Light Sword": {"Onyx Black": 4.5, "Black": 11.25, "just": 2.38}, "Witch Hat": {"Onyx Black": 3.9299999999999997, "Black": 10.379999999999999, "just": 2.3459999999999996}, "Bow Tie": {"Onyx Black": 4.72, "Black": 14.72, "just": 2.6264999999999996}, "Eternal Candle": {"Onyx Black": 4.945, "Black": 13.945, "just": 2.4565}, "Jelly Bunny": {"Onyx Black": 4.55, "Black": 9.950000000000001, "just": 2.635}, "Bunny Muffin": {"Onyx Black": 6.67, "Black": 21.665000000000003, "just": 2.839}, "Spy Agaric": {"Onyx Black": 5.17, "Black": 10.42, "just": 2.4139999999999997}, "Evil Eye": {"Onyx Black": 5.705, "Black": 15.610000000000001, "just": 2.907}, "Snow Mittens": {"Onyx Black": 4.37, "Black": 8.3, "just": 2.3375}, "Berry Box": {"Onyx Black": 4.645, "Black": 14.264999999999999, "just": 3.0004999999999997}, "Valentine Box": {"Onyx Black": 7.935, "Black": 10.934999999999999, "just": 3.2895}, "Sakura Flower": {"Onyx Black": 5.785, "Black": 18.1, "just": 3.57}, "Hanging Star": {"Onyx Black": 7.605, "Black": 16.455, "just": 4.1735}, "Sleigh Bell": {"Onyx Black": 10.84, "Black": 18.735, "just": 5.0065}, "Love Candle": {"Onyx Black": 7.84, "Black": 15.440000000000001, "just": 5.423}, "Skull Flower": {"Onyx Black": 8.595, "Black": 16.9, "just": 4.93}, "Crystal Ball": {"Onyx Black": 10.235, "Black": 28.26, "just": 5.542}, "Trapped Heart": {"Onyx Black": 11.899999999999999, "Black": 23.4, "just": 6.63}, "Top Hat": {"Onyx Black": 15.68, "Black": 26.03, "just": 6.256}, "Love Potion": {"Onyx Black": 10.280000000000001, "Black": 28.53, "just": 6.851}, "Flying Broom": {"Onyx Black": 10.71, "Black": 19.21, "just": 7.157}, "Cupid Charm": {"Onyx Black": 16.025, "Black": 37.025000000000006, "just": 8.5425}, "Record Player": {"Onyx Black": 11.855, "Black": 23.95, "just": 6.7235}, "Eternal Rose": {"Onyx Black": 18.445, "Black": 36.445, "just": 10.9565}, "Mad Pumpkin": {"Onyx Black": 18.244999999999997, "Black": 39.5, "just": 11.9}, "Voodoo Doll": {"Onyx Black": 22.32, "Black": 45.82, "just": 12.444}, "Diamond Ring": {"Onyx Black": 19.78, "Black": 43.795, "just": 12.4015}, "Toy Bear": {"Onyx Black": 24.485, "Black": 53.035000000000004, "just": 14.5095}, "Vintage Cigar": {"Onyx Black": 36.45, "Black": 71.44999999999999, "just": 19.465}, "Neko Helmet": {"Onyx Black": 41.295, "Black": 71.28999999999999, "just": 19.2015}, "Low Rider": {"Onyx Black": 38.495, "Black": 106.74499999999999, "just": 20.816499999999998}, "Signet Ring": {"Onyx Black": 34.195, "Black": 85.695, "just": 19.8815}, "Electric Skull": {"Onyx Black": 37.485, "Black": 68.99, "just": 21.233}, "Kissed Frog": {"Onyx Black": 45.71, "Black": 98.71, "just": 27.557000000000002},