{"Snoop Dogg": {"AI Dogg": 2.7704999999999997, "Goldizzle": 7.3505, "Black Diamond": 2.1060000000000003, "Doberman": 3.231, "King Snoop": 4.8455, "Sapphire": 2.1060000000000003, "Doggfather": 2.856, "Chrome": 2.3055000000000003, "Onyx Black": 3.27, "Black": 9.956153846153846, "just": 1.5385}, "Swag Bag": {"Cashback": 3.069, "Boiling Hot": 2.475, "Gin & Jewels": 2.574, "Darkness": 2.079, "Bulk Order": 2.3165999999999998, "Missionary": 6.93, "Leopard": 2.376, "Happy Herbs": 3.069, "Aviators": 2.079, "P.I.M.P.": 2.079, "Take It Easy": 3.069, "April 20th": 3.069, "Dogg’s Loot": 2.079, "Snoop Life": 3.069, "Onyx Black": 3.09, "Black": 7.49, "just": 1.683}, "Snoop Cigar": {"Onyx Black": 7.925000000000001, "Black": 19.27, "just": 4.156499999999999}, "Lol Pop": {"Satellite": 1.8375, "Celestia": 2.2785, "Heart Pop": 1.617, "Pumpkin": 1.617, "Jolly Roger": 1.8375, "Blood Ember": 1.5435, "Love Bubbles": 1.8375, "Angelina": 2.2785, "Dark Sky": 1.617, "Comic Crunch": 1.5435, "Glowstick": 2.2785, "Jinxed": 1.617, "Mortal Sin": 2.94, "Dark Portal": 1.911, "Sick Leave": 1.5435, "Blood Sucker": 1.9845000000000002, "Milky Way": 1.617, "Shock Wave": 1.5435, "Cobweb": 1.5435, "Doodle Art": 1.617, "Nostalgia": 1.5435, "Einstein": 1.7198999999999998, "Hollywood": 1.5435, "Rosebud": 1.7198999999999998, "Hexed Helix": 1.8375, "Andromeda": 1.9845000000000002, "Sweetheart": 1.8375, "Onyx Black": 2.035, "Black": 5.215000000000001, "just": 1.2495}, "B-Day Candle": {"Happy Meows": 2.2475, "On Fire": 2.2475, "Pixel Wish": 2.2475, "Payday": 2.2475, "Final Boss": 2.2475, "Kaboom!": 1.9575, "Purr Magic": 2.2475, "Onyx Black": 1.9449999999999998, "Black": 5.1899999999999995, "just": 1.2325}, "Desk Calendar": {"Sunday": 1.917, "Heartbreak": 1.562, "Tic Tac Toe": 2.201, "Durov Day": 4.97, "Pepe Plans": 14.705, "Hodler": 4.97, "Peach Week": 2.201, "Fawkes Night": 2.84, "Adult Tasks": 27.634999999999998, "Telegram": 2.201, "Checklist": 2.201, "Fund Manager": 2.201, "Deadline": 2.201, "Burning Time": 2.201, "Investor": 8.71, "Independence": 2.201, "Balloon Face": 1.8459999999999999, "Onyx Black": 1.885, "Black": 5.36, "just": 1.2069999999999999}, "Lunar Snake": {"Soul Eater": 2.294, "Python Dev": 1.998, "Hot Cherry": 2.294, "Synthwave": 5.18, "Hellspawn": 1.998, "Psychedelic": 2.294, "Timelock": 2.294, "Dragon Ball": 5.18, "Onyx Black": 2.335, "Black": 5.475, "just": 1.258}, "Xmas Stocking": {"Onyx Black": 2.31, "Black": 5.4350000000000005, "just": 1.2495}, "Snake Box": {"Onyx Black": 2.21, "Black": 5.414999999999999, "just": 1.309}, "Pet Snake": {"Onyx Black": 2.395, "Black": 6.1499999999999995, "just": 1.5215}, "Candy Cane": {"Designer": 5.53, "Sticky Sweet": 2.4490000000000003, "Hex Pot": 4.4239999999999995, "Grinch": 3.16, "Onyx Black": 2.415, "Black": 5.79, "just": 1.343}, "Whip Cupcake": {"Deep State": 2.2005, "Resistance": 5.705, "Toncoin": 2.5265, "Bitcoin": 11.315000000000001, "Sponge Duck": 2.5265, "Onyx Black": 2.2800000000000002, "Black": 5.3149999999999995, "just": 1.3855}, "Big Year": {"Qing Dynasty": 2.9295, "Bitcoin": 5.292, "Game Boy": 2.079, "YouTubes": 2.9295, "Pavel Durov": 8.445, "Pokeball": 2.5515, "Balloons": 2.1734999999999998, "Gold Mine": 6.614999999999999, "Cheshire Cat": 2.9295, "The Hobbit": 3.78, "First Website": 1.9845, "Big Brother": 2.9295, "Creator": 2.9295, "The Nether": 2.9295, "Telegram": 5.292, "Onyx Black": 4.3950000000000005, "Black": 9.145, "just": 1.6064999999999998}, "Homemade Cake": {"Onyx Black": 2.365, "Black": 5.640000000000001, "just": 1.5979999999999999}, "Cookie Heart": {"Onyx Black": 2.435, "Black": 6.695, "just": 1.615}, "Jester Hat": {"Onyx Black": 2.62, "Black": 6.49, "just": 1.4789999999999999}, "Holiday Drink": {"Onyx Black": 2.675, "Black": 6.215, "just": 1.615}, "Ginger Cookie": {"Onyx Black": 3.54, "Black": 6.885, "just": 1.683}, "Hypno Lollipop": {"Onyx Black": 3.46, "Black": 6.925000000000001, "just": 1.6575}, "Winter Wreath": {"Moon Cat": 100.485, "Onyx Black": 2.885, "Black": 6.984999999999999, "just": 1.6744999999999999}, "Party Sparkler": {"Onyx Black": 2.9699999999999998, "Black": 7.245, "just": 1.6575}, "Jingle Bells": {"Onyx Black": 2.8049999999999997, "Black": 6.18, "just": 1.7934999999999999}, "Tama Gadget": {"Onyx Black": 3.46, "Black": 6.785, "just": 1.785}, "Jack-in-the-Box": {"Onyx Black": 3.1950000000000003, "Black": 6.945, "just": 1.8615}, "Star Notepad": {"Onyx Black": 3.7600000000000002, "Black": 9.184999999999999, "just": 2.0145}, "Easter Egg": {"Onyx Black": 3.8200000000000003, "Black": 10.9, "just": 2.4565}, "Santa Hat": {"Onyx Black": 3.9, "Black": 8.276, "just": 2.38}, "Hex Pot": {"Onyx Black": 3.995, "Black": 9.89, "just": 2.3715}, "Restless Jar": {"Onyx Black": 3.81, "Black": 9.285, "just": 2.227}, "Lush Bouquet": {"Onyx Black": 4.59, "Black": 8.850000000000001, "just": 2.72}, "Spiced Wine": {"Onyx Black": 3.37, "Black": 6.601999999999999, "just": 2.0825}, "Snow Globe": {"Onyx Black": 4.91, "Black": 11.415000000000001, "just": 2.4055}, "Joyful Bundle": {"Onyx Black": 3.965, "Black": 9.615, "just": 2.363}, "Light Sword": {"Onyx Black": 4.5360000000000005, "Black": 9.86, "just": 2.635}, "Witch Hat": {"Onyx Black": 4.09, "Black": 12.09, "just": 2.703}, "Bow Tie": {"Onyx Black": 4.58, "Black": 11.664000000000001, "just": 2.8049999999999997}, "Eternal Candle": {"Onyx Black": 5.418, "Black": 11.258000000000001, "just": 2.9155}, "Jelly Bunny": {"Onyx Black": 5.1450000000000005, "Black": 10.595, "just": 2.8815}, "Bunny Muffin": {"Onyx Black": 4.608, "Black": 11.584, "just": 3.094}, "Spy Agaric": {"Onyx Black": 5.494, "Black": 10.486, "just": 2.9665}, "Evil Eye": {"Onyx Black": 6.002, "Black": 13.402, "just": 3.1195}, "Snow Mittens": {"Onyx Black": 5.764, "Black": 7.964, "just": 3.3489999999999998}, "Berry Box": {"Onyx Black": 5.236, "Black": 10.596, "just": 3.111}, "Valentine Box": {"Onyx Black": 7.220000000000001, "Black": 12.82, "just": 3.995}, "Sakura Flower": {"Onyx Black": 6.54, "Black": 16.14, "just": 4.165}, "Hanging Star": {"Onyx Black": 8.71, "Black": 15.309999999999999, "just": 4.972499999999999}, "Sleigh Bell": {"Onyx Black": 12.559999999999999, "Black": 20.56, "just": 6.46}, "Love Candle": {"Onyx Black": 10.34, "Black": 17.200000000000003, "just": 7.14}, "Skull Flower": {"Onyx Black": 11.54, "Black": 18.46, "just": 6.715}, "Crystal Ball": {"Onyx Black": 12.282, "Black": 27.522000000000002, "just": 6.6895}, "Trapped Heart": {"Onyx Black": 12.873999999999999, "Black": 17.674, "just": 7.471499999999999}, "Top Hat": {"Onyx Black": 14.92, "Black": 26.52, "just": 6.969999999999999}, "Love Potion": {"Onyx Black": 13.378, "Black": 23.786, "just": 8.2025}, "Flying Broom": {"Onyx Black": 12.07, "Black": 17.67, "just": 8.032499999999999}, "Cupid Charm": {"Onyx Black": 18.094, "Black": 32.694, "just": 9.7665}, "Record Player": {"Onyx Black": 10.56, "Black": 20.8, "just": 6.8}, "Eternal Rose": {"Onyx Black": 20.534, "Black": 33.974000000000004, "just": 12.1465}, "Mad Pumpkin": {"Onyx Black": 24.128, "Black": 40.104, "just": 16.048}, "Voodoo Doll": {"Onyx Black": 23.996000000000002, "Black": 44.6, "just": 14.45}, "Diamond Ring": {"Onyx Black": 21.369999999999997, "Black": 42.17, "just": 14.407499999999999}, "Toy Bear": {"Onyx Black": 33.434, "Black": 51.194, "just": 22.091499999999996}, "Vintage Cigar": {"Onyx Black": 37.014, "Black": 64.774, "just": 20.9865}, "Neko Helmet": {"Onyx Black": 38.764, "Black": 67.484, "just": 23.749}, "Low Rider": {"Onyx Black": 32.6, "Black": 83.888, "just": 21.25}, "Signet Ring": {"Onyx Black": 37.257999999999996, "Black": 76.418, "just": 23.3155}, "Electric Skull": {"Onyx Black": 43.976, "Black": 75.97999999999999, "just": 28.304999999999996}, "Kissed Frog": {"Onyx Black": 46.007999999999996, "Black": 80.80799999999999, "just": 29.477999999999998}, "Swiss Watch": {"Onyx Black": 42.774, "Black": 72.774, "just": 29.996499999999997}, "Sharp Tongue": {"Onyx Black": 56.334, "Black": 141.13400000000001, "just": 35.6065}, "Genie Lamp": {"Onyx Black": 68.594, "Black": 186.594,