{"Snoop Dogg": {"Cold Topaz": 2.016, "King Snoop": 4.6155, "AI Dogg": 2.9915000000000003, "Doberman": 3.647, "Emerald": 1.9210000000000003, "Sapphire": 1.9305000000000003, "Goldizzle": 7.953, "Chrome": 2.168, "Doggfather": 3.153, "Black Diamond": 1.883, "Onyx Black": 2.7866666666666666, "Black": 10.767692307692307, "just": 1.4109999999999998}, "Swag Bag": {"Cashback": 2.79, "Happy Herbs": 2.79, "Darkness": 2.16, "April 20th": 2.79, "P.I.M.P.": 1.8900000000000001, "Leopard": 1.8900000000000001, "Missionary": 6.3, "Snoop Life": 2.07, "Golden Nugs": 1.8900000000000001, "Take It Easy": 2.07, "Bulk Order": 2.16, "Gin & Jewels": 1.9800000000000002, "Boiling Hot": 2.25, "Onyx Black": 3.365, "Black": 6.8999999999999995, "just": 1.53}, "Snoop Cigar": {"Onyx Black": 8.100000000000001, "Black": 18.200000000000003, "just": 3.74}, "Lol Pop": {"Pink Foil": 1.3965, "Andromeda": 2.0615, "Satellite": 1.729, "Watermelon": 1.4630000000000003, "Dark Sky": 1.5294999999999999, "Blood Ember": 1.596, "Angelina": 1.7955000000000003, "Wonka Berry": 1.4630000000000003, "Fire Vortex": 1.3965, "Dark Portal": 2.0615, "Milky Way": 1.4630000000000003, "Doodle Art": 1.4630000000000003, "Rosebud": 1.6625, "Hexed Helix": 1.4630000000000003, "Icicle": 1.4630000000000003, "Cobweb": 1.5294999999999999, "Sweetheart": 1.5294999999999999, "Heart Pop": 1.3965, "Soap Bubbles": 1.3965, "Shock Wave": 1.3965, "Comic Crunch": 1.3965, "Crystalline": 1.3965, "Jinxed": 1.4630000000000003, "Einstein": 1.5294999999999999, "Mortal Sin": 2.66, "Love Bubbles": 1.4630000000000003, "Glowstick": 2.0615, "Cookie Dip": 1.4630000000000003, "Pumpkin": 1.4630000000000003, "Celestia": 2.0615, "Jolly Roger": 1.6625, "Nostalgia": 1.596, "Blood Sucker": 1.6625, "Onyx Black": 1.7750000000000001, "Black": 5.115, "just": 1.1305}, "B-Day Candle": {"Purr Magic": 1.9685000000000001, "Happy Meows": 2.54, "Kaboom!": 1.7145000000000001, "Shocker": 1.9685000000000001, "On Fire": 1.9685000000000001, "Final Boss": 1.9685000000000001, "Payday": 1.9685000000000001, "Pixel Wish": 1.9685000000000001, "Onyx Black": 1.635, "Black": 4.835000000000001, "just": 1.0795}, "Desk Calendar": {"Adult Tasks": 4.41, "Pepe Plans": 4.41, "Heartbreak": 1.3860000000000001, "Deadline": 2.52, "Fund Manager": 1.953, "Independence": 3.5279999999999996, "Sunday": 2.52, "Investor": 4.41, "Hodler": 3.5279999999999996, "Durov Day": 2.52, "Balloon Face": 1.575, "Telegram": 1.953, "Peach Week": 1.6380000000000001, "Tic Tac Toe": 1.701, "Fawkes Night": 4.41, "Checklist": 1.701, "Burning Time": 1.953, "Onyx Black": 1.685, "Black": 5.13, "just": 1.071}, "Lunar Snake": {"Dragon Ball": 5.005, "Psychedelic": 1.9305, "Python Dev": 2.2165, "Hellspawn": 4.004, "Soul Eater": 1.7874999999999999, "Hot Cherry": 2.2165, "Timelock": 1.9305, "Synthwave": 4.004, "Onyx Black": 2.005, "Black": 5.115, "just": 1.2155}, "Xmas Stocking": {"Onyx Black": 1.965, "Black": 5.244999999999999, "just": 1.0965}, "Snake Box": {"Onyx Black": 1.81, "Black": 4.8500000000000005, "just": 1.105}, "Pet Snake": {"Onyx Black": 2.3, "Black": 5.275, "just": 1.36}, "Candy Cane": {"Hex Pot": 2.4800000000000004, "Sticky Sweet": 2.4800000000000004, "Grinch": 3.2, "Designer": 5.6000000000000005, "Onyx Black": 2.4000000000000004, "Black": 5.800000000000001, "just": 1.36}, "Whip Cupcake": {"Deep State": 1.89, "Resistance": 4.8999999999999995, "Sponge Duck": 2.8, "Bitcoin": 4.8999999999999995, "Toncoin": 2.17, "Onyx Black": 2.15, "Black": 5.344999999999999, "just": 1.19}, "Big Year": {"Cheshire Cat": 2.236, "YouTubes": 2.666, "Balloons": 1.8920000000000001, "Big Brother": 2.322, "Telegram": 4.816, "Gold Mine": 4.816, "Pavel Durov": 4.816, "The Hobbit": 3.44, "Pokeball": 2.666, "Bitcoin": 4.816, "First Website": 1.9779999999999998, "Creator": 2.666, "Qing Dynasty": 3.44, "Game Boy": 2.236, "The Nether": 2.15, "Onyx Black": 2.7300000000000004, "Black": 7.859999999999999, "just": 1.462}, "Homemade Cake": {"Onyx Black": 2.0100000000000002, "Black": 5.015, "just": 1.3005}, "Cookie Heart": {"Onyx Black": 2.365, "Black": 6.34, "just": 1.4705}, "Jester Hat": {"Onyx Black": 2.9000000000000004, "Black": 6.529999999999999, "just": 1.326}, "Holiday Drink": {"Onyx Black": 2.3049999999999997, "Black": 5.585000000000001, "just": 1.5045}, "Ginger Cookie": {"Onyx Black": 3.4000000000000004, "Black": 6.3999999999999995, "just": 1.53}, "Hypno Lollipop": {"Onyx Black": 2.6950000000000003, "Black": 6.835, "just": 1.5215}, "Winter Wreath": {"Onyx Black": 2.435, "Black": 7.8500000000000005, "just": 1.4449999999999998}, "Party Sparkler": {"Onyx Black": 2.8449999999999998, "Black": 7.944999999999999, "just": 1.6064999999999998}, "Jingle Bells": {"Onyx Black": 2.455, "Black": 6.375, "just": 1.4875}, "Tama Gadget": {"Onyx Black": 2.92, "Black": 6.405, "just": 1.564}, "Jack-in-the-Box": {"Onyx Black": 2.74, "Black": 7.949999999999999, "just": 1.8275}, "Star Notepad": {"Onyx Black": 4.115, "Black": 8.885, "just": 1.8955}, "Easter Egg": {"Onyx Black": 3.6799999999999997, "Black": 10.879999999999999, "just": 2.006}, "Santa Hat": {"Onyx Black": 3.225, "Black": 9.525, "just": 1.9124999999999999}, "Hex Pot": {"Onyx Black": 3.695, "Black": 7.9799999999999995, "just": 1.9465}, "Restless Jar": {"Onyx Black": 3.8049999999999997, "Black": 8.385, "just": 1.9719999999999998}, "Lush Bouquet": {"Onyx Black": 3.4499999999999997, "Black": 8.524999999999999, "just": 2.1675}, "Spiced Wine": {"Onyx Black": 2.71, "Black": 7.795, "just": 1.632}, "Snow Globe": {"Onyx Black": 3.94, "Black": 9.045000000000002, "just": 1.9465}, "Joyful Bundle": {"Onyx Black": 3.69, "Black": 8.094999999999999, "just": 2.2015}, "Light Sword": {"Onyx Black": 4.495, "Black": 11.245000000000001, "just": 2.3715}, "Witch Hat": {"Onyx Black": 3.9399999999999995, "Black": 10.39, "just": 2.363}, "Bow Tie": {"Onyx Black": 4.725, "Black": 14.725, "just": 2.635}, "Eternal Candle": {"Onyx Black": 4.949999999999999, "Black": 13.950000000000001, "just": 2.465}, "Jelly Bunny": {"Onyx Black": 4.55, "Black": 10.0, "just": 2.635}, "Bunny Muffin": {"Onyx Black": 6.68, "Black": 21.675, "just": 2.856}, "Spy Agaric": {"Onyx Black": 5.175000000000001, "Black": 10.425, "just": 2.4225}, "Evil Eye": {"Onyx Black": 5.6850000000000005, "Black": 15.59, "just": 2.8729999999999998}, "Snow Mittens": {"Onyx Black": 4.375, "Black": 8.3, "just": 2.3375}, "Berry Box": {"Onyx Black": 4.655, "Black": 14.195, "just": 2.8815}, "Valentine Box": {"Onyx Black": 7.965, "Black": 10.965, "just": 3.3405}, "Sakura Flower": {"Onyx Black": 5.76, "Black": 18.075000000000003, "just": 3.5275000000000003}, "Hanging Star": {"Onyx Black": 7.635, "Black": 16.485, "just": 4.2245}, "Sleigh Bell": {"Onyx Black": 10.844999999999999, "Black": 18.740000000000002, "just": 5.015000000000001}, "Love Candle": {"Onyx Black": 7.870000000000001, "Black": 15.469999999999999, "just": 5.474}, "Skull Flower": {"Onyx Black": 8.64, "Black": 16.945, "just": 5.0065}, "Crystal Ball": {"Onyx Black": 10.25, "Black": 28.275000000000002, "just": 5.5675}, "Trapped Heart": {"Onyx Black": 11.875, "Black": 23.375, "just": 6.5874999999999995}, "Top Hat": {"Onyx Black": 15.684999999999999, "Black": 26.035000000000004, "just": 6.2645}, "Love Potion": {"Onyx Black": 10.245000000000001, "Black": 28.494999999999997, "just": 6.7915}, "Flying Broom": {"Onyx Black": 10.715, "Black": 19.215, "just": 7.1655}, "Cupid Charm": {"Onyx Black": 16.025, "Black": 37.025000000000006, "just": 8.5425}, "Record Player": {"Onyx Black": 11.855, "Black": 23.95, "just": 6.7235}, "Eternal Rose": {"Onyx Black": 18.45, "Black": 36.45, "just": 10.965}, "Mad Pumpkin": {"Onyx Black": 18.244999999999997, "Black": 39.5, "just": 11.9}, "Voodoo Doll": {"Onyx Black": 22.245, "Black": 45.745, "just": 12.3165}, "Diamond Ring": {"Onyx Black": 19.785, "Black": 43.8, "just": 12.41}, "Toy Bear": {"Onyx Black": 24.595, "Black": 53.095, "just": 14.611500000000001}, "Vintage Cigar": {"Onyx Black": 36.46, "Black": 71.46000000000001, "just": 19.482}, "Neko Helmet": {"Onyx Black": 41.29, "Black": 71.285,