{"Snoop Dogg": {"Doberman": 3.7135000000000002, "Chrome": 2.2155, "Sapphire": 2.0255, "Goldizzle": 6.5905, "King Snoop": 4.9005, "Black Diamond": 2.1775, "AI Dogg": 2.7065, "Doggfather": 2.8680000000000003, "Emerald": 1.8355000000000004, "Cold Topaz": 1.9020000000000001, "Onyx Black": 2.8033333333333332, "Black": 10.363846153846154, "just": 1.3685}, "Swag Bag": {"P.I.M.P.": 1.9800000000000002, "Darkness": 1.8900000000000001, "Missionary": 6.3, "Cashback": 2.79, "Gin & Jewels": 2.07, "Take It Easy": 2.07, "Happy Herbs": 2.79, "Bulk Order": 2.07, "Golden Nugs": 1.8900000000000001, "Snoop Life": 2.43, "April 20th": 2.79, "Boiling Hot": 2.25, "Onyx Black": 2.9000000000000004, "Black": 6.89, "just": 1.53}, "Snoop Cigar": {"Onyx Black": 7.73, "Black": 18.73, "just": 3.791}, "Lol Pop": {"Doodle Art": 1.536, "Sailor Moon": 1.536, "Glowstick": 1.9840000000000002, "Icicle": 1.4080000000000001, "Pumpkin": 1.472, "Hexed Helix": 1.4080000000000001, "Rosebud": 1.6640000000000001, "Andromeda": 1.9840000000000002, "Pink Foil": 1.472, "Watermelon": 1.4080000000000001, "Nostalgia": 1.344, "Wonka Berry": 1.472, "Comic Crunch": 1.344, "Blood Sucker": 1.6, "Dark Sky": 1.4080000000000001, "Blood Ember": 1.6640000000000001, "Shock Wave": 1.344, "Romance": 1.344, "Angelina": 1.9840000000000002, "Dark Portal": 1.472, "Sweetheart": 1.472, "Celestia": 1.9840000000000002, "Heart Pop": 1.344, "Sick Leave": 1.344, "Mortal Sin": 2.56, "Jolly Roger": 1.6, "Einstein": 1.344, "Satellite": 1.6640000000000001, "Cobweb": 1.4080000000000001, "Cookie Dip": 1.472, "Jinxed": 1.472, "Portable Pop": 1.344, "Fire Vortex": 1.4080000000000001, "Milky Way": 1.4080000000000001, "Love Bubbles": 1.472, "Onyx Black": 1.79, "Black": 5.04, "just": 1.088}, "B-Day Candle": {"On Fire": 2.46, "Final Boss": 1.9065, "Shocker": 1.9065, "Kaboom!": 1.9065, "Pixel Wish": 1.9065, "Happy Meows": 2.46, "Payday": 1.9065, "Purr Magic": 1.9065, "Onyx Black": 1.5899999999999999, "Black": 4.615, "just": 1.0454999999999999}, "Desk Calendar": {"Peach Week": 1.599, "Balloon Face": 1.599, "Fund Manager": 1.9065, "Checklist": 1.9065, "Heartbreak": 1.353, "Sunday": 1.9065, "Hodler": 4.305, "Investor": 4.305, "Adult Tasks": 4.305, "Burning Time": 1.9065, "Tic Tac Toe": 1.6605, "Durov Day": 2.46, "Deadline": 2.46, "Telegram": 1.9065, "Independence": 3.444, "Pepe Plans": 4.305, "Fawkes Night": 4.305, "Onyx Black": 1.58, "Black": 4.5, "just": 1.0454999999999999}, "Lunar Snake": {"Hot Cherry": 2.1545, "Timelock": 1.8765, "Python Dev": 2.1545, "Synthwave": 3.8919999999999995, "Hellspawn": 2.1545, "Soul Eater": 1.807, "Psychedelic": 2.1545, "Dragon Ball": 4.864999999999999, "Onyx Black": 1.995, "Black": 4.8950000000000005, "just": 1.1815}, "Xmas Stocking": {"Onyx Black": 1.945, "Black": 5.145, "just": 1.0965}, "Snake Box": {"Onyx Black": 1.885, "Black": 4.835000000000001, "just": 1.0795}, "Pet Snake": {"Onyx Black": 2.19, "Black": 5.27, "just": 1.3515}, "Candy Cane": {"Sticky Sweet": 2.4490000000000003, "Hex Pot": 2.4490000000000003, "Grinch": 3.16, "Designer": 5.53, "Onyx Black": 2.255, "Black": 6.29, "just": 1.343}, "Whip Cupcake": {"Deep State": 2.17, "Resistance": 4.8999999999999995, "Sponge Duck": 2.8, "Bitcoin": 4.8999999999999995, "Toncoin": 2.17, "Onyx Black": 2.0999999999999996, "Black": 4.949999999999999, "just": 1.19}, "Big Year": {"Cheshire Cat": 2.197, "Gold Mine": 4.731999999999999, "Bitcoin": 4.731999999999999, "Balloons": 1.7745, "Qing Dynasty": 2.6195, "The Nether": 2.197, "Pavel Durov": 4.731999999999999, "First Website": 2.6195, "YouTubes": 2.6195, "Game Boy": 2.197, "Pokeball": 2.6195, "Telegram": 4.731999999999999, "Big Brother": 2.6195, "The Hobbit": 3.38, "Creator": 2.6195, "Onyx Black": 2.715, "Black": 7.795, "just": 1.4364999999999999}, "Homemade Cake": {"Onyx Black": 2.015, "Black": 4.695, "just": 1.309}, "Cookie Heart": {"Onyx Black": 2.27, "Black": 6.775, "just": 1.4449999999999998}, "Jester Hat": {"Onyx Black": 2.9450000000000003, "Black": 5.945, "just": 1.3515}, "Holiday Drink": {"Onyx Black": 2.32, "Black": 5.63, "just": 1.496}, "Ginger Cookie": {"Onyx Black": 2.835, "Black": 6.41, "just": 1.547}, "Hypno Lollipop": {"Onyx Black": 2.65, "Black": 6.800000000000001, "just": 1.4449999999999998}, "Winter Wreath": {"Onyx Black": 2.435, "Black": 7.95, "just": 1.4449999999999998}, "Party Sparkler": {"Onyx Black": 2.895, "Black": 5.645, "just": 1.5215}, "Jingle Bells": {"Onyx Black": 2.41, "Black": 6.78, "just": 1.4109999999999998}, "Tama Gadget": {"Onyx Black": 2.875, "Black": 6.525, "just": 1.4875}, "Jack-in-the-Box": {"Onyx Black": 2.665, "Black": 7.875, "just": 1.7}, "Star Notepad": {"Onyx Black": 4.05, "Black": 8.995000000000001, "just": 1.785}, "Easter Egg": {"Onyx Black": 3.7, "Black": 11.195, "just": 2.04}, "Santa Hat": {"Onyx Black": 3.125, "Black": 9.525, "just": 1.9124999999999999}, "Hex Pot": {"Onyx Black": 3.715, "Black": 8.09, "just": 1.8955}, "Restless Jar": {"Onyx Black": 3.645, "Black": 7.6450000000000005, "just": 1.9465}, "Lush Bouquet": {"Onyx Black": 3.375, "Black": 8.524999999999999, "just": 2.1675}, "Spiced Wine": {"Onyx Black": 3.1849999999999996, "Black": 7.959999999999999, "just": 1.7594999999999998}, "Snow Globe": {"Onyx Black": 3.965, "Black": 9.065000000000001, "just": 1.9805}, "Joyful Bundle": {"Onyx Black": 3.6950000000000003, "Black": 8.5, "just": 2.21}, "Light Sword": {"Onyx Black": 4.585, "Black": 11.184999999999999, "just": 2.4395000000000002}, "Witch Hat": {"Onyx Black": 3.9, "Black": 10.350000000000001, "just": 2.295}, "Bow Tie": {"Onyx Black": 4.715, "Black": 14.715000000000002, "just": 2.618}, "Eternal Candle": {"Onyx Black": 5.17, "Black": 10.17, "just": 2.4139999999999997}, "Jelly Bunny": {"Onyx Black": 4.46, "Black": 10.059999999999999, "just": 2.652}, "Bunny Muffin": {"Onyx Black": 4.45, "Black": 13.549999999999999, "just": 2.635}, "Spy Agaric": {"Onyx Black": 5.220000000000001, "Black": 10.84, "just": 2.499}, "Evil Eye": {"Onyx Black": 5.74, "Black": 15.72, "just": 2.9665}, "Snow Mittens": {"Onyx Black": 4.515000000000001, "Black": 8.665, "just": 2.4055}, "Berry Box": {"Onyx Black": 4.785, "Black": 14.295, "just": 3.0515}, "Valentine Box": {"Onyx Black": 5.875, "Black": 10.899999999999999, "just": 3.23}, "Sakura Flower": {"Onyx Black": 5.47, "Black": 17.97, "just": 3.3489999999999998}, "Hanging Star": {"Onyx Black": 7.550000000000001, "Black": 16.4, "just": 4.08}, "Sleigh Bell": {"Onyx Black": 12.535, "Black": 18.03, "just": 5.1595}, "Love Candle": {"Onyx Black": 7.9, "Black": 15.5, "just": 5.5249999999999995}, "Skull Flower": {"Onyx Black": 8.67, "Black": 16.97, "just": 5.049}, "Crystal Ball": {"Onyx Black": 10.31, "Black": 28.325000000000003, "just": 5.6525}, "Trapped Heart": {"Onyx Black": 10.445, "Black": 23.195, "just": 6.706499999999999}, "Top Hat": {"Onyx Black": 16.044999999999998, "Black": 25.92, "just": 6.069}, "Love Potion": {"Onyx Black": 9.79, "Black": 26.59, "just": 6.952999999999999}, "Flying Broom": {"Onyx Black": 10.75, "Black": 19.25, "just": 7.225}, "Cupid Charm": {"Onyx Black": 16.54, "Black": 34.54, "just": 8.568}, "Record Player": {"Onyx Black": 9.85, "Black": 23.845, "just": 6.545}, "Eternal Rose": {"Onyx Black": 18.735, "Black": 36.235, "just": 10.5995}, "Mad Pumpkin": {"Onyx Black": 18.575, "Black": 39.825, "just": 12.4525}, "Voodoo Doll": {"Onyx Black": 20.495, "Black": 45.995, "just": 12.7415}, "Diamond Ring": {"Onyx Black": 20.259999999999998, "Black": 43.260000000000005, "just": 13.192}, "Toy Bear": {"Onyx Black": 21.96, "Black": 51.28999999999999, "just": 14.9515}, "Vintage Cigar": {"Onyx Black": 42.925, "Black": 84.875, "just": 18.5725}, "Neko Helmet": {"Onyx Black": 35.005, "Black": 71.505, "just": 19.558500000000002}, "Low Rider": {"Onyx Black": 41.625, "Black": 107.125, "just": 20.6125}, "Signet Ring": {"Onyx Black": 31.485, "Black": 90.49499999999999, "just": 19.5415}, "Electric Skull": {"Onyx Black": 36.745, "Black": 69.745, "just": 21.6665}, "Kissed Frog": {"Onyx Black": 46.995000000000005, "Black": 79.495, "just": 28.8915},