{"Snoop Dogg": {"Black Gold": 1.9825, "Chrome": 2.5810000000000004, "AI Dogg": 3.0885, "Cold Topaz": 2.0205, "Black Diamond": 2.258, "Sapphire": 2.2675, "Goldizzle": 6.875500000000001, "Doberman": 3.5255, "King Snoop": 5.881, "Doggfather": 3.3259999999999996, "Onyx Black": 3.826666666666666, "Black": 10.049230769230771, "just": 1.5979999999999999}, "Swag Bag": {"Snoop Life": 2.665, "Leopard": 2.1525, "April 20th": 3.1774999999999998, "Missionary": 8.975000000000001, "Bulk Order": 2.255, "Darkness": 2.255, "Cashback": 3.1774999999999998, "Take It Easy": 2.665, "Gin & Jewels": 2.3985, "Happy Herbs": 3.1774999999999998, "Boiling Hot": 2.7675, "Dogg’s Loot": 2.1525, "Onyx Black": 3.775, "Black": 7.5249999999999995, "just": 1.7424999999999997}, "Snoop Cigar": {"Onyx Black": 8.415, "Black": 19.075000000000003, "just": 4.1055}, "Lol Pop": {"Cobweb": 1.533, "Rosebud": 1.7082, "Angelina": 2.263, "Dark Sky": 1.606, "Plastic Ice": 1.533, "Jolly Roger": 1.752, "Hollywood": 1.533, "Heart Pop": 1.606, "Fire Vortex": 1.606, "Mortal Sin": 4.088, "Andromeda": 1.971, "Dark Portal": 1.825, "Doodle Art": 1.606, "Pumpkin": 2.263, "Shock Wave": 1.533, "Sweetheart": 1.752, "Love Bubbles": 1.6789999999999998, "Satellite": 1.825, "Glowstick": 1.971, "Einstein": 1.7082, "Jinxed": 1.7082, "Celestia": 1.971, "Gold Star": 1.533, "Hexed Helix": 1.825, "Blood Ember": 1.606, "Blood Sucker": 1.898, "Onyx Black": 2.045, "Black": 5.135, "just": 1.2409999999999999}, "B-Day Candle": {"On Fire": 2.201, "Payday": 2.201, "Happy Meows": 2.201, "Final Boss": 2.201, "Kaboom!": 1.917, "Pixel Wish": 2.201, "Purr Magic": 2.201, "Onyx Black": 1.835, "Black": 5.0, "just": 1.2069999999999999}, "Desk Calendar": {"Balloon Face": 1.7550000000000001, "Independence": 2.0925000000000002, "Tic Tac Toe": 1.7550000000000001, "Heartbreak": 1.5795, "Sunday": 2.0925000000000002, "Investor": 8.58, "Deadline": 2.0925000000000002, "Checklist": 2.0925000000000002, "Fawkes Night": 4.7250000000000005, "Fund Manager": 2.0925000000000002, "Telegram": 2.7, "Hodler": 4.7250000000000005, "Burning Time": 2.0925000000000002, "Durov Day": 6.67, "Peach Week": 2.0925000000000002, "Pepe Plans": 14.124999999999998, "Adult Tasks": 25.625, "Onyx Black": 1.825, "Black": 5.07, "just": 1.1475}, "Lunar Snake": {"Hot Cherry": 1.998, "Timelock": 2.294, "Python Dev": 2.294, "Soul Eater": 2.294, "Psychedelic": 1.924, "Hellspawn": 1.998, "Synthwave": 4.144, "Dragon Ball": 5.18, "Onyx Black": 2.385, "Black": 5.49, "just": 1.258}, "Xmas Stocking": {"Onyx Black": 2.075, "Black": 6.165000000000001, "just": 1.2325}, "Snake Box": {"Onyx Black": 1.9899999999999998, "Black": 5.46, "just": 1.2155}, "Pet Snake": {"Onyx Black": 2.465, "Black": 6.085, "just": 1.6404999999999998}, "Candy Cane": {"Hex Pot": 3.1, "Designer": 5.425, "Sticky Sweet": 2.0925000000000002, "Grinch": 3.1, "Onyx Black": 2.125, "Black": 5.819999999999999, "just": 1.3175}, "Whip Cupcake": {"Bitcoin": 11.94, "Toncoin": 2.4490000000000003, "Resistance": 5.53, "Sponge Duck": 2.4490000000000003, "Deep State": 2.1330000000000005, "Onyx Black": 2.165, "Black": 5.44, "just": 1.343}, "Big Year": {"Big Brother": 2.9139999999999997, "Game Boy": 2.068, "Bitcoin": 5.263999999999999, "Qing Dynasty": 2.9139999999999997, "Balloons": 1.974, "Cheshire Cat": 2.9139999999999997, "Telegram": 6.58, "YouTubes": 2.9139999999999997, "Pavel Durov": 9.940000000000001, "Creator": 2.538, "Pokeball": 2.538, "First Website": 2.1995999999999998, "Gold Mine": 6.58, "The Hobbit": 3.76, "The Nether": 2.538, "Onyx Black": 3.54, "Black": 9.434999999999999, "just": 1.5979999999999999}, "Homemade Cake": {"Onyx Black": 2.235, "Black": 5.390000000000001, "just": 1.5979999999999999}, "Cookie Heart": {"Onyx Black": 2.48, "Black": 6.425000000000001, "just": 1.581}, "Jester Hat": {"Onyx Black": 2.69, "Black": 6.390000000000001, "just": 1.513}, "Holiday Drink": {"Onyx Black": 2.65, "Black": 6.0249999999999995, "just": 1.53}, "Ginger Cookie": {"Onyx Black": 3.59, "Black": 7.255, "just": 1.5979999999999999}, "Hypno Lollipop": {"Onyx Black": 3.3049999999999997, "Black": 7.455, "just": 1.6235}, "Winter Wreath": {"Moon Cat": 106.265, "Onyx Black": 2.9, "Black": 6.5, "just": 1.7}, "Party Sparkler": {"Onyx Black": 3.3449999999999998, "Black": 7.1899999999999995, "just": 1.615}, "Jingle Bells": {"Onyx Black": 2.84, "Black": 6.754999999999999, "just": 1.683}, "Tama Gadget": {"Onyx Black": 3.475, "Black": 6.805000000000001, "just": 1.8104999999999998}, "Jack-in-the-Box": {"Onyx Black": 3.115, "Black": 6.865, "just": 1.8955}, "Star Notepad": {"Onyx Black": 3.665, "Black": 9.115, "just": 1.9805}, "Easter Egg": {"Onyx Black": 3.825, "Black": 10.905000000000001, "just": 2.465}, "Santa Hat": {"Onyx Black": 3.7039999999999997, "Black": 9.164, "just": 2.244}, "Hex Pot": {"Onyx Black": 3.9850000000000003, "Black": 9.57, "just": 2.3545}, "Restless Jar": {"Onyx Black": 3.7700000000000005, "Black": 8.82, "just": 2.244}, "Lush Bouquet": {"Onyx Black": 4.995, "Black": 8.594999999999999, "just": 2.5415}, "Spiced Wine": {"Onyx Black": 3.0460000000000003, "Black": 6.8420000000000005, "just": 2.0485}, "Snow Globe": {"Onyx Black": 4.75, "Black": 10.194999999999999, "just": 2.465}, "Joyful Bundle": {"Onyx Black": 4.84, "Black": 9.66, "just": 2.448}, "Light Sword": {"Onyx Black": 4.864000000000001, "Black": 10.564, "just": 2.669}, "Witch Hat": {"Onyx Black": 4.48, "Black": 11.98, "just": 2.516}, "Bow Tie": {"Onyx Black": 5.364000000000001, "Black": 11.764, "just": 2.499}, "Eternal Candle": {"Onyx Black": 5.234, "Black": 10.826, "just": 2.8815}, "Jelly Bunny": {"Onyx Black": 4.9399999999999995, "Black": 11.64, "just": 2.8729999999999998}, "Bunny Muffin": {"Onyx Black": 6.74, "Black": 17.5, "just": 3.315}, "Spy Agaric": {"Onyx Black": 6.98, "Black": 10.451999999999998, "just": 2.907}, "Evil Eye": {"Onyx Black": 7.05, "Black": 14.25, "just": 3.1875}, "Snow Mittens": {"Onyx Black": 6.036, "Black": 8.856000000000002, "just": 3.4509999999999996}, "Berry Box": {"Onyx Black": 4.82, "Black": 10.620000000000001, "just": 3.145}, "Valentine Box": {"Onyx Black": 7.24, "Black": 12.879999999999999, "just": 4.08}, "Sakura Flower": {"Onyx Black": 7.022, "Black": 15.030000000000001, "just": 4.2924999999999995}, "Hanging Star": {"Onyx Black": 8.616, "Black": 15.256, "just": 4.896}, "Sleigh Bell": {"Onyx Black": 11.187999999999999, "Black": 22.028, "just": 6.273}, "Love Candle": {"Onyx Black": 10.484, "Black": 15.8, "just": 7.6499999999999995}, "Skull Flower": {"Onyx Black": 11.672, "Black": 18.392, "just": 6.901999999999999}, "Crystal Ball": {"Onyx Black": 11.468, "Black": 27.468, "just": 6.783}, "Trapped Heart": {"Onyx Black": 12.174000000000001, "Black": 21.034, "just": 7.1315}, "Top Hat": {"Onyx Black": 14.379999999999999, "Black": 27.408, "just": 6.528}, "Love Potion": {"Onyx Black": 12.396, "Black": 23.756, "just": 8.16}, "Flying Broom": {"Onyx Black": 11.354, "Black": 19.073999999999998, "just": 8.1515}, "Cupid Charm": {"Onyx Black": 18.684, "Black": 33.084, "just": 10.319}, "Record Player": {"Onyx Black": 10.661999999999999, "Black": 20.662, "just": 6.6045}, "Eternal Rose": {"Onyx Black": 18.39, "Black": 34.394, "just": 11.8915}, "Mad Pumpkin": {"Onyx Black": 24.194, "Black": 37.394000000000005, "just": 16.141499999999997}, "Voodoo Doll": {"Onyx Black": 24.768, "Black": 46.788, "just": 15.283}, "Diamond Ring": {"Onyx Black": 21.854, "Black": 43.458, "just": 13.965499999999999}, "Toy Bear": {"Onyx Black": 31.598000000000003, "Black": 48.718, "just": 20.8505}, "Vintage Cigar": {"Onyx Black": 35.444, "Black": 59.843999999999994, "just": 20.179}, "Neko Helmet": {"Onyx Black": 36.980000000000004, "Black": 62.379999999999995, "just": 23.205}, "Low Rider": {"Onyx Black": 32.6, "Black": 76.2, "just": 21.25}, "Signet Ring": {"Onyx Black": 37.474000000000004, "Black": 74.674, "just": 23.621499999999997}, "Electric Skull": {"Onyx Black": 43.478, "Black": 75.482, "just": 27.5995}, "Kissed Frog": {"Onyx Black": 44.507999999999996, "Black": 79.156, "just": 27.420999999999996},