{"Snoop Dogg": {"AI Dogg": 2.8205, "Green Light": 1.826, "Emerald": 1.8355000000000004, "Goldizzle": 8.181, "Doggfather": 3.153, "Doberman": 3.3905000000000003, "Black Diamond": 2.168, "Chrome": 2.1585, "Cold Topaz": 1.9305000000000003, "King Snoop": 4.6155, "Sapphire": 2.016, "Onyx Black": 2.8033333333333337, "Black": 10.376153846153848, "just": 1.3855}, "Swag Bag": {"Darkness": 2.0240000000000005, "Happy Herbs": 2.8520000000000003, "Snoop Life": 2.116, "April 20th": 2.8520000000000003, "Bulk Order": 1.9320000000000002, "Take It Easy": 2.3000000000000003, "Missionary": 6.44, "Cashback": 3.68, "Gin & Jewels": 2.3000000000000003, "Boiling Hot": 2.3000000000000003, "Onyx Black": 2.9000000000000004, "Black": 6.92, "just": 1.564}, "Snoop Cigar": {"Onyx Black": 7.1850000000000005, "Black": 16.41, "just": 3.7145}, "Lol Pop": {"Sailor Moon": 1.536, "Love Bubbles": 1.6, "Sweetheart": 1.472, "Comic Crunch": 1.344, "Cookie Dip": 1.4080000000000001, "Andromeda": 1.7280000000000002, "Icy Touch": 1.344, "Doodle Art": 1.472, "Blood Ember": 1.7280000000000002, "Jinxed": 1.344, "Mortal Sin": 3.5839999999999996, "Dark Sky": 1.472, "Fire Vortex": 1.344, "Icicle": 1.4080000000000001, "Dark Portal": 1.536, "Rosebud": 1.6640000000000001, "Watermelon": 1.4080000000000001, "Sick Leave": 1.344, "Cobweb": 1.4080000000000001, "Angelina": 1.9840000000000002, "Hexed Helix": 1.4080000000000001, "Jolly Roger": 1.6, "Pumpkin": 1.472, "Celestia": 1.9840000000000002, "Blood Sucker": 1.6, "Heart Pop": 1.4080000000000001, "Glowstick": 1.9840000000000002, "Milky Way": 1.344, "Romance": 1.344, "Einstein": 1.4080000000000001, "Satellite": 1.6, "Onyx Black": 1.7349999999999999, "Black": 4.7299999999999995, "just": 1.088}, "B-Day Candle": {"Happy Meows": 2.48, "Final Boss": 1.922, "Pixel Wish": 1.922, "Payday": 1.922, "Purr Magic": 2.48, "Kaboom!": 1.922, "Shocker": 1.922, "On Fire": 1.922, "Onyx Black": 1.67, "Black": 4.12, "just": 1.054}, "Desk Calendar": {"Peach Week": 1.6740000000000002, "Balloon Face": 1.612, "Investor": 4.34, "Deadline": 2.48, "Telegram": 1.922, "Durov Day": 2.48, "Heartbreak": 1.364, "Pepe Plans": 4.34, "Checklist": 1.922, "Adult Tasks": 4.34, "Fund Manager": 1.922, "Independence": 3.472, "Burning Time": 1.922, "Tic Tac Toe": 1.922, "Hodler": 4.34, "Fawkes Night": 4.34, "Sunday": 2.48, "Onyx Black": 1.62, "Black": 4.87, "just": 1.054}, "Lunar Snake": {"Dragon Ball": 4.69, "Hot Cherry": 2.0770000000000004, "Psychedelic": 2.0770000000000004, "Python Dev": 2.0770000000000004, "Timelock": 1.8090000000000002, "Synthwave": 2.68, "Hellspawn": 1.8090000000000002, "Soul Eater": 2.0770000000000004, "Onyx Black": 1.8199999999999998, "Black": 4.82, "just": 1.139}, "Xmas Stocking": {"Onyx Black": 1.985, "Black": 4.5600000000000005, "just": 1.1305}, "Snake Box": {"Onyx Black": 1.935, "Black": 5.085, "just": 1.122}, "Pet Snake": {"Onyx Black": 2.25, "Black": 5.35, "just": 1.4449999999999998}, "Candy Cane": {"Grinch": 2.542, "Sticky Sweet": 2.214, "Designer": 5.739999999999999, "Hex Pot": 2.542, "Onyx Black": 2.315, "Black": 6.819999999999999, "just": 1.394}, "Whip Cupcake": {"Resistance": 4.795, "Bitcoin": 4.795, "Toncoin": 1.8495000000000004, "Deep State": 2.1235000000000004, "Sponge Duck": 2.74, "Onyx Black": 2.185, "Black": 4.984999999999999, "just": 1.1645}, "Big Year": {"Gold Mine": 4.76, "YouTubes": 2.635, "Telegram": 4.76, "Bitcoin": 4.76, "Qing Dynasty": 3.4, "First Website": 2.635, "Creator": 2.295, "Cheshire Cat": 2.295, "Balloons": 1.87, "Big Brother": 2.635, "Pavel Durov": 4.76, "Game Boy": 2.295, "Pokeball": 3.4, "The Nether": 2.295, "The Hobbit": 3.4, "Onyx Black": 2.8999999999999995, "Black": 7.800000000000001, "just": 1.4449999999999998}, "Homemade Cake": {"Onyx Black": 2.0100000000000002, "Black": 4.81, "just": 1.3005}, "Cookie Heart": {"Onyx Black": 2.44, "Black": 5.3149999999999995, "just": 1.4705}, "Jester Hat": {"Onyx Black": 2.415, "Black": 5.3149999999999995, "just": 1.3855}, "Holiday Drink": {"Onyx Black": 2.34, "Black": 5.255000000000001, "just": 1.4535}, "Ginger Cookie": {"Onyx Black": 2.73, "Black": 6.430000000000001, "just": 1.581}, "Hypno Lollipop": {"Onyx Black": 2.72, "Black": 6.32, "just": 1.4789999999999999}, "Winter Wreath": {"Onyx Black": 2.39, "Black": 8.89, "just": 1.513}, "Party Sparkler": {"Onyx Black": 2.8049999999999997, "Black": 6.13, "just": 1.496}, "Jingle Bells": {"Onyx Black": 2.615, "Black": 5.51, "just": 1.4789999999999999}, "Tama Gadget": {"Onyx Black": 2.48, "Black": 5.835000000000001, "just": 1.5045}, "Jack-in-the-Box": {"Onyx Black": 2.795, "Black": 7.845, "just": 1.7764999999999997}, "Star Notepad": {"Onyx Black": 3.2649999999999997, "Black": 8.530000000000001, "just": 1.853}, "Easter Egg": {"Onyx Black": 3.54, "Black": 10.94, "just": 2.108}, "Santa Hat": {"Onyx Black": 3.5500000000000003, "Black": 9.684999999999999, "just": 2.0145}, "Hex Pot": {"Onyx Black": 3.8499999999999996, "Black": 7.300000000000001, "just": 2.21}, "Restless Jar": {"Onyx Black": 3.8149999999999995, "Black": 8.265, "just": 2.1504999999999996}, "Lush Bouquet": {"Onyx Black": 3.415, "Black": 9.165, "just": 2.2355}, "Spiced Wine": {"Onyx Black": 3.49, "Black": 7.390000000000001, "just": 1.683}, "Snow Globe": {"Onyx Black": 4.075, "Black": 9.125, "just": 2.0825}, "Joyful Bundle": {"Onyx Black": 3.745, "Black": 7.87, "just": 2.329}, "Light Sword": {"Onyx Black": 3.935, "Black": 12.434999999999999, "just": 2.4395000000000002}, "Witch Hat": {"Onyx Black": 4.075, "Black": 9.43, "just": 2.431}, "Bow Tie": {"Onyx Black": 4.67, "Black": 15.995, "just": 2.5415}, "Eternal Candle": {"Onyx Black": 4.949999999999999, "Black": 10.2, "just": 2.465}, "Jelly Bunny": {"Onyx Black": 4.4, "Black": 10.145, "just": 2.8049999999999997}, "Bunny Muffin": {"Onyx Black": 4.4399999999999995, "Black": 11.99, "just": 2.618}, "Spy Agaric": {"Onyx Black": 4.51, "Black": 11.135, "just": 2.5669999999999997}, "Evil Eye": {"Onyx Black": 5.835000000000001, "Black": 14.34, "just": 3.128}, "Snow Mittens": {"Onyx Black": 4.35, "Black": 9.145, "just": 2.5415}, "Berry Box": {"Onyx Black": 4.795, "Black": 14.195, "just": 2.8815}, "Valentine Box": {"Onyx Black": 5.88, "Black": 10.68, "just": 3.366}, "Sakura Flower": {"Onyx Black": 5.775, "Black": 13.63, "just": 3.6209999999999996}, "Hanging Star": {"Onyx Black": 8.465, "Black": 22.335, "just": 4.190499999999999}, "Sleigh Bell": {"Onyx Black": 9.965, "Black": 17.965, "just": 5.0405}, "Love Candle": {"Onyx Black": 7.69, "Black": 14.790000000000001, "just": 5.593}, "Skull Flower": {"Onyx Black": 8.565, "Black": 16.42, "just": 4.9639999999999995}, "Crystal Ball": {"Onyx Black": 10.125, "Black": 36.385000000000005, "just": 5.3294999999999995}, "Trapped Heart": {"Onyx Black": 9.245, "Black": 23.589999999999996, "just": 6.273}, "Top Hat": {"Onyx Black": 14.745000000000001, "Black": 26.244999999999997, "just": 6.3665}, "Love Potion": {"Onyx Black": 10.19, "Black": 29.14, "just": 7.037999999999999}, "Flying Broom": {"Onyx Black": 10.8, "Black": 21.799999999999997, "just": 7.31}, "Cupid Charm": {"Onyx Black": 15.68, "Black": 34.235, "just": 8.0495}, "Record Player": {"Onyx Black": 10.495000000000001, "Black": 24.244999999999997, "just": 7.2165}, "Eternal Rose": {"Onyx Black": 18.96, "Black": 33.91, "just": 10.982}, "Mad Pumpkin": {"Onyx Black": 16.799999999999997, "Black": 40.805, "just": 11.568499999999998}, "Voodoo Doll": {"Onyx Black": 20.0, "Black": 40.0, "just": 11.9}, "Diamond Ring": {"Onyx Black": 20.580000000000002, "Black": 43.489999999999995, "just": 12.3165}, "Toy Bear": {"Onyx Black": 22.75, "Black": 51.25, "just": 14.875}, "Vintage Cigar": {"Onyx Black": 38.489999999999995, "Black": 62.480000000000004, "just": 18.683}, "Neko Helmet": {"Onyx Black": 41.995000000000005, "Black": 71.995, "just": 20.391499999999997}, "Low Rider": {"Onyx Black": 38.144999999999996, "Black": 106.64500000000001, "just": 19.796499999999998}, "Signet Ring": {"Onyx Black": 33.765, "Black": 84.88, "just": 19.346}, "Electric Skull": {"Onyx Black": 37.045, "Black": 69.545,