{"Snoop Dogg": {"Doggfather": 2.8415, "AI Dogg": 3.0504999999999995, "King Ruby": 1.9730000000000003, "Black Diamond": 2.1155, "King Snoop": 4.456, "Sapphire": 2.1155, "Doberman": 3.6205000000000007, "Goldizzle": 7.3065, "Chrome": 2.334, "Onyx Black": 3.2300000000000004, "Black": 10.028461538461539, "just": 1.5215}, "Swag Bag": {"Darkness": 2.178, "Bulk Order": 2.3165999999999998, "Snoop Life": 2.376, "Golden Nugs": 2.178, "Aviators": 2.079, "Take It Easy": 2.376, "Cashback": 3.069, "Happy Herbs": 3.069, "Missionary": 7.99, "Leopard": 2.2769999999999997, "Gin & Jewels": 2.574, "Boiling Hot": 2.3165999999999998, "April 20th": 3.069, "Onyx Black": 2.99, "Black": 7.49, "just": 1.683}, "Snoop Cigar": {"Onyx Black": 7.91, "Black": 18.82, "just": 4.114}, "Lol Pop": {"Andromeda": 1.7874999999999999, "Cobweb": 1.5015, "Fire Vortex": 1.5015, "Blood Sucker": 1.9305, "Blood Ember": 1.573, "Mortal Sin": 2.86, "Doodle Art": 1.6444999999999999, "Pink Foil": 1.5015, "Sailor Moon": 1.5015, "Dark Sky": 1.573, "Comic Crunch": 1.5015, "Sweetheart": 1.859, "Milky Way": 1.5015, "Pumpkin": 1.5015, "Dark Portal": 1.7874999999999999, "Satellite": 1.716, "Cookie Dip": 1.5015, "Plastic Ice": 1.5015, "Einstein": 1.716, "Shock Wave": 1.573, "Rosebud": 1.573, "Jolly Roger": 1.7874999999999999, "Romance": 1.5015, "Love Bubbles": 1.859, "Heart Pop": 1.573, "Glowstick": 1.9305, "Jinxed": 1.7874999999999999, "Watermelon": 1.5015, "Hexed Helix": 1.573, "Celestia": 2.2165, "Angelina": 2.2165, "Onyx Black": 2.015, "Black": 5.215, "just": 1.2155}, "B-Day Candle": {"On Fire": 2.17, "Happy Meows": 2.17, "Purr Magic": 2.17, "Pixel Wish": 2.17, "Payday": 2.8, "Kaboom!": 1.89, "Final Boss": 2.17, "Onyx Black": 2.02, "Black": 5.4350000000000005, "just": 1.19}, "Desk Calendar": {"Adult Tasks": 20.169999999999998, "Fund Manager": 2.0770000000000004, "Deadline": 2.0770000000000004, "Fawkes Night": 3.752, "Hodler": 4.69, "Peach Week": 2.0770000000000004, "Checklist": 1.8090000000000002, "Investor": 7.12, "Heartbreak": 1.4740000000000002, "Balloon Face": 2.0770000000000004, "Telegram": 2.0770000000000004, "Independence": 2.68, "Sunday": 2.0770000000000004, "Pepe Plans": 14.67, "Durov Day": 2.68, "Tic Tac Toe": 1.4740000000000002, "Burning Time": 2.0770000000000004, "Onyx Black": 1.8250000000000002, "Black": 5.325, "just": 1.139}, "Lunar Snake": {"Hot Cherry": 2.3095, "Hellspawn": 2.3095, "Synthwave": 5.215, "Soul Eater": 2.3095, "Dragon Ball": 5.215, "Psychedelic": 2.3095, "Timelock": 1.937, "Python Dev": 2.3095, "Onyx Black": 2.22, "Black": 5.74, "just": 1.2665}, "Xmas Stocking": {"Onyx Black": 2.6799999999999997, "Black": 5.515, "just": 1.3005}, "Snake Box": {"Onyx Black": 2.2350000000000003, "Black": 5.89, "just": 1.343}, "Pet Snake": {"Onyx Black": 2.46, "Black": 6.115, "just": 1.4449999999999998}, "Candy Cane": {"Grinch": 3.1, "Hex Pot": 3.1, "Designer": 9.225, "Sticky Sweet": 2.4025000000000003, "Onyx Black": 2.33, "Black": 5.834999999999999, "just": 1.3175}, "Whip Cupcake": {"Deep State": 2.325, "Resistance": 6.0, "Toncoin": 2.325, "Bitcoin": 10.745, "Sponge Duck": 2.325, "Onyx Black": 2.2199999999999998, "Black": 6.2, "just": 1.275}, "Big Year": {"YouTubes": 4.0, "Cheshire Cat": 3.1, "Pokeball": 2.7, "Big Brother": 3.1, "Qing Dynasty": 3.1, "Bitcoin": 5.6, "Balloons": 2.34, "The Hobbit": 4.0, "Creator": 2.7, "Telegram": 5.6, "Game Boy": 2.2, "The Nether": 2.7, "Gold Mine": 7.0, "Pavel Durov": 7.0, "First Website": 2.2, "Onyx Black": 3.62, "Black": 9.65, "just": 1.7}, "Homemade Cake": {"Onyx Black": 2.415, "Black": 5.279999999999999, "just": 1.581}, "Cookie Heart": {"Onyx Black": 2.675, "Black": 6.694999999999999, "just": 1.6064999999999998}, "Jester Hat": {"Onyx Black": 2.755, "Black": 6.279999999999999, "just": 1.5045}, "Holiday Drink": {"Onyx Black": 2.7199999999999998, "Black": 6.120000000000001, "just": 1.649}, "Ginger Cookie": {"Onyx Black": 3.775, "Black": 7.24, "just": 1.7}, "Hypno Lollipop": {"Onyx Black": 2.935, "Black": 6.194999999999999, "just": 1.6744999999999999}, "Winter Wreath": {"Moon Cat": 101.0, "Onyx Black": 2.9, "Black": 7.195, "just": 1.7}, "Party Sparkler": {"Onyx Black": 3.15, "Black": 7.28, "just": 1.632}, "Jingle Bells": {"Onyx Black": 2.825, "Black": 6.715, "just": 1.768}, "Tama Gadget": {"Onyx Black": 3.48, "Black": 6.58, "just": 1.836}, "Jack-in-the-Box": {"Onyx Black": 3.075, "Black": 7.07, "just": 1.9040000000000001}, "Star Notepad": {"Onyx Black": 4.065, "Black": 9.565, "just": 2.0655}, "Easter Egg": {"Onyx Black": 3.8200000000000003, "Black": 10.795, "just": 2.4565}, "Santa Hat": {"Onyx Black": 3.9619999999999997, "Black": 8.402000000000001, "just": 2.3545}, "Hex Pot": {"Onyx Black": 4.07, "Black": 10.19, "just": 2.4565}, "Restless Jar": {"Onyx Black": 4.05, "Black": 8.8, "just": 2.21}, "Lush Bouquet": {"Onyx Black": 4.0, "Black": 8.9, "just": 2.55}, "Spiced Wine": {"Onyx Black": 3.07, "Black": 6.718, "just": 2.1504999999999996}, "Snow Globe": {"Onyx Black": 4.425, "Black": 10.924999999999999, "just": 2.4225}, "Joyful Bundle": {"Onyx Black": 3.93, "Black": 10.384999999999998, "just": 2.4395000000000002}, "Light Sword": {"Onyx Black": 4.656000000000001, "Black": 9.86, "just": 2.635}, "Witch Hat": {"Onyx Black": 4.585, "Black": 12.09, "just": 2.703}, "Bow Tie": {"Onyx Black": 4.716, "Black": 12.312000000000001, "just": 2.72}, "Eternal Candle": {"Onyx Black": 4.912, "Black": 10.632, "just": 2.992}, "Jelly Bunny": {"Onyx Black": 4.795, "Black": 10.685, "just": 2.8815}, "Bunny Muffin": {"Onyx Black": 4.63, "Black": 12.565999999999999, "just": 3.0685}, "Spy Agaric": {"Onyx Black": 5.58, "Black": 10.492, "just": 2.975}, "Evil Eye": {"Onyx Black": 6.3100000000000005, "Black": 12.15, "just": 3.1025}, "Snow Mittens": {"Onyx Black": 5.994, "Black": 8.309999999999999, "just": 3.3915}, "Berry Box": {"Onyx Black": 5.562, "Black": 11.001999999999999, "just": 3.1195}, "Valentine Box": {"Onyx Black": 7.572, "Black": 13.172, "just": 3.927}, "Sakura Flower": {"Onyx Black": 6.5760000000000005, "Black": 15.616, "just": 4.556}, "Hanging Star": {"Onyx Black": 7.77, "Black": 15.09, "just": 4.6665}, "Sleigh Bell": {"Onyx Black": 10.446, "Black": 20.446, "just": 6.2985}, "Love Candle": {"Onyx Black": 10.76, "Black": 17.119999999999997, "just": 7.31}, "Skull Flower": {"Onyx Black": 11.89, "Black": 17.53, "just": 6.9275}, "Crystal Ball": {"Onyx Black": 12.6, "Black": 28.020000000000003, "just": 7.14}, "Trapped Heart": {"Onyx Black": 13.0, "Black": 17.840000000000003, "just": 7.14}, "Top Hat": {"Onyx Black": 12.7, "Black": 21.1, "just": 7.225}, "Love Potion": {"Onyx Black": 11.712, "Black": 23.648, "just": 8.007}, "Flying Broom": {"Onyx Black": 12.834, "Black": 19.634, "just": 7.9815000000000005}, "Cupid Charm": {"Onyx Black": 16.836, "Black": 30.439999999999998, "just": 9.69}, "Record Player": {"Onyx Black": 10.164, "Black": 20.764000000000003, "just": 6.7490000000000006}, "Eternal Rose": {"Onyx Black": 20.39, "Black": 34.394, "just": 11.8915}, "Mad Pumpkin": {"Onyx Black": 23.674, "Black": 41.674, "just": 16.8215}, "Voodoo Doll": {"Onyx Black": 22.956, "Black": 45.760000000000005, "just": 14.96}, "Diamond Ring": {"Onyx Black": 22.41, "Black": 45.614000000000004, "just": 14.1865}, "Toy Bear": {"Onyx Black": 33.5, "Black": 51.3, "just": 21.675}, "Vintage Cigar": {"Onyx Black": 36.942, "Black": 55.94200000000001, "just": 20.8845}, "Neko Helmet": {"Onyx Black": 39.04, "Black": 65.03999999999999, "just": 24.139999999999997}, "Low Rider": {"Onyx Black": 33.062, "Black": 81.46199999999999, "just": 21.9045}, "Signet Ring": {"Onyx Black": 37.534, "Black": 80.294, "just": 23.7065}, "Electric Skull": {"Onyx Black": 42.34, "Black": 76.34, "just": 28.814999999999998}, "Kissed Frog": {"Onyx Black": 46.736000000000004, "Black": 81.53999999999999, "just": 30.514999999999997}, "Swiss Watch": {"Onyx Black": 45.08, "Black": 73.47999999999999, "just": 30.429999999999996}, "Sharp Tongue": {"Onyx Black": 57.494, "Black": 151.894, "just": 36.1165}, "Genie Lamp": {"Onyx Black": 66.424, "Black": 187.344,