{"Snoop Dogg": {"Black Diamond": 2.0490000000000004, "Doggfather": 2.799, "AI Dogg": 3.0504999999999995, "Chrome": 2.4005, "King Ruby": 2.0015, "King Snoop": 4.741, "Sapphire": 1.992, "Doberman": 3.5255, "Goldizzle": 7.3255, "Cold Topaz": 1.9255, "Onyx Black": 3.2600000000000002, "Black": 10.407692307692308, "just": 1.53}, "Swag Bag": {"Darkness": 2.3283, "P.I.M.P.": 2.0895, "Happy Herbs": 3.0845000000000002, "Bulk Order": 2.189, "Snoop Life": 2.388, "Missionary": 8.495, "Boiling Hot": 2.388, "Cashback": 3.0845000000000002, "Leopard": 2.0895, "Take It Easy": 2.6865, "Gin & Jewels": 2.4875, "Aviators": 2.0895, "April 20th": 3.0845000000000002, "Onyx Black": 3.09, "Black": 7.445, "just": 1.6915}, "Snoop Cigar": {"Onyx Black": 7.4, "Black": 18.9, "just": 4.08}, "Lol Pop": {"Celestia": 2.325, "Rosebud": 1.755, "Glowstick": 2.325, "Dark Portal": 1.7999999999999998, "Pumpkin": 1.5750000000000002, "Shock Wave": 1.6500000000000001, "Hexed Helix": 1.7249999999999999, "Jinxed": 1.755, "Cobweb": 1.6500000000000001, "Satellite": 1.7249999999999999, "Heart Pop": 1.5750000000000002, "Jolly Roger": 1.7249999999999999, "Doodle Art": 1.5750000000000002, "Love Bubbles": 1.9500000000000002, "Andromeda": 1.9500000000000002, "Dark Sky": 1.5750000000000002, "Angelina": 2.325, "Crystal Comet": 1.5750000000000002, "Cookie Dip": 1.5750000000000002, "Blood Ember": 1.6500000000000001, "Sweetheart": 1.875, "Einstein": 1.6500000000000001, "Milky Way": 1.5750000000000002, "Mortal Sin": 3.0, "Comic Crunch": 1.5750000000000002, "Blood Sucker": 2.0250000000000004, "Onyx Black": 2.05, "Black": 5.245, "just": 1.275}, "B-Day Candle": {"Purr Magic": 2.263, "Final Boss": 2.263, "Kaboom!": 1.971, "Payday": 2.263, "Pixel Wish": 2.263, "On Fire": 2.263, "Happy Meows": 2.263, "Onyx Black": 1.95, "Black": 5.199999999999999, "just": 1.2409999999999999}, "Desk Calendar": {"Peach Week": 2.2785, "Heartbreak": 1.5435, "Durov Day": 4.116, "Telegram": 2.2785, "Burning Time": 1.9845000000000002, "Tic Tac Toe": 2.2785, "Deadline": 2.2785, "Independence": 2.2785, "Sunday": 1.9845000000000002, "Balloon Face": 1.9845000000000002, "Hodler": 5.145, "Checklist": 2.2785, "Adult Tasks": 26.525, "Investor": 7.185, "Fund Manager": 2.2785, "Pepe Plans": 14.705000000000002, "Fawkes Night": 4.116, "Onyx Black": 1.92, "Black": 5.285, "just": 1.2495}, "Lunar Snake": {"Hellspawn": 2.079, "Psychedelic": 2.387, "Soul Eater": 2.079, "Dragon Ball": 5.390000000000001, "Python Dev": 2.387, "Synthwave": 4.311999999999999, "Hot Cherry": 2.387, "Timelock": 2.387, "Onyx Black": 2.515, "Black": 5.27, "just": 1.309}, "Xmas Stocking": {"Onyx Black": 2.45, "Black": 5.545, "just": 1.4195}, "Snake Box": {"Onyx Black": 2.1550000000000002, "Black": 5.5600000000000005, "just": 1.3855}, "Pet Snake": {"Onyx Black": 2.5, "Black": 5.6899999999999995, "just": 1.513}, "Candy Cane": {"Sticky Sweet": 2.4800000000000004, "Grinch": 3.2, "Hex Pot": 3.2, "Designer": 7.300000000000001, "Onyx Black": 2.355, "Black": 5.859999999999999, "just": 1.36}, "Whip Cupcake": {"Deep State": 2.418, "Toncoin": 3.12, "Resistance": 5.46, "Bitcoin": 14.88, "Sponge Duck": 2.418, "Onyx Black": 2.245, "Black": 5.779999999999999, "just": 1.326}, "Big Year": {"Telegram": 5.627999999999999, "Game Boy": 2.3516999999999997, "The Hobbit": 4.02, "YouTubes": 4.02, "Bitcoin": 5.627999999999999, "First Website": 2.1105, "Pavel Durov": 7.034999999999999, "Gold Mine": 7.034999999999999, "Cheshire Cat": 2.7135, "Creator": 2.7135, "The Nether": 2.7135, "Pokeball": 2.7135, "Balloons": 2.211, "Qing Dynasty": 3.1155, "Big Brother": 3.1155, "Onyx Black": 3.625, "Black": 9.204999999999998, "just": 1.7084999999999997}, "Homemade Cake": {"Onyx Black": 2.375, "Black": 5.4, "just": 1.5725}, "Cookie Heart": {"Onyx Black": 2.67, "Black": 6.920000000000001, "just": 1.6575}, "Jester Hat": {"Onyx Black": 2.765, "Black": 6.585, "just": 1.5215}, "Holiday Drink": {"Onyx Black": 2.73, "Black": 6.4799999999999995, "just": 1.666}, "Ginger Cookie": {"Onyx Black": 3.625, "Black": 6.925000000000001, "just": 1.6575}, "Hypno Lollipop": {"Onyx Black": 3.075, "Black": 6.7250000000000005, "just": 1.6575}, "Winter Wreath": {"Moon Cat": 106.265, "Onyx Black": 2.975, "Black": 7.195, "just": 1.7}, "Party Sparkler": {"Onyx Black": 3.17, "Black": 6.965, "just": 1.649}, "Jingle Bells": {"Onyx Black": 2.835, "Black": 6.195, "just": 1.785}, "Tama Gadget": {"Onyx Black": 3.5, "Black": 6.9399999999999995, "just": 1.853}, "Jack-in-the-Box": {"Onyx Black": 3.215, "Black": 7.13, "just": 1.9209999999999998}, "Star Notepad": {"Onyx Black": 3.87, "Black": 9.42, "just": 1.9889999999999999}, "Easter Egg": {"Onyx Black": 3.8200000000000003, "Black": 10.905000000000001, "just": 2.465}, "Santa Hat": {"Onyx Black": 3.9219999999999997, "Black": 8.245999999999999, "just": 2.3375}, "Hex Pot": {"Onyx Black": 4.01, "Black": 10.145, "just": 2.38}, "Restless Jar": {"Onyx Black": 3.9800000000000004, "Black": 9.479999999999999, "just": 2.176}, "Lush Bouquet": {"Onyx Black": 4.515000000000001, "Black": 9.0, "just": 2.5925}, "Spiced Wine": {"Onyx Black": 3.394, "Black": 6.886, "just": 2.1165000000000003}, "Snow Globe": {"Onyx Black": 4.425, "Black": 11.419999999999998, "just": 2.4225}, "Joyful Bundle": {"Onyx Black": 3.68, "Black": 9.684999999999999, "just": 2.4395000000000002}, "Light Sword": {"Onyx Black": 4.618, "Black": 10.698, "just": 2.6944999999999997}, "Witch Hat": {"Onyx Black": 4.6, "Black": 12.100000000000001, "just": 2.72}, "Bow Tie": {"Onyx Black": 4.71, "Black": 12.15, "just": 2.7624999999999997}, "Eternal Candle": {"Onyx Black": 5.114, "Black": 10.59, "just": 3.0515}, "Jelly Bunny": {"Onyx Black": 4.65, "Black": 10.629999999999999, "just": 2.8049999999999997}, "Bunny Muffin": {"Onyx Black": 4.6, "Black": 11.559999999999999, "just": 3.06}, "Spy Agaric": {"Onyx Black": 5.674, "Black": 10.546, "just": 3.0515}, "Evil Eye": {"Onyx Black": 6.292, "Black": 12.08, "just": 3.06}, "Snow Mittens": {"Onyx Black": 5.782, "Black": 8.782, "just": 3.3745000000000003}, "Berry Box": {"Onyx Black": 5.42, "Black": 11.540000000000001, "just": 3.145}, "Valentine Box": {"Onyx Black": 7.220000000000001, "Black": 12.02, "just": 3.995}, "Sakura Flower": {"Onyx Black": 6.256, "Black": 15.340000000000002, "just": 4.165}, "Hanging Star": {"Onyx Black": 7.794, "Black": 15.13, "just": 4.7515}, "Sleigh Bell": {"Onyx Black": 10.496, "Black": 20.5, "just": 6.375}, "Love Candle": {"Onyx Black": 10.58, "Black": 18.3, "just": 7.225}, "Skull Flower": {"Onyx Black": 11.75, "Black": 18.75, "just": 7.0125}, "Crystal Ball": {"Onyx Black": 12.6, "Black": 28.240000000000002, "just": 7.14}, "Trapped Heart": {"Onyx Black": 13.07, "Black": 17.869999999999997, "just": 7.182499999999999}, "Top Hat": {"Onyx Black": 15.34, "Black": 21.340000000000003, "just": 7.565}, "Love Potion": {"Onyx Black": 13.934000000000001, "Black": 23.93, "just": 8.4065}, "Flying Broom": {"Onyx Black": 12.888, "Black": 18.688000000000002, "just": 8.058}, "Cupid Charm": {"Onyx Black": 17.152, "Black": 30.752000000000002, "just": 10.132}, "Record Player": {"Onyx Black": 10.54, "Black": 20.740000000000002, "just": 6.715}, "Eternal Rose": {"Onyx Black": 21.242, "Black": 34.678, "just": 12.2995}, "Mad Pumpkin": {"Onyx Black": 24.8, "Black": 40.8, "just": 17.0}, "Voodoo Doll": {"Onyx Black": 23.672, "Black": 46.072, "just": 15.402000000000001}, "Diamond Ring": {"Onyx Black": 22.07, "Black": 43.67400000000001, "just": 14.2715}, "Toy Bear": {"Onyx Black": 34.08, "Black": 51.56, "just": 22.61}, "Vintage Cigar": {"Onyx Black": 36.984, "Black": 65.584, "just": 20.944}, "Neko Helmet": {"Onyx Black": 38.416, "Black": 58.816, "just": 23.256}, "Low Rider": {"Onyx Black": 33.14, "Black": 81.53999999999999, "just": 22.014999999999997}, "Signet Ring": {"Onyx Black": 38.019999999999996, "Black": 80.816, "just": 24.395}, "Electric Skull": {"Onyx Black": 45.8, "Black": 75.8, "just": 28.05}, "Kissed Frog": {"Onyx Black": 44.81, "Black": 79.614, "just": 27.786499999999997}, "Swiss Watch": {"Onyx Black": 43.27,