{"Snoop Dogg": {"Sapphire": 2.2105, "AI Dogg": 2.856, "Doberman": 3.231, "Black Diamond": 2.068, "Goldizzle": 6.8185, "Chrome": 2.3055000000000003, "King Snoop": 4.835999999999999, "Doggfather": 2.9935, "King Ruby": 1.9255, "Cold Topaz": 2.087, "Onyx Black": 3.253333333333333, "Black": 10.03076923076923, "just": 1.53}, "Swag Bag": {"Darkness": 2.1525, "Happy Herbs": 3.1774999999999998, "Leopard": 2.1525, "Bulk Order": 2.255, "Boiling Hot": 2.3985, "Missionary": 8.669999999999998, "Gin & Jewels": 2.5625, "Take It Easy": 2.5625, "April 20th": 3.1774999999999998, "Cashback": 3.1774999999999998, "Snoop Life": 2.7675, "Onyx Black": 3.175, "Black": 7.5249999999999995, "just": 1.7424999999999997}, "Snoop Cigar": {"Onyx Black": 7.8999999999999995, "Black": 19.25, "just": 4.1225}, "Lol Pop": {"Sweetheart": 1.85, "Cobweb": 1.554, "Angelina": 2.294, "Pumpkin": 1.85, "Dark Sky": 1.6280000000000001, "Gold Star": 1.554, "Love Bubbles": 1.85, "Hollywood": 1.554, "Milky Way": 1.554, "Mortal Sin": 2.96, "Rosebud": 1.7315999999999998, "Blood Sucker": 1.998, "Satellite": 1.85, "Blood Ember": 1.7315999999999998, "Einstein": 1.7315999999999998, "Celestia": 2.294, "Doodle Art": 1.6280000000000001, "Glowstick": 1.998, "Nostalgia": 1.554, "Jinxed": 1.6280000000000001, "Jolly Roger": 1.85, "Icy Touch": 1.554, "Heart Pop": 1.6280000000000001, "Shock Wave": 1.554, "Hexed Helix": 1.85, "Sick Leave": 1.554, "Dark Portal": 1.85, "Andromeda": 1.998, "Onyx Black": 1.99, "Black": 5.220000000000001, "just": 1.258}, "B-Day Candle": {"Final Boss": 2.2319999999999998, "On Fire": 2.2319999999999998, "Happy Meows": 2.2319999999999998, "Payday": 2.2319999999999998, "Pixel Wish": 2.2319999999999998, "Kaboom!": 1.944, "Purr Magic": 2.2319999999999998, "Onyx Black": 1.865, "Black": 5.18, "just": 1.224}, "Desk Calendar": {"Hodler": 5.109999999999999, "Telegram": 2.263, "Fawkes Night": 2.92, "Checklist": 1.971, "Fund Manager": 2.263, "Deadline": 2.263, "Tic Tac Toe": 2.263, "Heartbreak": 1.606, "Balloon Face": 1.825, "Adult Tasks": 27.635, "Investor": 8.73, "Independence": 2.263, "Peach Week": 2.263, "Durov Day": 5.109999999999999, "Sunday": 1.971, "Pepe Plans": 14.474999999999998, "Burning Time": 2.263, "Onyx Black": 1.88, "Black": 5.33, "just": 1.2409999999999999}, "Lunar Snake": {"Psychedelic": 2.325, "Timelock": 2.325, "Hot Cherry": 2.325, "Synthwave": 4.199999999999999, "Soul Eater": 2.325, "Python Dev": 2.0250000000000004, "Hellspawn": 2.0250000000000004, "Dragon Ball": 5.25, "Onyx Black": 2.3449999999999998, "Black": 5.435, "just": 1.275}, "Xmas Stocking": {"Onyx Black": 2.23, "Black": 5.749999999999999, "just": 1.2495}, "Snake Box": {"Onyx Black": 2.1799999999999997, "Black": 5.424999999999999, "just": 1.326}, "Pet Snake": {"Onyx Black": 2.395, "Black": 6.045000000000001, "just": 1.5215}, "Candy Cane": {"Grinch": 3.12, "Sticky Sweet": 2.418, "Designer": 5.46, "Hex Pot": 4.367999999999999, "Onyx Black": 2.2800000000000002, "Black": 5.775, "just": 1.326}, "Whip Cupcake": {"Bitcoin": 13.83, "Resistance": 5.81, "Sponge Duck": 2.573, "Toncoin": 2.573, "Deep State": 2.241, "Onyx Black": 2.195, "Black": 5.73, "just": 1.4109999999999998}, "Big Year": {"Balloons": 2.1849999999999996, "Cheshire Cat": 2.945, "Telegram": 5.319999999999999, "Game Boy": 2.09, "The Nether": 2.945, "Creator": 2.945, "Pavel Durov": 10.4, "Bitcoin": 5.319999999999999, "First Website": 2.223, "Gold Mine": 6.6499999999999995, "The Hobbit": 3.8, "Pokeball": 2.565, "YouTubes": 2.945, "Big Brother": 2.945, "Qing Dynasty": 2.945, "Onyx Black": 3.9499999999999997, "Black": 9.1, "just": 1.615}, "Homemade Cake": {"Onyx Black": 2.365, "Black": 5.640000000000001, "just": 1.5979999999999999}, "Cookie Heart": {"Onyx Black": 2.67, "Black": 6.6899999999999995, "just": 1.6064999999999998}, "Jester Hat": {"Onyx Black": 2.585, "Black": 6.515, "just": 1.5215}, "Holiday Drink": {"Onyx Black": 2.695, "Black": 6.209999999999999, "just": 1.6064999999999998}, "Ginger Cookie": {"Onyx Black": 3.4749999999999996, "Black": 7.175000000000001, "just": 1.6575}, "Hypno Lollipop": {"Onyx Black": 3.455, "Black": 6.77, "just": 1.649}, "Winter Wreath": {"Moon Cat": 91.0, "Onyx Black": 2.6, "Black": 6.995, "just": 1.7}, "Party Sparkler": {"Onyx Black": 2.9749999999999996, "Black": 7.425000000000001, "just": 1.6575}, "Jingle Bells": {"Onyx Black": 2.9699999999999998, "Black": 6.17, "just": 1.819}, "Tama Gadget": {"Onyx Black": 3.455, "Black": 6.77, "just": 1.7764999999999997}, "Jack-in-the-Box": {"Onyx Black": 3.13, "Black": 6.9799999999999995, "just": 1.9209999999999998}, "Star Notepad": {"Onyx Black": 3.8100000000000005, "Black": 9.225, "just": 2.0995}, "Easter Egg": {"Onyx Black": 3.8, "Black": 10.879999999999999, "just": 2.4225}, "Santa Hat": {"Onyx Black": 3.9, "Black": 8.276, "just": 2.38}, "Hex Pot": {"Onyx Black": 4.0, "Black": 9.84, "just": 2.3715}, "Restless Jar": {"Onyx Black": 3.8, "Black": 9.25, "just": 2.21}, "Lush Bouquet": {"Onyx Black": 4.615, "Black": 8.865, "just": 2.7455}, "Spiced Wine": {"Onyx Black": 3.43, "Black": 6.686, "just": 2.2015}, "Snow Globe": {"Onyx Black": 4.92, "Black": 11.424999999999999, "just": 2.4225}, "Joyful Bundle": {"Onyx Black": 3.95, "Black": 9.61, "just": 2.3545}, "Light Sword": {"Onyx Black": 4.456, "Black": 9.86, "just": 2.635}, "Witch Hat": {"Onyx Black": 4.49, "Black": 12.055, "just": 2.6435}, "Bow Tie": {"Onyx Black": 4.634, "Black": 11.914, "just": 2.7115}, "Eternal Candle": {"Onyx Black": 5.39, "Black": 11.190000000000001, "just": 3.1025}, "Jelly Bunny": {"Onyx Black": 5.095, "Black": 10.185, "just": 2.8815}, "Bunny Muffin": {"Onyx Black": 4.5, "Black": 11.5, "just": 2.975}, "Spy Agaric": {"Onyx Black": 5.5, "Black": 10.492, "just": 2.975}, "Evil Eye": {"Onyx Black": 6.364000000000001, "Black": 13.443999999999999, "just": 3.1790000000000003}, "Snow Mittens": {"Onyx Black": 6.710000000000001, "Black": 8.626, "just": 3.2725}, "Berry Box": {"Onyx Black": 5.254, "Black": 10.734, "just": 3.3065}, "Valentine Box": {"Onyx Black": 7.18, "Black": 12.82, "just": 3.995}, "Sakura Flower": {"Onyx Black": 6.918, "Black": 16.122, "just": 4.1395}, "Hanging Star": {"Onyx Black": 8.14, "Black": 15.340000000000002, "just": 5.015000000000001}, "Sleigh Bell": {"Onyx Black": 12.638, "Black": 20.637999999999998, "just": 6.5705}, "Love Candle": {"Onyx Black": 10.188, "Black": 17.183999999999997, "just": 7.123}, "Skull Flower": {"Onyx Black": 11.533999999999999, "Black": 18.453999999999997, "just": 6.706499999999999}, "Crystal Ball": {"Onyx Black": 12.341999999999999, "Black": 27.562, "just": 6.7745}, "Trapped Heart": {"Onyx Black": 12.35, "Black": 19.19, "just": 7.3525}, "Top Hat": {"Onyx Black": 15.216, "Black": 26.819999999999997, "just": 7.395}, "Love Potion": {"Onyx Black": 13.16, "Black": 23.96, "just": 8.449}, "Flying Broom": {"Onyx Black": 11.876000000000001, "Black": 17.676000000000002, "just": 8.041}, "Cupid Charm": {"Onyx Black": 17.067999999999998, "Black": 32.868, "just": 10.013}, "Record Player": {"Onyx Black": 10.518, "Black": 20.758, "just": 6.7405}, "Eternal Rose": {"Onyx Black": 19.274, "Black": 33.714, "just": 12.061499999999999}, "Mad Pumpkin": {"Onyx Black": 24.2, "Black": 39.8, "just": 16.15}, "Voodoo Doll": {"Onyx Black": 24.240000000000002, "Black": 44.660000000000004, "just": 14.535}, "Diamond Ring": {"Onyx Black": 21.25, "Black": 41.65, "just": 14.237499999999999}, "Toy Bear": {"Onyx Black": 33.062, "Black": 50.662000000000006, "just": 21.9045}, "Vintage Cigar": {"Onyx Black": 37.14, "Black": 61.739999999999995, "just": 21.165}, "Neko Helmet": {"Onyx Black": 38.974000000000004, "Black": 66.894, "just": 24.046499999999998}, "Low Rider": {"Onyx Black": 32.534, "Black": 83.822, "just": 21.1565}, "Signet Ring": {"Onyx Black": 38.014, "Black": 75.214, "just": 24.3865}, "Electric Skull": {"Onyx Black": 45.564, "Black": 75.968, "just": 28.288}, "Kissed Frog": {"Onyx Black": 45.84, "Black": 80.63999999999999, "just": 29.24}, "Swiss Watch": {"Onyx Black": 45.06, "Black": 72.66, "just": 29.835},