{"Snoop Dogg": {"Doggfather": 3.2405, "Goldizzle": 8.494, "Black Diamond": 2.1725000000000003, "Doberman": 3.6205000000000007, "King Snoop": 6.0205, "King Ruby": 1.916, "Chrome": 2.5285, "AI Dogg": 2.766, "Emerald": 1.916, "Sapphire": 2.0585, "Green Light": 1.916, "Onyx Black": 3.9433333333333334, "Black": 10.19153846153846, "just": 1.5555}, "Swag Bag": {"Boiling Hot": 2.7, "Cashback": 3.1, "Gin & Jewels": 2.4, "Happy Herbs": 3.1, "Bulk Order": 2.2, "Snoop Life": 2.5, "Take It Easy": 2.6, "April 20th": 2.7, "Golden Nugs": 2.1, "Missionary": 8.5, "Darkness": 2.1, "Onyx Black": 4.0, "Black": 7.195, "just": 1.7}, "Snoop Cigar": {"Onyx Black": 8.43, "Black": 19.955, "just": 4.1819999999999995}, "Lol Pop": {"Glowstick": 1.9035, "Icicle": 1.4805, "Jolly Roger": 1.6496999999999997, "Watermelon": 1.4805, "Comic Crunch": 1.4805, "Love Bubbles": 1.6214999999999997, "Cobweb": 1.551, "Doodle Art": 1.551, "Celestia": 1.9035, "Sick Leave": 1.4805, "Pumpkin": 2.1854999999999998, "Milky Way": 1.4805, "Nostalgia": 1.4805, "Hexed Helix": 1.551, "Jinxed": 1.692, "Romance": 1.4805, "Shock Wave": 1.4805, "Gold Star": 1.4805, "Hollywood": 1.4805, "Blood Sucker": 1.7625, "Heart Pop": 1.4805, "Rosebud": 1.692, "Satellite": 1.6496999999999997, "Fire Vortex": 1.4805, "Andromeda": 1.9035, "Blood Ember": 1.6496999999999997, "Plastic Ice": 1.4805, "Dark Portal": 1.6214999999999997, "Einstein": 1.692, "Crystal Comet": 1.4805, "Crystalline": 1.4805, "Mortal Sin": 2.82, "Sweetheart": 1.7625, "Angelina": 2.1854999999999998, "Dark Sky": 1.551, "Onyx Black": 1.935, "Black": 4.955, "just": 1.1985}, "B-Day Candle": {"Happy Meows": 2.1235000000000004, "Pixel Wish": 2.1235000000000004, "On Fire": 2.1235000000000004, "Payday": 2.1235000000000004, "Kaboom!": 2.1235000000000004, "Final Boss": 2.1235000000000004, "Purr Magic": 2.1235000000000004, "Onyx Black": 1.7750000000000001, "Black": 5.01, "just": 1.1645}, "Desk Calendar": {"Heartbreak": 1.5525, "Burning Time": 2.0925000000000002, "Independence": 2.0925000000000002, "Fund Manager": 2.0925000000000002, "Fawkes Night": 5.625, "Peach Week": 2.0925000000000002, "Hodler": 4.7250000000000005, "Balloon Face": 1.6875, "Tic Tac Toe": 1.6875, "Pepe Plans": 14.174999999999999, "Adult Tasks": 25.62, "Durov Day": 6.625, "Sunday": 2.0925000000000002, "Deadline": 2.0925000000000002, "Investor": 9.549999999999999, "Telegram": 2.7, "Checklist": 1.8225000000000002, "Onyx Black": 1.75, "Black": 5.120000000000001, "just": 1.1475}, "Lunar Snake": {"Psychedelic": 1.911, "Dragon Ball": 5.145, "Timelock": 2.2785, "Hot Cherry": 1.9845000000000002, "Synthwave": 5.145, "Soul Eater": 2.2785, "Python Dev": 2.2785, "Hellspawn": 1.911, "Onyx Black": 2.835, "Black": 5.475, "just": 1.2495}, "Xmas Stocking": {"Onyx Black": 2.07, "Black": 5.945, "just": 1.2665}, "Snake Box": {"Onyx Black": 2.13, "Black": 6.049999999999999, "just": 1.326}, "Pet Snake": {"Onyx Black": 2.43, "Black": 5.920000000000001, "just": 1.581}, "Candy Cane": {"Designer": 5.53, "Grinch": 3.16, "Hex Pot": 4.4239999999999995, "Sticky Sweet": 1.975, "Onyx Black": 2.14, "Black": 5.795, "just": 1.343}, "Whip Cupcake": {"Bitcoin": 11.815000000000001, "Sponge Duck": 2.5265, "Deep State": 2.2005, "Resistance": 5.705, "Toncoin": 2.5265, "Onyx Black": 2.48, "Black": 5.475, "just": 1.3855}, "Big Year": {"Qing Dynasty": 3.72, "First Website": 2.511, "YouTubes": 2.8830000000000005, "Cheshire Cat": 2.8830000000000005, "Pokeball": 2.511, "The Nether": 2.8830000000000005, "The Hobbit": 3.72, "Gold Mine": 6.510000000000001, "Game Boy": 2.0460000000000003, "Telegram": 5.208, "Bitcoin": 5.208, "Pavel Durov": 9.43, "Creator": 2.8830000000000005, "Big Brother": 2.8830000000000005, "Balloons": 1.9530000000000003, "Onyx Black": 3.5250000000000004, "Black": 8.93, "just": 1.581}, "Homemade Cake": {"Onyx Black": 2.225, "Black": 5.324999999999999, "just": 1.581}, "Cookie Heart": {"Onyx Black": 2.575, "Black": 6.720000000000001, "just": 1.6575}, "Jester Hat": {"Onyx Black": 2.495, "Black": 6.47, "just": 1.5215}, "Holiday Drink": {"Onyx Black": 2.6550000000000002, "Black": 6.284999999999999, "just": 1.5895000000000001}, "Ginger Cookie": {"Onyx Black": 3.61, "Black": 7.205, "just": 1.632}, "Hypno Lollipop": {"Onyx Black": 3.325, "Black": 7.45, "just": 1.7}, "Winter Wreath": {"Moon Cat": 90.985, "Onyx Black": 2.885, "Black": 7.935, "just": 1.6744999999999999}, "Party Sparkler": {"Onyx Black": 2.8949999999999996, "Black": 6.694999999999999, "just": 1.6064999999999998}, "Jingle Bells": {"Onyx Black": 2.99, "Black": 6.445, "just": 1.785}, "Tama Gadget": {"Onyx Black": 3.425, "Black": 6.755000000000001, "just": 1.7254999999999998}, "Jack-in-the-Box": {"Onyx Black": 3.125, "Black": 6.875, "just": 1.9124999999999999}, "Star Notepad": {"Onyx Black": 3.585, "Black": 9.349999999999998, "just": 1.9549999999999998}, "Easter Egg": {"Onyx Black": 3.7750000000000004, "Black": 10.860000000000001, "just": 2.3885}, "Santa Hat": {"Onyx Black": 3.746, "Black": 9.206, "just": 2.3035}, "Hex Pot": {"Onyx Black": 3.955, "Black": 9.315000000000001, "just": 2.3035}, "Restless Jar": {"Onyx Black": 3.7199999999999998, "Black": 8.565, "just": 2.244}, "Lush Bouquet": {"Onyx Black": 4.705, "Black": 8.26, "just": 2.5669999999999997}, "Spiced Wine": {"Onyx Black": 3.108, "Black": 6.944, "just": 2.193}, "Snow Globe": {"Onyx Black": 5.745, "Black": 10.094999999999999, "just": 2.5415}, "Joyful Bundle": {"Onyx Black": 4.9350000000000005, "Black": 8.934999999999999, "just": 2.4395000000000002}, "Light Sword": {"Onyx Black": 4.864000000000001, "Black": 10.28, "just": 2.669}, "Witch Hat": {"Onyx Black": 4.6899999999999995, "Black": 12.040000000000001, "just": 2.618}, "Bow Tie": {"Onyx Black": 6.298, "Black": 12.294, "just": 2.6944999999999997}, "Eternal Candle": {"Onyx Black": 5.38, "Black": 10.972, "just": 3.094}, "Jelly Bunny": {"Onyx Black": 4.87, "Black": 11.424999999999999, "just": 2.8475}, "Bunny Muffin": {"Onyx Black": 6.8, "Black": 16.8, "just": 3.57}, "Spy Agaric": {"Onyx Black": 6.83, "Black": 10.374, "just": 2.8815}, "Evil Eye": {"Onyx Black": 6.93, "Black": 14.334, "just": 3.3065}, "Snow Mittens": {"Onyx Black": 5.958, "Black": 8.678, "just": 3.3405}, "Berry Box": {"Onyx Black": 4.828, "Black": 10.663999999999998, "just": 3.2129999999999996}, "Valentine Box": {"Onyx Black": 7.228, "Black": 12.668, "just": 4.063}, "Sakura Flower": {"Onyx Black": 6.938000000000001, "Black": 16.334000000000003, "just": 4.4455}, "Hanging Star": {"Onyx Black": 9.086, "Black": 15.334, "just": 5.0065}, "Sleigh Bell": {"Onyx Black": 10.894, "Black": 24.094, "just": 6.3665}, "Love Candle": {"Onyx Black": 10.424, "Black": 15.764, "just": 7.598999999999999}, "Skull Flower": {"Onyx Black": 11.26, "Black": 18.379999999999995, "just": 6.885}, "Crystal Ball": {"Onyx Black": 12.276, "Black": 27.112000000000002, "just": 6.681}, "Trapped Heart": {"Onyx Black": 11.533999999999999, "Black": 20.733999999999998, "just": 6.706499999999999}, "Top Hat": {"Onyx Black": 14.266, "Black": 26.358, "just": 6.7405}, "Love Potion": {"Onyx Black": 12.632, "Black": 23.996000000000002, "just": 8.5}, "Flying Broom": {"Onyx Black": 11.774, "Black": 18.774, "just": 7.896499999999999}, "Cupid Charm": {"Onyx Black": 18.226, "Black": 32.826, "just": 9.9535}, "Record Player": {"Onyx Black": 10.356, "Black": 20.356, "just": 6.170999999999999}, "Eternal Rose": {"Onyx Black": 18.114, "Black": 35.594, "just": 11.8915}, "Mad Pumpkin": {"Onyx Black": 24.11, "Black": 40.510000000000005, "just": 16.0225}, "Voodoo Doll": {"Onyx Black": 24.678, "Black": 50.698, "just": 15.155499999999998}, "Diamond Ring": {"Onyx Black": 20.974, "Black": 41.774, "just": 13.846499999999999}, "Toy Bear": {"Onyx Black": 30.93, "Black": 46.93000000000001, "just": 20.017500000000002}, "Vintage Cigar": {"Onyx Black": 33.794, "Black": 58.593999999999994, "just": 19.5415}, "Neko Helmet": {"Onyx Black": 36.38, "Black": 63.78, "just": 22.355}, "Low Rider": {"Onyx Black": 33.194, "Black": 76.794, "just": 22.091499999999996},