{"Snoop Dogg": {"King Ruby": 1.9825, "Chrome": 2.4955, "Doberman": 3.2405, "Black Gold": 1.9730000000000003, "Black Diamond": 2.201, "Sapphire": 2.1535, "Goldizzle": 7.531000000000001, "AI Dogg": 3.1265, "Doggfather": 3.231, "King Snoop": 5.596, "Cold Topaz": 2.011, "Onyx Black": 3.27, "Black": 10.11153846153846, "just": 1.5725}, "Swag Bag": {"Golden Nugs": 2.2660000000000005, "Leopard": 2.2660000000000005, "Dogg’s Loot": 2.2660000000000005, "Bulk Order": 2.4102, "Gin & Jewels": 2.575, "Cashback": 3.193, "Missionary": 8.28, "Darkness": 2.2660000000000005, "Take It Easy": 2.575, "April 20th": 3.193, "Boiling Hot": 2.472, "Happy Herbs": 3.193, "Snoop Life": 2.781, "Onyx Black": 3.4850000000000003, "Black": 7.529999999999999, "just": 1.751}, "Snoop Cigar": {"Onyx Black": 8.395, "Black": 19.115000000000002, "just": 4.165}, "Lol Pop": {"Andromeda": 1.9575, "Hexed Helix": 1.8125, "Satellite": 1.8125, "Einstein": 1.74, "Jinxed": 1.74, "Heart Pop": 1.595, "Mortal Sin": 2.9, "Fire Vortex": 1.595, "Cobweb": 1.595, "Plastic Ice": 1.5225, "Shock Wave": 1.5225, "Hollywood": 1.5225, "Glowstick": 2.2475, "Angelina": 2.2475, "Sweetheart": 1.74, "Blood Ember": 1.6674999999999998, "Celestia": 1.9575, "Gold Star": 1.5225, "Doodle Art": 1.6674999999999998, "Jolly Roger": 1.6965, "Pink Foil": 1.5225, "Love Bubbles": 1.6674999999999998, "Rosebud": 1.74, "Dark Sky": 1.595, "Blood Sucker": 1.885, "Pumpkin": 1.8125, "Crystal Comet": 1.5225, "Dark Portal": 1.8125, "Onyx Black": 1.975, "Black": 5.159999999999999, "just": 1.2325}, "B-Day Candle": {"Final Boss": 2.201, "Payday": 2.201, "Happy Meows": 2.201, "On Fire": 2.201, "Kaboom!": 1.917, "Purr Magic": 2.201, "Pixel Wish": 2.201, "Onyx Black": 1.855, "Black": 5.11, "just": 1.2069999999999999}, "Desk Calendar": {"Telegram": 2.72, "Deadline": 2.108, "Fawkes Night": 4.760000000000001, "Heartbreak": 1.5912, "Burning Time": 2.108, "Pepe Plans": 14.43, "Balloon Face": 1.7680000000000002, "Investor": 9.43, "Peach Week": 2.108, "Hodler": 4.760000000000001, "Adult Tasks": 25.675, "Fund Manager": 2.108, "Independence": 2.108, "Durov Day": 8.040000000000001, "Tic Tac Toe": 1.8360000000000003, "Checklist": 2.108, "Sunday": 2.108, "Onyx Black": 1.855, "Black": 5.154999999999999, "just": 1.1560000000000001}, "Lunar Snake": {"Hot Cherry": 2.0250000000000004, "Hellspawn": 2.0250000000000004, "Python Dev": 2.325, "Timelock": 2.325, "Synthwave": 4.199999999999999, "Soul Eater": 2.0250000000000004, "Psychedelic": 2.325, "Dragon Ball": 5.25, "Onyx Black": 2.4450000000000003, "Black": 5.175, "just": 1.275}, "Xmas Stocking": {"Onyx Black": 2.17, "Black": 5.76, "just": 1.2665}, "Snake Box": {"Onyx Black": 2.165, "Black": 5.29, "just": 1.343}, "Pet Snake": {"Onyx Black": 2.54, "Black": 6.085, "just": 1.5979999999999999}, "Candy Cane": {"Designer": 5.390000000000001, "Grinch": 4.311999999999999, "Hex Pot": 3.08, "Sticky Sweet": 2.079, "Onyx Black": 2.245, "Black": 5.815, "just": 1.309}, "Whip Cupcake": {"Deep State": 2.184, "Bitcoin": 12.79, "Sponge Duck": 2.604, "Resistance": 5.88, "Toncoin": 2.604, "Onyx Black": 2.2399999999999998, "Black": 5.465, "just": 1.428}, "Big Year": {"Pokeball": 2.4975000000000005, "The Nether": 2.8675, "Balloons": 2.035, "The Hobbit": 3.7, "Telegram": 6.4750000000000005, "YouTubes": 3.7, "Bitcoin": 5.18, "Big Brother": 2.8675, "Creator": 2.8675, "Cheshire Cat": 2.8675, "First Website": 2.1645, "Pavel Durov": 10.424999999999999, "Game Boy": 2.035, "Gold Mine": 6.4750000000000005, "Qing Dynasty": 2.8675, "Onyx Black": 3.9250000000000003, "Black": 9.924999999999999, "just": 1.5725}, "Homemade Cake": {"Onyx Black": 2.33, "Black": 5.605, "just": 1.547}, "Cookie Heart": {"Onyx Black": 2.55, "Black": 6.445, "just": 1.615}, "Jester Hat": {"Onyx Black": 2.5, "Black": 6.3999999999999995, "just": 1.53}, "Holiday Drink": {"Onyx Black": 2.7, "Black": 6.074999999999999, "just": 1.615}, "Ginger Cookie": {"Onyx Black": 3.635, "Black": 7.209999999999999, "just": 1.6744999999999999}, "Hypno Lollipop": {"Onyx Black": 3.375, "Black": 7.449999999999999, "just": 1.615}, "Winter Wreath": {"Moon Cat": 100.99000000000001, "Onyx Black": 2.9850000000000003, "Black": 6.49, "just": 1.683}, "Party Sparkler": {"Onyx Black": 3.4699999999999998, "Black": 7.415000000000001, "just": 1.649}, "Jingle Bells": {"Onyx Black": 3.075, "Black": 6.93, "just": 1.836}, "Tama Gadget": {"Onyx Black": 3.46, "Black": 6.790000000000001, "just": 1.785}, "Jack-in-the-Box": {"Onyx Black": 3.125, "Black": 6.975, "just": 1.9124999999999999}, "Star Notepad": {"Onyx Black": 3.7750000000000004, "Black": 9.649999999999999, "just": 2.04}, "Easter Egg": {"Onyx Black": 3.825, "Black": 10.905000000000001, "just": 2.465}, "Santa Hat": {"Onyx Black": 3.6660000000000004, "Black": 9.17, "just": 2.2525}, "Hex Pot": {"Onyx Black": 3.975, "Black": 9.77, "just": 2.3375}, "Restless Jar": {"Onyx Black": 3.5549999999999997, "Black": 9.125, "just": 2.176}, "Lush Bouquet": {"Onyx Black": 5.27, "Black": 8.82, "just": 2.754}, "Spiced Wine": {"Onyx Black": 3.356, "Black": 7.156000000000001, "just": 2.21}, "Snow Globe": {"Onyx Black": 4.75, "Black": 10.2, "just": 2.295}, "Joyful Bundle": {"Onyx Black": 4.9399999999999995, "Black": 8.940000000000001, "just": 2.448}, "Light Sword": {"Onyx Black": 4.468, "Black": 10.631999999999998, "just": 2.652}, "Witch Hat": {"Onyx Black": 4.52, "Black": 12.02, "just": 2.584}, "Bow Tie": {"Onyx Black": 5.962, "Black": 11.962, "just": 2.7795}, "Eternal Candle": {"Onyx Black": 5.272, "Black": 10.908, "just": 2.992}, "Jelly Bunny": {"Onyx Black": 5.08, "Black": 10.219999999999999, "just": 2.941}, "Bunny Muffin": {"Onyx Black": 5.24, "Black": 11.440000000000001, "just": 2.8899999999999997}, "Spy Agaric": {"Onyx Black": 6.039999999999999, "Black": 10.440000000000001, "just": 2.8899999999999997}, "Evil Eye": {"Onyx Black": 7.014, "Black": 13.414, "just": 3.1365}, "Snow Mittens": {"Onyx Black": 5.94, "Black": 8.216000000000001, "just": 3.145}, "Berry Box": {"Onyx Black": 5.26, "Black": 10.732000000000001, "just": 3.315}, "Valentine Box": {"Onyx Black": 7.27, "Black": 13.909999999999998, "just": 4.1225}, "Sakura Flower": {"Onyx Black": 7.1, "Black": 16.308, "just": 4.403}, "Hanging Star": {"Onyx Black": 8.914, "Black": 15.154, "just": 4.7515}, "Sleigh Bell": {"Onyx Black": 11.84, "Black": 20.644, "just": 6.579}, "Love Candle": {"Onyx Black": 10.4, "Black": 15.68, "just": 7.48}, "Skull Flower": {"Onyx Black": 11.501999999999999, "Black": 18.421999999999997, "just": 6.9445}, "Crystal Ball": {"Onyx Black": 11.188, "Black": 27.488, "just": 6.783}, "Trapped Heart": {"Onyx Black": 12.354, "Black": 20.414, "just": 7.386499999999999}, "Top Hat": {"Onyx Black": 14.882000000000001, "Black": 27.526, "just": 6.9785}, "Love Potion": {"Onyx Black": 12.636, "Black": 23.84, "just": 8.279}, "Flying Broom": {"Onyx Black": 12.314, "Black": 17.294, "just": 8.0665}, "Cupid Charm": {"Onyx Black": 17.782, "Black": 32.982, "just": 10.1745}, "Record Player": {"Onyx Black": 10.32, "Black": 20.56, "just": 6.46}, "Eternal Rose": {"Onyx Black": 18.808, "Black": 34.616, "just": 12.206}, "Mad Pumpkin": {"Onyx Black": 23.792, "Black": 38.391999999999996, "just": 15.572}, "Voodoo Doll": {"Onyx Black": 24.3, "Black": 46.31999999999999, "just": 14.62}, "Diamond Ring": {"Onyx Black": 21.189999999999998, "Black": 43.589999999999996, "just": 14.152499999999998}, "Toy Bear": {"Onyx Black": 33.18, "Black": 48.912000000000006, "just": 21.505}, "Vintage Cigar": {"Onyx Black": 36.44, "Black": 60.66, "just": 20.774}, "Neko Helmet": {"Onyx Black": 37.04, "Black": 63.239999999999995, "just": 23.29}, "Low Rider": {"Onyx Black": 32.6, "Black": 80.196, "just": 21.25}, "Signet Ring": {"Onyx Black": 37.57, "Black": 72.73, "just": 23.7575}, "Electric Skull": {"Onyx Black": 43.616, "Black": 75.62, "just": 27.795}, "Kissed Frog": {"Onyx Black": 45.288, "Black": 79.888, "just": 28.457999999999995}, "Swiss Watch": {"Onyx Black": 42.656, "Black": 72.256, "just": 30.395999999999997}, "Sharp Tongue": {"Onyx Black": 55.14,