{"Snoop Dogg": {"Sapphire": 2.2155, "AI Dogg": 3.0060000000000002, "Chrome": 2.5100000000000002, "King Snoop": 4.6155, "Doggfather": 2.9205, "Black Diamond": 2.3865000000000003, "Goldizzle": 7.2935, "Doberman": 3.2005, "Cold Topaz": 2.1205000000000003, "Onyx Black": 3.1966666666666663, "Black": 10.697692307692307, "just": 1.5215}, "Swag Bag": {"Bulk Order": 2.4375, "Cashback": 3.0225, "Darkness": 2.145, "Leopard": 2.0475, "Missionary": 6.825, "P.I.M.P.": 2.0475, "Boiling Hot": 2.6325000000000003, "Happy Herbs": 3.0225, "Gin & Jewels": 2.4375, "Take It Easy": 2.535, "April 20th": 3.0225, "Dogg’s Loot": 2.0475, "Snoop Life": 2.535, "Onyx Black": 3.075, "Black": 7.4, "just": 1.6575}, "Snoop Cigar": {"Onyx Black": 7.635, "Black": 17.28, "just": 4.054499999999999}, "Lol Pop": {"Andromeda": 1.9575, "Watermelon": 1.5225, "Sailor Moon": 1.595, "Blood Ember": 1.595, "Einstein": 1.5225, "Blue Goo": 1.5225, "Crystalline": 1.595, "Comic Crunch": 1.5225, "Pumpkin": 1.5225, "Gold Star": 1.5225, "Dark Portal": 1.5225, "Jolly Roger": 1.74, "Milky Way": 1.595, "Mortal Sin": 4.06, "Hexed Helix": 1.885, "Jinxed": 1.6674999999999998, "Heart Pop": 1.595, "Plastic Ice": 1.595, "Magic Wand": 1.595, "Cobweb": 1.595, "Celestia": 2.2475, "Dark Sky": 1.8125, "Satellite": 1.74, "Angelina": 2.2475, "Shock Wave": 1.595, "Blood Sucker": 1.74, "Glowstick": 1.9575, "Love Bubbles": 1.595, "Rosebud": 1.74, "Sweetheart": 1.885, "Onyx Black": 2.025, "Black": 5.175, "just": 1.2325}, "B-Day Candle": {"On Fire": 2.015, "Payday": 2.015, "Final Boss": 2.015, "Pixel Wish": 2.015, "Purr Magic": 2.015, "Kaboom!": 2.015, "Happy Meows": 2.6, "Onyx Black": 1.705, "Black": 4.890000000000001, "just": 1.105}, "Desk Calendar": {"Burning Time": 2.015, "Independence": 2.6, "Fund Manager": 2.6, "Heartbreak": 1.56, "Checklist": 2.015, "Hodler": 4.55, "Sunday": 2.015, "Fawkes Night": 2.6, "Durov Day": 2.6, "Deadline": 2.015, "Investor": 6.145, "Tic Tac Toe": 2.015, "Adult Tasks": 24.075000000000003, "Balloon Face": 1.4949999999999999, "Pepe Plans": 10.635, "Peach Week": 2.015, "Telegram": 2.015, "Onyx Black": 1.6749999999999998, "Black": 5.595, "just": 1.105}, "Lunar Snake": {"Soul Eater": 2.263, "Psychedelic": 1.752, "Hot Cherry": 1.971, "Timelock": 1.971, "Hellspawn": 2.263, "Synthwave": 5.109999999999999, "Dragon Ball": 5.109999999999999, "Python Dev": 2.263, "Onyx Black": 2.23, "Black": 5.455, "just": 1.2409999999999999}, "Xmas Stocking": {"Onyx Black": 2.165, "Black": 5.734999999999999, "just": 1.2495}, "Snake Box": {"Onyx Black": 2.115, "Black": 6.205, "just": 1.224}, "Pet Snake": {"Onyx Black": 2.455, "Black": 5.595000000000001, "just": 1.4364999999999999}, "Candy Cane": {"Grinch": 3.14, "Hex Pot": 3.14, "Designer": 5.495, "Sticky Sweet": 1.9625000000000001, "Onyx Black": 2.48, "Black": 5.890000000000001, "just": 1.3345}, "Whip Cupcake": {"Sponge Duck": 3.06, "Bitcoin": 9.714999999999998, "Resistance": 5.355, "Toncoin": 2.3715, "Deep State": 2.0655, "Onyx Black": 2.265, "Black": 5.205, "just": 1.3005}, "Big Year": {"Pokeball": 2.6865, "Pavel Durov": 5.572, "Big Brother": 3.0845000000000002, "YouTubes": 3.0845000000000002, "Bitcoin": 5.572, "First Website": 2.587, "Creator": 3.0845000000000002, "Game Boy": 2.3283, "Gold Mine": 6.965, "Cheshire Cat": 2.3283, "Telegram": 5.572, "Qing Dynasty": 3.0845000000000002, "The Nether": 3.98, "The Hobbit": 3.0845000000000002, "Onyx Black": 3.62, "Black": 8.6, "just": 1.6915}, "Homemade Cake": {"Onyx Black": 2.38, "Black": 5.58, "just": 1.5045}, "Cookie Heart": {"Onyx Black": 2.42, "Black": 7.015, "just": 1.564}, "Jester Hat": {"Onyx Black": 2.645, "Black": 6.595000000000001, "just": 1.4364999999999999}, "Holiday Drink": {"Onyx Black": 2.355, "Black": 5.855, "just": 1.6235}, "Ginger Cookie": {"Onyx Black": 3.35, "Black": 6.475, "just": 1.7}, "Hypno Lollipop": {"Onyx Black": 2.9000000000000004, "Black": 5.995000000000001, "just": 1.785}, "Winter Wreath": {"Moon Cat": 105.71000000000001, "Onyx Black": 2.81, "Black": 8.66, "just": 1.632}, "Party Sparkler": {"Onyx Black": 4.895, "Black": 7.24, "just": 1.6915}, "Jingle Bells": {"Onyx Black": 3.005, "Black": 6.109999999999999, "just": 1.887}, "Tama Gadget": {"Onyx Black": 3.48, "Black": 7.035, "just": 1.768}, "Jack-in-the-Box": {"Onyx Black": 3.105, "Black": 7.6000000000000005, "just": 1.87}, "Star Notepad": {"Onyx Black": 3.87, "Black": 8.645, "just": 1.9040000000000001}, "Easter Egg": {"Onyx Black": 3.73, "Black": 10.94, "just": 2.193}, "Santa Hat": {"Onyx Black": 3.274, "Black": 8.314, "just": 2.2015}, "Hex Pot": {"Onyx Black": 3.92, "Black": 10.095, "just": 2.2864999999999998}, "Restless Jar": {"Onyx Black": 3.505, "Black": 10.755, "just": 2.1334999999999997}, "Lush Bouquet": {"Onyx Black": 4.4399999999999995, "Black": 8.434999999999999, "just": 2.448}, "Spiced Wine": {"Onyx Black": 2.764, "Black": 6.86, "just": 1.9889999999999999}, "Snow Globe": {"Onyx Black": 4.14, "Black": 10.84, "just": 2.278}, "Joyful Bundle": {"Onyx Black": 3.3, "Black": 7.8500000000000005, "just": 2.295}, "Light Sword": {"Onyx Black": 4.61, "Black": 10.674, "just": 2.7115}, "Witch Hat": {"Onyx Black": 4.55, "Black": 12.009999999999998, "just": 3.0174999999999996}, "Bow Tie": {"Onyx Black": 4.936, "Black": 12.636000000000001, "just": 2.754}, "Eternal Candle": {"Onyx Black": 5.288, "Black": 10.488, "just": 2.9579999999999997}, "Jelly Bunny": {"Onyx Black": 4.485, "Black": 11.69, "just": 2.9579999999999997}, "Bunny Muffin": {"Onyx Black": 4.948, "Black": 11.627999999999998, "just": 3.043}, "Spy Agaric": {"Onyx Black": 4.608, "Black": 10.367999999999999, "just": 2.788}, "Evil Eye": {"Onyx Black": 6.39, "Black": 12.99, "just": 3.1025}, "Snow Mittens": {"Onyx Black": 4.814, "Black": 7.561999999999999, "just": 3.1365}, "Berry Box": {"Onyx Black": 5.856, "Black": 11.535999999999998, "just": 3.1959999999999997}, "Valentine Box": {"Onyx Black": 8.033999999999999, "Black": 12.494, "just": 3.7314999999999996}, "Sakura Flower": {"Onyx Black": 6.964, "Black": 14.963999999999999, "just": 4.199}, "Hanging Star": {"Onyx Black": 8.822, "Black": 15.218, "just": 4.5645}, "Sleigh Bell": {"Onyx Black": 10.478, "Black": 16.058, "just": 6.315499999999999}, "Love Candle": {"Onyx Black": 11.102, "Black": 20.502, "just": 6.9445}, "Skull Flower": {"Onyx Black": 9.614, "Black": 18.554000000000002, "just": 6.451499999999999}, "Crystal Ball": {"Onyx Black": 11.224, "Black": 28.608, "just": 6.528}, "Trapped Heart": {"Onyx Black": 12.26, "Black": 19.1, "just": 7.225}, "Top Hat": {"Onyx Black": 11.814, "Black": 24.414, "just": 6.5365}, "Love Potion": {"Onyx Black": 10.978000000000002, "Black": 22.182000000000002, "just": 7.6245}, "Flying Broom": {"Onyx Black": 10.846, "Black": 20.006, "just": 7.9985}, "Cupid Charm": {"Onyx Black": 16.954, "Black": 32.554, "just": 9.8515}, "Record Player": {"Onyx Black": 11.0, "Black": 20.236, "just": 6.63}, "Eternal Rose": {"Onyx Black": 17.419999999999998, "Black": 33.81999999999999, "just": 11.645}, "Mad Pumpkin": {"Onyx Black": 22.718, "Black": 40.122, "just": 14.339500000000001}, "Voodoo Doll": {"Onyx Black": 22.012, "Black": 50.056, "just": 14.246}, "Diamond Ring": {"Onyx Black": 22.52, "Black": 45.7, "just": 13.77}, "Toy Bear": {"Onyx Black": 24.298, "Black": 46.782, "just": 15.274499999999998}, "Vintage Cigar": {"Onyx Black": 43.31400000000001, "Black": 55.714, "just": 20.5615}, "Neko Helmet": {"Onyx Black": 37.984, "Black": 75.98400000000001, "just": 22.644}, "Low Rider": {"Onyx Black": 33.608000000000004, "Black": 90.40799999999999, "just": 20.977999999999998}, "Signet Ring": {"Onyx Black": 36.04, "Black": 73.63999999999999, "just": 21.59}, "Electric Skull": {"Onyx Black": 43.9, "Black": 67.896, "just": 25.925}, "Kissed Frog": {"Onyx Black": 42.56, "Black": 80.16, "just": 28.56}, "Swiss Watch": {"Onyx Black": 43.372, "Black": 69.37199999999999, "just": 30.276999999999997}, "Sharp Tongue": {"Onyx Black": 58.974000000000004, "Black": 107.994, "just": 33.9915}, "Genie Lamp": {"Onyx Black": 65.674, "Black": 229.874, "just": 42.3215},