{"Snoop Dogg": {"Chrome": 2.2975, "Black Diamond": 2.2060000000000004, "Doggfather": 2.9155, "Sapphire": 1.9685000000000006, "Green Light": 1.9210000000000003, "King Snoop": 5.0905000000000005, "Cold Topaz": 1.9210000000000003, "Doberman": 3.7705000000000006, "AI Dogg": 2.963, "Goldizzle": 6.4955, "Onyx Black": 2.8499999999999996, "Black": 9.991538461538461, "just": 1.3855}, "Swag Bag": {"Happy Herbs": 2.8675, "Bulk Order": 2.035, "Take It Easy": 2.1275, "Darkness": 2.035, "Snoop Life": 2.4975000000000005, "April 20th": 2.8675, "Missionary": 6.4750000000000005, "Gin & Jewels": 2.4050000000000002, "Boiling Hot": 2.035, "Cashback": 2.8675, "Onyx Black": 2.8, "Black": 6.92, "just": 1.5725}, "Snoop Cigar": {"Onyx Black": 7.94, "Black": 17.195, "just": 3.8165}, "Lol Pop": {"Einstein": 1.3755000000000002, "Pink Foil": 1.3755000000000002, "Jolly Roger": 1.6375000000000002, "Sweetheart": 1.5065, "Jinxed": 1.5065, "Satellite": 1.703, "Blood Ember": 1.703, "Cobweb": 1.3755000000000002, "Pumpkin": 1.5065, "Watermelon": 1.4410000000000003, "Milky Way": 1.3755000000000002, "Glowstick": 2.0305, "Angelina": 2.0305, "Dark Sky": 1.5065, "Sailor Moon": 1.4410000000000003, "Fire Vortex": 1.4410000000000003, "Rosebud": 1.5065, "Doodle Art": 1.572, "Love Bubbles": 1.6375000000000002, "Nostalgia": 1.3755000000000002, "Blood Sucker": 1.5065, "Dark Portal": 1.572, "Soap Bubbles": 1.3755000000000002, "Hexed Helix": 1.4410000000000003, "Heart Pop": 1.3755000000000002, "Celestia": 2.0305, "Andromeda": 1.5065, "Cookie Dip": 1.3755000000000002, "Comic Crunch": 1.3755000000000002, "Icicle": 1.4410000000000003, "Sick Leave": 1.3755000000000002, "Mortal Sin": 3.6679999999999997, "Onyx Black": 1.805, "Black": 5.15, "just": 1.1135}, "B-Day Candle": {"On Fire": 2.4, "Shocker": 1.8599999999999999, "Final Boss": 1.8599999999999999, "Pixel Wish": 1.8599999999999999, "Purr Magic": 2.4, "Happy Meows": 2.4, "Kaboom!": 1.8599999999999999, "Payday": 2.4, "Onyx Black": 1.6, "Black": 4.699999999999999, "just": 1.02}, "Desk Calendar": {"Investor": 4.2, "Fawkes Night": 3.36, "Peach Week": 1.62, "Independence": 3.36, "Fund Manager": 1.8599999999999999, "Checklist": 1.8599999999999999, "Adult Tasks": 4.2, "Hodler": 4.2, "Durov Day": 2.4, "Balloon Face": 1.62, "Tic Tac Toe": 1.8599999999999999, "Heartbreak": 1.32, "Burning Time": 1.8599999999999999, "Sunday": 2.4, "Deadline": 2.4, "Pepe Plans": 4.2, "Telegram": 1.8599999999999999, "Onyx Black": 1.7399999999999998, "Black": 4.8, "just": 1.02}, "Lunar Snake": {"Hot Cherry": 2.0925000000000002, "Hellspawn": 2.0925000000000002, "Soul Eater": 2.0925000000000002, "Dragon Ball": 4.7250000000000005, "Python Dev": 2.0925000000000002, "Synthwave": 3.78, "Psychedelic": 2.0925000000000002, "Timelock": 1.6875, "Onyx Black": 2.0250000000000004, "Black": 4.775, "just": 1.1475}, "Xmas Stocking": {"Onyx Black": 1.8900000000000001, "Black": 4.915, "just": 1.1305}, "Snake Box": {"Onyx Black": 1.915, "Black": 4.765, "just": 1.1305}, "Pet Snake": {"Onyx Black": 2.24, "Black": 5.345000000000001, "just": 1.4364999999999999}, "Candy Cane": {"Sticky Sweet": 2.511, "Hex Pot": 2.511, "Grinch": 2.511, "Designer": 5.67, "Onyx Black": 2.305, "Black": 6.159999999999999, "just": 1.377}, "Whip Cupcake": {"Resistance": 5.005, "Bitcoin": 5.005, "Sponge Duck": 2.86, "Toncoin": 2.2165, "Deep State": 1.9305, "Onyx Black": 2.065, "Black": 5.2, "just": 1.2155}, "Big Year": {"YouTubes": 2.697, "Bitcoin": 4.872, "Pokeball": 2.697, "Big Brother": 2.697, "Balloons": 1.827, "Creator": 3.48, "The Nether": 2.262, "The Hobbit": 3.48, "Gold Mine": 4.872, "Qing Dynasty": 2.697, "Cheshire Cat": 2.262, "Pavel Durov": 4.872, "First Website": 2.175, "Telegram": 4.872, "Game Boy": 2.262, "Onyx Black": 2.72, "Black": 7.82, "just": 1.4789999999999999}, "Homemade Cake": {"Onyx Black": 1.9, "Black": 4.8549999999999995, "just": 1.2834999999999999}, "Cookie Heart": {"Onyx Black": 2.305, "Black": 6.784999999999999, "just": 1.462}, "Jester Hat": {"Onyx Black": 2.545, "Black": 6.550000000000001, "just": 1.36}, "Holiday Drink": {"Onyx Black": 2.315, "Black": 5.675, "just": 1.4875}, "Ginger Cookie": {"Onyx Black": 2.79, "Black": 5.845, "just": 1.5215}, "Hypno Lollipop": {"Onyx Black": 2.685, "Black": 6.835000000000001, "just": 1.5045}, "Winter Wreath": {"Onyx Black": 2.325, "Black": 8.375, "just": 1.4875}, "Party Sparkler": {"Onyx Black": 2.705, "Black": 6.46, "just": 1.632}, "Jingle Bells": {"Onyx Black": 2.44, "Black": 5.36, "just": 1.462}, "Tama Gadget": {"Onyx Black": 2.65, "Black": 6.16, "just": 1.547}, "Jack-in-the-Box": {"Onyx Black": 2.69, "Black": 7.749999999999999, "just": 1.7424999999999997}, "Star Notepad": {"Onyx Black": 3.255, "Black": 9.229999999999999, "just": 1.751}, "Easter Egg": {"Onyx Black": 3.61, "Black": 10.705, "just": 2.057}, "Santa Hat": {"Onyx Black": 3.35, "Black": 9.649999999999999, "just": 1.9549999999999998}, "Hex Pot": {"Onyx Black": 3.81, "Black": 7.935, "just": 2.057}, "Restless Jar": {"Onyx Black": 3.8, "Black": 7.8999999999999995, "just": 1.9549999999999998}, "Lush Bouquet": {"Onyx Black": 3.4000000000000004, "Black": 8.55, "just": 2.21}, "Spiced Wine": {"Onyx Black": 2.915, "Black": 7.89, "just": 1.6404999999999998}, "Snow Globe": {"Onyx Black": 4.0200000000000005, "Black": 9.095, "just": 2.0315}, "Joyful Bundle": {"Onyx Black": 3.445, "Black": 8.469999999999999, "just": 2.159}, "Light Sword": {"Onyx Black": 4.1450000000000005, "Black": 11.445, "just": 2.4565}, "Witch Hat": {"Onyx Black": 4.015000000000001, "Black": 10.190000000000001, "just": 2.4055}, "Bow Tie": {"Onyx Black": 4.725, "Black": 14.725, "just": 2.635}, "Eternal Candle": {"Onyx Black": 5.23, "Black": 10.224999999999998, "just": 2.516}, "Jelly Bunny": {"Onyx Black": 4.43, "Black": 10.125, "just": 2.771}, "Bunny Muffin": {"Onyx Black": 4.5, "Black": 10.0, "just": 2.72}, "Spy Agaric": {"Onyx Black": 5.365, "Black": 11.219999999999999, "just": 2.499}, "Evil Eye": {"Onyx Black": 5.755000000000001, "Black": 14.209999999999999, "just": 2.992}, "Snow Mittens": {"Onyx Black": 4.695, "Black": 8.73, "just": 2.516}, "Berry Box": {"Onyx Black": 4.73, "Black": 14.24, "just": 2.9579999999999997}, "Valentine Box": {"Onyx Black": 5.92, "Black": 10.935, "just": 3.3065}, "Sakura Flower": {"Onyx Black": 5.640000000000001, "Black": 17.994999999999997, "just": 3.3915}, "Hanging Star": {"Onyx Black": 7.55, "Black": 16.25, "just": 3.8249999999999997}, "Sleigh Bell": {"Onyx Black": 9.945, "Black": 17.939999999999998, "just": 5.0065}, "Love Candle": {"Onyx Black": 7.7250000000000005, "Black": 15.325000000000001, "just": 5.2275}, "Skull Flower": {"Onyx Black": 8.645, "Black": 19.5, "just": 5.1}, "Crystal Ball": {"Onyx Black": 10.23, "Black": 30.744999999999997, "just": 5.5165}, "Trapped Heart": {"Onyx Black": 10.475, "Black": 23.875, "just": 6.7575}, "Top Hat": {"Onyx Black": 16.155, "Black": 26.01, "just": 6.222}, "Love Potion": {"Onyx Black": 10.24, "Black": 26.59, "just": 6.952999999999999}, "Flying Broom": {"Onyx Black": 10.6, "Black": 21.345, "just": 6.969999999999999}, "Cupid Charm": {"Onyx Black": 16.445, "Black": 33.445, "just": 8.4065}, "Record Player": {"Onyx Black": 10.1, "Black": 24.1, "just": 6.969999999999999}, "Eternal Rose": {"Onyx Black": 19.05, "Black": 35.55, "just": 11.135}, "Mad Pumpkin": {"Onyx Black": 18.245, "Black": 39.245, "just": 11.4665}, "Voodoo Doll": {"Onyx Black": 20.35, "Black": 40.349999999999994, "just": 12.495}, "Diamond Ring": {"Onyx Black": 20.045, "Black": 43.545, "just": 12.8265}, "Toy Bear": {"Onyx Black": 20.905, "Black": 51.39999999999999, "just": 15.138499999999999}, "Vintage Cigar": {"Onyx Black": 43.5, "Black": 62.5, "just": 18.7}, "Neko Helmet": {"Onyx Black": 41.870000000000005, "Black": 71.87, "just": 20.179}, "Low Rider": {"Onyx Black": 38.245000000000005, "Black": 106.75, "just": 19.974999999999998}, "Signet Ring": {"Onyx Black": 32.995, "Black": 90.49499999999999, "just": 19.5415}, "Electric Skull": {"Onyx Black": 37.5, "Black": 70.5, "just": 22.099999999999998},