{"Snoop Dogg": {"Doggfather": 3.172, "Doberman": 3.2765, "Cold Topaz": 2.016, "Sapphire": 2.0255, "King Snoop": 4.520500000000001, "Goldizzle": 6.8469999999999995, "Chrome": 2.4305, "AI Dogg": 3.3905000000000003, "Black Diamond": 2.2060000000000004, "Onyx Black": 3.4066666666666667, "Black": 11.055384615384614, "just": 1.4789999999999999}, "Swag Bag": {"Snoop Life": 2.25, "P.I.M.P.": 1.8900000000000001, "Darkness": 2.25, "Take It Easy": 2.25, "Cashback": 2.79, "Happy Herbs": 2.79, "Gin & Jewels": 2.25, "Boiling Hot": 2.25, "Missionary": 6.3, "Leopard": 1.8900000000000001, "April 20th": 2.79, "Bulk Order": 2.25, "Onyx Black": 3.0700000000000003, "Black": 7.395, "just": 1.53}, "Snoop Cigar": {"Onyx Black": 7.2, "Black": 16.799999999999997, "just": 3.74}, "Lol Pop": {"Crystalline": 1.4175000000000002, "Mortal Sin": 2.7, "Nostalgia": 1.4175000000000002, "Celestia": 2.0925000000000002, "Cobweb": 1.5525, "Cookie Dip": 1.5525, "Shock Wave": 1.4175000000000002, "Sweetheart": 1.5525, "Portable Pop": 1.4175000000000002, "Pink Foil": 1.4175000000000002, "Dark Portal": 1.6875, "Satellite": 1.7550000000000001, "Blood Ember": 1.4850000000000003, "Einstein": 1.4175000000000002, "Blood Sucker": 1.6875, "Dark Sky": 1.5525, "Jolly Roger": 1.4175000000000002, "Love Bubbles": 1.4175000000000002, "Plastic Ice": 1.4175000000000002, "Glowstick": 2.0925000000000002, "Rosebud": 1.5525, "Jinxed": 1.4175000000000002, "Comic Crunch": 1.4175000000000002, "Heart Pop": 1.4850000000000003, "Fire Vortex": 1.4175000000000002, "Icicle": 1.4175000000000002, "Andromeda": 1.5525, "Doodle Art": 1.4175000000000002, "Pumpkin": 1.4175000000000002, "Watermelon": 1.4175000000000002, "Angelina": 2.0925000000000002, "Soap Bubbles": 1.4175000000000002, "Hexed Helix": 1.5525, "Onyx Black": 1.925, "Black": 5.125, "just": 1.1475}, "B-Day Candle": {"Kaboom!": 1.9840000000000002, "On Fire": 1.9840000000000002, "Pixel Wish": 1.9840000000000002, "Final Boss": 2.56, "Payday": 1.9840000000000002, "Purr Magic": 1.9840000000000002, "Shocker": 2.56, "Happy Meows": 1.9840000000000002, "Onyx Black": 1.615, "Black": 5.640000000000001, "just": 1.088}, "Desk Calendar": {"Fund Manager": 2.0305, "Independence": 3.6679999999999997, "Balloon Face": 1.5065, "Investor": 4.585, "Hodler": 3.6679999999999997, "Tic Tac Toe": 1.572, "Adult Tasks": 4.585, "Sunday": 2.0305, "Telegram": 2.0305, "Pepe Plans": 4.585, "Heartbreak": 1.4410000000000003, "Deadline": 2.0305, "Checklist": 2.0305, "Burning Time": 2.0305, "Durov Day": 2.62, "Fawkes Night": 4.585, "Peach Week": 1.7685000000000002, "Onyx Black": 1.705, "Black": 7.654999999999999, "just": 1.1135}, "Lunar Snake": {"Synthwave": 4.8999999999999995, "Hellspawn": 2.17, "Dragon Ball": 4.8999999999999995, "Hot Cherry": 2.17, "Psychedelic": 1.89, "Timelock": 1.6099999999999999, "Python Dev": 2.17, "Soul Eater": 2.17, "Onyx Black": 2.0300000000000002, "Black": 5.199999999999999, "just": 1.19}, "Xmas Stocking": {"Onyx Black": 2.005, "Black": 5.175, "just": 1.1560000000000001}, "Snake Box": {"Onyx Black": 1.8850000000000002, "Black": 8.11, "just": 1.122}, "Pet Snake": {"Onyx Black": 2.485, "Black": 5.8500000000000005, "just": 1.4449999999999998}, "Candy Cane": {"Sticky Sweet": 2.079, "Hex Pot": 2.387, "Grinch": 2.387, "Designer": 5.390000000000001, "Onyx Black": 2.3449999999999998, "Black": 5.7700000000000005, "just": 1.309}, "Whip Cupcake": {"Bitcoin": 4.864999999999999, "Deep State": 1.8765, "Toncoin": 2.1545, "Sponge Duck": 2.78, "Resistance": 4.864999999999999, "Onyx Black": 2.195, "Black": 5.195, "just": 1.1815}, "Big Year": {"Big Brother": 2.4975000000000005, "Pavel Durov": 3.7, "Game Boy": 2.035, "Gold Mine": 6.4750000000000005, "YouTubes": 2.8675, "Balloons": 1.9425000000000001, "Qing Dynasty": 3.7, "Pokeball": 2.8675, "The Nether": 2.035, "The Hobbit": 3.7, "Creator": 2.8675, "Cheshire Cat": 2.3125, "Telegram": 3.7, "Bitcoin": 6.4750000000000005, "Onyx Black": 2.895, "Black": 7.575000000000001, "just": 1.5725}, "Homemade Cake": {"Onyx Black": 2.0700000000000003, "Black": 5.0, "just": 1.275}, "Cookie Heart": {"Onyx Black": 2.18, "Black": 6.2299999999999995, "just": 1.496}, "Jester Hat": {"Onyx Black": 2.605, "Black": 6.72, "just": 1.394}, "Holiday Drink": {"Onyx Black": 2.5300000000000002, "Black": 5.385, "just": 1.5045}, "Ginger Cookie": {"Onyx Black": 3.1550000000000002, "Black": 5.904999999999999, "just": 1.5385}, "Hypno Lollipop": {"Onyx Black": 2.91, "Black": 5.6850000000000005, "just": 1.6064999999999998}, "Winter Wreath": {"Onyx Black": 2.3850000000000002, "Black": 8.89, "just": 1.513}, "Party Sparkler": {"Onyx Black": 2.835, "Black": 6.94, "just": 1.5979999999999999}, "Jingle Bells": {"Onyx Black": 2.625, "Black": 6.125, "just": 1.496}, "Tama Gadget": {"Onyx Black": 3.3600000000000003, "Black": 6.859999999999999, "just": 1.5045}, "Jack-in-the-Box": {"Onyx Black": 3.1750000000000003, "Black": 7.805, "just": 1.836}, "Star Notepad": {"Onyx Black": 3.8449999999999998, "Black": 8.64, "just": 1.8615}, "Easter Egg": {"Onyx Black": 4.0, "Black": 10.25, "just": 2.125}, "Santa Hat": {"Onyx Black": 3.4000000000000004, "Black": 9.55, "just": 2.21}, "Hex Pot": {"Onyx Black": 3.6, "Black": 8.559999999999999, "just": 2.0825}, "Restless Jar": {"Onyx Black": 3.725, "Black": 8.075, "just": 2.0825}, "Lush Bouquet": {"Onyx Black": 3.475, "Black": 8.350000000000001, "just": 2.295}, "Spiced Wine": {"Onyx Black": 2.81, "Black": 7.845, "just": 1.734}, "Snow Globe": {"Onyx Black": 3.9699999999999998, "Black": 8.045, "just": 2.0315}, "Joyful Bundle": {"Onyx Black": 3.715, "Black": 8.065000000000001, "just": 2.2355}, "Light Sword": {"Onyx Black": 4.73, "Black": 11.23, "just": 2.516}, "Witch Hat": {"Onyx Black": 4.065, "Black": 11.865, "just": 2.3205}, "Bow Tie": {"Onyx Black": 4.46, "Black": 16.06, "just": 2.652}, "Eternal Candle": {"Onyx Black": 4.995, "Black": 11.995, "just": 2.5415}, "Jelly Bunny": {"Onyx Black": 4.5, "Black": 10.7, "just": 2.8899999999999997}, "Bunny Muffin": {"Onyx Black": 4.85, "Black": 16.6, "just": 2.72}, "Spy Agaric": {"Onyx Black": 5.300000000000001, "Black": 10.99, "just": 2.635}, "Evil Eye": {"Onyx Black": 6.23, "Black": 15.580000000000002, "just": 3.026}, "Snow Mittens": {"Onyx Black": 4.6049999999999995, "Black": 8.925, "just": 2.856}, "Berry Box": {"Onyx Black": 4.695, "Black": 12.250000000000002, "just": 2.8899999999999997}, "Valentine Box": {"Onyx Black": 7.9750000000000005, "Black": 14.475000000000001, "just": 3.3575}, "Sakura Flower": {"Onyx Black": 6.995, "Black": 17.045, "just": 3.4764999999999997}, "Hanging Star": {"Onyx Black": 7.375, "Black": 16.395, "just": 4.08}, "Sleigh Bell": {"Onyx Black": 11.940000000000001, "Black": 16.625, "just": 4.998}, "Love Candle": {"Onyx Black": 8.315, "Black": 14.919999999999998, "just": 5.643999999999999}, "Skull Flower": {"Onyx Black": 8.675, "Black": 17.119999999999997, "just": 5.304}, "Crystal Ball": {"Onyx Black": 13.384999999999998, "Black": 28.400000000000002, "just": 5.779999999999999}, "Trapped Heart": {"Onyx Black": 11.795, "Black": 23.494999999999997, "just": 6.451499999999999}, "Top Hat": {"Onyx Black": 14.684999999999999, "Black": 26.185000000000002, "just": 6.2645}, "Love Potion": {"Onyx Black": 10.35, "Black": 28.599999999999998, "just": 6.969999999999999}, "Flying Broom": {"Onyx Black": 10.215, "Black": 19.21, "just": 7.1655}, "Cupid Charm": {"Onyx Black": 16.695, "Black": 37.2, "just": 8.84}, "Record Player": {"Onyx Black": 11.89, "Black": 23.865000000000002, "just": 6.783}, "Eternal Rose": {"Onyx Black": 18.035, "Black": 39.185, "just": 11.3645}, "Mad Pumpkin": {"Onyx Black": 22.395, "Black": 46.895, "just": 12.571499999999999}, "Voodoo Doll": {"Onyx Black": 22.895, "Black": 46.394999999999996, "just": 13.421499999999998}, "Diamond Ring": {"Onyx Black": 21.2, "Black": 42.7, "just": 13.09}, "Toy Bear": {"Onyx Black": 26.994999999999997, "Black": 51.495000000000005, "just": 15.291499999999997}, "Vintage Cigar": {"Onyx Black": 48.585, "Black": 70.08500000000001, "just": 19.6945},