{"Snoop Dogg": {"Goldizzle": 6.5905, "AI Dogg": 2.7065, "Chrome": 2.2060000000000004, "Doggfather": 2.8680000000000003, "King Snoop": 4.9005, "Sapphire": 1.9780000000000002, "Doberman": 3.5805000000000002, "Emerald": 1.8355000000000004, "Black Diamond": 2.1775, "Cold Topaz": 1.9020000000000001, "Onyx Black": 2.8066666666666666, "Black": 10.366153846153846, "just": 1.377}, "Swag Bag": {"P.I.M.P.": 1.9690000000000003, "Gin & Jewels": 2.0585, "Darkness": 1.8795000000000002, "Take It Easy": 2.0585, "Snoop Life": 2.4165, "Happy Herbs": 2.7745, "Boiling Hot": 2.2375, "Missionary": 6.265000000000001, "Bulk Order": 2.0585, "Golden Nugs": 1.8795000000000002, "Cashback": 2.7745, "April 20th": 2.7745, "Onyx Black": 2.895, "Black": 6.885000000000001, "just": 1.5215}, "Snoop Cigar": {"Onyx Black": 7.725, "Black": 18.475, "just": 3.7825}, "Lol Pop": {"Rosebud": 1.6375000000000002, "Angelina": 2.0305, "Pumpkin": 1.5065, "Jinxed": 1.4410000000000003, "Celestia": 2.0305, "Portable Pop": 1.3755000000000002, "Pink Foil": 1.4410000000000003, "Love Bubbles": 1.4410000000000003, "Nostalgia": 1.3755000000000002, "Sweetheart": 1.5065, "Jolly Roger": 1.572, "Dark Portal": 1.5065, "Fire Vortex": 1.4410000000000003, "Dark Sky": 1.4410000000000003, "Wonka Berry": 1.4410000000000003, "Andromeda": 2.0305, "Blood Ember": 1.6375000000000002, "Shock Wave": 1.3755000000000002, "Cookie Dip": 1.5065, "Mortal Sin": 2.62, "Blood Sucker": 1.6375000000000002, "Romance": 1.3755000000000002, "Glowstick": 2.0305, "Comic Crunch": 1.3755000000000002, "Heart Pop": 1.3755000000000002, "Watermelon": 1.4410000000000003, "Sailor Moon": 1.572, "Satellite": 1.703, "Milky Way": 1.3755000000000002, "Hexed Helix": 1.3755000000000002, "Icicle": 1.4410000000000003, "Doodle Art": 1.572, "Cobweb": 1.3755000000000002, "Onyx Black": 1.805, "Black": 5.105, "just": 1.1135}, "B-Day Candle": {"Payday": 1.8755, "On Fire": 2.42, "Happy Meows": 2.42, "Final Boss": 1.8755, "Pixel Wish": 1.8755, "Kaboom!": 1.8755, "Shocker": 1.8755, "Purr Magic": 1.8755, "Onyx Black": 1.58, "Black": 4.605, "just": 1.0285}, "Desk Calendar": {"Telegram": 1.9065, "Balloon Face": 1.599, "Investor": 4.305, "Deadline": 2.46, "Sunday": 1.9065, "Hodler": 4.305, "Durov Day": 2.46, "Fawkes Night": 4.305, "Checklist": 1.9065, "Pepe Plans": 4.305, "Independence": 3.444, "Adult Tasks": 4.305, "Burning Time": 1.9065, "Tic Tac Toe": 1.6605, "Peach Week": 1.599, "Fund Manager": 1.9065, "Heartbreak": 1.353, "Onyx Black": 1.58, "Black": 4.705, "just": 1.0454999999999999}, "Lunar Snake": {"Synthwave": 3.8919999999999995, "Python Dev": 2.1545, "Soul Eater": 1.807, "Timelock": 1.8765, "Psychedelic": 2.1545, "Hellspawn": 2.1545, "Hot Cherry": 2.1545, "Dragon Ball": 4.864999999999999, "Onyx Black": 1.995, "Black": 4.8950000000000005, "just": 1.1815}, "Xmas Stocking": {"Onyx Black": 1.9500000000000002, "Black": 5.15, "just": 1.105}, "Snake Box": {"Onyx Black": 1.875, "Black": 4.825, "just": 1.0625}, "Pet Snake": {"Onyx Black": 2.19, "Black": 5.27, "just": 1.3515}, "Candy Cane": {"Sticky Sweet": 2.4490000000000003, "Designer": 5.53, "Hex Pot": 2.4490000000000003, "Grinch": 3.16, "Onyx Black": 2.255, "Black": 6.29, "just": 1.343}, "Whip Cupcake": {"Sponge Duck": 2.8, "Bitcoin": 4.8999999999999995, "Resistance": 4.8999999999999995, "Deep State": 2.17, "Toncoin": 2.17, "Onyx Black": 2.0999999999999996, "Black": 4.949999999999999, "just": 1.19}, "Big Year": {"First Website": 2.295, "Pavel Durov": 4.76, "Big Brother": 2.635, "Bitcoin": 4.76, "Telegram": 4.76, "Cheshire Cat": 2.21, "Creator": 2.635, "Pokeball": 2.635, "The Hobbit": 3.4, "Game Boy": 2.21, "Gold Mine": 4.76, "The Nether": 2.125, "YouTubes": 2.635, "Qing Dynasty": 2.635, "Onyx Black": 2.7199999999999998, "Black": 7.800000000000001, "just": 1.4449999999999998}, "Homemade Cake": {"Onyx Black": 2.02, "Black": 4.7, "just": 1.3175}, "Cookie Heart": {"Onyx Black": 2.2649999999999997, "Black": 5.845000000000001, "just": 1.4364999999999999}, "Jester Hat": {"Onyx Black": 2.9450000000000003, "Black": 5.945, "just": 1.3515}, "Holiday Drink": {"Onyx Black": 2.325, "Black": 5.635, "just": 1.5045}, "Ginger Cookie": {"Onyx Black": 2.835, "Black": 6.41, "just": 1.547}, "Hypno Lollipop": {"Onyx Black": 2.68, "Black": 6.83, "just": 1.496}, "Winter Wreath": {"Onyx Black": 2.435, "Black": 7.95, "just": 1.4449999999999998}, "Party Sparkler": {"Onyx Black": 2.875, "Black": 5.625, "just": 1.4875}, "Jingle Bells": {"Onyx Black": 2.41, "Black": 6.78, "just": 1.4109999999999998}, "Tama Gadget": {"Onyx Black": 2.88, "Black": 6.53, "just": 1.496}, "Jack-in-the-Box": {"Onyx Black": 2.665, "Black": 7.875, "just": 1.7}, "Star Notepad": {"Onyx Black": 4.0600000000000005, "Black": 9.004999999999999, "just": 1.802}, "Easter Egg": {"Onyx Black": 3.7, "Black": 11.195, "just": 2.04}, "Santa Hat": {"Onyx Black": 3.3000000000000003, "Black": 9.5, "just": 1.87}, "Hex Pot": {"Onyx Black": 3.72, "Black": 8.07, "just": 1.9040000000000001}, "Restless Jar": {"Onyx Black": 3.65, "Black": 7.6499999999999995, "just": 1.9549999999999998}, "Lush Bouquet": {"Onyx Black": 3.375, "Black": 8.524999999999999, "just": 2.1675}, "Spiced Wine": {"Onyx Black": 3.1799999999999997, "Black": 7.955, "just": 1.751}, "Snow Globe": {"Onyx Black": 3.995, "Black": 9.095, "just": 2.0315}, "Joyful Bundle": {"Onyx Black": 3.745, "Black": 8.55, "just": 2.295}, "Light Sword": {"Onyx Black": 4.55, "Black": 11.25, "just": 2.38}, "Witch Hat": {"Onyx Black": 3.8949999999999996, "Black": 10.345, "just": 2.2864999999999998}, "Bow Tie": {"Onyx Black": 4.699999999999999, "Black": 14.7, "just": 2.5925}, "Eternal Candle": {"Onyx Black": 5.105, "Black": 10.105, "just": 2.3035}, "Jelly Bunny": {"Onyx Black": 4.585, "Black": 10.085, "just": 2.6944999999999997}, "Bunny Muffin": {"Onyx Black": 4.529999999999999, "Black": 13.63, "just": 2.771}, "Spy Agaric": {"Onyx Black": 5.220000000000001, "Black": 10.84, "just": 2.499}, "Evil Eye": {"Onyx Black": 5.74, "Black": 15.72, "just": 2.9665}, "Snow Mittens": {"Onyx Black": 4.525, "Black": 8.675, "just": 2.4225}, "Berry Box": {"Onyx Black": 4.79, "Black": 14.299999999999999, "just": 3.06}, "Valentine Box": {"Onyx Black": 5.95, "Black": 10.975000000000001, "just": 3.3575}, "Sakura Flower": {"Onyx Black": 5.475, "Black": 17.975, "just": 3.3575}, "Hanging Star": {"Onyx Black": 7.550000000000001, "Black": 16.4, "just": 4.08}, "Sleigh Bell": {"Onyx Black": 12.5, "Black": 17.994999999999997, "just": 5.1}, "Love Candle": {"Onyx Black": 7.9, "Black": 15.5, "just": 5.5249999999999995}, "Skull Flower": {"Onyx Black": 8.67, "Black": 16.97, "just": 5.049}, "Crystal Ball": {"Onyx Black": 10.31, "Black": 28.325000000000003, "just": 5.6525}, "Trapped Heart": {"Onyx Black": 10.445, "Black": 23.195, "just": 6.706499999999999}, "Top Hat": {"Onyx Black": 16.104999999999997, "Black": 25.980000000000004, "just": 6.170999999999999}, "Love Potion": {"Onyx Black": 9.79, "Black": 26.59, "just": 6.952999999999999}, "Flying Broom": {"Onyx Black": 10.86, "Black": 19.36, "just": 7.412}, "Cupid Charm": {"Onyx Black": 16.35, "Black": 32.349999999999994, "just": 8.245}, "Record Player": {"Onyx Black": 9.96, "Black": 23.955, "just": 6.732}, "Eternal Rose": {"Onyx Black": 17.740000000000002, "Black": 36.239999999999995, "just": 10.608}, "Mad Pumpkin": {"Onyx Black": 18.35, "Black": 39.599999999999994, "just": 12.069999999999999}, "Voodoo Doll": {"Onyx Black": 20.5, "Black": 46.0, "just": 12.75}, "Diamond Ring": {"Onyx Black": 20.245, "Black": 43.245, "just": 13.1665}, "Toy Bear": {"Onyx Black": 21.96, "Black": 53.295, "just": 14.9515}, "Vintage Cigar": {"Onyx Black": 42.96, "Black": 84.91, "just": 18.632}, "Neko Helmet": {"Onyx Black": 35.005, "Black": 71.505, "just": 19.558500000000002}, "Low Rider": {"Onyx Black": 38.375, "Black": 107.125, "just": 20.6125}, "Signet Ring": {"Onyx Black": 31.485, "Black": 90.49499999999999, "just": 19.5415}, "Electric Skull": {"Onyx Black": 36.995, "Black": 69.995, "just": 22.091499999999996}, "Kissed Frog": {"Onyx Black": 46.879999999999995,