{"Snoop Dogg": {"Doberman": 3.6870000000000003, "Black Diamond": 1.992, "Doggfather": 2.851, "Cold Topaz": 1.9255, "Goldizzle": 7.315999999999999, "King Ruby": 1.916, "Chrome": 2.1155, "Sapphire": 1.9825, "AI Dogg": 2.8605, "King Snoop": 4.883500000000001, "Onyx Black": 3.24, "Black": 10.626153846153846, "just": 1.513}, "Swag Bag": {"Golden Nugs": 2.0895, "April 20th": 3.0845000000000002, "Happy Herbs": 3.0845000000000002, "Gin & Jewels": 2.587, "Take It Easy": 2.388, "Cashback": 3.0845000000000002, "Darkness": 2.2885, "Bulk Order": 2.3283, "Snoop Life": 2.4875, "Leopard": 2.2885, "Boiling Hot": 2.587, "Missionary": 8.495, "Onyx Black": 3.045, "Black": 7.985, "just": 1.6915}, "Snoop Cigar": {"Onyx Black": 7.885, "Black": 18.145, "just": 4.0715}, "Lol Pop": {"Sailor Moon": 1.512, "Romance": 1.512, "Jolly Roger": 1.728, "Blood Sucker": 1.6847999999999999, "Andromeda": 1.8719999999999999, "Satellite": 1.6847999999999999, "Love Bubbles": 1.8719999999999999, "Milky Way": 1.512, "Angelina": 2.2319999999999998, "Comic Crunch": 1.512, "Dark Sky": 1.584, "Mortal Sin": 4.032, "Sweetheart": 1.8719999999999999, "Dark Portal": 1.512, "Cookie Dip": 1.512, "Doodle Art": 1.656, "Jinxed": 1.584, "Glowstick": 2.2319999999999998, "Hexed Helix": 1.512, "Plastic Ice": 1.512, "Einstein": 1.728, "Rosebud": 1.584, "Watermelon": 1.512, "Pumpkin": 1.512, "Fire Vortex": 1.512, "Blood Ember": 1.584, "Celestia": 2.2319999999999998, "Heart Pop": 1.584, "Pink Foil": 1.512, "Cobweb": 1.512, "Shock Wave": 1.584, "Onyx Black": 2.01, "Black": 5.220000000000001, "just": 1.224}, "B-Day Candle": {"Kaboom!": 1.8765, "Final Boss": 2.1545, "Happy Meows": 2.78, "On Fire": 2.1545, "Purr Magic": 2.1545, "Payday": 2.78, "Pixel Wish": 2.1545, "Onyx Black": 2.015, "Black": 5.095000000000001, "just": 1.1815}, "Desk Calendar": {"Durov Day": 2.66, "Telegram": 2.0615, "Heartbreak": 1.4630000000000003, "Burning Time": 2.0615, "Adult Tasks": 21.665, "Checklist": 1.7955000000000003, "Pepe Plans": 14.665000000000001, "Sunday": 2.0615, "Balloon Face": 2.0615, "Hodler": 4.655, "Investor": 7.115, "Tic Tac Toe": 1.5294999999999999, "Peach Week": 2.0615, "Independence": 2.66, "Deadline": 2.66, "Fund Manager": 2.0615, "Fawkes Night": 3.7239999999999998, "Onyx Black": 1.84, "Black": 5.32, "just": 1.1305}, "Lunar Snake": {"Timelock": 1.9500000000000002, "Synthwave": 5.25, "Python Dev": 2.325, "Hot Cherry": 2.325, "Soul Eater": 2.0250000000000004, "Hellspawn": 2.325, "Psychedelic": 2.325, "Dragon Ball": 5.25, "Onyx Black": 2.225, "Black": 5.75, "just": 1.275}, "Xmas Stocking": {"Onyx Black": 2.685, "Black": 5.52, "just": 1.309}, "Snake Box": {"Onyx Black": 2.205, "Black": 6.1899999999999995, "just": 1.292}, "Pet Snake": {"Onyx Black": 2.545, "Black": 6.204999999999999, "just": 1.5895000000000001}, "Candy Cane": {"Hex Pot": 2.542, "Grinch": 3.28, "Sticky Sweet": 2.542, "Designer": 5.739999999999999, "Onyx Black": 2.39, "Black": 5.89, "just": 1.394}, "Whip Cupcake": {"Sponge Duck": 2.4025000000000003, "Resistance": 5.425, "Deep State": 2.0925000000000002, "Toncoin": 2.4025000000000003, "Bitcoin": 10.27, "Onyx Black": 2.17, "Black": 5.975, "just": 1.3175}, "Big Year": {"Telegram": 4.0, "The Hobbit": 4.0, "Cheshire Cat": 2.7, "Bitcoin": 5.6, "First Website": 2.2, "Game Boy": 2.2, "Creator": 2.7, "Pavel Durov": 5.6, "YouTubes": 4.0, "Qing Dynasty": 3.1, "Pokeball": 2.7, "The Nether": 2.7, "Big Brother": 3.1, "Gold Mine": 7.0, "Balloons": 2.34, "Onyx Black": 3.62, "Black": 9.65, "just": 1.7}, "Homemade Cake": {"Onyx Black": 2.42, "Black": 5.359999999999999, "just": 1.5725}, "Cookie Heart": {"Onyx Black": 2.675, "Black": 6.69, "just": 1.5979999999999999}, "Jester Hat": {"Onyx Black": 2.64, "Black": 6.335000000000001, "just": 1.513}, "Holiday Drink": {"Onyx Black": 2.485, "Black": 6.249999999999999, "just": 1.6744999999999999}, "Ginger Cookie": {"Onyx Black": 3.78, "Black": 7.245, "just": 1.7084999999999997}, "Hypno Lollipop": {"Onyx Black": 2.92, "Black": 6.205, "just": 1.649}, "Winter Wreath": {"Moon Cat": 106.25999999999999, "Onyx Black": 2.97, "Black": 7.195, "just": 1.6915}, "Party Sparkler": {"Onyx Black": 3.16, "Black": 7.715, "just": 1.6404999999999998}, "Jingle Bells": {"Onyx Black": 2.8200000000000003, "Black": 6.725, "just": 1.751}, "Tama Gadget": {"Onyx Black": 3.4749999999999996, "Black": 6.975, "just": 1.8275}, "Jack-in-the-Box": {"Onyx Black": 3.085, "Black": 7.075, "just": 1.9124999999999999}, "Star Notepad": {"Onyx Black": 4.0, "Black": 9.5, "just": 1.9549999999999998}, "Easter Egg": {"Onyx Black": 3.815, "Black": 10.79, "just": 2.448}, "Santa Hat": {"Onyx Black": 3.95, "Black": 8.39, "just": 2.3375}, "Hex Pot": {"Onyx Black": 4.005, "Black": 10.120000000000001, "just": 2.329}, "Restless Jar": {"Onyx Black": 4.09, "Black": 9.68, "just": 2.193}, "Lush Bouquet": {"Onyx Black": 4.49, "Black": 7.495, "just": 2.5415}, "Spiced Wine": {"Onyx Black": 3.092, "Black": 7.024000000000001, "just": 2.227}, "Snow Globe": {"Onyx Black": 4.4350000000000005, "Black": 10.184999999999999, "just": 2.4395000000000002}, "Joyful Bundle": {"Onyx Black": 3.92, "Black": 10.375, "just": 2.4225}, "Light Sword": {"Onyx Black": 4.672000000000001, "Black": 10.631999999999998, "just": 2.652}, "Witch Hat": {"Onyx Black": 4.525, "Black": 12.03, "just": 2.6094999999999997}, "Bow Tie": {"Onyx Black": 4.746, "Black": 12.342, "just": 2.7624999999999997}, "Eternal Candle": {"Onyx Black": 4.942, "Black": 10.738, "just": 3.0345}, "Jelly Bunny": {"Onyx Black": 4.8, "Black": 9.7, "just": 2.8899999999999997}, "Bunny Muffin": {"Onyx Black": 4.764, "Black": 12.644, "just": 3.1790000000000003}, "Spy Agaric": {"Onyx Black": 5.568, "Black": 10.475999999999999, "just": 2.9579999999999997}, "Evil Eye": {"Onyx Black": 6.359999999999999, "Black": 12.420000000000002, "just": 3.145}, "Snow Mittens": {"Onyx Black": 5.064, "Black": 8.324, "just": 3.3489999999999998}, "Berry Box": {"Onyx Black": 5.728, "Black": 10.604000000000001, "just": 3.298}, "Valentine Box": {"Onyx Black": 7.662, "Black": 13.661999999999999, "just": 4.054499999999999}, "Sakura Flower": {"Onyx Black": 6.58, "Black": 15.579999999999998, "just": 4.505}, "Hanging Star": {"Onyx Black": 7.654, "Black": 14.974, "just": 4.4965}, "Sleigh Bell": {"Onyx Black": 10.494, "Black": 20.894, "just": 6.3665}, "Love Candle": {"Onyx Black": 10.916, "Black": 17.316, "just": 7.531}, "Skull Flower": {"Onyx Black": 12.986, "Black": 17.186, "just": 7.0635}, "Crystal Ball": {"Onyx Black": 12.594, "Black": 28.014000000000003, "just": 7.1315}, "Trapped Heart": {"Onyx Black": 13.251999999999999, "Black": 18.412, "just": 7.497}, "Top Hat": {"Onyx Black": 12.67, "Black": 22.189999999999998, "just": 7.182499999999999}, "Love Potion": {"Onyx Black": 11.706, "Black": 23.646, "just": 7.9985}, "Flying Broom": {"Onyx Black": 12.774, "Black": 19.573999999999998, "just": 7.896499999999999}, "Cupid Charm": {"Onyx Black": 16.869999999999997, "Black": 30.47, "just": 9.7325}, "Record Player": {"Onyx Black": 10.271999999999998, "Black": 20.872, "just": 6.901999999999999}, "Eternal Rose": {"Onyx Black": 21.188000000000002, "Black": 35.988, "just": 11.883000000000001}, "Mad Pumpkin": {"Onyx Black": 23.128, "Black": 41.328, "just": 16.048}, "Voodoo Doll": {"Onyx Black": 21.939999999999998, "Black": 48.739999999999995, "just": 15.214999999999998}, "Diamond Ring": {"Onyx Black": 22.266, "Black": 45.47, "just": 13.982499999999998}, "Toy Bear": {"Onyx Black": 34.854, "Black": 52.494, "just": 23.3665}, "Vintage Cigar": {"Onyx Black": 36.9, "Black": 55.9, "just": 20.825}, "Neko Helmet": {"Onyx Black": 38.716, "Black": 66.636, "just": 23.680999999999997}, "Low Rider": {"Onyx Black": 32.828, "Black": 81.228, "just": 21.572999999999997}, "Signet Ring": {"Onyx Black": 37.774, "Black": 80.57000000000001, "just": 24.046499999999998}, "Electric Skull": {"Onyx Black": 46.3, "Black": 76.7, "just": 29.325}, "Kissed Frog": {"Onyx Black": 46.986000000000004, "Black": 81.38999999999999, "just": 30.3025}, "Swiss Watch": {"Onyx Black": 44.822,