{"Snoop Dogg": {"King Snoop": 4.5585, "Cold Topaz": 1.9210000000000003, "Black Diamond": 2.2155, "AI Dogg": 3.2955, "Sapphire": 2.1205000000000003, "Emerald": 2.0255, "Chrome": 2.3355, "Doberman": 3.2955, "Goldizzle": 6.755999999999999, "Doggfather": 3.1910000000000003, "Onyx Black": 2.8933333333333335, "Black": 10.918461538461537, "just": 1.428}, "Swag Bag": {"Darkness": 2.136, "Cashback": 2.7590000000000003, "Boiling Hot": 2.225, "Happy Herbs": 2.7590000000000003, "Gin & Jewels": 2.225, "Leopard": 1.8690000000000002, "Snoop Life": 2.403, "Missionary": 6.23, "Bulk Order": 2.225, "Take It Easy": 1.9580000000000002, "Golden Nugs": 1.8690000000000002, "April 20th": 2.7590000000000003, "Onyx Black": 2.79, "Black": 7.19, "just": 1.513}, "Snoop Cigar": {"Onyx Black": 7.859999999999999, "Black": 16.674999999999997, "just": 3.6975}, "Lol Pop": {"Einstein": 1.541, "Mortal Sin": 2.68, "Dark Portal": 1.675, "Watermelon": 1.4740000000000002, "Jolly Roger": 1.675, "Soap Bubbles": 1.4070000000000003, "Blood Sucker": 1.675, "Angelina": 2.0770000000000004, "Jinxed": 1.4070000000000003, "Blood Ember": 1.4740000000000002, "Crystalline": 1.4070000000000003, "Love Bubbles": 1.4740000000000002, "Rosebud": 1.541, "Heart Pop": 1.4740000000000002, "Cookie Dip": 1.541, "Cobweb": 1.4070000000000003, "Sweetheart": 1.4740000000000002, "Sailor Moon": 1.4740000000000002, "Fire Vortex": 1.4070000000000003, "Doodle Art": 1.541, "Dark Sky": 1.541, "Comic Crunch": 1.4070000000000003, "Hexed Helix": 1.4740000000000002, "Andromeda": 1.7420000000000002, "Glowstick": 2.0770000000000004, "Icicle": 1.4740000000000002, "Satellite": 1.7420000000000002, "Wonka Berry": 1.4740000000000002, "Portable Pop": 1.4070000000000003, "Pumpkin": 1.4070000000000003, "Nostalgia": 1.4740000000000002, "Celestia": 2.0770000000000004, "Milky Way": 1.4070000000000003, "Onyx Black": 1.77, "Black": 4.995, "just": 1.139}, "B-Day Candle": {"Pixel Wish": 1.9840000000000002, "Kaboom!": 1.9840000000000002, "Happy Meows": 1.9840000000000002, "Shocker": 1.9840000000000002, "Payday": 1.9840000000000002, "Purr Magic": 1.7280000000000002, "Final Boss": 1.9840000000000002, "On Fire": 1.9840000000000002, "Onyx Black": 1.7149999999999999, "Black": 4.89, "just": 1.088}, "Desk Calendar": {"Telegram": 1.9995, "Investor": 4.515000000000001, "Durov Day": 2.58, "Pepe Plans": 4.515000000000001, "Peach Week": 1.7415000000000003, "Heartbreak": 1.3545, "Tic Tac Toe": 1.6125, "Fawkes Night": 4.515000000000001, "Sunday": 1.9995, "Adult Tasks": 4.515000000000001, "Deadline": 1.9995, "Burning Time": 1.9995, "Hodler": 3.6119999999999997, "Checklist": 1.7415000000000003, "Fund Manager": 1.9995, "Independence": 3.6119999999999997, "Balloon Face": 1.4834999999999998, "Onyx Black": 1.72, "Black": 5.3950000000000005, "just": 1.0965}, "Lunar Snake": {"Synthwave": 2.68, "Dragon Ball": 4.69, "Hot Cherry": 2.0770000000000004, "Python Dev": 2.0770000000000004, "Hellspawn": 2.0770000000000004, "Psychedelic": 2.0770000000000004, "Soul Eater": 2.0770000000000004, "Timelock": 1.7420000000000002, "Onyx Black": 1.995, "Black": 5.3149999999999995, "just": 1.139}, "Xmas Stocking": {"Onyx Black": 1.97, "Black": 5.140000000000001, "just": 1.0965}, "Snake Box": {"Onyx Black": 1.86, "Black": 5.665, "just": 1.1305}, "Pet Snake": {"Onyx Black": 2.405, "Black": 6.0249999999999995, "just": 1.3175}, "Candy Cane": {"Designer": 5.075, "Grinch": 2.9, "Hex Pot": 2.9, "Sticky Sweet": 2.2475, "Onyx Black": 2.225, "Black": 6.7250000000000005, "just": 1.2325}, "Whip Cupcake": {"Deep State": 1.917, "Bitcoin": 4.97, "Resistance": 4.97, "Sponge Duck": 2.84, "Toncoin": 2.201, "Onyx Black": 2.355, "Black": 5.3549999999999995, "just": 1.2069999999999999}, "Big Year": {"Game Boy": 2.024, "Telegram": 3.52, "Creator": 2.728, "Cheshire Cat": 2.2880000000000003, "First Website": 1.9360000000000002, "Big Brother": 2.2, "YouTubes": 2.728, "Pavel Durov": 4.928, "Balloons": 1.848, "Pokeball": 2.728, "Bitcoin": 6.16, "The Nether": 2.2, "Gold Mine": 6.16, "The Hobbit": 3.52, "Qing Dynasty": 3.52, "Onyx Black": 2.8499999999999996, "Black": 7.88, "just": 1.496}, "Homemade Cake": {"Onyx Black": 2.06, "Black": 5.14, "just": 1.2665}, "Cookie Heart": {"Onyx Black": 2.165, "Black": 6.265000000000001, "just": 1.4705}, "Jester Hat": {"Onyx Black": 2.5700000000000003, "Black": 6.23, "just": 1.326}, "Holiday Drink": {"Onyx Black": 2.49, "Black": 5.545, "just": 1.4364999999999999}, "Ginger Cookie": {"Onyx Black": 3.125, "Black": 6.275, "just": 1.4875}, "Hypno Lollipop": {"Onyx Black": 2.92, "Black": 5.949999999999999, "just": 1.615}, "Winter Wreath": {"Onyx Black": 2.43, "Black": 8.85, "just": 1.4449999999999998}, "Party Sparkler": {"Onyx Black": 3.0300000000000002, "Black": 6.880000000000001, "just": 1.581}, "Jingle Bells": {"Onyx Black": 2.5700000000000003, "Black": 5.824999999999999, "just": 1.4024999999999999}, "Tama Gadget": {"Onyx Black": 3.015, "Black": 6.615, "just": 1.5555}, "Jack-in-the-Box": {"Onyx Black": 3.16, "Black": 7.64, "just": 1.8104999999999998}, "Star Notepad": {"Onyx Black": 3.87, "Black": 8.690000000000001, "just": 1.9040000000000001}, "Easter Egg": {"Onyx Black": 3.77, "Black": 10.59, "just": 1.87}, "Santa Hat": {"Onyx Black": 3.25, "Black": 9.655, "just": 1.9635}, "Hex Pot": {"Onyx Black": 3.55, "Black": 8.01, "just": 1.9975}, "Restless Jar": {"Onyx Black": 3.645, "Black": 8.120000000000001, "just": 1.9465}, "Lush Bouquet": {"Onyx Black": 3.465, "Black": 8.465, "just": 2.2355}, "Spiced Wine": {"Onyx Black": 3.0, "Black": 7.714999999999999, "just": 1.6064999999999998}, "Snow Globe": {"Onyx Black": 3.875, "Black": 7.6000000000000005, "just": 1.87}, "Joyful Bundle": {"Onyx Black": 3.7, "Black": 8.05, "just": 2.21}, "Light Sword": {"Onyx Black": 4.470000000000001, "Black": 10.725, "just": 2.3375}, "Witch Hat": {"Onyx Black": 4.390000000000001, "Black": 11.940000000000001, "just": 2.448}, "Bow Tie": {"Onyx Black": 4.47, "Black": 14.745, "just": 2.499}, "Eternal Candle": {"Onyx Black": 4.945, "Black": 12.245000000000001, "just": 2.4565}, "Jelly Bunny": {"Onyx Black": 4.425, "Black": 10.075, "just": 2.7624999999999997}, "Bunny Muffin": {"Onyx Black": 5.15, "Black": 21.6, "just": 2.8049999999999997}, "Spy Agaric": {"Onyx Black": 5.25, "Black": 10.94, "just": 2.55}, "Evil Eye": {"Onyx Black": 6.195, "Black": 15.595, "just": 2.9665}, "Snow Mittens": {"Onyx Black": 4.404999999999999, "Black": 8.225000000000001, "just": 2.516}, "Berry Box": {"Onyx Black": 4.69, "Black": 13.695, "just": 2.8815}, "Valentine Box": {"Onyx Black": 7.99, "Black": 11.94, "just": 3.383}, "Sakura Flower": {"Onyx Black": 7.05, "Black": 17.799999999999997, "just": 3.4849999999999994}, "Hanging Star": {"Onyx Black": 7.345, "Black": 16.369999999999997, "just": 4.029}, "Sleigh Bell": {"Onyx Black": 11.870000000000001, "Black": 15.845, "just": 4.8790000000000004}, "Love Candle": {"Onyx Black": 7.98, "Black": 14.585, "just": 5.0745}, "Skull Flower": {"Onyx Black": 8.719999999999999, "Black": 17.045, "just": 5.1765}, "Crystal Ball": {"Onyx Black": 13.405, "Black": 30.919999999999998, "just": 5.814}, "Trapped Heart": {"Onyx Black": 11.870000000000001, "Black": 22.82, "just": 6.579}, "Top Hat": {"Onyx Black": 15.575, "Black": 25.930000000000003, "just": 6.086}, "Love Potion": {"Onyx Black": 10.365, "Black": 28.625, "just": 7.0125}, "Flying Broom": {"Onyx Black": 10.685, "Black": 19.189999999999998, "just": 7.1315}, "Cupid Charm": {"Onyx Black": 16.43, "Black": 36.935, "just": 8.3895}, "Record Player": {"Onyx Black": 10.620000000000001, "Black": 23.865000000000002, "just": 6.579}, "Eternal Rose": {"Onyx Black": 20.945, "Black": 41.445, "just": 10.9565}, "Mad Pumpkin": {"Onyx Black": 18.83, "Black": 46.879999999999995, "just": 12.546}, "Voodoo Doll": {"Onyx Black": 22.585, "Black": 46.085, "just": 12.894499999999999}, "Diamond Ring": {"Onyx Black": 23.12, "Black": 43.12, "just": 12.954}, "Toy Bear": {"Onyx Black": 24.57, "Black": 53.32, "just": 14.569}, "Vintage Cigar": {"Onyx Black": 48.489999999999995, "Black": 70.19,