{"Snoop Dogg": {"Emerald": 2.0065, "Cold Topaz": 1.9210000000000003, "Chrome": 2.2155, "Goldizzle": 6.565999999999999, "Sapphire": 2.1205000000000003, "Doberman": 3.248, "Black Diamond": 2.1965000000000003, "AI Dogg": 2.9155, "Doggfather": 3.2005, "King Snoop": 4.5585, "Onyx Black": 3.0166666666666666, "Black": 11.15, "just": 1.4024999999999999}, "Swag Bag": {"Bulk Order": 2.275, "April 20th": 2.821, "Darkness": 2.093, "P.I.M.P.": 1.9110000000000003, "Boiling Hot": 2.275, "Take It Easy": 2.093, "Missionary": 6.37, "Golden Nugs": 1.9110000000000003, "Happy Herbs": 2.821, "Cashback": 2.821, "Gin & Jewels": 2.184, "Snoop Life": 2.4570000000000003, "Onyx Black": 3.1100000000000003, "Black": 7.405, "just": 1.547}, "Snoop Cigar": {"Onyx Black": 7.885, "Black": 16.735, "just": 3.7994999999999997}, "Lol Pop": {"Blood Ember": 1.551, "Doodle Art": 1.551, "Love Bubbles": 1.4805, "Icicle": 1.4805, "Celestia": 2.1854999999999998, "Pumpkin": 1.4805, "Blood Sucker": 1.692, "Mortal Sin": 2.82, "Dark Portal": 1.7625, "Glowstick": 2.1854999999999998, "Andromeda": 1.6214999999999997, "Watermelon": 1.4805, "Hexed Helix": 1.551, "Einstein": 1.551, "Sweetheart": 1.551, "Wonka Berry": 1.4805, "Satellite": 1.7625, "Cookie Dip": 1.551, "Angelina": 2.1854999999999998, "Jolly Roger": 1.4805, "Jinxed": 1.4805, "Nostalgia": 1.551, "Rosebud": 1.551, "Dark Sky": 1.551, "Heart Pop": 1.4805, "Onyx Black": 1.855, "Black": 5.03, "just": 1.1985}, "B-Day Candle": {"Final Boss": 2.0460000000000003, "On Fire": 2.0460000000000003, "Pixel Wish": 2.0460000000000003, "Happy Meows": 2.0460000000000003, "Purr Magic": 1.7820000000000003, "Kaboom!": 2.0460000000000003, "Shocker": 2.0460000000000003, "Payday": 2.0460000000000003, "Onyx Black": 1.7349999999999999, "Black": 5.0600000000000005, "just": 1.122}, "Desk Calendar": {"Burning Time": 1.9995, "Sunday": 1.9995, "Fawkes Night": 4.515000000000001, "Pepe Plans": 4.515000000000001, "Balloon Face": 1.4834999999999998, "Independence": 3.6119999999999997, "Investor": 4.515000000000001, "Adult Tasks": 4.515000000000001, "Durov Day": 2.58, "Fund Manager": 1.9995, "Deadline": 1.9995, "Tic Tac Toe": 1.548, "Telegram": 1.9995, "Checklist": 1.7415000000000003, "Peach Week": 1.7415000000000003, "Hodler": 3.6119999999999997, "Heartbreak": 1.3545, "Onyx Black": 1.72, "Black": 5.6450000000000005, "just": 1.0965}, "Lunar Snake": {"Psychedelic": 2.1545, "Synthwave": 2.78, "Soul Eater": 2.1545, "Dragon Ball": 4.864999999999999, "Hellspawn": 2.1545, "Hot Cherry": 2.1545, "Timelock": 1.668, "Python Dev": 2.1545, "Onyx Black": 2.09, "Black": 5.325, "just": 1.1815}, "Xmas Stocking": {"Onyx Black": 1.99, "Black": 5.16, "just": 1.1305}, "Snake Box": {"Onyx Black": 1.8900000000000001, "Black": 6.67, "just": 1.139}, "Pet Snake": {"Onyx Black": 2.43, "Black": 5.795, "just": 1.3515}, "Candy Cane": {"Sticky Sweet": 1.998, "Hex Pot": 2.96, "Grinch": 2.96, "Designer": 5.18, "Onyx Black": 2.49, "Black": 6.74, "just": 1.258}, "Whip Cupcake": {"Resistance": 4.97, "Bitcoin": 4.97, "Toncoin": 2.201, "Deep State": 1.917, "Sponge Duck": 2.84, "Onyx Black": 2.335, "Black": 5.265, "just": 1.2069999999999999}, "Big Year": {"Qing Dynasty": 3.56, "Pavel Durov": 4.984, "Pokeball": 2.403, "Bitcoin": 6.23, "First Website": 1.9580000000000002, "YouTubes": 2.7590000000000003, "Game Boy": 2.0469999999999997, "AC/DC": 1.9580000000000002, "Telegram": 3.56, "The Nether": 2.225, "Balloons": 1.8690000000000002, "Big Brother": 2.314, "Gold Mine": 6.23, "The Hobbit": 3.56, "Creator": 2.7590000000000003, "Cheshire Cat": 2.314, "Onyx Black": 2.8600000000000003, "Black": 7.890000000000001, "just": 1.513}, "Homemade Cake": {"Onyx Black": 2.065, "Black": 5.14, "just": 1.2665}, "Cookie Heart": {"Onyx Black": 2.205, "Black": 6.305, "just": 1.5385}, "Jester Hat": {"Onyx Black": 2.575, "Black": 6.235, "just": 1.343}, "Holiday Drink": {"Onyx Black": 2.52, "Black": 5.575, "just": 1.4875}, "Ginger Cookie": {"Onyx Black": 3.1399999999999997, "Black": 6.385000000000001, "just": 1.513}, "Hypno Lollipop": {"Onyx Black": 2.865, "Black": 5.640000000000001, "just": 1.53}, "Winter Wreath": {"Onyx Black": 2.43, "Black": 8.85, "just": 1.4449999999999998}, "Party Sparkler": {"Onyx Black": 3.0200000000000005, "Black": 6.87, "just": 1.564}, "Jingle Bells": {"Onyx Black": 2.5149999999999997, "Black": 6.31, "just": 1.3855}, "Tama Gadget": {"Onyx Black": 3.175, "Black": 6.625, "just": 1.5725}, "Jack-in-the-Box": {"Onyx Black": 3.1550000000000002, "Black": 7.635000000000001, "just": 1.802}, "Star Notepad": {"Onyx Black": 3.85, "Black": 8.66, "just": 1.87}, "Easter Egg": {"Onyx Black": 3.8099999999999996, "Black": 10.14, "just": 1.9379999999999997}, "Santa Hat": {"Onyx Black": 3.225, "Black": 9.620000000000001, "just": 1.9040000000000001}, "Hex Pot": {"Onyx Black": 3.525, "Black": 7.985, "just": 1.9549999999999998}, "Restless Jar": {"Onyx Black": 3.645, "Black": 8.120000000000001, "just": 1.9465}, "Lush Bouquet": {"Onyx Black": 3.475, "Black": 8.350000000000001, "just": 2.295}, "Spiced Wine": {"Onyx Black": 2.9749999999999996, "Black": 7.74, "just": 1.6575}, "Snow Globe": {"Onyx Black": 3.875, "Black": 9.0, "just": 1.87}, "Joyful Bundle": {"Onyx Black": 3.67, "Black": 8.02, "just": 2.159}, "Light Sword": {"Onyx Black": 4.6850000000000005, "Black": 11.259999999999998, "just": 2.4395000000000002}, "Witch Hat": {"Onyx Black": 4.38, "Black": 11.934999999999999, "just": 2.4395000000000002}, "Bow Tie": {"Onyx Black": 4.53, "Black": 14.805000000000001, "just": 2.601}, "Eternal Candle": {"Onyx Black": 4.98, "Black": 12.305000000000001, "just": 2.5584999999999996}, "Jelly Bunny": {"Onyx Black": 4.345, "Black": 10.095, "just": 2.7115}, "Bunny Muffin": {"Onyx Black": 5.095, "Black": 16.595, "just": 2.7115}, "Spy Agaric": {"Onyx Black": 5.220000000000001, "Black": 10.91, "just": 2.499}, "Evil Eye": {"Onyx Black": 6.175000000000001, "Black": 15.575, "just": 2.9325}, "Snow Mittens": {"Onyx Black": 4.4399999999999995, "Black": 8.26, "just": 2.5755}, "Berry Box": {"Onyx Black": 4.720000000000001, "Black": 12.725000000000001, "just": 2.9325}, "Valentine Box": {"Onyx Black": 7.99, "Black": 11.94, "just": 3.383}, "Sakura Flower": {"Onyx Black": 7.07, "Black": 17.82, "just": 3.5189999999999997}, "Hanging Star": {"Onyx Black": 7.34, "Black": 16.365000000000002, "just": 4.0205}, "Sleigh Bell": {"Onyx Black": 11.955, "Black": 15.455, "just": 5.0235}, "Love Candle": {"Onyx Black": 8.135, "Black": 14.739999999999998, "just": 5.338}, "Skull Flower": {"Onyx Black": 8.77, "Black": 17.095, "just": 5.2615}, "Crystal Ball": {"Onyx Black": 13.399999999999999, "Black": 30.915, "just": 5.8055}, "Trapped Heart": {"Onyx Black": 11.879999999999999, "Black": 22.730000000000004, "just": 6.596}, "Top Hat": {"Onyx Black": 15.59, "Black": 25.945000000000004, "just": 6.1115}, "Love Potion": {"Onyx Black": 10.425, "Black": 28.674999999999997, "just": 7.097499999999999}, "Flying Broom": {"Onyx Black": 10.215, "Black": 19.21, "just": 7.1655}, "Cupid Charm": {"Onyx Black": 16.49, "Black": 36.995, "just": 8.4915}, "Record Player": {"Onyx Black": 10.67, "Black": 23.87, "just": 6.664}, "Eternal Rose": {"Onyx Black": 20.45, "Black": 41.45, "just": 10.965}, "Mad Pumpkin": {"Onyx Black": 18.905, "Black": 46.955, "just": 12.6735}, "Voodoo Doll": {"Onyx Black": 22.495, "Black": 45.995, "just": 12.7415}, "Diamond Ring": {"Onyx Black": 23.25, "Black": 43.25, "just": 13.174999999999999}, "Toy Bear": {"Onyx Black": 24.855, "Black": 53.605, "just": 15.0535}, "Vintage Cigar": {"Onyx Black": 48.620000000000005, "Black": 70.37, "just": 19.753999999999998}, "Neko Helmet": {"Onyx Black": 41.099999999999994, "Black": 71.095, "just": 18.869999999999997}, "Low Rider": {"Onyx Black": 38.75, "Black": 106.75, "just": 20.825}, "Signet Ring": {"Onyx Black": 37.995, "Black": 86.995, "just": 20.391499999999997}, "Electric Skull": {"Onyx Black": 37.455, "Black": 66.46000000000001, "just": 22.032}, "Kissed Frog": {"Onyx Black": 45.275, "Black": 98.82499999999999, "just": 27.752499999999998},