{"Snoop Dogg": {"Goldizzle": 7.705499999999999, "AI Dogg": 2.7565, "Doberman": 3.763, "Chrome": 2.4810000000000003, "Sapphire": 2.0585, "Doggfather": 3.2405, "King Snoop": 5.653, "Black Diamond": 2.1155, "Onyx Black": 3.74, "Black": 10.193846153846152, "just": 1.564}, "Swag Bag": {"Missionary": 8.445, "Snoop Life": 2.4875, "Gin & Jewels": 2.388, "Take It Easy": 2.587, "Bulk Order": 2.189, "Boiling Hot": 2.587, "April 20th": 3.0845000000000002, "Aviators": 2.0895, "Golden Nugs": 2.0895, "Happy Herbs": 3.0845000000000002, "Cashback": 3.0845000000000002, "Onyx Black": 3.9450000000000003, "Black": 7.19, "just": 1.6915}, "Snoop Cigar": {"Onyx Black": 8.41, "Black": 19.94, "just": 4.156499999999999}, "Lol Pop": {"Jinxed": 1.6965, "Satellite": 1.6674999999999998, "Mortal Sin": 2.9, "Heart Pop": 1.595, "Jolly Roger": 1.6674999999999998, "Love Bubbles": 1.595, "Pumpkin": 2.2475, "Gold Star": 1.5225, "Plastic Ice": 1.5225, "Comic Crunch": 1.5225, "Cobweb": 1.595, "Fire Vortex": 1.595, "Sweetheart": 1.74, "Watermelon": 1.5225, "Einstein": 1.6965, "Shock Wave": 1.5225, "Andromeda": 1.9575, "Glowstick": 1.9575, "Dark Sky": 1.595, "Doodle Art": 1.595, "Rosebud": 1.74, "Blood Sucker": 1.74, "Blood Ember": 1.6674999999999998, "Angelina": 2.2475, "Dark Portal": 1.6674999999999998, "Crystalline": 1.5225, "Celestia": 1.9575, "Sick Leave": 1.5225, "Icicle": 1.5225, "Hexed Helix": 1.595, "Onyx Black": 1.915, "Black": 4.96, "just": 1.2325}, "B-Day Candle": {"Happy Meows": 2.139, "Purr Magic": 2.139, "On Fire": 2.139, "Pixel Wish": 2.139, "Kaboom!": 2.139, "Payday": 2.139, "Final Boss": 2.139, "Onyx Black": 1.78, "Black": 4.9350000000000005, "just": 1.1729999999999998}, "Desk Calendar": {"Tic Tac Toe": 1.6875, "Balloon Face": 1.6875, "Fawkes Night": 5.620000000000001, "Telegram": 2.7, "Fund Manager": 2.0925000000000002, "Independence": 2.0925000000000002, "Durov Day": 6.615, "Pepe Plans": 13.924999999999999, "Hodler": 4.7250000000000005, "Peach Week": 2.0925000000000002, "Sunday": 2.0925000000000002, "Deadline": 2.0925000000000002, "Checklist": 1.8225000000000002, "Adult Tasks": 25.61, "Heartbreak": 1.5525, "Burning Time": 2.0925000000000002, "Investor": 9.175, "Onyx Black": 1.75, "Black": 4.995000000000001, "just": 1.1475}, "Lunar Snake": {"Synthwave": 5.145, "Hot Cherry": 1.9845000000000002, "Timelock": 2.2785, "Dragon Ball": 5.145, "Python Dev": 2.2785, "Psychedelic": 1.8375, "Soul Eater": 2.2785, "Hellspawn": 1.9845000000000002, "Onyx Black": 2.835, "Black": 5.475, "just": 1.2495}, "Xmas Stocking": {"Onyx Black": 2.0700000000000003, "Black": 5.895, "just": 1.224}, "Snake Box": {"Onyx Black": 2.145, "Black": 6.0, "just": 1.275}, "Pet Snake": {"Onyx Black": 2.43, "Black": 5.905, "just": 1.581}, "Candy Cane": {"Grinch": 3.14, "Hex Pot": 4.396, "Sticky Sweet": 1.9625000000000001, "Designer": 5.495, "Onyx Black": 2.1350000000000002, "Black": 5.79, "just": 1.3345}, "Whip Cupcake": {"Toncoin": 2.3715, "Deep State": 2.0655, "Sponge Duck": 2.3715, "Resistance": 5.355, "Bitcoin": 10.264999999999999, "Onyx Black": 2.215, "Black": 5.425, "just": 1.3005}, "Big Year": {"The Hobbit": 3.78, "Bitcoin": 5.292, "Game Boy": 2.079, "Balloons": 1.9845, "Cheshire Cat": 2.9295, "First Website": 2.5515, "Qing Dynasty": 2.9295, "Creator": 2.9295, "Gold Mine": 6.614999999999999, "The Nether": 2.5515, "Telegram": 5.292, "Big Brother": 2.9295, "Pokeball": 2.5515, "Pavel Durov": 9.395, "YouTubes": 3.78, "Onyx Black": 3.54, "Black": 8.945, "just": 1.6064999999999998}, "Homemade Cake": {"Onyx Black": 2.225, "Black": 5.574999999999999, "just": 1.581}, "Cookie Heart": {"Onyx Black": 2.67, "Black": 6.620000000000001, "just": 1.649}, "Jester Hat": {"Onyx Black": 2.495, "Black": 6.569999999999999, "just": 1.5215}, "Holiday Drink": {"Onyx Black": 2.67, "Black": 6.299999999999999, "just": 1.615}, "Ginger Cookie": {"Onyx Black": 3.625, "Black": 7.220000000000001, "just": 1.6575}, "Hypno Lollipop": {"Onyx Black": 3.3150000000000004, "Black": 7.34, "just": 1.683}, "Winter Wreath": {"Moon Cat": 90.96000000000001, "Onyx Black": 2.86, "Black": 7.91, "just": 1.632}, "Party Sparkler": {"Onyx Black": 2.9, "Black": 6.6850000000000005, "just": 1.615}, "Jingle Bells": {"Onyx Black": 2.87, "Black": 6.760000000000001, "just": 1.734}, "Tama Gadget": {"Onyx Black": 3.41, "Black": 6.74, "just": 1.7}, "Jack-in-the-Box": {"Onyx Black": 3.12, "Black": 6.87, "just": 1.9040000000000001}, "Star Notepad": {"Onyx Black": 3.575, "Black": 9.145, "just": 1.9465}, "Easter Egg": {"Onyx Black": 3.77, "Black": 10.855, "just": 2.38}, "Santa Hat": {"Onyx Black": 3.77, "Black": 9.23, "just": 2.3375}, "Hex Pot": {"Onyx Black": 3.96, "Black": 9.32, "just": 2.3120000000000003}, "Restless Jar": {"Onyx Black": 3.71, "Black": 8.575, "just": 2.2695}, "Lush Bouquet": {"Onyx Black": 4.715, "Black": 8.225000000000001, "just": 2.5925}, "Spiced Wine": {"Onyx Black": 3.01, "Black": 6.926, "just": 2.1675}, "Snow Globe": {"Onyx Black": 7.495, "Black": 10.094999999999999, "just": 2.5415}, "Joyful Bundle": {"Onyx Black": 4.9399999999999995, "Black": 8.940000000000001, "just": 2.448}, "Light Sword": {"Onyx Black": 4.84, "Black": 10.255999999999998, "just": 2.635}, "Witch Hat": {"Onyx Black": 4.625, "Black": 11.975000000000001, "just": 2.5075000000000003}, "Bow Tie": {"Onyx Black": 5.92, "Black": 12.312000000000001, "just": 2.72}, "Eternal Candle": {"Onyx Black": 5.41, "Black": 11.001999999999999, "just": 3.1365}, "Jelly Bunny": {"Onyx Black": 4.845, "Black": 11.399999999999999, "just": 2.8049999999999997}, "Bunny Muffin": {"Onyx Black": 6.763999999999999, "Black": 16.764, "just": 3.5189999999999997}, "Spy Agaric": {"Onyx Black": 6.944, "Black": 10.488000000000001, "just": 3.043}, "Evil Eye": {"Onyx Black": 7.128, "Black": 14.328, "just": 3.298}, "Snow Mittens": {"Onyx Black": 5.981999999999999, "Black": 8.682, "just": 3.3745000000000003}, "Berry Box": {"Onyx Black": 4.748, "Black": 10.524, "just": 3.2129999999999996}, "Valentine Box": {"Onyx Black": 7.02, "Black": 12.620000000000001, "just": 3.995}, "Sakura Flower": {"Onyx Black": 6.914, "Black": 16.310000000000002, "just": 4.4115}, "Hanging Star": {"Onyx Black": 9.212, "Black": 15.459999999999999, "just": 5.185}, "Sleigh Bell": {"Onyx Black": 10.774000000000001, "Black": 23.974, "just": 6.1964999999999995}, "Love Candle": {"Onyx Black": 10.362, "Black": 15.722000000000001, "just": 7.539499999999999}, "Skull Flower": {"Onyx Black": 11.054, "Black": 18.374, "just": 6.8765}, "Crystal Ball": {"Onyx Black": 12.245999999999999, "Black": 27.073999999999998, "just": 6.6385}, "Trapped Heart": {"Onyx Black": 11.533999999999999, "Black": 20.733999999999998, "just": 6.706499999999999}, "Top Hat": {"Onyx Black": 14.212, "Black": 26.304, "just": 6.664}, "Love Potion": {"Onyx Black": 12.596, "Black": 23.96, "just": 8.449}, "Flying Broom": {"Onyx Black": 11.58, "Black": 27.180000000000003, "just": 7.905}, "Cupid Charm": {"Onyx Black": 18.082, "Black": 32.882, "just": 9.749500000000001}, "Record Player": {"Onyx Black": 10.440000000000001, "Black": 20.44, "just": 6.29}, "Eternal Rose": {"Onyx Black": 18.348, "Black": 35.587999999999994, "just": 11.883000000000001}, "Mad Pumpkin": {"Onyx Black": 23.798, "Black": 40.198, "just": 15.580499999999999}, "Voodoo Doll": {"Onyx Black": 24.427999999999997, "Black": 48.028000000000006, "just": 14.772999999999998}, "Diamond Ring": {"Onyx Black": 20.16, "Black": 41.36, "just": 13.26}, "Toy Bear": {"Onyx Black": 30.89, "Black": 46.894000000000005, "just": 19.9665}, "Vintage Cigar": {"Onyx Black": 36.019999999999996, "Black": 57.8, "just": 19.55}, "Neko Helmet": {"Onyx Black": 37.16, "Black": 64.56, "just": 23.46}, "Low Rider": {"Onyx Black": 33.844, "Black": 76.644, "just": 21.878999999999998}, "Signet Ring": {"Onyx Black": 37.6, "Black": 74.8, "just": 23.8}, "Electric Skull": {"Onyx Black": 42.3, "Black": 75.104, "just": 27.064}, "Kissed Frog": {"Onyx Black": 43.866, "Black": 78.514, "just": 26.5115}, "Swiss Watch": {"Onyx Black": 47.528, "Black": 75.528, "just": 33.898},