{"Snoop Dogg": {"Black Diamond": 2.2345, "Goldizzle": 7.7155, "Cold Topaz": 2.1965000000000003, "Sapphire": 2.168, "King Snoop": 4.520500000000001, "AI Dogg": 3.1435000000000004, "Doggfather": 3.096, "King Ruby": 2.1205000000000003, "Doberman": 3.8465000000000003, "Emerald": 2.1585, "Chrome": 2.5290000000000004, "Black Gold": 2.168, "Onyx Black": 3.5300000000000002, "Black": 10.636153846153846, "just": 1.5215}, "Swag Bag": {"Snoop Life": 2.6, "Leopard": 2.1, "Take It Easy": 2.4, "Happy Herbs": 3.1, "Gin & Jewels": 2.6, "Cashback": 3.1, "April 20th": 3.1, "Bulk Order": 2.4, "Boiling Hot": 2.4, "Darkness": 2.2, "P.I.M.P.": 2.1, "Missionary": 7.0, "Onyx Black": 3.2, "Black": 7.15, "just": 1.7}, "Snoop Cigar": {"Onyx Black": 7.615, "Black": 17.245, "just": 3.995}, "Lol Pop": {"Magic Wand": 1.512, "Blue Goo": 1.512, "Mortal Sin": 4.032, "Andromeda": 1.8719999999999999, "Angelina": 2.2319999999999998, "Sailor Moon": 1.584, "Cobweb": 1.584, "Glowstick": 2.2319999999999998, "Watermelon": 1.512, "Hexed Helix": 1.6847999999999999, "Jolly Roger": 1.728, "Milky Way": 1.584, "Blood Ember": 1.728, "Icy Touch": 1.512, "Pumpkin": 1.6847999999999999, "Sweetheart": 1.8719999999999999, "Shock Wave": 1.6847999999999999, "Jinxed": 1.6847999999999999, "Rosebud": 1.728, "Dark Portal": 1.7999999999999998, "Love Bubbles": 1.7999999999999998, "Celestia": 2.2319999999999998, "Fire Vortex": 1.512, "Blood Sucker": 1.728, "Heart Pop": 1.584, "Satellite": 1.728, "Crystalline": 1.584, "Doodle Art": 1.584, "Dark Sky": 1.6847999999999999, "Plastic Ice": 1.584, "Einstein": 1.584, "Onyx Black": 2.01, "Black": 5.359999999999999, "just": 1.224}, "B-Day Candle": {"Purr Magic": 2.0925000000000002, "Kaboom!": 1.8225000000000002, "Happy Meows": 2.0925000000000002, "Final Boss": 2.0925000000000002, "On Fire": 2.0925000000000002, "Payday": 2.0925000000000002, "Pixel Wish": 2.0925000000000002, "Onyx Black": 1.745, "Black": 5.370000000000001, "just": 1.1475}, "Desk Calendar": {"Deadline": 2.139, "Durov Day": 2.139, "Balloon Face": 2.139, "Heartbreak": 1.4489999999999998, "Pepe Plans": 10.525000000000002, "Fawkes Night": 4.83, "Investor": 5.825, "Adult Tasks": 26.189999999999998, "Peach Week": 2.139, "Independence": 2.76, "Hodler": 4.83, "Fund Manager": 2.139, "Telegram": 2.139, "Checklist": 2.139, "Tic Tac Toe": 2.139, "Sunday": 1.863, "Burning Time": 1.863, "Onyx Black": 1.7449999999999999, "Black": 5.579999999999999, "just": 1.1729999999999998}, "Lunar Snake": {"Hellspawn": 2.052, "Psychedelic": 1.9, "Hot Cherry": 2.052, "Synthwave": 5.32, "Dragon Ball": 5.32, "Timelock": 1.9760000000000002, "Soul Eater": 2.3560000000000003, "Python Dev": 2.3560000000000003, "Onyx Black": 2.255, "Black": 5.755000000000001, "just": 1.292}, "Xmas Stocking": {"Onyx Black": 2.6849999999999996, "Black": 5.734999999999999, "just": 1.2495}, "Snake Box": {"Onyx Black": 2.13, "Black": 5.63, "just": 1.2409999999999999}, "Pet Snake": {"Onyx Black": 2.465, "Black": 5.845, "just": 1.4789999999999999}, "Candy Cane": {"Sticky Sweet": 2.1735, "Designer": 4.508, "Grinch": 3.22, "Hex Pot": 3.22, "Onyx Black": 2.48, "Black": 5.98, "just": 1.3685}, "Whip Cupcake": {"Deep State": 2.325, "Bitcoin": 9.45, "Toncoin": 2.325, "Sponge Duck": 3.0, "Resistance": 5.25, "Onyx Black": 2.225, "Black": 5.7, "just": 1.275}, "Big Year": {"Pokeball": 2.7, "Big Brother": 2.9160000000000004, "Telegram": 4.32, "Pavel Durov": 4.32, "The Nether": 3.3480000000000003, "Cheshire Cat": 2.3760000000000003, "Bitcoin": 4.32, "Creator": 2.9160000000000004, "Game Boy": 2.2680000000000002, "Gold Mine": 4.32, "First Website": 2.3760000000000003, "Qing Dynasty": 3.3480000000000003, "The Hobbit": 3.3480000000000003, "YouTubes": 4.32, "Onyx Black": 3.705, "Black": 8.68, "just": 1.836}, "Homemade Cake": {"Onyx Black": 2.4050000000000002, "Black": 5.57, "just": 1.547}, "Cookie Heart": {"Onyx Black": 2.55, "Black": 6.945, "just": 1.615}, "Jester Hat": {"Onyx Black": 2.65, "Black": 6.5, "just": 1.4875}, "Holiday Drink": {"Onyx Black": 2.65, "Black": 6.199999999999999, "just": 1.615}, "Ginger Cookie": {"Onyx Black": 3.7800000000000002, "Black": 7.029999999999999, "just": 1.751}, "Hypno Lollipop": {"Onyx Black": 2.7800000000000002, "Black": 6.49, "just": 1.751}, "Winter Wreath": {"Moon Cat": 108.485, "Onyx Black": 2.55, "Black": 8.685, "just": 1.6744999999999999}, "Party Sparkler": {"Onyx Black": 3.615, "Black": 7.965, "just": 1.649}, "Jingle Bells": {"Onyx Black": 2.88, "Black": 6.54, "just": 1.768}, "Tama Gadget": {"Onyx Black": 3.45, "Black": 6.54, "just": 1.768}, "Jack-in-the-Box": {"Onyx Black": 3.13, "Black": 7.62, "just": 1.9124999999999999}, "Star Notepad": {"Onyx Black": 3.4, "Black": 9.649999999999999, "just": 1.9549999999999998}, "Easter Egg": {"Onyx Black": 3.645, "Black": 11.094999999999999, "just": 2.38}, "Santa Hat": {"Onyx Black": 3.25, "Black": 8.39, "just": 2.3375}, "Hex Pot": {"Onyx Black": 3.9299999999999997, "Black": 10.094999999999999, "just": 2.3120000000000003}, "Restless Jar": {"Onyx Black": 3.775, "Black": 10.524999999999999, "just": 2.1675}, "Lush Bouquet": {"Onyx Black": 4.32, "Black": 7.970000000000001, "just": 2.499}, "Spiced Wine": {"Onyx Black": 2.952, "Black": 6.848000000000001, "just": 1.9719999999999998}, "Snow Globe": {"Onyx Black": 4.64, "Black": 12.889999999999999, "just": 2.363}, "Joyful Bundle": {"Onyx Black": 3.64, "Black": 7.66, "just": 2.4055}, "Light Sword": {"Onyx Black": 4.57, "Black": 10.674, "just": 2.7115}, "Witch Hat": {"Onyx Black": 4.695, "Black": 11.745, "just": 2.9665}, "Bow Tie": {"Onyx Black": 4.954000000000001, "Black": 12.642, "just": 2.7795}, "Eternal Candle": {"Onyx Black": 5.338, "Black": 11.342, "just": 3.0345}, "Jelly Bunny": {"Onyx Black": 4.745, "Black": 11.18, "just": 2.9665}, "Bunny Muffin": {"Onyx Black": 4.82, "Black": 10.22, "just": 3.145}, "Spy Agaric": {"Onyx Black": 5.18, "Black": 10.372, "just": 2.8049999999999997}, "Evil Eye": {"Onyx Black": 6.214, "Black": 12.613999999999999, "just": 3.1365}, "Snow Mittens": {"Onyx Black": 4.908, "Black": 7.964, "just": 3.128}, "Berry Box": {"Onyx Black": 5.8919999999999995, "Black": 11.612, "just": 3.247}, "Valentine Box": {"Onyx Black": 7.544, "Black": 12.744, "just": 4.114}, "Sakura Flower": {"Onyx Black": 6.94, "Black": 15.340000000000002, "just": 4.165}, "Hanging Star": {"Onyx Black": 8.574, "Black": 15.370000000000001, "just": 4.7855}, "Sleigh Bell": {"Onyx Black": 11.092, "Black": 18.688000000000002, "just": 6.647}, "Love Candle": {"Onyx Black": 11.222, "Black": 20.618000000000002, "just": 7.114499999999999}, "Skull Flower": {"Onyx Black": 10.68, "Black": 17.840000000000003, "just": 7.14}, "Crystal Ball": {"Onyx Black": 11.324, "Black": 28.703999999999997, "just": 6.664}, "Trapped Heart": {"Onyx Black": 13.016, "Black": 19.095999999999997, "just": 7.7010000000000005}, "Top Hat": {"Onyx Black": 12.14, "Black": 22.419999999999998, "just": 6.545}, "Love Potion": {"Onyx Black": 10.99, "Black": 22.194, "just": 7.6415}, "Flying Broom": {"Onyx Black": 10.894, "Black": 18.326, "just": 8.0665}, "Cupid Charm": {"Onyx Black": 16.894, "Black": 32.494, "just": 9.7665}, "Record Player": {"Onyx Black": 11.108, "Black": 20.384, "just": 6.783}, "Eternal Rose": {"Onyx Black": 17.323999999999998, "Black": 36.924, "just": 11.508999999999999}, "Mad Pumpkin": {"Onyx Black": 22.58, "Black": 38.38, "just": 14.705}, "Voodoo Doll": {"Onyx Black": 21.908, "Black": 48.068, "just": 14.263}, "Diamond Ring": {"Onyx Black": 22.514000000000003, "Black": 43.714, "just": 13.7615}, "Toy Bear": {"Onyx Black": 24.496000000000002, "Black": 46.976, "just": 15.555}, "Vintage Cigar": {"Onyx Black": 42.354, "Black": 55.594, "just": 20.391499999999997}, "Neko Helmet": {"Onyx Black": 36.014, "Black": 76.014, "just": 22.6865}, "Low Rider": {"Onyx Black": 34.28, "Black": 91.08, "just": 21.93}, "Signet Ring": {"Onyx Black": 37.257999999999996, "Black": 80.05799999999999, "just": 23.3155}, "Electric Skull": {"Onyx Black": 44.164, "Black": 67.76, "just": 26.299},