{"Snoop Dogg": {"King Snoop": 4.6155, "Chrome": 2.1585, "Doberman": 3.3905000000000003, "AI Dogg": 2.8205, "Black Diamond": 2.1585, "Sapphire": 2.016, "Green Light": 1.826, "Emerald": 1.8639999999999999, "King Ruby": 1.8355000000000004, "Doggfather": 3.153, "Goldizzle": 7.2405, "Cold Topaz": 1.9305000000000003, "Onyx Black": 2.79, "Black": 9.996153846153845, "just": 1.4024999999999999}, "Swag Bag": {"Bulk Order": 1.9425000000000001, "Gin & Jewels": 2.3125, "Snoop Life": 2.1275, "Happy Herbs": 2.8675, "Missionary": 6.4750000000000005, "Darkness": 2.035, "Boiling Hot": 2.22, "Take It Easy": 2.3125, "April 20th": 2.8675, "Cashback": 3.7, "Onyx Black": 2.9000000000000004, "Black": 6.925000000000001, "just": 1.5725}, "Snoop Cigar": {"Onyx Black": 7.220000000000001, "Black": 16.97, "just": 3.774}, "Lol Pop": {"Dark Portal": 1.524, "Sweetheart": 1.4605, "Sailor Moon": 1.5875, "Glowstick": 1.9685000000000001, "Mortal Sin": 3.5559999999999996, "Watermelon": 1.4605, "Icicle": 1.3970000000000002, "Icy Touch": 1.3335000000000001, "Cookie Dip": 1.3970000000000002, "Wonka Berry": 1.3335000000000001, "Milky Way": 1.3335000000000001, "Dark Sky": 1.524, "Angelina": 1.9685000000000001, "Plastic Ice": 1.3335000000000001, "Blood Sucker": 1.5875, "Einstein": 1.3970000000000002, "Satellite": 1.5875, "Doodle Art": 1.5875, "Heart Pop": 1.3970000000000002, "Cobweb": 1.3970000000000002, "Comic Crunch": 1.3335000000000001, "Blood Ember": 1.7145000000000001, "Fire Vortex": 1.3335000000000001, "Jinxed": 1.3335000000000001, "Celestia": 1.9685000000000001, "Rosebud": 1.651, "Sick Leave": 1.3335000000000001, "Hexed Helix": 1.4605, "Pumpkin": 1.4605, "Andromeda": 1.7145000000000001, "Romance": 1.3335000000000001, "Love Bubbles": 1.651, "Jolly Roger": 1.5875, "Onyx Black": 1.73, "Black": 4.725, "just": 1.0795}, "B-Day Candle": {"Final Boss": 1.922, "Shocker": 1.922, "On Fire": 1.922, "Purr Magic": 2.48, "Payday": 1.922, "Happy Meows": 2.48, "Pixel Wish": 1.922, "Kaboom!": 1.922, "Onyx Black": 1.6400000000000001, "Black": 4.12, "just": 1.054}, "Desk Calendar": {"Fund Manager": 1.9375, "Adult Tasks": 4.375, "Durov Day": 2.5, "Sunday": 2.5, "Checklist": 1.9375, "Burning Time": 1.9375, "Telegram": 1.9375, "Balloon Face": 1.625, "Peach Week": 1.6875, "Independence": 3.5, "Fawkes Night": 4.375, "Heartbreak": 1.375, "Hodler": 4.375, "Investor": 4.375, "Deadline": 2.5, "Pepe Plans": 4.375, "Tic Tac Toe": 1.9375, "Onyx Black": 1.625, "Black": 4.875, "just": 1.0625}, "Lunar Snake": {"Hot Cherry": 2.015, "Timelock": 2.015, "Psychedelic": 2.015, "Synthwave": 3.6399999999999997, "Python Dev": 2.015, "Dragon Ball": 4.55, "Hellspawn": 1.7550000000000001, "Soul Eater": 2.015, "Onyx Black": 1.7999999999999998, "Black": 4.800000000000001, "just": 1.105}, "Xmas Stocking": {"Onyx Black": 2.0, "Black": 4.575, "just": 1.1560000000000001}, "Snake Box": {"Onyx Black": 1.9249999999999998, "Black": 5.050000000000001, "just": 1.105}, "Pet Snake": {"Onyx Black": 2.26, "Black": 5.36, "just": 1.462}, "Candy Cane": {"Sticky Sweet": 2.1330000000000005, "Designer": 5.53, "Hex Pot": 3.16, "Grinch": 3.16, "Onyx Black": 2.285, "Black": 6.79, "just": 1.343}, "Whip Cupcake": {"Deep State": 2.139, "Sponge Duck": 2.76, "Resistance": 4.83, "Bitcoin": 4.83, "Toncoin": 1.863, "Onyx Black": 2.19, "Black": 4.99, "just": 1.1729999999999998}, "Big Year": {"Bitcoin": 4.843999999999999, "The Hobbit": 3.46, "Balloons": 1.903, "Pokeball": 3.46, "Big Brother": 2.6815, "Telegram": 4.843999999999999, "Cheshire Cat": 2.249, "First Website": 2.3355, "Pavel Durov": 4.843999999999999, "Creator": 2.249, "YouTubes": 2.6815, "Qing Dynasty": 3.46, "Gold Mine": 4.843999999999999, "The Nether": 2.249, "Game Boy": 2.249, "Onyx Black": 2.915, "Black": 7.8149999999999995, "just": 1.4705}, "Homemade Cake": {"Onyx Black": 1.995, "Black": 4.795, "just": 1.275}, "Cookie Heart": {"Onyx Black": 2.445, "Black": 5.87, "just": 1.4789999999999999}, "Jester Hat": {"Onyx Black": 2.415, "Black": 5.3149999999999995, "just": 1.3855}, "Holiday Drink": {"Onyx Black": 2.345, "Black": 5.260000000000001, "just": 1.462}, "Ginger Cookie": {"Onyx Black": 2.74, "Black": 6.44, "just": 1.5979999999999999}, "Hypno Lollipop": {"Onyx Black": 2.725, "Black": 6.325, "just": 1.4875}, "Winter Wreath": {"Onyx Black": 2.39, "Black": 8.89, "just": 1.513}, "Party Sparkler": {"Onyx Black": 2.8150000000000004, "Black": 6.140000000000001, "just": 1.513}, "Jingle Bells": {"Onyx Black": 2.6, "Black": 5.494999999999999, "just": 1.4535}, "Tama Gadget": {"Onyx Black": 2.49, "Black": 5.845, "just": 1.5215}, "Jack-in-the-Box": {"Onyx Black": 2.795, "Black": 7.845, "just": 1.7764999999999997}, "Star Notepad": {"Onyx Black": 3.295, "Black": 8.56, "just": 1.9040000000000001}, "Easter Egg": {"Onyx Black": 3.525, "Black": 10.925, "just": 2.0825}, "Santa Hat": {"Onyx Black": 3.5600000000000005, "Black": 9.695, "just": 2.0315}, "Hex Pot": {"Onyx Black": 3.8449999999999998, "Black": 7.295, "just": 2.2015}, "Restless Jar": {"Onyx Black": 3.83, "Black": 8.28, "just": 2.176}, "Lush Bouquet": {"Onyx Black": 3.4050000000000002, "Black": 9.155, "just": 2.2184999999999997}, "Spiced Wine": {"Onyx Black": 3.545, "Black": 7.445, "just": 1.7764999999999997}, "Snow Globe": {"Onyx Black": 4.075, "Black": 9.125, "just": 2.0825}, "Joyful Bundle": {"Onyx Black": 3.75, "Black": 7.875, "just": 2.3375}, "Light Sword": {"Onyx Black": 3.915, "Black": 12.415000000000001, "just": 2.4055}, "Witch Hat": {"Onyx Black": 4.07, "Black": 9.425, "just": 2.4225}, "Bow Tie": {"Onyx Black": 4.699999999999999, "Black": 16.025, "just": 2.5925}, "Eternal Candle": {"Onyx Black": 4.970000000000001, "Black": 10.22, "just": 2.499}, "Jelly Bunny": {"Onyx Black": 4.395, "Black": 10.14, "just": 2.7965}, "Bunny Muffin": {"Onyx Black": 4.425, "Black": 11.974999999999998, "just": 2.5925}, "Spy Agaric": {"Onyx Black": 5.404999999999999, "Black": 11.135, "just": 2.5669999999999997}, "Evil Eye": {"Onyx Black": 5.835000000000001, "Black": 14.334999999999999, "just": 3.128}, "Snow Mittens": {"Onyx Black": 4.35, "Black": 9.145, "just": 2.5415}, "Berry Box": {"Onyx Black": 4.795, "Black": 14.195, "just": 2.8815}, "Valentine Box": {"Onyx Black": 5.7, "Black": 10.649999999999999, "just": 3.315}, "Sakura Flower": {"Onyx Black": 5.745, "Black": 13.600000000000001, "just": 3.57}, "Hanging Star": {"Onyx Black": 8.455, "Black": 22.325, "just": 4.1735}, "Sleigh Bell": {"Onyx Black": 9.96, "Black": 17.96, "just": 5.032}, "Love Candle": {"Onyx Black": 7.665000000000001, "Black": 14.765, "just": 5.5505}, "Skull Flower": {"Onyx Black": 8.565, "Black": 16.42, "just": 4.9639999999999995}, "Crystal Ball": {"Onyx Black": 10.13, "Black": 36.39, "just": 5.338}, "Trapped Heart": {"Onyx Black": 9.24, "Black": 23.585, "just": 6.2645}, "Top Hat": {"Onyx Black": 14.76, "Black": 26.26, "just": 6.3919999999999995}, "Love Potion": {"Onyx Black": 10.19, "Black": 29.14, "just": 7.037999999999999}, "Flying Broom": {"Onyx Black": 10.85, "Black": 21.85, "just": 7.395}, "Cupid Charm": {"Onyx Black": 16.35, "Black": 33.849999999999994, "just": 8.245}, "Record Player": {"Onyx Black": 10.445, "Black": 24.195, "just": 7.1315}, "Eternal Rose": {"Onyx Black": 18.905, "Black": 33.855, "just": 10.8885}, "Mad Pumpkin": {"Onyx Black": 16.98, "Black": 40.985, "just": 11.8745}, "Voodoo Doll": {"Onyx Black": 20.0, "Black": 40.0, "just": 11.9}, "Diamond Ring": {"Onyx Black": 20.55, "Black": 43.459999999999994, "just": 12.2655}, "Toy Bear": {"Onyx Black": 22.75, "Black": 51.25, "just": 14.875}, "Vintage Cigar": {"Onyx Black": 38.489999999999995, "Black": 62.489999999999995, "just": 18.683}, "Neko Helmet": {"Onyx Black": 41.995000000000005, "Black": 71.995, "just": 20.391499999999997}, "Low Rider": {"Onyx Black": 37.995, "Black": 106.49499999999999, "just": 19.5415}, "Signet Ring": {"Onyx Black": 33.755, "Black": 84.87, "just": 19.328999999999997}, "Electric Skull": {"Onyx Black": 37.445, "Black": 69.945, "just": 21.1565}, "Kissed Frog": {"Onyx Black": 43.94, "Black": 75.44, "just": 24.548},