{"Snoop Dogg": {"Doggfather": 2.8605, "Black Diamond": 1.9730000000000003, "Chrome": 2.0490000000000004, "King Snoop": 4.4465, "Doberman": 3.6870000000000003, "King Ruby": 1.9540000000000002, "Sapphire": 1.992, "AI Dogg": 2.9079999999999995, "Goldizzle": 7.315999999999999, "Onyx Black": 3.2533333333333334, "Black": 10.626153846153846, "just": 1.513}, "Swag Bag": {"Snoop Life": 2.4875, "Cashback": 3.0845000000000002, "Golden Nugs": 2.0895, "Gin & Jewels": 2.587, "Take It Easy": 2.388, "Missionary": 7.995, "Darkness": 2.2885, "Bulk Order": 2.388, "April 20th": 3.0845000000000002, "Happy Herbs": 3.0845000000000002, "Leopard": 2.2885, "Boiling Hot": 2.587, "Dogg’s Loot": 2.0895, "Onyx Black": 3.085, "Black": 7.995, "just": 1.6915}, "Snoop Cigar": {"Onyx Black": 7.91, "Black": 19.595, "just": 4.114}, "Lol Pop": {"Angelina": 2.1545, "Shock Wave": 1.529, "Jolly Roger": 1.7374999999999998, "Icicle": 1.4595, "Einstein": 1.7374999999999998, "Cookie Dip": 1.4595, "Celestia": 2.1545, "Glowstick": 2.1545, "Mortal Sin": 2.78, "Blood Ember": 1.5984999999999998, "Milky Way": 1.529, "Satellite": 1.668, "Watermelon": 1.4595, "Doodle Art": 1.6262999999999999, "Andromeda": 1.807, "Sick Leave": 1.4595, "Fire Vortex": 1.4595, "Portable Pop": 1.4595, "Sailor Moon": 1.4595, "Plastic Ice": 1.4595, "Dark Portal": 1.529, "Romance": 1.4595, "Pink Foil": 1.4595, "Blood Sucker": 1.668, "Cobweb": 1.529, "Sweetheart": 1.8765, "Dark Sky": 1.5984999999999998, "Hexed Helix": 1.529, "Heart Pop": 1.5984999999999998, "Love Bubbles": 1.8765, "Rosebud": 1.5984999999999998, "Pumpkin": 1.4595, "Jinxed": 1.5984999999999998, "Magic Wand": 1.4595, "Comic Crunch": 1.4595, "Onyx Black": 1.9849999999999999, "Black": 5.21, "just": 1.1815}, "B-Day Candle": {"Final Boss": 2.78, "Happy Meows": 2.78, "Kaboom!": 1.8765, "Pixel Wish": 2.1545, "Purr Magic": 2.1545, "Payday": 2.78, "On Fire": 2.1545, "Onyx Black": 1.995, "Black": 5.19, "just": 1.1815}, "Desk Calendar": {"Tic Tac Toe": 1.7625, "Investor": 7.205, "Pepe Plans": 13.45, "Burning Time": 2.1854999999999998, "Telegram": 2.1854999999999998, "Durov Day": 2.82, "Independence": 2.1854999999999998, "Deadline": 2.82, "Balloon Face": 2.1854999999999998, "Peach Week": 2.1854999999999998, "Fund Manager": 2.1854999999999998, "Adult Tasks": 23.205000000000002, "Fawkes Night": 3.9479999999999995, "Checklist": 1.9035, "Sunday": 1.9035, "Heartbreak": 1.6214999999999997, "Hodler": 4.935, "Onyx Black": 1.8900000000000001, "Black": 5.2, "just": 1.1985}, "Lunar Snake": {"Soul Eater": 2.0250000000000004, "Synthwave": 5.25, "Hot Cherry": 2.325, "Dragon Ball": 5.25, "Hellspawn": 2.325, "Timelock": 1.9500000000000002, "Python Dev": 2.325, "Psychedelic": 2.325, "Onyx Black": 2.05, "Black": 5.5, "just": 1.275}, "Xmas Stocking": {"Onyx Black": 2.6950000000000003, "Black": 5.465, "just": 1.3005}, "Snake Box": {"Onyx Black": 2.185, "Black": 6.17, "just": 1.258}, "Pet Snake": {"Onyx Black": 2.475, "Black": 6.135, "just": 1.4705}, "Candy Cane": {"Hex Pot": 2.4800000000000004, "Sticky Sweet": 3.2, "Grinch": 4.4799999999999995, "Designer": 5.6000000000000005, "Onyx Black": 2.37, "Black": 5.875, "just": 1.36}, "Whip Cupcake": {"Toncoin": 2.3715, "Deep State": 2.0655, "Resistance": 7.205000000000001, "Bitcoin": 9.265, "Sponge Duck": 2.3715, "Onyx Black": 2.065, "Black": 5.565, "just": 1.3005}, "Big Year": {"Balloons": 2.388, "Gold Mine": 6.965, "The Hobbit": 3.98, "Bitcoin": 6.965, "Creator": 2.6865, "Game Boy": 2.189, "Big Brother": 3.0845000000000002, "Pokeball": 2.6865, "YouTubes": 3.98, "Pavel Durov": 6.965, "First Website": 2.0895, "Telegram": 5.572, "Cheshire Cat": 2.3283, "Qing Dynasty": 3.0845000000000002, "The Nether": 2.4875, "Onyx Black": 3.615, "Black": 9.645, "just": 1.6915}, "Homemade Cake": {"Onyx Black": 2.4050000000000002, "Black": 5.3500000000000005, "just": 1.547}, "Cookie Heart": {"Onyx Black": 2.465, "Black": 6.91, "just": 1.6404999999999998}, "Jester Hat": {"Onyx Black": 2.77, "Black": 6.36, "just": 1.5215}, "Holiday Drink": {"Onyx Black": 2.475, "Black": 6.425000000000001, "just": 1.6575}, "Ginger Cookie": {"Onyx Black": 3.82, "Black": 7.285, "just": 1.7764999999999997}, "Hypno Lollipop": {"Onyx Black": 2.945, "Black": 6.235, "just": 1.6915}, "Winter Wreath": {"Moon Cat": 106.265, "Onyx Black": 2.975, "Black": 7.2, "just": 1.7}, "Party Sparkler": {"Onyx Black": 3.2350000000000003, "Black": 7.734999999999999, "just": 1.6744999999999999}, "Jingle Bells": {"Onyx Black": 2.8449999999999998, "Black": 6.75, "just": 1.785}, "Tama Gadget": {"Onyx Black": 3.485, "Black": 6.585, "just": 1.8444999999999998}, "Jack-in-the-Box": {"Onyx Black": 3.0949999999999998, "Black": 7.085000000000001, "just": 1.9295}, "Star Notepad": {"Onyx Black": 4.07, "Black": 9.57, "just": 2.074}, "Easter Egg": {"Onyx Black": 3.8600000000000003, "Black": 10.834999999999999, "just": 2.5245}, "Santa Hat": {"Onyx Black": 3.974, "Black": 8.414000000000001, "just": 2.3715}, "Hex Pot": {"Onyx Black": 4.035, "Black": 9.899999999999999, "just": 2.38}, "Restless Jar": {"Onyx Black": 4.015000000000001, "Black": 9.665, "just": 2.1675}, "Lush Bouquet": {"Onyx Black": 4.48, "Black": 7.484999999999999, "just": 2.5245}, "Spiced Wine": {"Onyx Black": 3.14, "Black": 7.072, "just": 2.295}, "Snow Globe": {"Onyx Black": 4.495, "Black": 10.195, "just": 2.4565}, "Joyful Bundle": {"Onyx Black": 3.9, "Black": 10.899999999999999, "just": 2.38}, "Light Sword": {"Onyx Black": 4.7540000000000004, "Black": 10.638, "just": 2.6094999999999997}, "Witch Hat": {"Onyx Black": 4.26, "Black": 12.034999999999998, "just": 2.618}, "Bow Tie": {"Onyx Black": 4.714, "Black": 12.306, "just": 2.7115}, "Eternal Candle": {"Onyx Black": 4.9719999999999995, "Black": 10.767999999999999, "just": 3.077}, "Jelly Bunny": {"Onyx Black": 4.85, "Black": 10.0, "just": 2.975}, "Bunny Muffin": {"Onyx Black": 4.795999999999999, "Black": 13.056000000000001, "just": 3.1959999999999997}, "Spy Agaric": {"Onyx Black": 5.568, "Black": 10.475999999999999, "just": 2.9579999999999997}, "Evil Eye": {"Onyx Black": 6.318, "Black": 12.378, "just": 3.0854999999999997}, "Snow Mittens": {"Onyx Black": 5.016, "Black": 8.216000000000001, "just": 3.145}, "Berry Box": {"Onyx Black": 5.834, "Black": 10.610000000000001, "just": 3.3065}, "Valentine Box": {"Onyx Black": 7.268000000000001, "Black": 12.708, "just": 4.063}, "Sakura Flower": {"Onyx Black": 6.694, "Black": 15.598, "just": 4.5305}, "Hanging Star": {"Onyx Black": 7.906000000000001, "Black": 15.154, "just": 4.7515}, "Sleigh Bell": {"Onyx Black": 10.5, "Black": 20.9, "just": 6.375}, "Love Candle": {"Onyx Black": 10.468, "Black": 17.387999999999998, "just": 7.633}, "Skull Flower": {"Onyx Black": 13.258, "Black": 17.662, "just": 7.4544999999999995}, "Crystal Ball": {"Onyx Black": 11.971999999999998, "Black": 27.756, "just": 6.766}, "Trapped Heart": {"Onyx Black": 13.209999999999999, "Black": 18.369999999999997, "just": 7.4375}, "Top Hat": {"Onyx Black": 12.7, "Black": 22.22, "just": 7.225}, "Love Potion": {"Onyx Black": 11.174, "Black": 23.573999999999998, "just": 7.896499999999999}, "Flying Broom": {"Onyx Black": 12.84, "Black": 19.64, "just": 7.99}, "Cupid Charm": {"Onyx Black": 16.72, "Black": 30.319999999999997, "just": 9.52}, "Record Player": {"Onyx Black": 10.266, "Black": 20.866, "just": 6.8934999999999995}, "Eternal Rose": {"Onyx Black": 20.216, "Black": 34.62, "just": 11.645}, "Mad Pumpkin": {"Onyx Black": 22.99, "Black": 41.489999999999995, "just": 15.8525}, "Voodoo Doll": {"Onyx Black": 21.58, "Black": 46.980000000000004, "just": 14.705}, "Diamond Ring": {"Onyx Black": 22.392, "Black": 45.596000000000004, "just": 14.161}, "Toy Bear": {"Onyx Black": 34.0, "Black": 51.596, "just": 22.099999999999998}, "Vintage Cigar": {"Onyx Black": 37.164, "Black": 54.964, "just": 21.199}, "Neko Helmet": {"Onyx Black": 38.757999999999996, "Black": 66.678, "just": 23.7405}, "Low Rider": {"Onyx Black": 33.269999999999996, "Black": 79.27000000000001, "just": 21.6325}, "Signet Ring": {"Onyx Black": 37.774, "Black": 80.534,