{"Snoop Dogg": {"Cold Topaz": 1.859, "Chrome": 2.258, "Emerald": 1.859, "Black Diamond": 1.9064999999999999, "Sapphire": 1.9634999999999998, "Goldizzle": 7.3065, "Green Light": 1.935, "AI Dogg": 2.7655000000000003, "King Snoop": 4.835999999999999, "Doggfather": 2.7655000000000003, "King Ruby": 1.9255, "Doberman": 3.6205000000000007, "Onyx Black": 3.216666666666667, "Black": 10.542307692307691, "just": 1.4875}, "Swag Bag": {"Darkness": 2.34, "Boiling Hot": 2.5, "April 20th": 3.1, "Snoop Life": 2.4, "Missionary": 8.695, "Leopard": 2.1, "Take It Easy": 2.34, "Cashback": 3.1, "Happy Herbs": 3.1, "Gin & Jewels": 2.6, "Bulk Order": 2.4, "Onyx Black": 3.09, "Black": 7.45, "just": 1.7}, "Snoop Cigar": {"Onyx Black": 7.91, "Black": 19.54, "just": 4.114}, "Lol Pop": {"Andromeda": 1.998, "Comic Crunch": 1.554, "Fire Vortex": 1.554, "Shock Wave": 1.554, "Dark Sky": 1.6280000000000001, "Satellite": 1.7315999999999998, "Celestia": 2.294, "Jolly Roger": 1.85, "Dark Portal": 1.776, "Blood Sucker": 1.924, "Doodle Art": 1.6280000000000001, "Blood Ember": 1.6280000000000001, "Watermelon": 1.554, "Cobweb": 1.6280000000000001, "Jinxed": 1.6280000000000001, "Glowstick": 2.294, "Heart Pop": 1.6280000000000001, "Einstein": 1.7315999999999998, "Pumpkin": 1.554, "Sweetheart": 1.85, "Angelina": 2.294, "Mortal Sin": 2.96, "Milky Way": 1.554, "Hexed Helix": 1.702, "Love Bubbles": 1.7315999999999998, "Rosebud": 1.7315999999999998, "Onyx Black": 2.04, "Black": 4.9399999999999995, "just": 1.258}, "B-Day Candle": {"On Fire": 2.78, "Payday": 2.1545, "Pixel Wish": 2.1545, "Happy Meows": 2.1545, "Final Boss": 2.1545, "Purr Magic": 2.1545, "Kaboom!": 2.1545, "Onyx Black": 1.9449999999999998, "Black": 4.945, "just": 1.1815}, "Desk Calendar": {"Balloon Face": 1.8495000000000004, "Independence": 2.1235000000000004, "Peach Week": 2.1235000000000004, "Durov Day": 2.74, "Heartbreak": 1.5070000000000003, "Fawkes Night": 3.836, "Sunday": 2.1235000000000004, "Telegram": 2.1235000000000004, "Checklist": 1.8495000000000004, "Adult Tasks": 25.685000000000002, "Tic Tac Toe": 1.5070000000000003, "Investor": 7.135000000000001, "Burning Time": 2.1235000000000004, "Hodler": 4.795, "Pepe Plans": 14.68, "Deadline": 2.1235000000000004, "Fund Manager": 2.1235000000000004, "Onyx Black": 1.8800000000000001, "Black": 5.335000000000001, "just": 1.1645}, "Lunar Snake": {"Hellspawn": 2.263, "Python Dev": 2.263, "Synthwave": 5.109999999999999, "Hot Cherry": 2.263, "Soul Eater": 1.971, "Timelock": 1.971, "Psychedelic": 2.263, "Dragon Ball": 5.109999999999999, "Onyx Black": 2.23, "Black": 5.4799999999999995, "just": 1.2409999999999999}, "Xmas Stocking": {"Onyx Black": 2.375, "Black": 5.15, "just": 1.275}, "Snake Box": {"Onyx Black": 2.06, "Black": 5.7700000000000005, "just": 1.309}, "Pet Snake": {"Onyx Black": 2.52, "Black": 5.715, "just": 1.5555}, "Candy Cane": {"Hex Pot": 3.12, "Designer": 7.279999999999999, "Grinch": 3.12, "Sticky Sweet": 2.418, "Onyx Black": 2.2800000000000002, "Black": 5.754999999999999, "just": 1.326}, "Whip Cupcake": {"Deep State": 2.1060000000000003, "Bitcoin": 15.780000000000001, "Toncoin": 2.418, "Resistance": 7.279999999999999, "Sponge Duck": 2.418, "Onyx Black": 2.23, "Black": 5.93, "just": 1.326}, "Big Year": {"The Nether": 2.6595, "Big Brother": 3.0535, "Bitcoin": 5.516, "Creator": 2.6595, "Balloons": 2.2655, "Qing Dynasty": 3.0535, "Pavel Durov": 6.895, "First Website": 2.1670000000000003, "Cheshire Cat": 3.0535, "Gold Mine": 6.895, "Pokeball": 2.6595, "Game Boy": 2.1670000000000003, "The Hobbit": 3.94, "Telegram": 5.516, "YouTubes": 3.94, "Onyx Black": 3.6100000000000003, "Black": 9.184999999999999, "just": 1.6744999999999999}, "Homemade Cake": {"Onyx Black": 2.345, "Black": 5.42, "just": 1.564}, "Cookie Heart": {"Onyx Black": 2.66, "Black": 6.905, "just": 1.632}, "Jester Hat": {"Onyx Black": 2.545, "Black": 6.245, "just": 1.5215}, "Holiday Drink": {"Onyx Black": 2.565, "Black": 6.470000000000001, "just": 1.649}, "Ginger Cookie": {"Onyx Black": 3.7699999999999996, "Black": 7.0200000000000005, "just": 1.6915}, "Hypno Lollipop": {"Onyx Black": 3.08, "Black": 6.2250000000000005, "just": 1.666}, "Winter Wreath": {"Moon Cat": 106.265, "Onyx Black": 2.975, "Black": 7.195, "just": 1.7}, "Party Sparkler": {"Onyx Black": 3.1850000000000005, "Black": 7.279999999999999, "just": 1.6744999999999999}, "Jingle Bells": {"Onyx Black": 2.775, "Black": 6.2250000000000005, "just": 1.7424999999999997}, "Tama Gadget": {"Onyx Black": 3.495, "Black": 6.595000000000001, "just": 1.8615}, "Jack-in-the-Box": {"Onyx Black": 3.08, "Black": 7.125, "just": 1.9124999999999999}, "Star Notepad": {"Onyx Black": 3.95, "Black": 9.45, "just": 2.04}, "Easter Egg": {"Onyx Black": 3.84, "Black": 10.815, "just": 2.4905}, "Santa Hat": {"Onyx Black": 3.956, "Black": 8.251999999999999, "just": 2.3459999999999996}, "Hex Pot": {"Onyx Black": 3.995, "Black": 10.129999999999999, "just": 2.3545}, "Restless Jar": {"Onyx Black": 4.005, "Black": 9.59, "just": 2.2184999999999997}, "Lush Bouquet": {"Onyx Black": 4.535, "Black": 9.02, "just": 2.6264999999999996}, "Spiced Wine": {"Onyx Black": 3.672, "Black": 7.0600000000000005, "just": 2.142}, "Snow Globe": {"Onyx Black": 4.4350000000000005, "Black": 11.43, "just": 2.4395000000000002}, "Joyful Bundle": {"Onyx Black": 3.835, "Black": 9.684999999999999, "just": 2.4395000000000002}, "Light Sword": {"Onyx Black": 4.46, "Black": 9.86, "just": 2.635}, "Witch Hat": {"Onyx Black": 4.635, "Black": 12.135, "just": 2.7795}, "Bow Tie": {"Onyx Black": 4.6739999999999995, "Black": 12.078, "just": 2.6605}, "Eternal Candle": {"Onyx Black": 4.87, "Black": 10.510000000000002, "just": 2.9325}, "Jelly Bunny": {"Onyx Black": 4.815, "Black": 10.66, "just": 2.8475}, "Bunny Muffin": {"Onyx Black": 4.43, "Black": 11.59, "just": 3.1025}, "Spy Agaric": {"Onyx Black": 5.561999999999999, "Black": 10.474, "just": 2.9495}, "Evil Eye": {"Onyx Black": 6.286, "Black": 12.113999999999999, "just": 3.0515}, "Snow Mittens": {"Onyx Black": 5.68, "Black": 7.88, "just": 3.23}, "Berry Box": {"Onyx Black": 5.438, "Black": 10.638, "just": 3.1705}, "Valentine Box": {"Onyx Black": 7.632, "Black": 12.832, "just": 4.012}, "Sakura Flower": {"Onyx Black": 6.464, "Black": 15.508, "just": 4.403}, "Hanging Star": {"Onyx Black": 7.7059999999999995, "Black": 15.085999999999999, "just": 4.6834999999999996}, "Sleigh Bell": {"Onyx Black": 10.394, "Black": 20.398000000000003, "just": 6.2305}, "Love Candle": {"Onyx Black": 10.002, "Black": 16.522000000000002, "just": 7.3694999999999995}, "Skull Flower": {"Onyx Black": 12.064, "Black": 18.864, "just": 7.1739999999999995}, "Crystal Ball": {"Onyx Black": 12.606, "Black": 28.046000000000003, "just": 7.1485}, "Trapped Heart": {"Onyx Black": 13.053999999999998, "Black": 17.894, "just": 7.2165}, "Top Hat": {"Onyx Black": 12.814, "Black": 21.214, "just": 7.386499999999999}, "Love Potion": {"Onyx Black": 12.484, "Black": 23.816000000000003, "just": 8.245}, "Flying Broom": {"Onyx Black": 12.9, "Black": 18.9, "just": 8.075}, "Cupid Charm": {"Onyx Black": 17.924, "Black": 30.728, "just": 10.098}, "Record Player": {"Onyx Black": 10.128, "Black": 20.727999999999998, "just": 6.6979999999999995}, "Eternal Rose": {"Onyx Black": 20.169999999999998, "Black": 35.774, "just": 12.1465}, "Mad Pumpkin": {"Onyx Black": 25.988, "Black": 41.164, "just": 16.983}, "Voodoo Doll": {"Onyx Black": 23.016, "Black": 45.81999999999999, "just": 15.044999999999998}, "Diamond Ring": {"Onyx Black": 22.259999999999998, "Black": 43.464, "just": 13.974}, "Toy Bear": {"Onyx Black": 32.64, "Black": 50.12, "just": 20.57}, "Vintage Cigar": {"Onyx Black": 37.176, "Black": 67.776, "just": 21.216}, "Neko Helmet": {"Onyx Black": 38.926, "Black": 60.925999999999995, "just": 23.9785}, "Low Rider": {"Onyx Black": 32.882, "Black": 81.282, "just": 21.6495}, "Signet Ring": {"Onyx Black": 37.510000000000005, "Black": 79.91, "just": 23.6725}, "Electric Skull": {"Onyx Black": 41.992000000000004, "Black": 75.992, "just": 28.322},