{"Snoop Dogg": {"Chrome": 2.4905, "Sapphire": 2.0585, "Black Diamond": 2.1725000000000003, "Goldizzle": 8.494, "Doggfather": 3.2405, "AI Dogg": 2.766, "King Snoop": 6.1754999999999995, "Doberman": 3.6205000000000007, "Onyx Black": 3.8133333333333335, "Black": 10.193846153846152, "just": 1.564}, "Swag Bag": {"Gin & Jewels": 2.352, "Aviators": 2.058, "Boiling Hot": 2.646, "Take It Easy": 2.548, "Golden Nugs": 2.058, "Leopard": 2.058, "Cashback": 3.038, "April 20th": 2.646, "Missionary": 8.48, "Darkness": 2.058, "Dogg’s Loot": 2.058, "Happy Herbs": 3.038, "Bulk Order": 2.156, "Snoop Life": 2.45, "Onyx Black": 3.98, "Black": 7.175, "just": 1.666}, "Snoop Cigar": {"Onyx Black": 8.43, "Black": 19.955, "just": 4.1819999999999995}, "Lol Pop": {"Gold Star": 1.4489999999999998, "Glowstick": 2.139, "Sailor Moon": 1.4489999999999998, "Sick Leave": 1.4489999999999998, "Plastic Ice": 1.4489999999999998, "Cobweb": 1.518, "Satellite": 1.656, "Dark Portal": 1.5869999999999997, "Blood Ember": 1.656, "Milky Way": 1.4489999999999998, "Sweetheart": 1.7249999999999999, "Icy Touch": 1.4489999999999998, "Watermelon": 1.4489999999999998, "Heart Pop": 1.4489999999999998, "Romance": 1.4489999999999998, "Pumpkin": 2.139, "Jolly Roger": 1.656, "Jinxed": 1.7249999999999999, "Blood Sucker": 1.7249999999999999, "Nostalgia": 1.4489999999999998, "Hexed Helix": 1.5869999999999997, "Love Bubbles": 1.6145999999999998, "Rosebud": 1.7249999999999999, "Comic Crunch": 1.4489999999999998, "Angelina": 2.139, "Magic Wand": 1.4489999999999998, "Crystalline": 1.4489999999999998, "Icicle": 1.4489999999999998, "Shock Wave": 1.518, "Dark Sky": 1.5869999999999997, "Liquid Lime": 1.4489999999999998, "Crystal Comet": 1.4489999999999998, "Doodle Art": 1.518, "Rising Star": 1.4489999999999998, "Andromeda": 1.863, "Celestia": 1.863, "Einstein": 1.7249999999999999, "Fire Vortex": 1.518, "Mortal Sin": 3.8639999999999994, "Onyx Black": 1.92, "Black": 4.9350000000000005, "just": 1.1729999999999998}, "B-Day Candle": {"Payday": 2.0925000000000002, "Happy Meows": 2.0925000000000002, "On Fire": 2.0925000000000002, "Purr Magic": 2.0925000000000002, "Final Boss": 2.0925000000000002, "Pixel Wish": 2.0925000000000002, "Kaboom!": 2.0925000000000002, "Onyx Black": 1.7650000000000001, "Black": 4.995000000000001, "just": 1.1475}, "Desk Calendar": {"Balloon Face": 1.675, "Durov Day": 6.62, "Fund Manager": 2.0770000000000004, "Hodler": 4.69, "Sunday": 2.0770000000000004, "Telegram": 2.68, "Independence": 2.0770000000000004, "Checklist": 1.8090000000000002, "Heartbreak": 1.5678, "Investor": 9.545, "Pepe Plans": 14.17, "Adult Tasks": 25.615, "Tic Tac Toe": 1.675, "Burning Time": 2.0770000000000004, "Deadline": 2.0770000000000004, "Fawkes Night": 5.62, "Peach Week": 2.0770000000000004, "Onyx Black": 1.745, "Black": 5.115, "just": 1.139}, "Lunar Snake": {"Synthwave": 5.145, "Hot Cherry": 1.9845000000000002, "Timelock": 2.2785, "Psychedelic": 1.911, "Python Dev": 2.2785, "Hellspawn": 1.911, "Dragon Ball": 5.145, "Soul Eater": 2.2785, "Onyx Black": 2.835, "Black": 5.475, "just": 1.2495}, "Xmas Stocking": {"Onyx Black": 2.035, "Black": 5.905, "just": 1.2069999999999999}, "Snake Box": {"Onyx Black": 2.145, "Black": 6.0649999999999995, "just": 1.3515}, "Pet Snake": {"Onyx Black": 2.415, "Black": 5.905, "just": 1.5555}, "Candy Cane": {"Hex Pot": 4.4239999999999995, "Designer": 5.53, "Sticky Sweet": 1.975, "Grinch": 3.16, "Onyx Black": 2.14, "Black": 5.795, "just": 1.343}, "Whip Cupcake": {"Resistance": 5.705, "Deep State": 2.2005, "Sponge Duck": 2.5265, "Bitcoin": 11.815000000000001, "Toncoin": 2.5265, "Onyx Black": 2.48, "Black": 5.475, "just": 1.3855}, "Big Year": {"YouTubes": 2.8985000000000003, "Cheshire Cat": 2.8985000000000003, "Pokeball": 2.5245, "Telegram": 5.236, "Game Boy": 2.0570000000000004, "Creator": 2.8985000000000003, "Qing Dynasty": 2.8985000000000003, "Balloons": 1.9635000000000002, "The Nether": 2.8985000000000003, "Gold Mine": 6.545, "Big Brother": 2.8985000000000003, "Bitcoin": 5.236, "Pavel Durov": 9.434999999999999, "First Website": 2.5245, "The Hobbit": 3.74, "Onyx Black": 3.5300000000000002, "Black": 8.934999999999999, "just": 1.5895000000000001}, "Homemade Cake": {"Onyx Black": 2.225, "Black": 5.324999999999999, "just": 1.581}, "Cookie Heart": {"Onyx Black": 2.58, "Black": 6.7250000000000005, "just": 1.666}, "Jester Hat": {"Onyx Black": 2.545, "Black": 6.47, "just": 1.5215}, "Holiday Drink": {"Onyx Black": 2.6550000000000002, "Black": 6.284999999999999, "just": 1.5895000000000001}, "Ginger Cookie": {"Onyx Black": 3.62, "Black": 7.215, "just": 1.649}, "Hypno Lollipop": {"Onyx Black": 3.3200000000000003, "Black": 7.445, "just": 1.6915}, "Winter Wreath": {"Moon Cat": 90.97, "Onyx Black": 2.87, "Black": 7.92, "just": 1.649}, "Party Sparkler": {"Onyx Black": 2.9, "Black": 6.699999999999999, "just": 1.615}, "Jingle Bells": {"Onyx Black": 2.99, "Black": 6.445, "just": 1.785}, "Tama Gadget": {"Onyx Black": 3.425, "Black": 6.755000000000001, "just": 1.7254999999999998}, "Jack-in-the-Box": {"Onyx Black": 3.125, "Black": 6.875, "just": 1.9124999999999999}, "Star Notepad": {"Onyx Black": 3.58, "Black": 9.344999999999999, "just": 1.9465}, "Easter Egg": {"Onyx Black": 3.7750000000000004, "Black": 10.860000000000001, "just": 2.3885}, "Santa Hat": {"Onyx Black": 3.746, "Black": 9.206, "just": 2.3035}, "Hex Pot": {"Onyx Black": 3.955, "Black": 9.315000000000001, "just": 2.3035}, "Restless Jar": {"Onyx Black": 3.715, "Black": 8.559999999999999, "just": 2.2355}, "Lush Bouquet": {"Onyx Black": 4.72, "Black": 8.25, "just": 2.5925}, "Spiced Wine": {"Onyx Black": 3.09, "Black": 6.926, "just": 2.1675}, "Snow Globe": {"Onyx Black": 5.745, "Black": 10.094999999999999, "just": 2.5415}, "Joyful Bundle": {"Onyx Black": 4.895, "Black": 8.895, "just": 2.3715}, "Light Sword": {"Onyx Black": 4.8580000000000005, "Black": 10.274000000000001, "just": 2.6605}, "Witch Hat": {"Onyx Black": 4.6899999999999995, "Black": 12.040000000000001, "just": 2.618}, "Bow Tie": {"Onyx Black": 6.327999999999999, "Black": 12.324000000000002, "just": 2.737}, "Eternal Candle": {"Onyx Black": 5.38, "Black": 10.972, "just": 3.094}, "Jelly Bunny": {"Onyx Black": 4.87, "Black": 11.424999999999999, "just": 2.8475}, "Bunny Muffin": {"Onyx Black": 6.7940000000000005, "Black": 16.794, "just": 3.5615}, "Spy Agaric": {"Onyx Black": 6.848, "Black": 10.392, "just": 2.907}, "Evil Eye": {"Onyx Black": 6.93, "Black": 14.334, "just": 3.3065}, "Snow Mittens": {"Onyx Black": 5.958, "Black": 8.678, "just": 3.3405}, "Berry Box": {"Onyx Black": 4.834, "Black": 10.67, "just": 3.2215}, "Valentine Box": {"Onyx Black": 7.228, "Black": 12.668, "just": 4.063}, "Sakura Flower": {"Onyx Black": 6.884, "Black": 16.28, "just": 4.369}, "Hanging Star": {"Onyx Black": 9.092, "Black": 15.340000000000002, "just": 5.015000000000001}, "Sleigh Bell": {"Onyx Black": 10.858, "Black": 24.058, "just": 6.315499999999999}, "Love Candle": {"Onyx Black": 10.424, "Black": 15.764, "just": 7.598999999999999}, "Skull Flower": {"Onyx Black": 11.26, "Black": 18.379999999999995, "just": 6.885}, "Crystal Ball": {"Onyx Black": 12.258, "Black": 27.094, "just": 6.6555}, "Trapped Heart": {"Onyx Black": 11.533999999999999, "Black": 20.733999999999998, "just": 6.706499999999999}, "Top Hat": {"Onyx Black": 14.254, "Black": 26.346, "just": 6.7235}, "Love Potion": {"Onyx Black": 12.626, "Black": 23.990000000000002, "just": 8.4915}, "Flying Broom": {"Onyx Black": 11.780000000000001, "Black": 18.78, "just": 7.905}, "Cupid Charm": {"Onyx Black": 18.226, "Black": 32.826, "just": 9.9535}, "Record Player": {"Onyx Black": 10.356, "Black": 20.356, "just": 6.170999999999999}, "Eternal Rose": {"Onyx Black": 18.114, "Black": 35.594, "just": 11.8915}, "Mad Pumpkin": {"Onyx Black": 23.834, "Black": 40.234, "just": 15.6315}, "Voodoo Doll": {"Onyx Black": 24.612000000000002, "Black": 48.232, "just": 15.062}, "Diamond Ring": {"Onyx Black": 21.064, "Black": 41.864000000000004, "just": 13.974}, "Toy Bear": {"Onyx Black": 30.93,