{"Snoop Dogg": {"Goldizzle": 7.3255, "Sapphire": 1.992, "Cold Topaz": 1.935, "King Snoop": 4.741, "AI Dogg": 2.8605, "Black Diamond": 2.0490000000000004, "King Ruby": 2.0015, "Chrome": 2.3055000000000003, "Doggfather": 2.799, "Doberman": 3.5255, "Onyx Black": 3.2600000000000002, "Black": 10.407692307692308, "just": 1.53}, "Swag Bag": {"Missionary": 8.69, "Take It Easy": 2.6865, "Gin & Jewels": 2.4875, "Happy Herbs": 3.0845000000000002, "Boiling Hot": 2.388, "Bulk Order": 2.189, "Cashback": 3.0845000000000002, "Darkness": 2.3283, "Snoop Life": 2.388, "April 20th": 3.0845000000000002, "Leopard": 2.0895, "Onyx Black": 3.09, "Black": 7.445, "just": 1.6915}, "Snoop Cigar": {"Onyx Black": 7.4, "Black": 18.9, "just": 4.08}, "Lol Pop": {"Doodle Art": 1.5750000000000002, "Cobweb": 1.6500000000000001, "Blood Sucker": 1.755, "Jolly Roger": 1.7249999999999999, "Dark Sky": 1.5750000000000002, "Mortal Sin": 3.0, "Dark Portal": 1.7999999999999998, "Love Bubbles": 1.9500000000000002, "Angelina": 2.325, "Shock Wave": 1.6500000000000001, "Comic Crunch": 1.5750000000000002, "Jinxed": 1.755, "Andromeda": 1.9500000000000002, "Rosebud": 1.755, "Einstein": 1.6500000000000001, "Blood Ember": 1.6500000000000001, "Hexed Helix": 1.7249999999999999, "Sweetheart": 1.875, "Glowstick": 2.325, "Crystal Comet": 1.5750000000000002, "Milky Way": 1.5750000000000002, "Satellite": 1.7249999999999999, "Pumpkin": 1.5750000000000002, "Heart Pop": 1.5750000000000002, "Celestia": 2.325, "Onyx Black": 2.05, "Black": 5.245, "just": 1.275}, "B-Day Candle": {"Pixel Wish": 2.17, "Kaboom!": 2.17, "Purr Magic": 2.17, "Final Boss": 2.8, "On Fire": 2.8, "Happy Meows": 2.17, "Payday": 2.17, "Onyx Black": 1.925, "Black": 5.17, "just": 1.19}, "Desk Calendar": {"Checklist": 1.89, "Telegram": 2.17, "Durov Day": 4.8999999999999995, "Pepe Plans": 14.690000000000001, "Sunday": 1.89, "Balloon Face": 1.89, "Investor": 7.15, "Fawkes Night": 3.9199999999999995, "Deadline": 2.17, "Heartbreak": 1.47, "Adult Tasks": 26.49, "Tic Tac Toe": 2.17, "Burning Time": 2.17, "Fund Manager": 2.17, "Independence": 2.17, "Peach Week": 2.17, "Hodler": 4.8999999999999995, "Onyx Black": 1.885, "Black": 5.299999999999999, "just": 1.19}, "Lunar Snake": {"Python Dev": 2.0655, "Hot Cherry": 2.3715, "Psychedelic": 2.3715, "Timelock": 2.3715, "Soul Eater": 2.0655, "Synthwave": 4.284, "Dragon Ball": 5.355, "Hellspawn": 2.0655, "Onyx Black": 2.5100000000000002, "Black": 5.515, "just": 1.3005}, "Xmas Stocking": {"Onyx Black": 2.49, "Black": 5.595, "just": 1.4875}, "Snake Box": {"Onyx Black": 2.165, "Black": 5.574999999999999, "just": 1.4024999999999999}, "Pet Snake": {"Onyx Black": 2.52, "Black": 5.51, "just": 1.547}, "Candy Cane": {"Hex Pot": 3.2, "Grinch": 3.2, "Sticky Sweet": 2.4800000000000004, "Designer": 7.300000000000001, "Onyx Black": 2.355, "Black": 5.859999999999999, "just": 1.36}, "Whip Cupcake": {"Bitcoin": 14.889999999999999, "Deep State": 2.4490000000000003, "Sponge Duck": 2.4490000000000003, "Toncoin": 2.4490000000000003, "Resistance": 5.53, "Onyx Black": 2.26, "Black": 5.79, "just": 1.343}, "Big Year": {"Balloons": 2.211, "Bitcoin": 5.627999999999999, "Telegram": 5.627999999999999, "Pokeball": 2.7135, "Cheshire Cat": 2.7135, "Pavel Durov": 7.034999999999999, "Creator": 2.7135, "The Hobbit": 4.02, "Game Boy": 2.3516999999999997, "First Website": 2.1105, "Big Brother": 3.1155, "The Nether": 2.7135, "Qing Dynasty": 3.1155, "YouTubes": 4.02, "Gold Mine": 7.034999999999999, "Onyx Black": 3.625, "Black": 9.204999999999998, "just": 1.7084999999999997}, "Homemade Cake": {"Onyx Black": 2.385, "Black": 5.41, "just": 1.5895000000000001}, "Cookie Heart": {"Onyx Black": 2.67, "Black": 6.920000000000001, "just": 1.6575}, "Jester Hat": {"Onyx Black": 2.6950000000000003, "Black": 6.595, "just": 1.5215}, "Holiday Drink": {"Onyx Black": 2.695, "Black": 6.444999999999999, "just": 1.6064999999999998}, "Ginger Cookie": {"Onyx Black": 3.615, "Black": 6.915, "just": 1.6404999999999998}, "Hypno Lollipop": {"Onyx Black": 3.075, "Black": 6.925000000000001, "just": 1.6575}, "Winter Wreath": {"Moon Cat": 106.25999999999999, "Onyx Black": 2.97, "Black": 7.19, "just": 1.6915}, "Party Sparkler": {"Onyx Black": 3.175, "Black": 6.970000000000001, "just": 1.6575}, "Jingle Bells": {"Onyx Black": 2.83, "Black": 6.22, "just": 1.7764999999999997}, "Tama Gadget": {"Onyx Black": 3.5, "Black": 6.585000000000001, "just": 1.853}, "Jack-in-the-Box": {"Onyx Black": 3.08, "Black": 7.125, "just": 1.9124999999999999}, "Star Notepad": {"Onyx Black": 3.8950000000000005, "Black": 9.445, "just": 2.0315}, "Easter Egg": {"Onyx Black": 3.8200000000000003, "Black": 10.905000000000001, "just": 2.465}, "Santa Hat": {"Onyx Black": 3.954, "Black": 8.27, "just": 2.3715}, "Hex Pot": {"Onyx Black": 4.01, "Black": 9.899999999999999, "just": 2.38}, "Restless Jar": {"Onyx Black": 3.975, "Black": 9.515, "just": 2.1675}, "Lush Bouquet": {"Onyx Black": 4.495, "Black": 8.98, "just": 2.5584999999999996}, "Spiced Wine": {"Onyx Black": 3.56, "Black": 7.048, "just": 2.125}, "Snow Globe": {"Onyx Black": 4.445, "Black": 11.44, "just": 2.4565}, "Joyful Bundle": {"Onyx Black": 3.83, "Black": 9.684999999999999, "just": 2.4395000000000002}, "Light Sword": {"Onyx Black": 4.6240000000000006, "Black": 10.703999999999999, "just": 2.703}, "Witch Hat": {"Onyx Black": 4.585, "Black": 12.084999999999999, "just": 2.6944999999999997}, "Bow Tie": {"Onyx Black": 4.71, "Black": 12.15, "just": 2.7624999999999997}, "Eternal Candle": {"Onyx Black": 5.114, "Black": 10.594000000000001, "just": 3.0515}, "Jelly Bunny": {"Onyx Black": 4.6, "Black": 10.585, "just": 2.72}, "Bunny Muffin": {"Onyx Black": 4.516, "Black": 11.475999999999999, "just": 2.941}, "Spy Agaric": {"Onyx Black": 5.614000000000001, "Black": 10.486, "just": 2.9665}, "Evil Eye": {"Onyx Black": 6.292, "Black": 12.08, "just": 3.06}, "Snow Mittens": {"Onyx Black": 5.788, "Black": 7.9879999999999995, "just": 3.383}, "Berry Box": {"Onyx Black": 5.414, "Black": 11.533999999999999, "just": 3.1365}, "Valentine Box": {"Onyx Black": 7.68, "Black": 12.879999999999999, "just": 4.08}, "Sakura Flower": {"Onyx Black": 6.3999999999999995, "Black": 15.483999999999998, "just": 4.369}, "Hanging Star": {"Onyx Black": 7.74, "Black": 15.08, "just": 4.675}, "Sleigh Bell": {"Onyx Black": 10.49, "Black": 20.494, "just": 6.3665}, "Love Candle": {"Onyx Black": 10.844, "Black": 18.564, "just": 7.598999999999999}, "Skull Flower": {"Onyx Black": 11.75, "Black": 18.75, "just": 7.0125}, "Crystal Ball": {"Onyx Black": 12.479999999999999, "Black": 28.119999999999997, "just": 6.969999999999999}, "Trapped Heart": {"Onyx Black": 13.07, "Black": 17.869999999999997, "just": 7.182499999999999}, "Top Hat": {"Onyx Black": 15.8, "Black": 21.4, "just": 7.6499999999999995}, "Love Potion": {"Onyx Black": 13.994, "Black": 23.990000000000002, "just": 8.4915}, "Flying Broom": {"Onyx Black": 12.888, "Black": 18.688000000000002, "just": 8.058}, "Cupid Charm": {"Onyx Black": 17.116, "Black": 30.716, "just": 10.081}, "Record Player": {"Onyx Black": 10.54, "Black": 20.740000000000002, "just": 6.715}, "Eternal Rose": {"Onyx Black": 21.242, "Black": 32.682, "just": 12.2995}, "Mad Pumpkin": {"Onyx Black": 24.77, "Black": 40.769999999999996, "just": 16.9575}, "Voodoo Doll": {"Onyx Black": 24.990000000000002, "Black": 46.21000000000001, "just": 15.5975}, "Diamond Ring": {"Onyx Black": 21.896, "Black": 43.5, "just": 14.025}, "Toy Bear": {"Onyx Black": 33.48, "Black": 50.96, "just": 21.76}, "Vintage Cigar": {"Onyx Black": 36.984, "Black": 65.584, "just": 20.944}, "Neko Helmet": {"Onyx Black": 38.194, "Black": 58.594, "just": 22.941499999999998}, "Low Rider": {"Onyx Black": 33.194, "Black": 81.594, "just": 22.091499999999996}, "Signet Ring": {"Onyx Black": 38.08, "Black": 80.876, "just": 24.48}, "Electric Skull": {"Onyx Black": 46.172, "Black": 76.172, "just": 28.576999999999998}, "Kissed Frog": {"Onyx Black": 45.89, "Black": 80.69399999999999, "just": 29.3165}, "Swiss Watch": {"Onyx Black": 43.263999999999996,