{"Snoop Dogg": {"Black Diamond": 1.9730000000000003, "Goldizzle": 7.135499999999999, "Doggfather": 2.8085, "Green Light": 1.8305000000000002, "Chrome": 2.1060000000000003, "Doberman": 3.3259999999999996, "King Ruby": 2.0015, "AI Dogg": 2.9459999999999997, "Emerald": 1.9064999999999999, "King Snoop": 4.741, "Cold Topaz": 2.0015, "Sapphire": 2.1155, "Onyx Black": 3.2333333333333334, "Black": 10.632307692307693, "just": 1.4789999999999999}, "Swag Bag": {"Boiling Hot": 2.5, "April 20th": 3.1, "Darkness": 2.2, "Snoop Life": 2.5, "Bulk Order": 2.34, "Missionary": 7.0, "Cashback": 3.1, "Gin & Jewels": 2.4, "P.I.M.P.": 2.1, "Take It Easy": 2.7, "Leopard": 2.34, "Happy Herbs": 3.1, "Aviators": 2.1, "Onyx Black": 3.1, "Black": 7.45, "just": 1.7}, "Snoop Cigar": {"Onyx Black": 7.930000000000001, "Black": 19.300000000000004, "just": 4.165}, "Lol Pop": {"Comic Crunch": 1.5645, "Doodle Art": 1.639, "Jinxed": 1.7432999999999998, "Jolly Roger": 1.788, "Dark Sky": 1.5645, "Nostalgia": 1.5645, "Heart Pop": 1.5645, "Love Bubbles": 1.7432999999999998, "Pumpkin": 1.5645, "Cobweb": 1.639, "Hexed Helix": 1.7134999999999998, "Mortal Sin": 4.172, "Sick Leave": 1.5645, "Dark Portal": 1.788, "Blood Sucker": 2.0115000000000003, "Fire Vortex": 1.5645, "Satellite": 1.788, "Shock Wave": 1.5645, "Angelina": 2.3095, "Crystal Comet": 1.5645, "Einstein": 1.7432999999999998, "Milky Way": 1.639, "Sweetheart": 1.8625, "Magic Wand": 1.5645, "Rosebud": 1.7432999999999998, "Blood Ember": 1.5645, "Glowstick": 2.0115000000000003, "Celestia": 2.3095, "Andromeda": 1.937, "Onyx Black": 2.045, "Black": 5.245, "just": 1.2665}, "B-Day Candle": {"Kaboom!": 1.9305, "Final Boss": 2.2165, "Pixel Wish": 2.2165, "Purr Magic": 2.2165, "Payday": 2.2165, "Happy Meows": 2.2165, "On Fire": 2.2165, "Onyx Black": 1.8399999999999999, "Black": 5.165, "just": 1.2155}, "Desk Calendar": {"Adult Tasks": 25.69, "Hodler": 4.864999999999999, "Peach Week": 2.78, "Investor": 7.145, "Pepe Plans": 14.69, "Fund Manager": 2.1545, "Fawkes Night": 4.864999999999999, "Independence": 2.1545, "Balloon Face": 1.807, "Burning Time": 2.1545, "Sunday": 1.8765, "Telegram": 2.1545, "Durov Day": 3.8919999999999995, "Tic Tac Toe": 2.1545, "Checklist": 2.1545, "Heartbreak": 1.5984999999999998, "Deadline": 2.1545, "Onyx Black": 1.8449999999999998, "Black": 5.3500000000000005, "just": 1.1815}, "Lunar Snake": {"Dragon Ball": 5.215, "Hellspawn": 1.8625, "Soul Eater": 2.3095, "Synthwave": 5.215, "Python Dev": 2.3095, "Hot Cherry": 2.3095, "Psychedelic": 2.3095, "Timelock": 2.3095, "Onyx Black": 2.47, "Black": 5.49, "just": 1.2665}, "Xmas Stocking": {"Onyx Black": 2.245, "Black": 5.365, "just": 1.2665}, "Snake Box": {"Onyx Black": 1.96, "Black": 5.39, "just": 1.2665}, "Pet Snake": {"Onyx Black": 2.65, "Black": 5.65, "just": 1.53}, "Candy Cane": {"Designer": 7.235, "Hex Pot": 3.14, "Grinch": 3.14, "Sticky Sweet": 2.4335, "Onyx Black": 2.34, "Black": 5.83, "just": 1.3345}, "Whip Cupcake": {"Bitcoin": 14.52, "Toncoin": 2.387, "Sponge Duck": 2.387, "Deep State": 2.387, "Resistance": 6.485, "Onyx Black": 2.17, "Black": 5.670000000000001, "just": 1.309}, "Big Year": {"Game Boy": 2.376, "Pokeball": 2.673, "Qing Dynasty": 3.069, "Bitcoin": 5.544, "Big Brother": 3.069, "Gold Mine": 6.93, "Balloons": 2.2769999999999997, "Creator": 2.673, "Telegram": 5.544, "YouTubes": 3.96, "The Hobbit": 3.96, "Pavel Durov": 8.375, "First Website": 2.079, "Cheshire Cat": 3.069, "The Nether": 3.069, "Onyx Black": 3.615, "Black": 9.24, "just": 1.683}, "Homemade Cake": {"Onyx Black": 2.3899999999999997, "Black": 5.555, "just": 1.615}, "Cookie Heart": {"Onyx Black": 2.45, "Black": 6.85, "just": 1.6235}, "Jester Hat": {"Onyx Black": 2.6950000000000003, "Black": 6.39, "just": 1.5215}, "Holiday Drink": {"Onyx Black": 2.6950000000000003, "Black": 6.234999999999999, "just": 1.649}, "Ginger Cookie": {"Onyx Black": 3.63, "Black": 6.874999999999999, "just": 1.666}, "Hypno Lollipop": {"Onyx Black": 3.495, "Black": 6.945, "just": 1.7}, "Winter Wreath": {"Moon Cat": 106.25, "Onyx Black": 2.9850000000000003, "Black": 6.984999999999999, "just": 1.6744999999999999}, "Party Sparkler": {"Onyx Black": 3.09, "Black": 7.234999999999999, "just": 1.6404999999999998}, "Jingle Bells": {"Onyx Black": 2.83, "Black": 6.199999999999999, "just": 1.7934999999999999}, "Tama Gadget": {"Onyx Black": 3.46, "Black": 6.795, "just": 1.785}, "Jack-in-the-Box": {"Onyx Black": 3.21, "Black": 7.12, "just": 1.9124999999999999}, "Star Notepad": {"Onyx Black": 3.74, "Black": 9.415, "just": 1.9805}, "Easter Egg": {"Onyx Black": 3.8200000000000003, "Black": 10.695, "just": 2.4565}, "Santa Hat": {"Onyx Black": 3.9299999999999997, "Black": 8.27, "just": 2.3715}, "Hex Pot": {"Onyx Black": 4.005, "Black": 10.14, "just": 2.3715}, "Restless Jar": {"Onyx Black": 3.9499999999999997, "Black": 9.219999999999999, "just": 2.1675}, "Lush Bouquet": {"Onyx Black": 4.525, "Black": 8.785, "just": 2.6094999999999997}, "Spiced Wine": {"Onyx Black": 3.34, "Black": 6.6, "just": 2.04}, "Snow Globe": {"Onyx Black": 4.2, "Black": 11.445, "just": 2.465}, "Joyful Bundle": {"Onyx Black": 3.51, "Black": 9.625, "just": 2.38}, "Light Sword": {"Onyx Black": 4.582, "Black": 10.661999999999999, "just": 2.6435}, "Witch Hat": {"Onyx Black": 4.52, "Black": 12.08, "just": 2.686}, "Bow Tie": {"Onyx Black": 4.5440000000000005, "Black": 11.628, "just": 2.754}, "Eternal Candle": {"Onyx Black": 5.288, "Black": 11.288, "just": 2.9579999999999997}, "Jelly Bunny": {"Onyx Black": 5.1850000000000005, "Black": 10.705, "just": 2.9495}, "Bunny Muffin": {"Onyx Black": 4.6, "Black": 11.559999999999999, "just": 3.06}, "Spy Agaric": {"Onyx Black": 5.614000000000001, "Black": 10.486, "just": 2.9665}, "Evil Eye": {"Onyx Black": 6.27, "Black": 12.062000000000001, "just": 3.0345}, "Snow Mittens": {"Onyx Black": 5.71, "Black": 8.63, "just": 3.2725}, "Berry Box": {"Onyx Black": 5.462, "Black": 10.662, "just": 3.2045}, "Valentine Box": {"Onyx Black": 7.208, "Black": 12.808, "just": 3.9779999999999998}, "Sakura Flower": {"Onyx Black": 6.514, "Black": 16.194, "just": 4.2415}, "Hanging Star": {"Onyx Black": 8.668, "Black": 15.244, "just": 4.913}, "Sleigh Bell": {"Onyx Black": 11.354, "Black": 20.554, "just": 6.451499999999999}, "Love Candle": {"Onyx Black": 10.622, "Black": 17.338, "just": 7.2845}, "Skull Flower": {"Onyx Black": 11.6, "Black": 18.56, "just": 6.8}, "Crystal Ball": {"Onyx Black": 12.654, "Black": 28.293999999999997, "just": 7.2165}, "Trapped Heart": {"Onyx Black": 12.64, "Black": 17.44, "just": 7.14}, "Top Hat": {"Onyx Black": 15.454, "Black": 23.653999999999996, "just": 7.7265}, "Love Potion": {"Onyx Black": 13.446, "Black": 23.846, "just": 8.2875}, "Flying Broom": {"Onyx Black": 12.094000000000001, "Black": 17.694, "just": 8.0665}, "Cupid Charm": {"Onyx Black": 17.061999999999998, "Black": 31.862000000000002, "just": 10.0045}, "Record Player": {"Onyx Black": 10.533999999999999, "Black": 20.733999999999998, "just": 6.706499999999999}, "Eternal Rose": {"Onyx Black": 20.294, "Black": 32.334, "just": 11.8065}, "Mad Pumpkin": {"Onyx Black": 23.894, "Black": 39.870000000000005, "just": 15.716499999999998}, "Voodoo Doll": {"Onyx Black": 22.674, "Black": 45.074, "just": 15.1215}, "Diamond Ring": {"Onyx Black": 21.956, "Black": 43.160000000000004, "just": 14.110000000000001}, "Toy Bear": {"Onyx Black": 33.074, "Black": 53.234, "just": 21.5815}, "Vintage Cigar": {"Onyx Black": 36.78, "Black": 66.58, "just": 20.655}, "Neko Helmet": {"Onyx Black": 38.5, "Black": 67.22, "just": 23.375}, "Low Rider": {"Onyx Black": 32.882, "Black": 84.17, "just": 21.6495}, "Signet Ring": {"Onyx Black": 37.534, "Black": 76.73, "just": 23.7065}, "Electric Skull": {"Onyx Black": 43.784, "Black": 75.78800000000001, "just": 28.032999999999998}, "Kissed Frog": {"Onyx Black": 45.344, "Black": 80.148, "just": 28.543}, "Swiss Watch": {"Onyx Black": 43.25, "Black": 72.45, "just": 29.537499999999998}, "Sharp Tongue": {"Onyx Black": 57.794, "Black": 121.79400000000001, "just": 36.5415},