{"Snoop Dogg": {"Chrome": 2.225, "Doberman": 3.6755, "Goldizzle": 7.0655, "King Snoop": 4.7105, "AI Dogg": 3.476, "Doggfather": 3.3905000000000003, "Black Diamond": 2.1775, "Sapphire": 2.0255, "Onyx Black": 3.4000000000000004, "Black": 10.792307692307693, "just": 1.53}, "Swag Bag": {"Happy Herbs": 2.8985000000000003, "Cashback": 2.8985000000000003, "Gin & Jewels": 2.3375000000000004, "Golden Nugs": 1.9635000000000002, "Darkness": 2.1505, "Take It Easy": 2.431, "Bulk Order": 2.3375000000000004, "P.I.M.P.": 1.9635000000000002, "Leopard": 2.0570000000000004, "Snoop Life": 2.5245, "April 20th": 2.8985000000000003, "Boiling Hot": 2.431, "Missionary": 6.545, "Onyx Black": 2.925, "Black": 6.935, "just": 1.5895000000000001}, "Snoop Cigar": {"Onyx Black": 7.665, "Black": 17.215, "just": 3.7655}, "Lol Pop": {"Andromeda": 1.6099999999999999, "Dark Portal": 2.17, "Satellite": 1.75, "Watermelon": 1.47, "Wonka Berry": 1.47, "Nostalgia": 1.47, "Jinxed": 1.54, "Doodle Art": 1.47, "Pink Foil": 1.47, "Blood Sucker": 1.68, "Rosebud": 1.75, "Love Bubbles": 1.47, "Hexed Helix": 1.47, "Milky Way": 1.47, "Blood Ember": 1.47, "Sweetheart": 1.54, "Icicle": 1.47, "Mortal Sin": 3.9199999999999995, "Cobweb": 1.6099999999999999, "Einstein": 1.54, "Comic Crunch": 1.6099999999999999, "Glowstick": 2.17, "Angelina": 2.17, "Heart Pop": 1.47, "Jolly Roger": 1.6099999999999999, "Celestia": 1.89, "Sick Leave": 1.54, "Cookie Dip": 1.54, "Dark Sky": 1.54, "Sailor Moon": 1.6099999999999999, "Onyx Black": 1.95, "Black": 5.414999999999999, "just": 1.19}, "B-Day Candle": {"Payday": 2.0615, "Pixel Wish": 2.0615, "Happy Meows": 2.0615, "Purr Magic": 2.0615, "On Fire": 2.0615, "Final Boss": 2.66, "Kaboom!": 1.7955000000000003, "Onyx Black": 1.715, "Black": 5.6, "just": 1.1305}, "Desk Calendar": {"Peach Week": 2.0615, "Burning Time": 2.0615, "Deadline": 2.0615, "Durov Day": 2.0615, "Heartbreak": 1.729, "Tic Tac Toe": 1.596, "Independence": 2.66, "Investor": 5.365, "Adult Tasks": 27.665, "Fawkes Night": 6.165, "Balloon Face": 1.5294999999999999, "Pepe Plans": 11.485000000000001, "Hodler": 3.7239999999999998, "Checklist": 1.7955000000000003, "Sunday": 2.0615, "Fund Manager": 2.0615, "Telegram": 2.0615, "Onyx Black": 1.7, "Black": 7.31, "just": 1.1305}, "Lunar Snake": {"Python Dev": 2.201, "Synthwave": 5.71, "Dragon Ball": 4.97, "Soul Eater": 1.917, "Psychedelic": 1.775, "Hot Cherry": 2.201, "Timelock": 1.6329999999999998, "Hellspawn": 2.201, "Onyx Black": 1.96, "Black": 5.405, "just": 1.2069999999999999}, "Xmas Stocking": {"Onyx Black": 2.0149999999999997, "Black": 5.65, "just": 1.19}, "Snake Box": {"Onyx Black": 1.95, "Black": 8.065000000000001, "just": 1.1305}, "Pet Snake": {"Onyx Black": 2.525, "Black": 5.645, "just": 1.5215}, "Candy Cane": {"Designer": 5.390000000000001, "Hex Pot": 3.08, "Sticky Sweet": 2.079, "Grinch": 2.387, "Onyx Black": 2.3449999999999998, "Black": 5.72, "just": 1.309}, "Whip Cupcake": {"Deep State": 1.944, "Resistance": 5.04, "Toncoin": 2.2319999999999998, "Sponge Duck": 2.88, "Bitcoin": 10.719999999999999, "Onyx Black": 1.97, "Black": 5.32, "just": 1.224}, "Big Year": {"Big Brother": 2.6055, "Pavel Durov": 5.404, "Bitcoin": 6.755, "YouTubes": 2.9915, "Game Boy": 2.316, "Creator": 2.9915, "Telegram": 5.404, "Pokeball": 2.6055, "Qing Dynasty": 3.86, "The Nether": 2.0265, "Gold Mine": 6.755, "Cheshire Cat": 2.316, "The Hobbit": 3.86, "First Website": 2.0265, "Onyx Black": 3.4400000000000004, "Black": 8.39, "just": 1.6404999999999998}, "Homemade Cake": {"Onyx Black": 2.045, "Black": 5.53, "just": 1.4109999999999998}, "Cookie Heart": {"Onyx Black": 2.355, "Black": 6.355, "just": 1.5385}, "Jester Hat": {"Onyx Black": 2.8, "Black": 6.73, "just": 1.4109999999999998}, "Holiday Drink": {"Onyx Black": 2.645, "Black": 5.8950000000000005, "just": 1.5215}, "Ginger Cookie": {"Onyx Black": 3.38, "Black": 6.375000000000001, "just": 1.5215}, "Hypno Lollipop": {"Onyx Black": 2.915, "Black": 5.699999999999999, "just": 1.615}, "Winter Wreath": {"Onyx Black": 2.6399999999999997, "Black": 9.94, "just": 1.683}, "Party Sparkler": {"Onyx Black": 2.74, "Black": 6.99, "just": 1.683}, "Jingle Bells": {"Onyx Black": 2.6950000000000003, "Black": 6.699999999999999, "just": 1.615}, "Tama Gadget": {"Onyx Black": 3.42, "Black": 7.495, "just": 1.6915}, "Jack-in-the-Box": {"Onyx Black": 3.16, "Black": 7.985, "just": 1.8444999999999998}, "Star Notepad": {"Onyx Black": 3.65, "Black": 9.035, "just": 1.9549999999999998}, "Easter Egg": {"Onyx Black": 3.95, "Black": 11.25, "just": 2.125}, "Santa Hat": {"Onyx Black": 3.3320000000000003, "Black": 8.331999999999999, "just": 2.227}, "Hex Pot": {"Onyx Black": 3.745, "Black": 9.370000000000001, "just": 2.329}, "Restless Jar": {"Onyx Black": 3.745, "Black": 8.465, "just": 2.1165000000000003}, "Lush Bouquet": {"Onyx Black": 4.395, "Black": 8.100000000000001, "just": 2.38}, "Spiced Wine": {"Onyx Black": 2.822, "Black": 6.7940000000000005, "just": 2.0315}, "Snow Globe": {"Onyx Black": 4.17, "Black": 9.295000000000002, "just": 2.3715}, "Joyful Bundle": {"Onyx Black": 3.77, "Black": 8.120000000000001, "just": 2.329}, "Light Sword": {"Onyx Black": 4.404, "Black": 9.564, "just": 2.499}, "Witch Hat": {"Onyx Black": 4.34, "Black": 11.889999999999999, "just": 2.363}, "Bow Tie": {"Onyx Black": 4.192, "Black": 13.592, "just": 2.8219999999999996}, "Eternal Candle": {"Onyx Black": 4.834, "Black": 10.394, "just": 2.8815}, "Jelly Bunny": {"Onyx Black": 4.41, "Black": 10.4, "just": 2.8219999999999996}, "Bunny Muffin": {"Onyx Black": 5.27, "Black": 12.469999999999999, "just": 2.9325}, "Spy Agaric": {"Onyx Black": 5.0600000000000005, "Black": 11.659999999999998, "just": 2.635}, "Evil Eye": {"Onyx Black": 6.614000000000001, "Black": 13.254, "just": 3.1365}, "Snow Mittens": {"Onyx Black": 5.256, "Black": 8.14, "just": 3.4849999999999994}, "Berry Box": {"Onyx Black": 4.538, "Black": 11.738, "just": 3.0345}, "Valentine Box": {"Onyx Black": 9.45, "Black": 12.85, "just": 4.0375}, "Sakura Flower": {"Onyx Black": 6.564, "Black": 14.604, "just": 3.6889999999999996}, "Hanging Star": {"Onyx Black": 6.9799999999999995, "Black": 14.995999999999999, "just": 4.25}, "Sleigh Bell": {"Onyx Black": 11.14, "Black": 16.112000000000002, "just": 6.715}, "Love Candle": {"Onyx Black": 9.494, "Black": 17.094, "just": 7.2165}, "Skull Flower": {"Onyx Black": 8.746, "Black": 15.681999999999999, "just": 6.3495}, "Crystal Ball": {"Onyx Black": 12.392000000000001, "Black": 26.416, "just": 6.256}, "Trapped Heart": {"Onyx Black": 11.704, "Black": 21.104, "just": 7.513999999999999}, "Top Hat": {"Onyx Black": 12.71, "Black": 22.71, "just": 6.672499999999999}, "Love Potion": {"Onyx Black": 10.16, "Black": 23.1, "just": 7.225}, "Flying Broom": {"Onyx Black": 10.652, "Black": 17.46, "just": 7.734999999999999}, "Cupid Charm": {"Onyx Black": 15.79, "Black": 34.589999999999996, "just": 9.3415}, "Record Player": {"Onyx Black": 11.216000000000001, "Black": 20.492, "just": 6.936}, "Eternal Rose": {"Onyx Black": 19.408, "Black": 35.808, "just": 11.628}, "Mad Pumpkin": {"Onyx Black": 24.488, "Black": 42.488, "just": 14.858}, "Voodoo Doll": {"Onyx Black": 23.134, "Black": 40.334, "just": 13.5065}, "Diamond Ring": {"Onyx Black": 20.396, "Black": 37.6, "just": 13.6}, "Toy Bear": {"Onyx Black": 25.676000000000002, "Black": 43.28, "just": 15.98}, "Vintage Cigar": {"Onyx Black": 45.794, "Black": 61.794, "just": 21.2415}, "Neko Helmet": {"Onyx Black": 41.394, "Black": 65.39, "just": 24.641499999999997}, "Low Rider": {"Onyx Black": 34.228, "Black": 91.164, "just": 22.049}, "Signet Ring": {"Onyx Black": 37.36, "Black": 78.56, "just": 23.46}, "Electric Skull": {"Onyx Black": 47.0, "Black": 70.596, "just": 29.75}, "Kissed Frog": {"Onyx Black": 44.94, "Black": 88.13999999999999, "just": 31.365}, "Swiss Watch": {"Onyx Black": 46.094, "Black": 76.19399999999999, "just": 31.4415}, "Sharp Tongue": {"Onyx Black": 62.760000000000005, "Black": 82.36000000000001, "just": 37.910000000000004}, "Genie Lamp": {"Onyx Black": 74.758,