{"Snoop Dogg": {"Doberman": 3.248, "Chrome": 2.383, "Emerald": 1.9970000000000003, "Sapphire": 2.1205000000000003, "AI Dogg": 2.721, "Cold Topaz": 1.9210000000000003, "Goldizzle": 6.581, "Doggfather": 3.2005, "Black Diamond": 2.1965000000000003, "King Snoop": 4.5395, "Onyx Black": 3.41, "Black": 11.15, "just": 1.4024999999999999}, "Swag Bag": {"Happy Herbs": 2.79, "Bulk Order": 2.25, "Darkness": 2.07, "April 20th": 2.79, "Boiling Hot": 2.25, "P.I.M.P.": 1.8900000000000001, "Cashback": 2.79, "Gin & Jewels": 2.16, "Missionary": 6.3, "Snoop Life": 2.3400000000000003, "Take It Easy": 2.25, "Leopard": 1.8900000000000001, "Onyx Black": 2.9000000000000004, "Black": 7.38, "just": 1.53}, "Snoop Cigar": {"Onyx Black": 7.825, "Black": 16.775, "just": 3.6975}, "Lol Pop": {"Blood Ember": 1.518, "Doodle Art": 1.518, "Jinxed": 1.4489999999999998, "Mortal Sin": 2.76, "Glowstick": 2.139, "Nostalgia": 1.518, "Satellite": 1.7939999999999998, "Love Bubbles": 1.4489999999999998, "Cookie Dip": 1.5869999999999997, "Celestia": 2.139, "Icicle": 1.4489999999999998, "Heart Pop": 1.4489999999999998, "Watermelon": 1.4489999999999998, "Angelina": 2.139, "Andromeda": 1.5869999999999997, "Sweetheart": 1.4489999999999998, "Dark Portal": 1.7249999999999999, "Rosebud": 1.518, "Hexed Helix": 1.518, "Blood Sucker": 1.7249999999999999, "Pumpkin": 1.4489999999999998, "Wonka Berry": 1.4489999999999998, "Cobweb": 1.5869999999999997, "Jolly Roger": 1.4489999999999998, "Dark Sky": 1.4489999999999998, "Soap Bubbles": 1.4489999999999998, "Einstein": 1.518, "Onyx Black": 1.8399999999999999, "Black": 5.015000000000001, "just": 1.1729999999999998}, "B-Day Candle": {"On Fire": 2.0460000000000003, "Shocker": 2.0460000000000003, "Pixel Wish": 2.0460000000000003, "Purr Magic": 2.0460000000000003, "Payday": 2.0460000000000003, "Happy Meows": 2.0460000000000003, "Final Boss": 2.0460000000000003, "Kaboom!": 1.7820000000000003, "Onyx Black": 1.6600000000000001, "Black": 5.4, "just": 1.122}, "Desk Calendar": {"Durov Day": 2.5, "Pepe Plans": 4.375, "Burning Time": 1.9375, "Peach Week": 1.9375, "Fund Manager": 1.9375, "Investor": 4.375, "Checklist": 1.6875, "Telegram": 1.9375, "Balloon Face": 1.5, "Sunday": 1.9375, "Fawkes Night": 4.375, "Heartbreak": 1.375, "Tic Tac Toe": 1.625, "Independence": 3.5, "Deadline": 2.5, "Hodler": 4.375, "Adult Tasks": 4.375, "Onyx Black": 1.695, "Black": 5.925, "just": 1.0625}, "Lunar Snake": {"Psychedelic": 2.1235000000000004, "Soul Eater": 2.1235000000000004, "Dragon Ball": 4.795, "Hot Cherry": 2.1235000000000004, "Synthwave": 2.74, "Timelock": 1.6440000000000001, "Hellspawn": 2.1235000000000004, "Python Dev": 2.1235000000000004, "Onyx Black": 2.08, "Black": 5.3149999999999995, "just": 1.1645}, "Xmas Stocking": {"Onyx Black": 1.995, "Black": 5.165, "just": 1.139}, "Snake Box": {"Onyx Black": 1.8900000000000001, "Black": 6.67, "just": 1.139}, "Pet Snake": {"Onyx Black": 2.44, "Black": 5.805000000000001, "just": 1.3685}, "Candy Cane": {"Hex Pot": 2.96, "Sticky Sweet": 1.998, "Designer": 5.18, "Grinch": 2.96, "Onyx Black": 2.315, "Black": 6.74, "just": 1.258}, "Whip Cupcake": {"Bitcoin": 4.864999999999999, "Sponge Duck": 2.78, "Deep State": 1.8765, "Resistance": 4.864999999999999, "Toncoin": 2.1545, "Onyx Black": 2.32, "Black": 5.25, "just": 1.1815}, "Big Year": {"Pokeball": 2.43, "The Hobbit": 3.6, "Qing Dynasty": 3.6, "First Website": 1.9800000000000002, "Creator": 2.79, "Cheshire Cat": 2.3400000000000003, "YouTubes": 2.79, "Telegram": 3.6, "Pavel Durov": 5.04, "Game Boy": 2.07, "Bitcoin": 6.3, "The Nether": 1.9800000000000002, "Big Brother": 2.3400000000000003, "Balloons": 1.8900000000000001, "Gold Mine": 6.3, "Onyx Black": 2.87, "Black": 7.8999999999999995, "just": 1.53}, "Homemade Cake": {"Onyx Black": 2.095, "Black": 5.17, "just": 1.3175}, "Cookie Heart": {"Onyx Black": 2.17, "Black": 6.2700000000000005, "just": 1.4789999999999999}, "Jester Hat": {"Onyx Black": 2.5949999999999998, "Black": 6.685, "just": 1.377}, "Holiday Drink": {"Onyx Black": 2.495, "Black": 5.5, "just": 1.4449999999999998}, "Ginger Cookie": {"Onyx Black": 3.1500000000000004, "Black": 6.385, "just": 1.53}, "Hypno Lollipop": {"Onyx Black": 2.835, "Black": 5.61, "just": 1.4789999999999999}, "Winter Wreath": {"Onyx Black": 2.39, "Black": 8.89, "just": 1.513}, "Party Sparkler": {"Onyx Black": 3.0200000000000005, "Black": 6.92, "just": 1.564}, "Jingle Bells": {"Onyx Black": 2.575, "Black": 6.325, "just": 1.4109999999999998}, "Tama Gadget": {"Onyx Black": 3.38, "Black": 6.630000000000001, "just": 1.581}, "Jack-in-the-Box": {"Onyx Black": 3.1550000000000002, "Black": 7.985, "just": 1.802}, "Star Notepad": {"Onyx Black": 3.825, "Black": 8.64, "just": 1.836}, "Easter Egg": {"Onyx Black": 3.855, "Black": 10.184999999999999, "just": 2.0145}, "Santa Hat": {"Onyx Black": 3.3, "Black": 9.695, "just": 2.0315}, "Hex Pot": {"Onyx Black": 3.525, "Black": 8.485, "just": 1.9549999999999998}, "Restless Jar": {"Onyx Black": 3.65, "Black": 8.125, "just": 1.9549999999999998}, "Lush Bouquet": {"Onyx Black": 3.475, "Black": 8.350000000000001, "just": 2.295}, "Spiced Wine": {"Onyx Black": 2.965, "Black": 7.74, "just": 1.6575}, "Snow Globe": {"Onyx Black": 3.88, "Black": 9.004999999999999, "just": 1.8784999999999998}, "Joyful Bundle": {"Onyx Black": 3.7, "Black": 8.05, "just": 2.21}, "Light Sword": {"Onyx Black": 4.68, "Black": 11.254999999999999, "just": 2.431}, "Witch Hat": {"Onyx Black": 4.195, "Black": 11.945, "just": 2.4565}, "Bow Tie": {"Onyx Black": 4.485, "Black": 14.760000000000002, "just": 2.5245}, "Eternal Candle": {"Onyx Black": 4.98, "Black": 12.055000000000001, "just": 2.5584999999999996}, "Jelly Bunny": {"Onyx Black": 4.345, "Black": 10.095, "just": 2.7115}, "Bunny Muffin": {"Onyx Black": 5.135, "Black": 16.64, "just": 2.788}, "Spy Agaric": {"Onyx Black": 5.215, "Black": 10.905, "just": 2.4905}, "Evil Eye": {"Onyx Black": 6.220000000000001, "Black": 15.620000000000001, "just": 3.009}, "Snow Mittens": {"Onyx Black": 4.47, "Black": 8.295, "just": 2.6264999999999996}, "Berry Box": {"Onyx Black": 4.69, "Black": 12.945, "just": 2.8815}, "Valentine Box": {"Onyx Black": 7.99, "Black": 11.94, "just": 3.383}, "Sakura Flower": {"Onyx Black": 7.029999999999999, "Black": 17.53, "just": 3.4509999999999996}, "Hanging Star": {"Onyx Black": 7.324999999999999, "Black": 16.35, "just": 3.995}, "Sleigh Bell": {"Onyx Black": 11.995000000000001, "Black": 15.495, "just": 5.0915}, "Love Candle": {"Onyx Black": 8.145, "Black": 14.75, "just": 5.3549999999999995}, "Skull Flower": {"Onyx Black": 8.77, "Black": 17.095, "just": 5.2615}, "Crystal Ball": {"Onyx Black": 13.41, "Black": 30.924999999999997, "just": 5.8225}, "Trapped Heart": {"Onyx Black": 11.940000000000001, "Black": 23.64, "just": 6.6979999999999995}, "Top Hat": {"Onyx Black": 15.719999999999999, "Black": 26.070000000000004, "just": 6.324}, "Love Potion": {"Onyx Black": 10.415, "Black": 28.665, "just": 7.0805}, "Flying Broom": {"Onyx Black": 10.1, "Black": 19.095, "just": 6.969999999999999}, "Cupid Charm": {"Onyx Black": 16.49, "Black": 36.995, "just": 8.4915}, "Record Player": {"Onyx Black": 10.57, "Black": 23.77, "just": 6.494}, "Eternal Rose": {"Onyx Black": 18.495, "Black": 41.495, "just": 11.0415}, "Mad Pumpkin": {"Onyx Black": 22.490000000000002, "Black": 46.989999999999995, "just": 12.733}, "Voodoo Doll": {"Onyx Black": 22.645, "Black": 46.144999999999996, "just": 12.9965}, "Diamond Ring": {"Onyx Black": 23.295, "Black": 43.28999999999999, "just": 13.2515}, "Toy Bear": {"Onyx Black": 24.8, "Black": 53.300000000000004, "just": 14.96}, "Vintage Cigar": {"Onyx Black": 48.59, "Black": 70.34, "just": 19.703}, "Neko Helmet": {"Onyx Black": 41.995000000000005, "Black": 71.99, "just": 20.391499999999997}, "Low Rider": {"Onyx Black": 38.75, "Black": 106.75, "just": 20.825}, "Signet Ring": {"Onyx Black": 37.99, "Black": 86.99, "just": 20.383}, "Electric Skull": {"Onyx Black": 37.455, "Black": 66.46000000000001, "just": 22.032}, "Kissed Frog": {"Onyx Black": 45.8,