{"Snoop Dogg": {"King Snoop": 5.786, "Chrome": 2.5759999999999996, "Goldizzle": 7.531000000000001, "AI Dogg": 2.9319999999999995, "Doberman": 3.6109999999999998, "Doggfather": 3.2405, "Black Diamond": 2.182, "Sapphire": 2.0585, "Onyx Black": 3.616666666666667, "Black": 10.262307692307694, "just": 1.5895000000000001}, "Swag Bag": {"Dogg’s Loot": 2.0895, "Take It Easy": 2.587, "Cashback": 3.0845000000000002, "Missionary": 8.495, "Gin & Jewels": 2.388, "Leopard": 2.0895, "Aviators": 2.0895, "April 20th": 3.0845000000000002, "Golden Nugs": 2.0895, "Snoop Life": 2.4875, "Bulk Order": 2.189, "Darkness": 2.0895, "Boiling Hot": 2.6865, "Happy Herbs": 3.0845000000000002, "Onyx Black": 3.635, "Black": 7.19, "just": 1.6915}, "Snoop Cigar": {"Onyx Black": 8.42, "Black": 19.945, "just": 4.165}, "Lol Pop": {"Dark Portal": 1.6214999999999997, "Blood Ember": 1.6496999999999997, "Comic Crunch": 1.4805, "Watermelon": 1.4805, "Mortal Sin": 2.82, "Romance": 1.4805, "Nostalgia": 1.4805, "Glowstick": 1.9035, "Rosebud": 1.692, "Angelina": 2.1854999999999998, "Andromeda": 1.9035, "Einstein": 1.692, "Milky Way": 1.4805, "Icicle": 1.4805, "Plastic Ice": 1.4805, "Fire Vortex": 1.4805, "Celestia": 1.9035, "Pumpkin": 2.1854999999999998, "Crystal Comet": 1.4805, "Doodle Art": 1.551, "Hexed Helix": 1.551, "Jolly Roger": 1.6496999999999997, "Love Bubbles": 1.6214999999999997, "Blood Sucker": 1.7625, "Sick Leave": 1.4805, "Heart Pop": 1.551, "Dark Sky": 1.551, "Cobweb": 1.551, "Shock Wave": 1.551, "Satellite": 1.6496999999999997, "Jinxed": 1.692, "Crystalline": 1.4805, "Hollywood": 1.4805, "Gold Star": 1.4805, "Sweetheart": 1.7625, "Onyx Black": 1.94, "Black": 4.965, "just": 1.1985}, "B-Day Candle": {"Pixel Wish": 2.1545, "Happy Meows": 2.1545, "Kaboom!": 2.1545, "On Fire": 2.1545, "Purr Magic": 2.1545, "Final Boss": 2.1545, "Payday": 2.1545, "Onyx Black": 1.79, "Black": 5.0200000000000005, "just": 1.1815}, "Desk Calendar": {"Hodler": 4.7250000000000005, "Heartbreak": 1.4850000000000003, "Pepe Plans": 14.174999999999999, "Fund Manager": 2.0925000000000002, "Investor": 9.549999999999999, "Peach Week": 2.0925000000000002, "Burning Time": 2.0925000000000002, "Sunday": 2.0925000000000002, "Checklist": 2.0925000000000002, "Deadline": 2.0925000000000002, "Independence": 2.0925000000000002, "Adult Tasks": 25.62, "Telegram": 2.7, "Tic Tac Toe": 1.6875, "Balloon Face": 1.6875, "Fawkes Night": 5.625, "Durov Day": 6.625, "Onyx Black": 1.75, "Black": 5.02, "just": 1.1475}, "Lunar Snake": {"Soul Eater": 2.2319999999999998, "Dragon Ball": 5.04, "Hellspawn": 1.728, "Timelock": 2.2319999999999998, "Psychedelic": 1.8719999999999999, "Hot Cherry": 1.944, "Synthwave": 4.032, "Python Dev": 2.2319999999999998, "Onyx Black": 2.2199999999999998, "Black": 5.290000000000001, "just": 1.224}, "Xmas Stocking": {"Onyx Black": 2.06, "Black": 5.975, "just": 1.2495}, "Snake Box": {"Onyx Black": 2.105, "Black": 6.03, "just": 1.2834999999999999}, "Pet Snake": {"Onyx Black": 2.42, "Black": 5.915, "just": 1.564}, "Candy Cane": {"Designer": 5.425, "Hex Pot": 4.34, "Grinch": 3.1, "Sticky Sweet": 1.9375, "Onyx Black": 2.125, "Black": 5.779999999999999, "just": 1.3175}, "Whip Cupcake": {"Resistance": 5.6000000000000005, "Bitcoin": 11.799999999999999, "Sponge Duck": 2.4800000000000004, "Deep State": 2.16, "Toncoin": 2.4800000000000004, "Onyx Black": 2.495, "Black": 5.460000000000001, "just": 1.36}, "Big Year": {"First Website": 2.511, "The Hobbit": 3.72, "Game Boy": 2.0460000000000003, "Balloons": 1.9530000000000003, "Bitcoin": 5.208, "The Nether": 2.8830000000000005, "Qing Dynasty": 3.72, "Creator": 2.8830000000000005, "Pokeball": 2.418, "Cheshire Cat": 2.8830000000000005, "Big Brother": 2.8830000000000005, "Pavel Durov": 9.43, "Gold Mine": 6.510000000000001, "Telegram": 5.208, "YouTubes": 2.8830000000000005, "Onyx Black": 3.5250000000000004, "Black": 8.93, "just": 1.581}, "Homemade Cake": {"Onyx Black": 2.245, "Black": 5.344999999999999, "just": 1.615}, "Cookie Heart": {"Onyx Black": 2.5700000000000003, "Black": 6.715, "just": 1.649}, "Jester Hat": {"Onyx Black": 2.49, "Black": 6.465000000000001, "just": 1.513}, "Holiday Drink": {"Onyx Black": 2.665, "Black": 6.275, "just": 1.5725}, "Ginger Cookie": {"Onyx Black": 3.615, "Black": 7.21, "just": 1.6404999999999998}, "Hypno Lollipop": {"Onyx Black": 3.3, "Black": 7.425000000000001, "just": 1.6575}, "Winter Wreath": {"Moon Cat": 100.985, "Onyx Black": 2.885, "Black": 7.935, "just": 1.6744999999999999}, "Party Sparkler": {"Onyx Black": 2.865, "Black": 6.665, "just": 1.5555}, "Jingle Bells": {"Onyx Black": 2.935, "Black": 6.39, "just": 1.6915}, "Tama Gadget": {"Onyx Black": 3.01, "Black": 6.75, "just": 1.7169999999999999}, "Jack-in-the-Box": {"Onyx Black": 3.125, "Black": 6.875, "just": 1.9124999999999999}, "Star Notepad": {"Onyx Black": 3.605, "Black": 9.37, "just": 1.9889999999999999}, "Easter Egg": {"Onyx Black": 3.77, "Black": 10.855, "just": 2.38}, "Santa Hat": {"Onyx Black": 3.746, "Black": 9.206, "just": 2.3035}, "Hex Pot": {"Onyx Black": 3.97, "Black": 9.33, "just": 2.329}, "Restless Jar": {"Onyx Black": 3.7249999999999996, "Black": 8.55, "just": 2.21}, "Lush Bouquet": {"Onyx Black": 4.71, "Black": 8.26, "just": 2.5669999999999997}, "Spiced Wine": {"Onyx Black": 3.0540000000000003, "Black": 6.890000000000001, "just": 2.1165000000000003}, "Snow Globe": {"Onyx Black": 5.745, "Black": 10.094999999999999, "just": 2.5415}, "Joyful Bundle": {"Onyx Black": 4.87, "Black": 8.870000000000001, "just": 2.329}, "Light Sword": {"Onyx Black": 4.87, "Black": 10.286, "just": 2.6774999999999998}, "Witch Hat": {"Onyx Black": 4.625, "Black": 11.975000000000001, "just": 2.5075000000000003}, "Bow Tie": {"Onyx Black": 6.286, "Black": 12.282000000000002, "just": 2.6774999999999998}, "Eternal Candle": {"Onyx Black": 5.356, "Black": 10.947999999999999, "just": 3.06}, "Jelly Bunny": {"Onyx Black": 4.87, "Black": 11.424999999999999, "just": 2.8475}, "Bunny Muffin": {"Onyx Black": 6.782, "Black": 16.782, "just": 3.5444999999999998}, "Spy Agaric": {"Onyx Black": 6.554, "Black": 10.494, "just": 3.0515}, "Evil Eye": {"Onyx Black": 6.93, "Black": 14.334, "just": 3.3065}, "Snow Mittens": {"Onyx Black": 5.904, "Black": 8.644, "just": 3.264}, "Berry Box": {"Onyx Black": 4.868, "Black": 10.663999999999998, "just": 3.2129999999999996}, "Valentine Box": {"Onyx Black": 7.246, "Black": 12.686, "just": 4.0885}, "Sakura Flower": {"Onyx Black": 6.92, "Black": 16.316000000000003, "just": 4.42}, "Hanging Star": {"Onyx Black": 9.104, "Black": 15.351999999999999, "just": 5.032}, "Sleigh Bell": {"Onyx Black": 10.911999999999999, "Black": 24.112000000000002, "just": 6.3919999999999995}, "Love Candle": {"Onyx Black": 10.414, "Black": 15.734, "just": 7.556500000000001}, "Skull Flower": {"Onyx Black": 11.719999999999999, "Black": 18.439999999999998, "just": 6.969999999999999}, "Crystal Ball": {"Onyx Black": 12.36, "Black": 27.196, "just": 6.8}, "Trapped Heart": {"Onyx Black": 11.994, "Black": 20.854, "just": 6.8765}, "Top Hat": {"Onyx Black": 14.35, "Black": 26.442, "just": 6.8595}, "Love Potion": {"Onyx Black": 12.565999999999999, "Black": 23.93, "just": 8.4065}, "Flying Broom": {"Onyx Black": 11.774, "Black": 18.774, "just": 7.896499999999999}, "Cupid Charm": {"Onyx Black": 18.214, "Black": 32.814, "just": 9.936499999999999}, "Record Player": {"Onyx Black": 10.434, "Black": 20.434, "just": 6.281499999999999}, "Eternal Rose": {"Onyx Black": 18.366, "Black": 35.846000000000004, "just": 12.2485}, "Mad Pumpkin": {"Onyx Black": 23.954, "Black": 40.354, "just": 15.801499999999999}, "Voodoo Doll": {"Onyx Black": 24.762, "Black": 50.782, "just": 15.274499999999998}, "Diamond Ring": {"Onyx Black": 20.974, "Black": 41.774, "just": 13.846499999999999}, "Toy Bear": {"Onyx Black": 30.9, "Black": 47.3, "just": 19.974999999999998}, "Vintage Cigar": {"Onyx Black": 34.058, "Black": 59.657999999999994, "just": 19.915499999999998}, "Neko Helmet": {"Onyx Black": 37.34, "Black": 64.74, "just": 23.715}, "Low Rider": {"Onyx Black": 32.9,