{"Snoop Dogg": {"King Ruby": 1.8165000000000002, "Goldizzle": 7.2405, "King Snoop": 5.0905000000000005, "Green Light": 1.9020000000000001, "Doggfather": 3.0105000000000004, "Black Diamond": 2.2060000000000004, "AI Dogg": 3.0485, "Cold Topaz": 2.0065, "Sapphire": 2.0065, "Chrome": 2.263, "Doberman": 3.3905000000000003, "Onyx Black": 2.8600000000000003, "Black": 10.276923076923078, "just": 1.36}, "Swag Bag": {"April 20th": 2.79, "Happy Herbs": 2.79, "Boiling Hot": 2.07, "Darkness": 1.9800000000000002, "Bulk Order": 1.9800000000000002, "Cashback": 2.79, "P.I.M.P.": 1.8900000000000001, "Take It Easy": 2.16, "Missionary": 6.3, "Snoop Life": 2.25, "Gin & Jewels": 2.3400000000000003, "Dogg’s Loot": 1.8900000000000001, "Onyx Black": 2.77, "Black": 6.895, "just": 1.53}, "Snoop Cigar": {"Onyx Black": 8.195, "Black": 18.744999999999997, "just": 3.8165}, "Lol Pop": {"Pink Foil": 1.3335000000000001, "Fire Vortex": 1.3970000000000002, "Hexed Helix": 1.3970000000000002, "Icicle": 1.3970000000000002, "Milky Way": 1.3970000000000002, "Love Bubbles": 1.651, "Mortal Sin": 3.5559999999999996, "Blood Ember": 1.651, "Sweetheart": 1.4605, "Celestia": 1.9685000000000001, "Doodle Art": 1.5875, "Nostalgia": 1.3335000000000001, "Sailor Moon": 1.4605, "Jinxed": 1.4605, "Dark Sky": 1.4605, "Heart Pop": 1.3970000000000002, "Satellite": 1.5875, "Cookie Dip": 1.4605, "Pumpkin": 1.524, "Andromeda": 1.651, "Glowstick": 1.9685000000000001, "Angelina": 1.9685000000000001, "Cobweb": 1.3970000000000002, "Watermelon": 1.3970000000000002, "Einstein": 1.3970000000000002, "Jolly Roger": 1.651, "Soap Bubbles": 1.3335000000000001, "Rosebud": 1.5875, "Wonka Berry": 1.3335000000000001, "Comic Crunch": 1.3335000000000001, "Dark Portal": 1.5875, "Blood Sucker": 1.5875, "Shock Wave": 1.3335000000000001, "Onyx Black": 1.785, "Black": 5.135, "just": 1.0795}, "B-Day Candle": {"Final Boss": 1.8599999999999999, "On Fire": 2.4, "Happy Meows": 2.4, "Payday": 2.4, "Pixel Wish": 1.8599999999999999, "Purr Magic": 2.4, "Kaboom!": 1.8599999999999999, "Shocker": 1.8599999999999999, "Onyx Black": 1.6099999999999999, "Black": 4.0, "just": 1.02}, "Desk Calendar": {"Independence": 3.36, "Tic Tac Toe": 1.8599999999999999, "Checklist": 1.8599999999999999, "Durov Day": 2.4, "Heartbreak": 1.38, "Telegram": 1.8599999999999999, "Hodler": 4.2, "Deadline": 2.4, "Investor": 4.2, "Pepe Plans": 4.2, "Peach Week": 1.62, "Adult Tasks": 4.2, "Fawkes Night": 3.36, "Sunday": 2.4, "Fund Manager": 1.8599999999999999, "Balloon Face": 1.62, "Burning Time": 1.8599999999999999, "Onyx Black": 1.745, "Black": 4.64, "just": 1.02}, "Lunar Snake": {"Dragon Ball": 4.55, "Python Dev": 2.015, "Hellspawn": 2.015, "Timelock": 2.015, "Hot Cherry": 2.015, "Synthwave": 3.6399999999999997, "Soul Eater": 2.015, "Psychedelic": 2.015, "Onyx Black": 1.98, "Black": 4.75, "just": 1.105}, "Xmas Stocking": {"Onyx Black": 1.9000000000000001, "Black": 4.675000000000001, "just": 1.1475}, "Snake Box": {"Onyx Black": 1.955, "Black": 4.754999999999999, "just": 1.1135}, "Pet Snake": {"Onyx Black": 2.1950000000000003, "Black": 5.300000000000001, "just": 1.36}, "Candy Cane": {"Hex Pot": 2.573, "Designer": 5.81, "Grinch": 3.32, "Sticky Sweet": 2.573, "Onyx Black": 2.325, "Black": 6.18, "just": 1.4109999999999998}, "Whip Cupcake": {"Resistance": 4.8999999999999995, "Toncoin": 2.8, "Deep State": 2.17, "Sponge Duck": 2.8, "Bitcoin": 4.8999999999999995, "Onyx Black": 2.0999999999999996, "Black": 4.945, "just": 1.19}, "Big Year": {"Bitcoin": 4.9559999999999995, "YouTubes": 2.7435, "Big Brother": 2.7435, "Cheshire Cat": 2.301, "Qing Dynasty": 2.7435, "Telegram": 4.9559999999999995, "Balloons": 1.8585, "Gold Mine": 4.9559999999999995, "Creator": 2.301, "Pavel Durov": 3.54, "The Hobbit": 3.54, "The Nether": 2.301, "Pokeball": 2.7435, "Game Boy": 2.301, "First Website": 2.2125, "Onyx Black": 2.635, "Black": 7.835000000000001, "just": 1.5045}, "Homemade Cake": {"Onyx Black": 1.9049999999999998, "Black": 4.75, "just": 1.2834999999999999}, "Cookie Heart": {"Onyx Black": 2.4299999999999997, "Black": 6.825, "just": 1.4875}, "Jester Hat": {"Onyx Black": 2.79, "Black": 6.295, "just": 1.3515}, "Holiday Drink": {"Onyx Black": 2.325, "Black": 5.885, "just": 1.5045}, "Ginger Cookie": {"Onyx Black": 2.79, "Black": 6.345, "just": 1.5215}, "Hypno Lollipop": {"Onyx Black": 2.7, "Black": 6.85, "just": 1.53}, "Winter Wreath": {"Onyx Black": 2.37, "Black": 8.795000000000002, "just": 1.5215}, "Party Sparkler": {"Onyx Black": 2.4699999999999998, "Black": 5.470000000000001, "just": 1.649}, "Jingle Bells": {"Onyx Black": 2.6, "Black": 5.365, "just": 1.4705}, "Tama Gadget": {"Onyx Black": 2.62, "Black": 6.13, "just": 1.496}, "Jack-in-the-Box": {"Onyx Black": 2.54, "Black": 7.765, "just": 1.768}, "Star Notepad": {"Onyx Black": 3.295, "Black": 9.290000000000001, "just": 1.819}, "Easter Egg": {"Onyx Black": 3.75, "Black": 10.875, "just": 2.125}, "Santa Hat": {"Onyx Black": 3.245, "Black": 9.745000000000001, "just": 2.1165000000000003}, "Hex Pot": {"Onyx Black": 3.725, "Black": 7.95, "just": 2.0825}, "Restless Jar": {"Onyx Black": 3.8049999999999997, "Black": 7.904999999999999, "just": 1.9635}, "Lush Bouquet": {"Onyx Black": 3.4450000000000003, "Black": 8.595, "just": 2.2864999999999998}, "Spiced Wine": {"Onyx Black": 3.0949999999999998, "Black": 7.495, "just": 1.6915}, "Snow Globe": {"Onyx Black": 4.050000000000001, "Black": 9.125, "just": 2.0825}, "Joyful Bundle": {"Onyx Black": 3.67, "Black": 8.495000000000001, "just": 2.2015}, "Light Sword": {"Onyx Black": 4.12, "Black": 11.42, "just": 2.4139999999999997}, "Witch Hat": {"Onyx Black": 3.92, "Black": 10.095, "just": 2.244}, "Bow Tie": {"Onyx Black": 4.77, "Black": 14.77, "just": 2.7115}, "Eternal Candle": {"Onyx Black": 5.225, "Black": 10.219999999999999, "just": 2.5075000000000003}, "Jelly Bunny": {"Onyx Black": 4.595, "Black": 10.09, "just": 2.7115}, "Bunny Muffin": {"Onyx Black": 4.59, "Black": 10.14, "just": 2.8729999999999998}, "Spy Agaric": {"Onyx Black": 5.37, "Black": 9.969999999999999, "just": 2.5075000000000003}, "Evil Eye": {"Onyx Black": 5.795, "Black": 14.249999999999998, "just": 3.06}, "Snow Mittens": {"Onyx Black": 4.68, "Black": 8.525, "just": 2.601}, "Berry Box": {"Onyx Black": 4.73, "Black": 14.24, "just": 2.9579999999999997}, "Valentine Box": {"Onyx Black": 5.92, "Black": 10.935, "just": 3.3065}, "Sakura Flower": {"Onyx Black": 5.63, "Black": 17.985, "just": 3.3745000000000003}, "Hanging Star": {"Onyx Black": 7.625, "Black": 16.325000000000003, "just": 3.9525}, "Sleigh Bell": {"Onyx Black": 9.77, "Black": 17.76, "just": 4.709}, "Love Candle": {"Onyx Black": 7.765000000000001, "Black": 15.315000000000001, "just": 5.2105}, "Skull Flower": {"Onyx Black": 8.54, "Black": 19.395, "just": 4.9215}, "Crystal Ball": {"Onyx Black": 10.185, "Black": 30.700000000000003, "just": 5.44}, "Trapped Heart": {"Onyx Black": 10.435, "Black": 22.935, "just": 6.6895}, "Top Hat": {"Onyx Black": 16.32, "Black": 26.17, "just": 6.494}, "Love Potion": {"Onyx Black": 10.045, "Black": 26.544999999999998, "just": 6.8765}, "Flying Broom": {"Onyx Black": 10.844999999999999, "Black": 21.845, "just": 7.386499999999999}, "Cupid Charm": {"Onyx Black": 16.395, "Black": 33.394999999999996, "just": 8.321499999999999}, "Record Player": {"Onyx Black": 10.094999999999999, "Black": 24.090000000000003, "just": 6.961499999999999}, "Eternal Rose": {"Onyx Black": 19.235, "Black": 36.730000000000004, "just": 11.4495}, "Mad Pumpkin": {"Onyx Black": 18.64, "Black": 39.64, "just": 12.138}, "Voodoo Doll": {"Onyx Black": 20.425, "Black": 40.425, "just": 12.622499999999999}, "Diamond Ring": {"Onyx Black": 20.33, "Black": 43.635000000000005, "just": 12.9795}, "Toy Bear": {"Onyx Black": 22.41, "Black": 51.404999999999994, "just": 15.147}, "Vintage Cigar": {"Onyx Black": 43.465, "Black": 62.464999999999996, "just": 18.6405}, "Neko Helmet": {"Onyx Black": 41.980000000000004, "Black": 71.97999999999999, "just": 20.366}, "Low Rider": {"Onyx Black": 37.1, "Black": 106.60000000000001,