{"Snoop Dogg": {"Doggfather": 2.8680000000000003, "King Snoop": 4.9005, "Cold Topaz": 1.9020000000000001, "Doberman": 3.5805000000000002, "Sapphire": 1.9780000000000002, "Chrome": 2.2060000000000004, "Goldizzle": 6.5905, "Black Diamond": 2.1775, "AI Dogg": 2.7065, "Emerald": 1.8355000000000004, "Onyx Black": 2.8099999999999996, "Black": 10.368461538461538, "just": 1.3855}, "Swag Bag": {"P.I.M.P.": 1.9005, "Gin & Jewels": 2.0814999999999997, "Snoop Life": 2.4435000000000002, "Take It Easy": 2.0814999999999997, "Cashback": 2.8055000000000003, "April 20th": 2.8055000000000003, "Bulk Order": 2.0814999999999997, "Missionary": 6.335, "Happy Herbs": 2.8055000000000003, "Boiling Hot": 2.2625, "Darkness": 1.9005, "Onyx Black": 2.9050000000000002, "Black": 6.895, "just": 1.5385}, "Snoop Cigar": {"Onyx Black": 7.734999999999999, "Black": 18.735, "just": 3.7994999999999997}, "Lol Pop": {"Sweetheart": 1.518, "Rosebud": 1.6500000000000001, "Doodle Art": 1.518, "Pink Foil": 1.4520000000000002, "Satellite": 1.7160000000000002, "Blood Sucker": 1.6500000000000001, "Shock Wave": 1.3860000000000001, "Hexed Helix": 1.3860000000000001, "Angelina": 2.0460000000000003, "Jolly Roger": 1.584, "Icicle": 1.4520000000000002, "Watermelon": 1.4520000000000002, "Milky Way": 1.3860000000000001, "Pumpkin": 1.518, "Nostalgia": 1.3860000000000001, "Glowstick": 2.0460000000000003, "Jinxed": 1.4520000000000002, "Cookie Dip": 1.518, "Wonka Berry": 1.4520000000000002, "Dark Portal": 1.518, "Romance": 1.3860000000000001, "Andromeda": 2.0460000000000003, "Blood Ember": 1.6500000000000001, "Fire Vortex": 1.4520000000000002, "Love Bubbles": 1.4520000000000002, "Mortal Sin": 2.64, "Celestia": 2.0460000000000003, "Dark Sky": 1.4520000000000002, "Sailor Moon": 1.584, "Comic Crunch": 1.3860000000000001, "Heart Pop": 1.3860000000000001, "Cobweb": 1.3860000000000001, "Onyx Black": 1.81, "Black": 5.11, "just": 1.122}, "B-Day Candle": {"On Fire": 2.46, "Pixel Wish": 1.9065, "Happy Meows": 2.46, "Purr Magic": 1.9065, "Payday": 1.9065, "Final Boss": 1.9065, "Kaboom!": 1.9065, "Shocker": 1.9065, "Onyx Black": 1.5899999999999999, "Black": 4.615, "just": 1.0454999999999999}, "Desk Calendar": {"Pepe Plans": 4.305, "Investor": 4.305, "Fawkes Night": 4.305, "Sunday": 1.9065, "Fund Manager": 1.9065, "Heartbreak": 1.353, "Deadline": 2.46, "Hodler": 4.305, "Balloon Face": 1.599, "Adult Tasks": 4.305, "Durov Day": 2.46, "Independence": 3.444, "Telegram": 1.9065, "Checklist": 1.9065, "Burning Time": 1.9065, "Peach Week": 1.599, "Tic Tac Toe": 1.6605, "Onyx Black": 1.58, "Black": 4.5, "just": 1.0454999999999999}, "Lunar Snake": {"Timelock": 1.8765, "Synthwave": 3.8919999999999995, "Hellspawn": 2.1545, "Hot Cherry": 2.1545, "Psychedelic": 2.1545, "Soul Eater": 1.807, "Dragon Ball": 4.864999999999999, "Python Dev": 2.1545, "Onyx Black": 1.995, "Black": 4.8950000000000005, "just": 1.1815}, "Xmas Stocking": {"Onyx Black": 1.9500000000000002, "Black": 5.15, "just": 1.105}, "Snake Box": {"Onyx Black": 1.905, "Black": 4.855, "just": 1.1135}, "Pet Snake": {"Onyx Black": 2.185, "Black": 5.265, "just": 1.343}, "Candy Cane": {"Designer": 5.53, "Sticky Sweet": 2.4490000000000003, "Hex Pot": 2.4490000000000003, "Grinch": 3.16, "Onyx Black": 2.255, "Black": 6.29, "just": 1.343}, "Whip Cupcake": {"Sponge Duck": 2.8, "Resistance": 4.8999999999999995, "Deep State": 2.17, "Toncoin": 2.17, "Bitcoin": 4.8999999999999995, "Onyx Black": 2.0999999999999996, "Black": 4.949999999999999, "just": 1.19}, "Big Year": {"Cheshire Cat": 2.21, "First Website": 2.295, "Game Boy": 2.21, "The Nether": 2.125, "YouTubes": 2.635, "Pavel Durov": 4.76, "Telegram": 4.76, "Creator": 2.635, "Qing Dynasty": 2.635, "Gold Mine": 4.76, "Pokeball": 2.635, "The Hobbit": 3.4, "Big Brother": 2.635, "Bitcoin": 4.76, "Onyx Black": 2.7199999999999998, "Black": 7.800000000000001, "just": 1.4449999999999998}, "Homemade Cake": {"Onyx Black": 2.02, "Black": 4.7, "just": 1.3175}, "Cookie Heart": {"Onyx Black": 2.29, "Black": 6.37, "just": 1.4789999999999999}, "Jester Hat": {"Onyx Black": 2.9450000000000003, "Black": 5.945, "just": 1.3515}, "Holiday Drink": {"Onyx Black": 2.325, "Black": 5.635, "just": 1.5045}, "Ginger Cookie": {"Onyx Black": 2.83, "Black": 6.404999999999999, "just": 1.5385}, "Hypno Lollipop": {"Onyx Black": 2.65, "Black": 6.800000000000001, "just": 1.4449999999999998}, "Winter Wreath": {"Onyx Black": 2.435, "Black": 7.95, "just": 1.4449999999999998}, "Party Sparkler": {"Onyx Black": 2.875, "Black": 5.625, "just": 1.4875}, "Jingle Bells": {"Onyx Black": 2.41, "Black": 6.78, "just": 1.4109999999999998}, "Tama Gadget": {"Onyx Black": 2.88, "Black": 6.53, "just": 1.496}, "Jack-in-the-Box": {"Onyx Black": 2.665, "Black": 7.875, "just": 1.7}, "Star Notepad": {"Onyx Black": 4.0600000000000005, "Black": 9.004999999999999, "just": 1.802}, "Easter Egg": {"Onyx Black": 3.7, "Black": 11.195, "just": 2.04}, "Santa Hat": {"Onyx Black": 3.305, "Black": 9.504999999999999, "just": 1.8784999999999998}, "Hex Pot": {"Onyx Black": 3.72, "Black": 8.094999999999999, "just": 1.9040000000000001}, "Restless Jar": {"Onyx Black": 3.645, "Black": 7.6450000000000005, "just": 1.9465}, "Lush Bouquet": {"Onyx Black": 3.375, "Black": 8.524999999999999, "just": 2.1675}, "Spiced Wine": {"Onyx Black": 3.1799999999999997, "Black": 7.955, "just": 1.751}, "Snow Globe": {"Onyx Black": 3.995, "Black": 9.095, "just": 2.0315}, "Joyful Bundle": {"Onyx Black": 3.6950000000000003, "Black": 8.5, "just": 2.21}, "Light Sword": {"Onyx Black": 4.55, "Black": 11.25, "just": 2.38}, "Witch Hat": {"Onyx Black": 3.8949999999999996, "Black": 10.345, "just": 2.2864999999999998}, "Bow Tie": {"Onyx Black": 4.71, "Black": 14.71, "just": 2.6094999999999997}, "Eternal Candle": {"Onyx Black": 5.105, "Black": 10.105, "just": 2.3035}, "Jelly Bunny": {"Onyx Black": 4.595, "Black": 10.095, "just": 2.7115}, "Bunny Muffin": {"Onyx Black": 4.45, "Black": 13.549999999999999, "just": 2.635}, "Spy Agaric": {"Onyx Black": 5.220000000000001, "Black": 10.84, "just": 2.499}, "Evil Eye": {"Onyx Black": 5.74, "Black": 15.72, "just": 2.9665}, "Snow Mittens": {"Onyx Black": 4.515000000000001, "Black": 8.665, "just": 2.4055}, "Berry Box": {"Onyx Black": 4.79, "Black": 14.299999999999999, "just": 3.06}, "Valentine Box": {"Onyx Black": 5.95, "Black": 10.975000000000001, "just": 3.3575}, "Sakura Flower": {"Onyx Black": 5.495, "Black": 17.994999999999997, "just": 3.3915}, "Hanging Star": {"Onyx Black": 7.550000000000001, "Black": 16.4, "just": 4.08}, "Sleigh Bell": {"Onyx Black": 12.5, "Black": 17.994999999999997, "just": 5.1}, "Love Candle": {"Onyx Black": 7.9, "Black": 15.5, "just": 5.5249999999999995}, "Skull Flower": {"Onyx Black": 8.67, "Black": 16.97, "just": 5.049}, "Crystal Ball": {"Onyx Black": 10.31, "Black": 28.325000000000003, "just": 5.6525}, "Trapped Heart": {"Onyx Black": 10.445, "Black": 23.195, "just": 6.706499999999999}, "Top Hat": {"Onyx Black": 16.104999999999997, "Black": 25.980000000000004, "just": 6.170999999999999}, "Love Potion": {"Onyx Black": 9.795, "Black": 26.595, "just": 6.961499999999999}, "Flying Broom": {"Onyx Black": 10.86, "Black": 19.36, "just": 7.412}, "Cupid Charm": {"Onyx Black": 16.535, "Black": 35.035, "just": 8.5595}, "Record Player": {"Onyx Black": 9.96, "Black": 23.955, "just": 6.732}, "Eternal Rose": {"Onyx Black": 17.735, "Black": 36.235, "just": 10.5995}, "Mad Pumpkin": {"Onyx Black": 18.365000000000002, "Black": 39.614999999999995, "just": 12.0955}, "Voodoo Doll": {"Onyx Black": 20.5, "Black": 46.0, "just": 12.75}, "Diamond Ring": {"Onyx Black": 20.255, "Black": 43.255, "just": 13.183499999999999}, "Toy Bear": {"Onyx Black": 21.96, "Black": 51.28999999999999, "just": 14.9515}, "Vintage Cigar": {"Onyx Black": 42.900000000000006, "Black": 84.85000000000001, "just": 18.53}, "Neko Helmet": {"Onyx Black": 35.005, "Black": 71.505, "just": 19.558500000000002}, "Low Rider": {"Onyx Black": 38.375, "Black": 107.125, "just": 20.6125}, "Signet Ring": {"Onyx Black": 31.464999999999996,