{"Snoop Dogg": {"Doggfather": 2.9555, "Black Gold": 1.9730000000000003, "Emerald": 2.0205, "Sapphire": 1.9634999999999998, "Doberman": 3.6205000000000007, "Cold Topaz": 1.9634999999999998, "King Snoop": 4.627, "King Ruby": 1.9730000000000003, "Goldizzle": 7.3505, "Black Diamond": 2.0205, "Chrome": 2.2105, "AI Dogg": 3.0410000000000004, "Onyx Black": 3.26, "Black": 10.626153846153846, "just": 1.513}, "Swag Bag": {"Cashback": 2.945, "Golden Nugs": 2.09, "Bulk Order": 2.223, "Take It Easy": 2.4699999999999998, "Happy Herbs": 2.945, "Leopard": 2.1849999999999996, "Darkness": 2.375, "P.I.M.P.": 1.9949999999999999, "Gin & Jewels": 2.4699999999999998, "April 20th": 2.945, "Missionary": 7.949999999999999, "Boiling Hot": 2.565, "Snoop Life": 2.565, "Dogg’s Loot": 1.9949999999999999, "Onyx Black": 3.4050000000000002, "Black": 6.949999999999999, "just": 1.615}, "Snoop Cigar": {"Onyx Black": 7.555, "Black": 19.38, "just": 4.131}, "Lol Pop": {"Jolly Roger": 1.551, "Magic Wand": 1.4805, "Pumpkin": 1.4805, "Dark Portal": 1.7625, "Jinxed": 1.4805, "Einstein": 1.4805, "Glowstick": 2.1854999999999998, "Cookie Dip": 1.4805, "Blood Ember": 1.551, "Hexed Helix": 1.551, "Celestia": 2.1854999999999998, "Love Bubbles": 1.6214999999999997, "Milky Way": 1.551, "Pink Foil": 1.4805, "Andromeda": 1.9035, "Icicle": 1.4805, "Mortal Sin": 3.9479999999999995, "Dark Sky": 1.7625, "Angelina": 2.1854999999999998, "Fire Vortex": 1.4805, "Sweetheart": 1.833, "Shock Wave": 1.6214999999999997, "Heart Pop": 1.551, "Plastic Ice": 1.4805, "Sailor Moon": 1.4805, "Wonka Berry": 1.4805, "Watermelon": 1.4805, "Rosebud": 1.551, "Satellite": 1.692, "Cobweb": 1.551, "Blood Sucker": 1.7625, "Doodle Art": 1.6496999999999997, "Portable Pop": 1.4805, "Onyx Black": 1.9500000000000002, "Black": 5.205, "just": 1.1985}, "B-Day Candle": {"On Fire": 2.1545, "Purr Magic": 2.1545, "Payday": 2.1545, "Happy Meows": 2.78, "Kaboom!": 1.8765, "Pixel Wish": 2.1545, "Final Boss": 2.1545, "Onyx Black": 1.77, "Black": 5.195, "just": 1.1815}, "Desk Calendar": {"Peach Week": 1.9035, "Durov Day": 2.1854999999999998, "Fund Manager": 2.1854999999999998, "Tic Tac Toe": 1.833, "Independence": 2.1854999999999998, "Heartbreak": 1.6214999999999997, "Hodler": 4.935, "Telegram": 2.1854999999999998, "Checklist": 2.1854999999999998, "Pepe Plans": 15.705, "Fawkes Night": 2.82, "Adult Tasks": 24.155, "Burning Time": 2.1854999999999998, "Deadline": 2.1854999999999998, "Sunday": 1.9035, "Investor": 4.935, "Balloon Face": 2.1854999999999998, "Onyx Black": 1.755, "Black": 5.39, "just": 1.1985}, "Lunar Snake": {"Dragon Ball": 5.25, "Timelock": 1.9500000000000002, "Psychedelic": 1.875, "Synthwave": 5.25, "Soul Eater": 2.325, "Python Dev": 2.325, "Hot Cherry": 2.0250000000000004, "Hellspawn": 2.325, "Onyx Black": 2.225, "Black": 5.75, "just": 1.275}, "Xmas Stocking": {"Onyx Black": 2.65, "Black": 5.245, "just": 1.275}, "Snake Box": {"Onyx Black": 2.175, "Black": 5.699999999999999, "just": 1.19}, "Pet Snake": {"Onyx Black": 2.2649999999999997, "Black": 5.859999999999999, "just": 1.4705}, "Candy Cane": {"Sticky Sweet": 3.06, "Designer": 8.365, "Grinch": 3.06, "Hex Pot": 3.06, "Onyx Black": 2.34, "Black": 5.765000000000001, "just": 1.3005}, "Whip Cupcake": {"Bitcoin": 9.245, "Resistance": 5.215, "Sponge Duck": 2.3095, "Toncoin": 2.3095, "Deep State": 2.3095, "Onyx Black": 2.215, "Black": 5.545, "just": 1.2665}, "Big Year": {"Bitcoin": 5.739999999999999, "The Nether": 2.665, "Big Brother": 3.1774999999999998, "Pavel Durov": 4.1, "Gold Mine": 7.174999999999999, "YouTubes": 3.1774999999999998, "First Website": 2.255, "Pokeball": 2.665, "Cheshire Cat": 2.3985, "Qing Dynasty": 3.1774999999999998, "Game Boy": 2.255, "The Hobbit": 3.1774999999999998, "Creator": 2.7675, "Telegram": 4.1, "Onyx Black": 3.645, "Black": 9.675, "just": 1.7424999999999997}, "Homemade Cake": {"Onyx Black": 2.435, "Black": 5.4399999999999995, "just": 1.5979999999999999}, "Cookie Heart": {"Onyx Black": 2.67, "Black": 6.69, "just": 1.5979999999999999}, "Jester Hat": {"Onyx Black": 2.435, "Black": 6.4799999999999995, "just": 1.5215}, "Holiday Drink": {"Onyx Black": 2.42, "Black": 6.435, "just": 1.6744999999999999}, "Ginger Cookie": {"Onyx Black": 3.815, "Black": 7.29, "just": 1.768}, "Hypno Lollipop": {"Onyx Black": 3.0, "Black": 6.505000000000001, "just": 1.785}, "Winter Wreath": {"Moon Cat": 100.985, "Onyx Black": 2.955, "Black": 7.484999999999999, "just": 1.6744999999999999}, "Party Sparkler": {"Onyx Black": 2.9749999999999996, "Black": 6.970000000000001, "just": 1.6575}, "Jingle Bells": {"Onyx Black": 2.8499999999999996, "Black": 6.755000000000001, "just": 1.7934999999999999}, "Tama Gadget": {"Onyx Black": 3.46, "Black": 6.3149999999999995, "just": 1.785}, "Jack-in-the-Box": {"Onyx Black": 3.125, "Black": 7.37, "just": 1.9040000000000001}, "Star Notepad": {"Onyx Black": 4.01, "Black": 9.485, "just": 1.9295}, "Easter Egg": {"Onyx Black": 3.8249999999999997, "Black": 10.899999999999999, "just": 2.38}, "Santa Hat": {"Onyx Black": 3.394, "Black": 8.414000000000001, "just": 2.3715}, "Hex Pot": {"Onyx Black": 3.89, "Black": 10.094999999999999, "just": 2.38}, "Restless Jar": {"Onyx Black": 3.725, "Black": 10.145, "just": 2.125}, "Lush Bouquet": {"Onyx Black": 4.335, "Black": 7.785, "just": 2.5245}, "Spiced Wine": {"Onyx Black": 2.994, "Black": 6.898000000000001, "just": 2.0485}, "Snow Globe": {"Onyx Black": 4.47, "Black": 10.92, "just": 2.4139999999999997}, "Joyful Bundle": {"Onyx Black": 3.625, "Black": 8.025, "just": 2.4225}, "Light Sword": {"Onyx Black": 4.83, "Black": 10.442, "just": 2.6094999999999997}, "Witch Hat": {"Onyx Black": 4.075, "Black": 11.600000000000001, "just": 2.72}, "Bow Tie": {"Onyx Black": 4.942, "Black": 12.629999999999999, "just": 2.7624999999999997}, "Eternal Candle": {"Onyx Black": 5.018000000000001, "Black": 10.85, "just": 2.9155}, "Jelly Bunny": {"Onyx Black": 4.84, "Black": 10.694999999999999, "just": 2.8899999999999997}, "Bunny Muffin": {"Onyx Black": 4.988, "Black": 14.196, "just": 3.128}, "Spy Agaric": {"Onyx Black": 5.554, "Black": 10.426, "just": 2.8815}, "Evil Eye": {"Onyx Black": 6.4079999999999995, "Black": 13.267999999999999, "just": 3.2129999999999996}, "Snow Mittens": {"Onyx Black": 5.1080000000000005, "Black": 8.204, "just": 3.128}, "Berry Box": {"Onyx Black": 5.9399999999999995, "Black": 10.74, "just": 3.315}, "Valentine Box": {"Onyx Black": 8.256, "Black": 12.696000000000002, "just": 4.045999999999999}, "Sakura Flower": {"Onyx Black": 6.856, "Black": 15.496, "just": 4.386}, "Hanging Star": {"Onyx Black": 8.448, "Black": 15.34, "just": 4.743}, "Sleigh Bell": {"Onyx Black": 10.17, "Black": 16.97, "just": 5.9075}, "Love Candle": {"Onyx Black": 11.014, "Black": 19.214, "just": 7.386499999999999}, "Skull Flower": {"Onyx Black": 11.09, "Black": 18.293999999999997, "just": 7.2165}, "Crystal Ball": {"Onyx Black": 11.870000000000001, "Black": 27.874, "just": 6.6215}, "Trapped Heart": {"Onyx Black": 13.222, "Black": 18.442, "just": 7.4544999999999995}, "Top Hat": {"Onyx Black": 12.364, "Black": 21.884, "just": 6.7490000000000006}, "Love Potion": {"Onyx Black": 10.940000000000001, "Black": 23.340000000000003, "just": 7.565}, "Flying Broom": {"Onyx Black": 12.846, "Black": 20.006, "just": 7.9985}, "Cupid Charm": {"Onyx Black": 16.573999999999998, "Black": 31.814, "just": 9.936499999999999}, "Record Player": {"Onyx Black": 10.6, "Black": 20.8, "just": 6.8}, "Eternal Rose": {"Onyx Black": 20.201999999999998, "Black": 36.182, "just": 11.6195}, "Mad Pumpkin": {"Onyx Black": 22.286, "Black": 41.086, "just": 14.288499999999999}, "Voodoo Doll": {"Onyx Black": 22.53, "Black": 46.094, "just": 14.3565}, "Diamond Ring": {"Onyx Black": 22.223999999999997, "Black": 45.80800000000001, "just": 13.922999999999998}, "Toy Bear": {"Onyx Black": 27.054, "Black": 49.294, "just": 19.1165}, "Vintage Cigar": {"Onyx Black": 36.496, "Black": 54.496, "just": 20.535999999999998}, "Neko Helmet": {"Onyx Black": 38.074, "Black": 76.07000000000001, "just": 22.7715},