{"Snoop Dogg": {"Black Gold": 1.826, "Black Diamond": 2.2915, "King Snoop": 4.4255, "King Ruby": 1.9874999999999998, "Cold Topaz": 2.1870000000000003, "Green Light": 1.9115000000000002, "Goldizzle": 7.0505, "Doggfather": 2.9535, "Emerald": 1.9970000000000003, "Doberman": 3.5805000000000002, "Sapphire": 2.1490000000000005, "AI Dogg": 3.3810000000000002, "Chrome": 2.4114999999999998, "Onyx Black": 2.963333333333333, "Black": 10.183846153846154, "just": 1.3855}, "Swag Bag": {"Snoop Life": 2.457, "Dogg’s Loot": 1.9845, "P.I.M.P.": 1.9845, "Boiling Hot": 2.5515, "Happy Herbs": 2.9295, "Leopard": 1.9845, "April 20th": 2.9295, "Darkness": 2.079, "Take It Easy": 2.5515, "Missionary": 6.614999999999999, "Golden Nugs": 1.9845, "Gin & Jewels": 2.457, "Cashback": 2.9295, "Bulk Order": 2.457, "Onyx Black": 3.1950000000000003, "Black": 6.944999999999999, "just": 1.6064999999999998}, "Snoop Cigar": {"Onyx Black": 8.545, "Black": 17.259999999999998, "just": 3.9099999999999997}, "Lol Pop": {"Comic Crunch": 1.554, "Pumpkin": 1.554, "Jolly Roger": 1.6280000000000001, "Mortal Sin": 4.144, "Blood Sucker": 1.6280000000000001, "Satellite": 1.776, "Celestia": 2.294, "Glowstick": 2.294, "Gold Star": 1.554, "Hexed Helix": 1.85, "Blood Ember": 1.6280000000000001, "Heart Pop": 1.554, "Sweetheart": 1.702, "Dark Sky": 1.776, "Milky Way": 1.6280000000000001, "Einstein": 1.554, "Dark Portal": 1.554, "Watermelon": 1.554, "Sick Leave": 1.554, "Jinxed": 1.776, "Shock Wave": 1.6280000000000001, "Rosebud": 1.6280000000000001, "Andromeda": 1.85, "Love Bubbles": 1.776, "Angelina": 2.294, "Sailor Moon": 1.6280000000000001, "Onyx Black": 1.99, "Black": 5.33, "just": 1.258}, "B-Day Candle": {"Happy Meows": 2.58, "Kaboom!": 1.9995, "Payday": 1.9995, "On Fire": 1.9995, "Purr Magic": 1.9995, "Final Boss": 1.9995, "Pixel Wish": 1.9995, "Onyx Black": 1.695, "Black": 5.119999999999999, "just": 1.0965}, "Desk Calendar": {"Fawkes Night": 2.64, "Durov Day": 2.64, "Independence": 2.64, "Pepe Plans": 10.93, "Burning Time": 2.0460000000000003, "Adult Tasks": 23.11, "Hodler": 4.62, "Deadline": 2.0460000000000003, "Fund Manager": 2.0460000000000003, "Telegram": 2.0460000000000003, "Sunday": 2.0460000000000003, "Tic Tac Toe": 1.7160000000000002, "Balloon Face": 1.4520000000000002, "Investor": 5.625, "Peach Week": 2.0460000000000003, "Heartbreak": 1.7820000000000003, "Checklist": 1.7820000000000003, "Onyx Black": 1.6099999999999999, "Black": 5.5600000000000005, "just": 1.122}, "Lunar Snake": {"Soul Eater": 2.3095, "Dragon Ball": 5.215, "Hot Cherry": 2.0115000000000003, "Synthwave": 2.98, "Hellspawn": 2.0115000000000003, "Timelock": 1.937, "Python Dev": 2.3095, "Psychedelic": 1.937, "Onyx Black": 2.17, "Black": 5.345, "just": 1.2665}, "Xmas Stocking": {"Onyx Black": 2.155, "Black": 5.225, "just": 1.2325}, "Snake Box": {"Onyx Black": 1.9449999999999998, "Black": 5.685, "just": 1.1815}, "Pet Snake": {"Onyx Black": 2.465, "Black": 5.3149999999999995, "just": 1.4364999999999999}, "Candy Cane": {"Hex Pot": 3.1, "Designer": 5.425, "Sticky Sweet": 2.0925000000000002, "Grinch": 3.1, "Onyx Black": 2.275, "Black": 5.994999999999999, "just": 1.3175}, "Whip Cupcake": {"Deep State": 2.3405, "Sponge Duck": 2.3405, "Resistance": 5.285, "Toncoin": 2.3405, "Bitcoin": 10.004999999999999, "Onyx Black": 2.05, "Black": 5.655, "just": 1.2834999999999999}, "Big Year": {"Qing Dynasty": 2.976, "Cheshire Cat": 2.304, "Pokeball": 2.592, "Bitcoin": 5.3759999999999994, "Gold Mine": 5.3759999999999994, "The Hobbit": 2.976, "Big Brother": 2.592, "Creator": 2.976, "Game Boy": 2.2079999999999997, "First Website": 2.2079999999999997, "Pavel Durov": 5.3759999999999994, "The Nether": 2.112, "Telegram": 5.3759999999999994, "YouTubes": 2.976, "Onyx Black": 3.435, "Black": 8.809999999999999, "just": 1.632}, "Homemade Cake": {"Onyx Black": 2.29, "Black": 5.825, "just": 1.513}, "Cookie Heart": {"Onyx Black": 2.59, "Black": 7.135000000000001, "just": 1.5979999999999999}, "Jester Hat": {"Onyx Black": 2.575, "Black": 6.08, "just": 1.4024999999999999}, "Holiday Drink": {"Onyx Black": 2.545, "Black": 5.195, "just": 1.6064999999999998}, "Ginger Cookie": {"Onyx Black": 3.815, "Black": 6.54, "just": 1.8104999999999998}, "Hypno Lollipop": {"Onyx Black": 2.785, "Black": 5.785, "just": 1.7594999999999998}, "Winter Wreath": {"Onyx Black": 2.59, "Black": 8.97, "just": 1.649}, "Party Sparkler": {"Onyx Black": 3.435, "Black": 6.635000000000001, "just": 1.5895000000000001}, "Jingle Bells": {"Onyx Black": 2.72, "Black": 6.87, "just": 1.4789999999999999}, "Tama Gadget": {"Onyx Black": 3.47, "Black": 7.015, "just": 1.734}, "Jack-in-the-Box": {"Onyx Black": 3.06, "Black": 7.585, "just": 1.8444999999999998}, "Star Notepad": {"Onyx Black": 3.92, "Black": 8.745000000000001, "just": 1.9889999999999999}, "Easter Egg": {"Onyx Black": 3.78, "Black": 11.034999999999998, "just": 2.2695}, "Santa Hat": {"Onyx Black": 3.4160000000000004, "Black": 8.296, "just": 2.176}, "Hex Pot": {"Onyx Black": 4.05, "Black": 10.45, "just": 2.465}, "Restless Jar": {"Onyx Black": 4.0, "Black": 9.75, "just": 2.125}, "Lush Bouquet": {"Onyx Black": 4.535, "Black": 7.725, "just": 2.3375}, "Spiced Wine": {"Onyx Black": 2.792, "Black": 5.992, "just": 1.802}, "Snow Globe": {"Onyx Black": 4.13, "Black": 10.33, "just": 2.261}, "Joyful Bundle": {"Onyx Black": 3.865, "Black": 8.115, "just": 2.3205}, "Light Sword": {"Onyx Black": 4.228, "Black": 10.708, "just": 2.703}, "Witch Hat": {"Onyx Black": 4.345000000000001, "Black": 11.995, "just": 2.5415}, "Bow Tie": {"Onyx Black": 4.968, "Black": 12.659999999999998, "just": 2.788}, "Eternal Candle": {"Onyx Black": 5.27, "Black": 10.870000000000001, "just": 2.9325}, "Jelly Bunny": {"Onyx Black": 4.715, "Black": 10.715, "just": 2.9155}, "Bunny Muffin": {"Onyx Black": 5.507999999999999, "Black": 11.6, "just": 2.8899999999999997}, "Spy Agaric": {"Onyx Black": 4.720000000000001, "Black": 10.32, "just": 2.72}, "Evil Eye": {"Onyx Black": 6.5600000000000005, "Black": 13.2, "just": 3.06}, "Snow Mittens": {"Onyx Black": 4.59, "Black": 7.67, "just": 3.1025}, "Berry Box": {"Onyx Black": 5.184, "Black": 11.58, "just": 3.094}, "Valentine Box": {"Onyx Black": 7.8839999999999995, "Black": 12.36, "just": 3.5189999999999997}, "Sakura Flower": {"Onyx Black": 6.88, "Black": 13.780000000000001, "just": 4.08}, "Hanging Star": {"Onyx Black": 8.656, "Black": 15.175999999999998, "just": 4.505}, "Sleigh Bell": {"Onyx Black": 10.642, "Black": 18.601999999999997, "just": 6.5195}, "Love Candle": {"Onyx Black": 9.764, "Black": 14.364, "just": 6.7490000000000006}, "Skull Flower": {"Onyx Black": 9.77, "Black": 18.25, "just": 6.5874999999999995}, "Crystal Ball": {"Onyx Black": 12.02, "Black": 29.419999999999998, "just": 6.545}, "Trapped Heart": {"Onyx Black": 11.764, "Black": 19.76, "just": 7.598999999999999}, "Top Hat": {"Onyx Black": 12.484, "Black": 25.936, "just": 6.9190000000000005}, "Love Potion": {"Onyx Black": 10.93, "Black": 22.134, "just": 7.556500000000001}, "Flying Broom": {"Onyx Black": 10.87, "Black": 20.03, "just": 8.032499999999999}, "Cupid Charm": {"Onyx Black": 17.39, "Black": 33.257999999999996, "just": 9.3415}, "Record Player": {"Onyx Black": 11.09, "Black": 20.71, "just": 6.7575}, "Eternal Rose": {"Onyx Black": 18.358, "Black": 32.358000000000004, "just": 11.840499999999999}, "Mad Pumpkin": {"Onyx Black": 24.412000000000003, "Black": 41.56, "just": 15.81}, "Voodoo Doll": {"Onyx Black": 23.759999999999998, "Black": 54.428, "just": 14.772999999999998}, "Diamond Ring": {"Onyx Black": 22.573999999999998, "Black": 41.774, "just": 13.846499999999999}, "Toy Bear": {"Onyx Black": 25.1, "Black": 47.58, "just": 16.405}, "Vintage Cigar": {"Onyx Black": 33.952, "Black": 55.6, "just": 20.4}, "Neko Helmet": {"Onyx Black": 37.989999999999995, "Black": 75.99, "just": 22.6525}, "Low Rider": {"Onyx Black": 34.554, "Black": 86.594, "just": 21.2415}, "Signet Ring": {"Onyx Black": 35.8, "Black": 77.0, "just": 21.25}, "Electric Skull": {"Onyx Black": 39.72, "Black": 68.196,