{"Snoop Dogg": {"AI Dogg": 3.2005, "Chrome": 2.2155, "Cold Topaz": 1.9685000000000006, "Emerald": 1.94, "Green Light": 1.8545000000000003, "Doggfather": 2.9155, "King Snoop": 4.473, "Doberman": 3.6755, "Sapphire": 2.1205000000000003, "King Ruby": 1.9115000000000002, "Black Diamond": 2.2025, "Goldizzle": 6.860499999999999, "Black Gold": 1.7785000000000002, "Onyx Black": 2.9433333333333334, "Black": 10.17, "just": 1.3345}, "Swag Bag": {"P.I.M.P.": 2.0265, "April 20th": 2.9915, "Cashback": 2.9915, "Snoop Life": 2.509, "Darkness": 2.123, "Bulk Order": 2.316, "Boiling Hot": 2.6055, "Missionary": 6.755, "Take It Easy": 2.4125, "Happy Herbs": 2.9915, "Gin & Jewels": 2.4125, "Onyx Black": 3.165, "Black": 6.96, "just": 1.6404999999999998}, "Snoop Cigar": {"Onyx Black": 7.77, "Black": 17.275, "just": 3.9439999999999995}, "Lol Pop": {"Plastic Ice": 1.6099999999999999, "Pink Foil": 1.47, "Celestia": 2.17, "Sailor Moon": 1.54, "Fire Vortex": 1.47, "Jolly Roger": 1.75, "Love Bubbles": 1.75, "Blood Ember": 1.54, "Shock Wave": 1.6099999999999999, "Andromeda": 2.17, "Portable Pop": 1.47, "Heart Pop": 1.54, "Satellite": 1.75, "Glowstick": 2.17, "Mortal Sin": 3.9199999999999995, "Sweetheart": 1.68, "Angelina": 2.17, "Cobweb": 1.54, "Red Shift": 1.47, "Einstein": 1.54, "Watermelon": 1.47, "Dark Portal": 1.54, "Hexed Helix": 1.8199999999999998, "Dark Sky": 1.75, "Sick Leave": 1.47, "Jinxed": 1.75, "Rosebud": 1.6099999999999999, "Pumpkin": 1.54, "Comic Crunch": 1.54, "Icicle": 1.47, "Doodle Art": 1.47, "Milky Way": 1.6099999999999999, "Gold Star": 1.47, "Blood Sucker": 1.68, "Onyx Black": 2.0, "Black": 5.295, "just": 1.19}, "B-Day Candle": {"Kaboom!": 1.922, "Payday": 1.922, "Happy Meows": 2.48, "Pixel Wish": 2.48, "On Fire": 1.922, "Final Boss": 2.48, "Purr Magic": 1.922, "Onyx Black": 1.6749999999999998, "Black": 5.12, "just": 1.054}, "Desk Calendar": {"Fawkes Night": 2.7, "Burning Time": 2.0925000000000002, "Pepe Plans": 10.915, "Sunday": 2.0925000000000002, "Deadline": 2.0925000000000002, "Hodler": 4.7250000000000005, "Investor": 5.6, "Independence": 2.7, "Peach Week": 2.0925000000000002, "Heartbreak": 1.6875, "Durov Day": 2.7, "Checklist": 2.0925000000000002, "Balloon Face": 1.4175000000000002, "Adult Tasks": 23.675, "Fund Manager": 2.0925000000000002, "Telegram": 2.0925000000000002, "Tic Tac Toe": 2.0925000000000002, "Onyx Black": 1.675, "Black": 5.575000000000001, "just": 1.1475}, "Lunar Snake": {"Python Dev": 2.17, "Timelock": 1.89, "Psychedelic": 1.89, "Synthwave": 3.9199999999999995, "Dragon Ball": 5.6, "Soul Eater": 2.17, "Hot Cherry": 2.17, "Hellspawn": 2.17, "Onyx Black": 2.0999999999999996, "Black": 5.299999999999999, "just": 1.19}, "Xmas Stocking": {"Onyx Black": 2.0949999999999998, "Black": 5.4399999999999995, "just": 1.1815}, "Snake Box": {"Onyx Black": 2.175, "Black": 5.19, "just": 1.1815}, "Pet Snake": {"Onyx Black": 2.48, "Black": 5.36, "just": 1.462}, "Candy Cane": {"Hex Pot": 3.06, "Grinch": 3.06, "Sticky Sweet": 1.989, "Designer": 5.355, "Onyx Black": 2.365, "Black": 5.960000000000001, "just": 1.3005}, "Whip Cupcake": {"Resistance": 5.145, "Sponge Duck": 2.2785, "Toncoin": 2.2785, "Bitcoin": 9.985000000000001, "Deep State": 2.2785, "Onyx Black": 2.03, "Black": 5.235, "just": 1.2495}, "Big Year": {"Pokeball": 2.565, "The Hobbit": 2.945, "Qing Dynasty": 2.945, "Gold Mine": 5.319999999999999, "YouTubes": 3.8, "Bitcoin": 5.319999999999999, "Telegram": 5.319999999999999, "Big Brother": 2.565, "First Website": 2.1849999999999996, "Creator": 2.945, "Pavel Durov": 3.8, "Cheshire Cat": 2.375, "Game Boy": 2.1849999999999996, "The Nether": 2.09, "Onyx Black": 3.45, "Black": 8.7, "just": 1.615}, "Homemade Cake": {"Onyx Black": 2.285, "Black": 5.82, "just": 1.5045}, "Cookie Heart": {"Onyx Black": 2.64, "Black": 7.075000000000001, "just": 1.5725}, "Jester Hat": {"Onyx Black": 2.535, "Black": 6.325, "just": 1.4195}, "Holiday Drink": {"Onyx Black": 2.82, "Black": 5.67, "just": 1.564}, "Ginger Cookie": {"Onyx Black": 3.57, "Black": 6.495, "just": 1.734}, "Hypno Lollipop": {"Onyx Black": 2.695, "Black": 5.695, "just": 1.6064999999999998}, "Winter Wreath": {"Onyx Black": 2.555, "Black": 8.86, "just": 1.5895000000000001}, "Party Sparkler": {"Onyx Black": 3.185, "Black": 7.185, "just": 1.5895000000000001}, "Jingle Bells": {"Onyx Black": 2.725, "Black": 6.875, "just": 1.4875}, "Tama Gadget": {"Onyx Black": 3.4350000000000005, "Black": 6.9799999999999995, "just": 1.6744999999999999}, "Jack-in-the-Box": {"Onyx Black": 3.105, "Black": 7.6000000000000005, "just": 1.87}, "Star Notepad": {"Onyx Black": 3.915, "Black": 8.735, "just": 1.9805}, "Easter Egg": {"Onyx Black": 3.775, "Black": 10.98, "just": 2.261}, "Santa Hat": {"Onyx Black": 3.3899999999999997, "Black": 8.35, "just": 2.2525}, "Hex Pot": {"Onyx Black": 3.99, "Black": 10.39, "just": 2.363}, "Restless Jar": {"Onyx Black": 3.9450000000000003, "Black": 9.78, "just": 2.176}, "Lush Bouquet": {"Onyx Black": 4.87, "Black": 7.725, "just": 2.3375}, "Spiced Wine": {"Onyx Black": 2.8280000000000003, "Black": 6.764000000000001, "just": 1.853}, "Snow Globe": {"Onyx Black": 4.0649999999999995, "Black": 10.265, "just": 2.1504999999999996}, "Joyful Bundle": {"Onyx Black": 4.03, "Black": 7.84, "just": 2.278}, "Light Sword": {"Onyx Black": 4.18, "Black": 10.459999999999999, "just": 2.635}, "Witch Hat": {"Onyx Black": 4.345000000000001, "Black": 11.495, "just": 2.5415}, "Bow Tie": {"Onyx Black": 4.914, "Black": 12.606, "just": 2.7115}, "Eternal Candle": {"Onyx Black": 5.192, "Black": 10.712, "just": 2.8219999999999996}, "Jelly Bunny": {"Onyx Black": 4.42, "Black": 10.67, "just": 2.839}, "Bunny Muffin": {"Onyx Black": 5.507999999999999, "Black": 11.6, "just": 2.8899999999999997}, "Spy Agaric": {"Onyx Black": 4.720000000000001, "Black": 10.32, "just": 2.72}, "Evil Eye": {"Onyx Black": 6.572, "Black": 13.212, "just": 3.077}, "Snow Mittens": {"Onyx Black": 4.76, "Black": 7.640000000000001, "just": 3.06}, "Berry Box": {"Onyx Black": 5.154, "Black": 11.549999999999999, "just": 3.0515}, "Valentine Box": {"Onyx Black": 8.082, "Black": 12.558, "just": 3.7994999999999997}, "Sakura Flower": {"Onyx Black": 6.94, "Black": 13.840000000000002, "just": 4.165}, "Hanging Star": {"Onyx Black": 8.703999999999999, "Black": 15.224, "just": 4.5729999999999995}, "Sleigh Bell": {"Onyx Black": 10.52, "Black": 15.3, "just": 6.375}, "Love Candle": {"Onyx Black": 10.2, "Black": 14.4, "just": 6.8}, "Skull Flower": {"Onyx Black": 9.620000000000001, "Black": 18.1, "just": 6.375}, "Crystal Ball": {"Onyx Black": 12.079999999999998, "Black": 29.080000000000002, "just": 6.63}, "Trapped Heart": {"Onyx Black": 11.704, "Black": 20.304000000000002, "just": 7.513999999999999}, "Top Hat": {"Onyx Black": 12.46, "Black": 25.488, "just": 6.885}, "Love Potion": {"Onyx Black": 10.93, "Black": 22.134, "just": 7.556500000000001}, "Flying Broom": {"Onyx Black": 10.792, "Black": 19.951999999999998, "just": 7.922}, "Cupid Charm": {"Onyx Black": 17.324, "Black": 32.124, "just": 9.248000000000001}, "Record Player": {"Onyx Black": 11.06, "Black": 20.68, "just": 6.715}, "Eternal Rose": {"Onyx Black": 18.274, "Black": 32.274, "just": 11.721499999999999}, "Mad Pumpkin": {"Onyx Black": 24.734, "Black": 41.134, "just": 15.2065}, "Voodoo Doll": {"Onyx Black": 21.89, "Black": 53.894000000000005, "just": 14.016499999999999}, "Diamond Ring": {"Onyx Black": 22.34, "Black": 41.54, "just": 13.515}, "Toy Bear": {"Onyx Black": 24.793999999999997, "Black": 47.274, "just": 15.971499999999999}, "Vintage Cigar": {"Onyx Black": 32.896, "Black": 55.3, "just": 19.974999999999998}, "Neko Helmet": {"Onyx Black": 38.019999999999996, "Black": 76.02, "just": 22.695}, "Low Rider": {"Onyx Black": 34.188, "Black": 86.58800000000001, "just": 21.233}, "Signet Ring": {"Onyx Black": 35.8, "Black": 75.0, "just": 21.25}, "Electric Skull": {"Onyx Black": 41.794, "Black": 68.19, "just": 26.341499999999996}, "Kissed Frog": {"Onyx Black": 44.954, "Black": 80.994, "just": 29.741500000000002},