{"Snoop Dogg": {"Sapphire": 2.2155, "Goldizzle": 7.858, "King Snoop": 4.5680000000000005, "Chrome": 2.4305, "Cold Topaz": 1.9780000000000002, "Doggfather": 3.1910000000000003, "Doberman": 3.6279999999999997, "AI Dogg": 2.8870000000000005, "Black Diamond": 2.1205000000000003, "Emerald": 1.8355000000000004, "Onyx Black": 2.8933333333333335, "Black": 10.772307692307692, "just": 1.428}, "Swag Bag": {"April 20th": 2.8985000000000003, "Missionary": 6.545, "Take It Easy": 2.1505, "Happy Herbs": 2.8985000000000003, "Gin & Jewels": 2.0570000000000004, "Darkness": 2.1505, "Golden Nugs": 1.9635000000000002, "Snoop Life": 2.0570000000000004, "Cashback": 2.8985000000000003, "Bulk Order": 2.1505, "Boiling Hot": 2.244, "Onyx Black": 3.1350000000000002, "Black": 6.935, "just": 1.5895000000000001}, "Snoop Cigar": {"Onyx Black": 8.085, "Black": 18.185, "just": 3.7145}, "Lol Pop": {"Icicle": 1.4520000000000002, "Pink Foil": 1.3860000000000001, "Sweetheart": 1.518, "Soap Bubbles": 1.4520000000000002, "Andromeda": 2.0460000000000003, "Comic Crunch": 1.3860000000000001, "Wonka Berry": 1.4520000000000002, "Doodle Art": 1.518, "Rosebud": 1.584, "Fire Vortex": 1.4520000000000002, "Celestia": 2.0460000000000003, "Cookie Dip": 1.3860000000000001, "Jolly Roger": 1.6500000000000001, "Blood Ember": 1.584, "Satellite": 1.7160000000000002, "Pumpkin": 1.4520000000000002, "Einstein": 1.518, "Mortal Sin": 2.64, "Watermelon": 1.4520000000000002, "Dark Portal": 2.0460000000000003, "Milky Way": 1.4520000000000002, "Dark Sky": 1.518, "Shock Wave": 1.3860000000000001, "Blood Sucker": 1.6500000000000001, "Crystalline": 1.3860000000000001, "Heart Pop": 1.3860000000000001, "Hexed Helix": 1.4520000000000002, "Love Bubbles": 1.4520000000000002, "Jinxed": 1.4520000000000002, "Angelina": 2.0460000000000003, "Glowstick": 2.0460000000000003, "Nostalgia": 1.584, "Cobweb": 1.518, "Onyx Black": 1.81, "Black": 5.03, "just": 1.122}, "B-Day Candle": {"Payday": 1.9685000000000001, "Shocker": 1.9685000000000001, "Happy Meows": 2.54, "Kaboom!": 1.7145000000000001, "On Fire": 1.9685000000000001, "Pixel Wish": 1.9685000000000001, "Final Boss": 1.9685000000000001, "Purr Magic": 1.9685000000000001, "Onyx Black": 1.635, "Black": 4.51, "just": 1.0795}, "Desk Calendar": {"Investor": 4.41, "Sunday": 2.52, "Burning Time": 1.953, "Adult Tasks": 4.41, "Durov Day": 2.52, "Independence": 3.5279999999999996, "Pepe Plans": 4.41, "Telegram": 1.953, "Heartbreak": 1.3860000000000001, "Balloon Face": 1.575, "Tic Tac Toe": 1.701, "Checklist": 1.701, "Fund Manager": 1.953, "Hodler": 3.5279999999999996, "Fawkes Night": 4.41, "Peach Week": 1.6380000000000001, "Deadline": 2.52, "Onyx Black": 1.63, "Black": 5.13, "just": 1.071}, "Lunar Snake": {"Synthwave": 3.9759999999999995, "Dragon Ball": 4.97, "Psychedelic": 2.201, "Hot Cherry": 2.201, "Python Dev": 2.201, "Soul Eater": 1.917, "Timelock": 1.917, "Hellspawn": 3.9759999999999995, "Onyx Black": 2.01, "Black": 5.11, "just": 1.2069999999999999}, "Xmas Stocking": {"Onyx Black": 1.98, "Black": 4.91, "just": 1.122}, "Snake Box": {"Onyx Black": 1.82, "Black": 4.66, "just": 1.1305}, "Pet Snake": {"Onyx Black": 2.29, "Black": 5.265, "just": 1.343}, "Candy Cane": {"Sticky Sweet": 2.1465, "Hex Pot": 2.4645, "Designer": 5.565, "Grinch": 3.18, "Onyx Black": 2.395, "Black": 5.545, "just": 1.3515}, "Whip Cupcake": {"Resistance": 4.8999999999999995, "Bitcoin": 4.8999999999999995, "Toncoin": 2.17, "Deep State": 1.89, "Sponge Duck": 2.17, "Onyx Black": 2.15, "Black": 5.199999999999999, "just": 1.19}, "Big Year": {"First Website": 1.9894999999999998, "YouTubes": 2.6815, "Gold Mine": 4.843999999999999, "Big Brother": 2.3355, "Qing Dynasty": 3.46, "Game Boy": 2.249, "Pokeball": 2.6815, "Balloons": 1.903, "The Nether": 2.1625, "Cheshire Cat": 2.249, "The Hobbit": 3.46, "Creator": 2.6815, "Telegram": 4.843999999999999, "Pavel Durov": 4.843999999999999, "Bitcoin": 4.843999999999999, "Onyx Black": 2.7350000000000003, "Black": 7.865, "just": 1.4705}, "Homemade Cake": {"Onyx Black": 2.02, "Black": 4.9, "just": 1.3175}, "Cookie Heart": {"Onyx Black": 2.35, "Black": 5.6, "just": 1.4449999999999998}, "Jester Hat": {"Onyx Black": 2.9400000000000004, "Black": 6.574999999999999, "just": 1.4024999999999999}, "Holiday Drink": {"Onyx Black": 2.27, "Black": 5.55, "just": 1.4449999999999998}, "Ginger Cookie": {"Onyx Black": 3.42, "Black": 6.42, "just": 1.564}, "Hypno Lollipop": {"Onyx Black": 2.7, "Black": 6.84, "just": 1.53}, "Winter Wreath": {"Onyx Black": 2.435, "Black": 7.8500000000000005, "just": 1.4449999999999998}, "Party Sparkler": {"Onyx Black": 2.95, "Black": 8.2, "just": 1.615}, "Jingle Bells": {"Onyx Black": 2.43, "Black": 6.3500000000000005, "just": 1.4449999999999998}, "Tama Gadget": {"Onyx Black": 2.94, "Black": 6.425, "just": 1.5979999999999999}, "Jack-in-the-Box": {"Onyx Black": 3.0300000000000002, "Black": 7.73, "just": 1.7934999999999999}, "Star Notepad": {"Onyx Black": 4.1, "Black": 8.855, "just": 1.87}, "Easter Egg": {"Onyx Black": 3.675, "Black": 10.924999999999999, "just": 1.9975}, "Santa Hat": {"Onyx Black": 3.225, "Black": 9.525, "just": 1.9124999999999999}, "Hex Pot": {"Onyx Black": 3.53, "Black": 7.9799999999999995, "just": 1.9465}, "Restless Jar": {"Onyx Black": 3.835, "Black": 7.685, "just": 2.0229999999999997}, "Lush Bouquet": {"Onyx Black": 3.4749999999999996, "Black": 8.145, "just": 2.21}, "Spiced Wine": {"Onyx Black": 3.0, "Black": 7.785, "just": 1.615}, "Snow Globe": {"Onyx Black": 3.86, "Black": 8.985, "just": 1.8444999999999998}, "Joyful Bundle": {"Onyx Black": 3.67, "Black": 8.02, "just": 2.159}, "Light Sword": {"Onyx Black": 4.5, "Black": 11.25, "just": 2.38}, "Witch Hat": {"Onyx Black": 3.96, "Black": 10.41, "just": 2.397}, "Bow Tie": {"Onyx Black": 4.699999999999999, "Black": 14.684999999999999, "just": 2.5925}, "Eternal Candle": {"Onyx Black": 5.175000000000001, "Black": 13.924999999999999, "just": 2.4225}, "Jelly Bunny": {"Onyx Black": 4.95, "Black": 9.950000000000001, "just": 2.635}, "Bunny Muffin": {"Onyx Black": 6.66, "Black": 21.655, "just": 2.8219999999999996}, "Spy Agaric": {"Onyx Black": 5.25, "Black": 10.75, "just": 2.55}, "Evil Eye": {"Onyx Black": 5.6899999999999995, "Black": 15.595, "just": 2.8815}, "Snow Mittens": {"Onyx Black": 4.525, "Black": 8.275, "just": 2.635}, "Berry Box": {"Onyx Black": 4.665, "Black": 14.285, "just": 3.0345}, "Valentine Box": {"Onyx Black": 7.935, "Black": 10.934999999999999, "just": 3.2895}, "Sakura Flower": {"Onyx Black": 5.734999999999999, "Black": 17.799999999999997, "just": 3.4849999999999994}, "Hanging Star": {"Onyx Black": 7.575, "Black": 16.424999999999997, "just": 4.1225}, "Sleigh Bell": {"Onyx Black": 10.879999999999999, "Black": 18.775, "just": 5.0745}, "Love Candle": {"Onyx Black": 7.845000000000001, "Black": 15.344999999999999, "just": 5.4315}, "Skull Flower": {"Onyx Black": 8.665000000000001, "Black": 16.97, "just": 5.049}, "Crystal Ball": {"Onyx Black": 10.25, "Black": 28.275000000000002, "just": 5.5675}, "Trapped Heart": {"Onyx Black": 11.895, "Black": 23.395, "just": 6.6215}, "Top Hat": {"Onyx Black": 16.294999999999998, "Black": 26.17, "just": 6.494}, "Love Potion": {"Onyx Black": 10.275, "Black": 28.525000000000002, "just": 6.8425}, "Flying Broom": {"Onyx Black": 10.75, "Black": 19.25, "just": 7.225}, "Cupid Charm": {"Onyx Black": 16.545, "Black": 37.045, "just": 8.5765}, "Record Player": {"Onyx Black": 11.855, "Black": 23.95, "just": 6.7235}, "Eternal Rose": {"Onyx Black": 20.994999999999997, "Black": 36.495, "just": 11.0415}, "Mad Pumpkin": {"Onyx Black": 18.255, "Black": 46.510000000000005, "just": 11.917}, "Voodoo Doll": {"Onyx Black": 22.66, "Black": 46.16, "just": 13.022}, "Diamond Ring": {"Onyx Black": 19.985, "Black": 44.0, "just": 12.75}, "Toy Bear": {"Onyx Black": 25.0, "Black": 53.5, "just": 15.299999999999999}, "Vintage Cigar": {"Onyx Black": 48.45, "Black": 72.94999999999999, "just": 19.465}, "Neko Helmet": {"Onyx Black": 41.305, "Black": 71.3, "just": 19.2185},