{"Snoop Dogg": {"King Snoop": 5.786, "AI Dogg": 2.9319999999999995, "Doberman": 3.6205000000000007, "Chrome": 2.5759999999999996, "Doggfather": 3.2405, "Goldizzle": 7.445500000000001, "Black Diamond": 2.182, "Sapphire": 2.0585, "Onyx Black": 3.6333333333333337, "Black": 10.258461538461537, "just": 1.632}, "Swag Bag": {"April 20th": 2.6865, "Gin & Jewels": 2.388, "Aviators": 2.0895, "Dogg’s Loot": 2.0895, "Missionary": 8.495, "Take It Easy": 2.587, "Boiling Hot": 2.6865, "Golden Nugs": 2.0895, "Happy Herbs": 3.0845000000000002, "Cashback": 3.0845000000000002, "Bulk Order": 2.189, "Leopard": 2.0895, "Snoop Life": 2.4875, "Darkness": 2.0895, "Onyx Black": 3.63, "Black": 7.19, "just": 1.6915}, "Snoop Cigar": {"Onyx Black": 8.365, "Black": 19.89, "just": 4.0715}, "Lol Pop": {"Mortal Sin": 3.8919999999999995, "Cobweb": 1.529, "Romance": 1.4595, "Sweetheart": 1.7374999999999998, "Crystal Comet": 1.4595, "Einstein": 1.668, "Rising Star": 1.4595, "Dark Portal": 1.5984999999999998, "Glowstick": 2.1545, "Rosebud": 1.7374999999999998, "Crystalline": 1.4595, "Shock Wave": 1.529, "Sailor Moon": 1.4595, "Gold Star": 1.4595, "Icy Touch": 1.4595, "Doodle Art": 1.529, "Love Bubbles": 1.5984999999999998, "Heart Pop": 1.4595, "Comic Crunch": 1.4595, "Plastic Ice": 1.4595, "Blood Sucker": 1.7374999999999998, "Hollywood": 1.4595, "Dark Sky": 1.5984999999999998, "Satellite": 1.668, "Jolly Roger": 1.6262999999999999, "Pumpkin": 2.1545, "Nostalgia": 1.4595, "Blood Ember": 1.6262999999999999, "Andromeda": 1.8765, "Celestia": 1.8765, "Magic Wand": 1.4595, "Watermelon": 1.4595, "Fire Vortex": 1.4595, "Jinxed": 1.7374999999999998, "Sick Leave": 1.4595, "Icicle": 1.4595, "Hexed Helix": 1.529, "Angelina": 2.1545, "Milky Way": 1.4595, "Onyx Black": 1.9249999999999998, "Black": 4.945, "just": 1.1815}, "B-Day Candle": {"On Fire": 2.0925000000000002, "Final Boss": 2.0925000000000002, "Happy Meows": 2.0925000000000002, "Kaboom!": 2.0925000000000002, "Purr Magic": 2.0925000000000002, "Pixel Wish": 2.0925000000000002, "Payday": 2.0925000000000002, "Onyx Black": 1.7650000000000001, "Black": 5.0, "just": 1.1475}, "Desk Calendar": {"Pepe Plans": 14.174999999999999, "Durov Day": 6.625, "Investor": 9.549999999999999, "Telegram": 2.7, "Balloon Face": 1.6875, "Adult Tasks": 25.62, "Fund Manager": 2.0925000000000002, "Peach Week": 2.0925000000000002, "Burning Time": 2.0925000000000002, "Hodler": 4.7250000000000005, "Heartbreak": 1.5525, "Checklist": 2.0925000000000002, "Sunday": 2.0925000000000002, "Fawkes Night": 5.625, "Tic Tac Toe": 1.6875, "Independence": 2.0925000000000002, "Deadline": 2.0925000000000002, "Onyx Black": 1.75, "Black": 5.120000000000001, "just": 1.1475}, "Lunar Snake": {"Psychedelic": 1.911, "Hot Cherry": 1.9845000000000002, "Timelock": 2.2785, "Dragon Ball": 5.145, "Synthwave": 4.116, "Soul Eater": 2.2785, "Python Dev": 2.2785, "Hellspawn": 1.7198999999999998, "Onyx Black": 2.235, "Black": 5.475, "just": 1.2495}, "Xmas Stocking": {"Onyx Black": 2.065, "Black": 5.9399999999999995, "just": 1.258}, "Snake Box": {"Onyx Black": 2.105, "Black": 6.0249999999999995, "just": 1.2834999999999999}, "Pet Snake": {"Onyx Black": 2.42, "Black": 5.915, "just": 1.564}, "Candy Cane": {"Designer": 5.46, "Sticky Sweet": 1.9500000000000002, "Hex Pot": 4.367999999999999, "Grinch": 3.12, "Onyx Black": 2.13, "Black": 5.785, "just": 1.326}, "Whip Cupcake": {"Deep State": 2.16, "Bitcoin": 11.799999999999999, "Sponge Duck": 2.4800000000000004, "Resistance": 5.6000000000000005, "Toncoin": 2.4800000000000004, "Onyx Black": 2.545, "Black": 5.460000000000001, "just": 1.36}, "Big Year": {"Balloons": 1.9530000000000003, "Cheshire Cat": 2.8830000000000005, "The Hobbit": 3.72, "Gold Mine": 6.510000000000001, "YouTubes": 2.8830000000000005, "Big Brother": 2.8830000000000005, "Qing Dynasty": 3.72, "First Website": 2.511, "Game Boy": 2.0460000000000003, "The Nether": 2.8830000000000005, "Bitcoin": 5.208, "Pavel Durov": 9.43, "Pokeball": 2.511, "Creator": 2.8830000000000005, "Telegram": 5.208, "Onyx Black": 3.5250000000000004, "Black": 8.93, "just": 1.581}, "Homemade Cake": {"Onyx Black": 2.225, "Black": 5.324999999999999, "just": 1.581}, "Cookie Heart": {"Onyx Black": 2.575, "Black": 6.720000000000001, "just": 1.6575}, "Jester Hat": {"Onyx Black": 2.49, "Black": 6.465000000000001, "just": 1.513}, "Holiday Drink": {"Onyx Black": 2.68, "Black": 6.294999999999999, "just": 1.6064999999999998}, "Ginger Cookie": {"Onyx Black": 3.61, "Black": 7.205, "just": 1.632}, "Hypno Lollipop": {"Onyx Black": 3.325, "Black": 7.45, "just": 1.7}, "Winter Wreath": {"Moon Cat": 90.985, "Onyx Black": 2.885, "Black": 7.935, "just": 1.6744999999999999}, "Party Sparkler": {"Onyx Black": 2.8899999999999997, "Black": 6.69, "just": 1.5979999999999999}, "Jingle Bells": {"Onyx Black": 2.9299999999999997, "Black": 6.385, "just": 1.683}, "Tama Gadget": {"Onyx Black": 3.43, "Black": 6.760000000000001, "just": 1.734}, "Jack-in-the-Box": {"Onyx Black": 3.125, "Black": 6.875, "just": 1.9124999999999999}, "Star Notepad": {"Onyx Black": 3.585, "Black": 9.349999999999998, "just": 1.9549999999999998}, "Easter Egg": {"Onyx Black": 3.7750000000000004, "Black": 10.860000000000001, "just": 2.3885}, "Santa Hat": {"Onyx Black": 3.746, "Black": 9.206, "just": 2.3035}, "Hex Pot": {"Onyx Black": 3.965, "Black": 9.325, "just": 2.3205}, "Restless Jar": {"Onyx Black": 3.745, "Black": 8.565, "just": 2.244}, "Lush Bouquet": {"Onyx Black": 4.705, "Black": 8.26, "just": 2.5669999999999997}, "Spiced Wine": {"Onyx Black": 3.09, "Black": 6.926, "just": 2.1675}, "Snow Globe": {"Onyx Black": 5.745, "Black": 10.094999999999999, "just": 2.5415}, "Joyful Bundle": {"Onyx Black": 4.9399999999999995, "Black": 8.940000000000001, "just": 2.448}, "Light Sword": {"Onyx Black": 4.876, "Black": 10.292, "just": 2.686}, "Witch Hat": {"Onyx Black": 4.6899999999999995, "Black": 12.040000000000001, "just": 2.618}, "Bow Tie": {"Onyx Black": 6.286, "Black": 12.282000000000002, "just": 2.6774999999999998}, "Eternal Candle": {"Onyx Black": 5.38, "Black": 10.972, "just": 3.094}, "Jelly Bunny": {"Onyx Black": 4.87, "Black": 11.424999999999999, "just": 2.8475}, "Bunny Muffin": {"Onyx Black": 6.782, "Black": 16.782, "just": 3.5444999999999998}, "Spy Agaric": {"Onyx Black": 6.506, "Black": 10.446000000000002, "just": 2.9835}, "Evil Eye": {"Onyx Black": 6.93, "Black": 14.334, "just": 3.3065}, "Snow Mittens": {"Onyx Black": 5.964, "Black": 8.684000000000001, "just": 3.3489999999999998}, "Berry Box": {"Onyx Black": 4.868, "Black": 10.663999999999998, "just": 3.2129999999999996}, "Valentine Box": {"Onyx Black": 7.2219999999999995, "Black": 12.661999999999999, "just": 4.054499999999999}, "Sakura Flower": {"Onyx Black": 6.92, "Black": 16.316000000000003, "just": 4.42}, "Hanging Star": {"Onyx Black": 9.086, "Black": 15.334, "just": 5.0065}, "Sleigh Bell": {"Onyx Black": 10.834, "Black": 24.034, "just": 6.281499999999999}, "Love Candle": {"Onyx Black": 10.424, "Black": 15.764, "just": 7.598999999999999}, "Skull Flower": {"Onyx Black": 11.26, "Black": 18.379999999999995, "just": 6.885}, "Crystal Ball": {"Onyx Black": 12.293999999999999, "Black": 27.130000000000003, "just": 6.706499999999999}, "Trapped Heart": {"Onyx Black": 11.533999999999999, "Black": 20.733999999999998, "just": 6.706499999999999}, "Top Hat": {"Onyx Black": 14.248000000000001, "Black": 26.340000000000003, "just": 6.715}, "Love Potion": {"Onyx Black": 12.632, "Black": 23.996000000000002, "just": 8.5}, "Flying Broom": {"Onyx Black": 11.786000000000001, "Black": 18.786, "just": 7.9135}, "Cupid Charm": {"Onyx Black": 18.232, "Black": 32.832, "just": 9.962}, "Record Player": {"Onyx Black": 10.356, "Black": 20.356, "just": 6.170999999999999}, "Eternal Rose": {"Onyx Black": 18.264, "Black": 35.744, "just": 12.104}, "Mad Pumpkin": {"Onyx Black": 24.068, "Black": 40.468, "just": 15.963000000000001}, "Voodoo Doll": {"Onyx Black": 24.762, "Black": 50.782, "just": 15.274499999999998}, "Diamond Ring": {"Onyx Black": 20.974, "Black": 41.774,