{"Snoop Dogg": {"Goldizzle": 7.055999999999999, "Black Gold": 1.9305000000000003, "King Snoop": 4.511, "AI Dogg": 3.3905000000000003, "Chrome": 2.3105, "Black Diamond": 2.2155, "Doberman": 3.5235, "Doggfather": 3.0105000000000004, "Sapphire": 2.2535000000000003, "Cold Topaz": 2.016, "Onyx Black": 3.3166666666666664, "Black": 10.019230769230768, "just": 1.4875}, "Swag Bag": {"Boiling Hot": 2.2375, "Cashback": 2.7745, "Bulk Order": 2.4165, "Snoop Life": 2.4165, "Gin & Jewels": 2.148, "Darkness": 1.8795000000000002, "Take It Easy": 2.4165, "Missionary": 6.265000000000001, "P.I.M.P.": 1.8795000000000002, "Happy Herbs": 2.7745, "April 20th": 2.7745, "Onyx Black": 3.145, "Black": 7.095, "just": 1.5215}, "Snoop Cigar": {"Onyx Black": 8.2, "Black": 16.630000000000003, "just": 3.8335}, "Lol Pop": {"Cobweb": 1.4175000000000002, "Angelina": 2.0925000000000002, "Sick Leave": 1.4850000000000003, "Celestia": 2.0925000000000002, "Plastic Ice": 1.4175000000000002, "Watermelon": 1.4175000000000002, "Fire Vortex": 1.4175000000000002, "Rosebud": 1.5525, "Mortal Sin": 3.78, "Jinxed": 1.7550000000000001, "Blood Ember": 1.5525, "Heart Pop": 1.5525, "Pink Foil": 1.4175000000000002, "Sailor Moon": 1.4850000000000003, "Nostalgia": 1.4175000000000002, "Jolly Roger": 1.6875, "Comic Crunch": 1.4850000000000003, "Love Bubbles": 1.5525, "Dark Portal": 1.62, "Milky Way": 1.5525, "Einstein": 1.4850000000000003, "Pumpkin": 1.4850000000000003, "Hexed Helix": 1.7550000000000001, "Gold Star": 1.4850000000000003, "Blood Sucker": 1.62, "Shock Wave": 1.5525, "Portable Pop": 1.4175000000000002, "Dark Sky": 1.5525, "Crystalline": 1.4175000000000002, "Romance": 1.4175000000000002, "Andromeda": 1.8225000000000002, "Doodle Art": 1.4850000000000003, "Icicle": 1.4175000000000002, "Glowstick": 2.0925000000000002, "Cookie Dip": 1.4175000000000002, "Sweetheart": 1.5525, "Soap Bubbles": 1.4175000000000002, "Satellite": 1.6875, "Onyx Black": 1.85, "Black": 5.3149999999999995, "just": 1.1475}, "B-Day Candle": {"Payday": 2.0615, "On Fire": 2.0615, "Happy Meows": 2.66, "Pixel Wish": 2.0615, "Kaboom!": 1.7955000000000003, "Final Boss": 2.0615, "Purr Magic": 2.0615, "Onyx Black": 1.6400000000000001, "Black": 5.15, "just": 1.1305}, "Desk Calendar": {"Balloon Face": 1.4630000000000003, "Peach Week": 2.0615, "Durov Day": 2.66, "Pepe Plans": 10.985000000000001, "Independence": 2.66, "Hodler": 3.7239999999999998, "Adult Tasks": 24.615000000000002, "Burning Time": 2.0615, "Heartbreak": 1.5294999999999999, "Telegram": 2.0615, "Investor": 4.655, "Fund Manager": 2.0615, "Sunday": 2.0615, "Fawkes Night": 4.655, "Deadline": 2.0615, "Tic Tac Toe": 1.596, "Checklist": 1.729, "Onyx Black": 1.63, "Black": 6.005, "just": 1.1305}, "Lunar Snake": {"Dragon Ball": 5.6, "Python Dev": 2.17, "Hot Cherry": 1.89, "Soul Eater": 2.17, "Synthwave": 3.9199999999999995, "Psychedelic": 1.89, "Hellspawn": 2.17, "Timelock": 1.89, "Onyx Black": 2.165, "Black": 4.949999999999999, "just": 1.19}, "Xmas Stocking": {"Onyx Black": 2.13, "Black": 5.424999999999999, "just": 1.19}, "Snake Box": {"Onyx Black": 1.9449999999999998, "Black": 6.17, "just": 1.139}, "Pet Snake": {"Onyx Black": 2.35, "Black": 5.1, "just": 1.4449999999999998}, "Candy Cane": {"Sticky Sweet": 2.4025000000000003, "Designer": 5.425, "Grinch": 3.1, "Hex Pot": 3.1, "Onyx Black": 2.45, "Black": 6.154999999999999, "just": 1.3175}, "Whip Cupcake": {"Resistance": 5.04, "Sponge Duck": 2.2319999999999998, "Deep State": 2.2319999999999998, "Toncoin": 2.88, "Bitcoin": 10.409999999999998, "Onyx Black": 2.0149999999999997, "Black": 5.220000000000001, "just": 1.224}, "Big Year": {"The Nether": 2.079, "Qing Dynasty": 3.78, "Game Boy": 2.079, "Pavel Durov": 3.78, "Gold Mine": 5.292, "Big Brother": 2.9295, "The Hobbit": 3.78, "Cheshire Cat": 2.1734999999999998, "Pokeball": 2.5515, "Creator": 2.9295, "Telegram": 5.292, "First Website": 1.9845, "Bitcoin": 3.78, "YouTubes": 2.9295, "Onyx Black": 3.42, "Black": 9.195, "just": 1.6064999999999998}, "Homemade Cake": {"Onyx Black": 2.0999999999999996, "Black": 5.17, "just": 1.4195}, "Cookie Heart": {"Onyx Black": 2.585, "Black": 7.155, "just": 1.5895000000000001}, "Jester Hat": {"Onyx Black": 2.6, "Black": 6.200000000000001, "just": 1.36}, "Holiday Drink": {"Onyx Black": 2.835, "Black": 5.800000000000001, "just": 1.4449999999999998}, "Ginger Cookie": {"Onyx Black": 3.775, "Black": 6.5, "just": 1.7}, "Hypno Lollipop": {"Onyx Black": 2.84, "Black": 6.19, "just": 1.5979999999999999}, "Winter Wreath": {"Onyx Black": 2.515, "Black": 9.335, "just": 1.513}, "Party Sparkler": {"Onyx Black": 3.245, "Black": 6.645, "just": 1.6064999999999998}, "Jingle Bells": {"Onyx Black": 2.675, "Black": 6.949999999999999, "just": 1.615}, "Tama Gadget": {"Onyx Black": 3.4350000000000005, "Black": 6.9799999999999995, "just": 1.6744999999999999}, "Jack-in-the-Box": {"Onyx Black": 3.085, "Black": 7.86, "just": 1.802}, "Star Notepad": {"Onyx Black": 3.885, "Black": 8.73, "just": 1.9295}, "Easter Egg": {"Onyx Black": 3.91, "Black": 11.06, "just": 2.142}, "Santa Hat": {"Onyx Black": 3.2720000000000002, "Black": 8.331999999999999, "just": 2.227}, "Hex Pot": {"Onyx Black": 4.03, "Black": 10.415, "just": 2.4055}, "Restless Jar": {"Onyx Black": 4.02, "Black": 8.415, "just": 2.159}, "Lush Bouquet": {"Onyx Black": 4.845000000000001, "Black": 7.745, "just": 2.3715}, "Spiced Wine": {"Onyx Black": 2.816, "Black": 6.508, "just": 1.9209999999999998}, "Snow Globe": {"Onyx Black": 4.12, "Black": 10.32, "just": 2.244}, "Joyful Bundle": {"Onyx Black": 3.52, "Black": 8.02, "just": 2.159}, "Light Sword": {"Onyx Black": 4.12, "Black": 10.2, "just": 2.55}, "Witch Hat": {"Onyx Black": 4.3950000000000005, "Black": 11.985000000000001, "just": 2.5245}, "Bow Tie": {"Onyx Black": 4.1240000000000006, "Black": 12.708, "just": 2.703}, "Eternal Candle": {"Onyx Black": 5.258, "Black": 11.058, "just": 2.9155}, "Jelly Bunny": {"Onyx Black": 4.34, "Black": 10.100000000000001, "just": 2.72}, "Bunny Muffin": {"Onyx Black": 5.568, "Black": 13.3, "just": 2.975}, "Spy Agaric": {"Onyx Black": 4.86, "Black": 10.5, "just": 2.635}, "Evil Eye": {"Onyx Black": 6.154, "Black": 12.914, "just": 3.0515}, "Snow Mittens": {"Onyx Black": 4.946, "Black": 7.546, "just": 3.3235}, "Berry Box": {"Onyx Black": 5.208, "Black": 11.608, "just": 3.128}, "Valentine Box": {"Onyx Black": 7.944, "Black": 12.420000000000002, "just": 3.604}, "Sakura Flower": {"Onyx Black": 6.6, "Black": 13.675999999999998, "just": 3.9099999999999997}, "Hanging Star": {"Onyx Black": 8.59, "Black": 14.314, "just": 4.4115}, "Sleigh Bell": {"Onyx Black": 10.628, "Black": 18.628, "just": 6.273}, "Love Candle": {"Onyx Black": 9.884, "Black": 15.963999999999999, "just": 6.7490000000000006}, "Skull Flower": {"Onyx Black": 10.475999999999999, "Black": 18.159999999999997, "just": 6.46}, "Crystal Ball": {"Onyx Black": 12.3, "Black": 29.819999999999997, "just": 6.545}, "Trapped Heart": {"Onyx Black": 11.458, "Black": 19.766000000000002, "just": 7.1655}, "Top Hat": {"Onyx Black": 12.268, "Black": 25.720000000000002, "just": 6.613}, "Love Potion": {"Onyx Black": 10.93, "Black": 22.134, "just": 7.556500000000001}, "Flying Broom": {"Onyx Black": 11.088000000000001, "Black": 17.288, "just": 8.058}, "Cupid Charm": {"Onyx Black": 17.1, "Black": 35.9, "just": 8.924999999999999}, "Record Player": {"Onyx Black": 11.024000000000001, "Black": 20.683999999999997, "just": 6.664}, "Eternal Rose": {"Onyx Black": 18.354, "Black": 31.793999999999997, "just": 11.0415}, "Mad Pumpkin": {"Onyx Black": 25.82, "Black": 40.62, "just": 15.044999999999998}, "Voodoo Doll": {"Onyx Black": 23.454, "Black": 57.95399999999999, "just": 14.1015}, "Diamond Ring": {"Onyx Black": 22.634, "Black": 38.634, "just": 13.9315}, "Toy Bear": {"Onyx Black": 24.952, "Black": 47.4, "just": 16.15}, "Vintage Cigar": {"Onyx Black": 45.19, "Black": 59.994, "just": 20.391499999999997}, "Neko Helmet": {"Onyx Black": 39.394, "Black": 65.39, "just": 24.641499999999997}, "Low Rider": {"Onyx Black": 34.44, "Black": 86.88,