{"Snoop Dogg": {"Emerald": 1.9634999999999998, "King Snoop": 4.456, "Chrome": 2.3765, "Doggfather": 2.8415, "King Ruby": 1.9730000000000003, "Doberman": 3.5255, "AI Dogg": 3.0504999999999995, "Green Light": 1.9445000000000001, "Black Diamond": 2.1155, "Cold Topaz": 1.9825, "Sapphire": 2.1060000000000003, "Goldizzle": 7.3065, "Onyx Black": 3.1966666666666663, "Black": 10.028461538461539, "just": 1.5215}, "Swag Bag": {"April 20th": 3.0845000000000002, "Darkness": 2.189, "Boiling Hot": 2.4875, "Golden Nugs": 2.189, "Missionary": 8.695, "Take It Easy": 2.3283, "Aviators": 2.0895, "Gin & Jewels": 2.587, "Leopard": 2.2885, "Happy Herbs": 3.0845000000000002, "Bulk Order": 2.3283, "Cashback": 3.0845000000000002, "Snoop Life": 2.388, "Onyx Black": 2.995, "Black": 7.495, "just": 1.6915}, "Snoop Cigar": {"Onyx Black": 7.91, "Black": 18.82, "just": 4.114}, "Lol Pop": {"Angelina": 2.2319999999999998, "Satellite": 1.6847999999999999, "Comic Crunch": 1.512, "Blood Sucker": 1.944, "Mortal Sin": 2.88, "Pink Foil": 1.512, "Dark Portal": 1.7999999999999998, "Pumpkin": 1.512, "Cobweb": 1.584, "Jinxed": 1.728, "Watermelon": 1.512, "Love Bubbles": 1.8719999999999999, "Sweetheart": 1.8719999999999999, "Fire Vortex": 1.512, "Rosebud": 1.728, "Andromeda": 1.7999999999999998, "Plastic Ice": 1.512, "Celestia": 2.2319999999999998, "Sailor Moon": 1.512, "Einstein": 1.728, "Dark Sky": 1.584, "Blood Ember": 1.584, "Milky Way": 1.512, "Glowstick": 1.944, "Hexed Helix": 1.584, "Cookie Dip": 1.512, "Jolly Roger": 1.728, "Shock Wave": 1.584, "Doodle Art": 1.656, "Heart Pop": 1.584, "Romance": 1.512, "Onyx Black": 2.02, "Black": 5.220000000000001, "just": 1.224}, "B-Day Candle": {"On Fire": 2.72, "Purr Magic": 2.108, "Kaboom!": 1.8360000000000003, "Happy Meows": 2.72, "Final Boss": 2.108, "Payday": 2.72, "Pixel Wish": 2.108, "Onyx Black": 2.0, "Black": 5.415000000000001, "just": 1.1560000000000001}, "Desk Calendar": {"Independence": 2.0925000000000002, "Adult Tasks": 20.175, "Fund Manager": 2.0925000000000002, "Peach Week": 2.0925000000000002, "Tic Tac Toe": 1.4850000000000003, "Investor": 7.125, "Deadline": 2.0925000000000002, "Sunday": 2.0925000000000002, "Durov Day": 2.7, "Fawkes Night": 3.78, "Hodler": 4.7250000000000005, "Checklist": 2.0925000000000002, "Pepe Plans": 14.674999999999999, "Telegram": 2.0925000000000002, "Burning Time": 2.0925000000000002, "Balloon Face": 2.0925000000000002, "Heartbreak": 1.4850000000000003, "Onyx Black": 1.725, "Black": 5.33, "just": 1.1475}, "Lunar Snake": {"Timelock": 1.937, "Synthwave": 5.215, "Python Dev": 2.3095, "Soul Eater": 2.3095, "Hellspawn": 2.3095, "Psychedelic": 2.3095, "Dragon Ball": 5.215, "Hot Cherry": 2.3095, "Onyx Black": 2.22, "Black": 5.74, "just": 1.2665}, "Xmas Stocking": {"Onyx Black": 2.51, "Black": 5.26, "just": 1.292}, "Snake Box": {"Onyx Black": 2.2350000000000003, "Black": 5.89, "just": 1.343}, "Pet Snake": {"Onyx Black": 2.495, "Black": 6.15, "just": 1.5045}, "Candy Cane": {"Sticky Sweet": 2.4025000000000003, "Hex Pot": 3.1, "Grinch": 3.1, "Designer": 9.025, "Onyx Black": 2.33, "Black": 5.834999999999999, "just": 1.3175}, "Whip Cupcake": {"Toncoin": 2.294, "Deep State": 2.294, "Resistance": 6.98, "Bitcoin": 10.735, "Sponge Duck": 2.294, "Onyx Black": 2.21, "Black": 6.1899999999999995, "just": 1.258}, "Big Year": {"Game Boy": 2.255, "First Website": 2.255, "Pokeball": 2.7675, "Balloons": 2.3574999999999995, "Big Brother": 3.1774999999999998, "YouTubes": 4.1, "Bitcoin": 5.739999999999999, "The Hobbit": 4.1, "Qing Dynasty": 3.1774999999999998, "The Nether": 2.7675, "Creator": 2.7675, "Cheshire Cat": 3.1774999999999998, "Pavel Durov": 7.174999999999999, "Telegram": 4.1, "Gold Mine": 7.174999999999999, "Onyx Black": 3.645, "Black": 9.675, "just": 1.7424999999999997}, "Homemade Cake": {"Onyx Black": 2.29, "Black": 5.29, "just": 1.5555}, "Cookie Heart": {"Onyx Black": 2.45, "Black": 6.699999999999999, "just": 1.615}, "Jester Hat": {"Onyx Black": 2.7600000000000002, "Black": 6.285, "just": 1.513}, "Holiday Drink": {"Onyx Black": 2.63, "Black": 6.13, "just": 1.666}, "Ginger Cookie": {"Onyx Black": 3.775, "Black": 7.0, "just": 1.7}, "Hypno Lollipop": {"Onyx Black": 3.085, "Black": 6.194999999999999, "just": 1.6744999999999999}, "Winter Wreath": {"Moon Cat": 101.0, "Onyx Black": 2.9, "Black": 7.195, "just": 1.7}, "Party Sparkler": {"Onyx Black": 3.2, "Black": 7.275, "just": 1.6235}, "Jingle Bells": {"Onyx Black": 2.83, "Black": 6.545, "just": 1.7764999999999997}, "Tama Gadget": {"Onyx Black": 3.485, "Black": 6.35, "just": 1.8444999999999998}, "Jack-in-the-Box": {"Onyx Black": 3.0700000000000003, "Black": 7.0649999999999995, "just": 1.8955}, "Star Notepad": {"Onyx Black": 4.05, "Black": 9.549999999999999, "just": 2.04}, "Easter Egg": {"Onyx Black": 3.8, "Black": 10.775, "just": 2.4225}, "Santa Hat": {"Onyx Black": 3.956, "Black": 8.396, "just": 2.3459999999999996}, "Hex Pot": {"Onyx Black": 4.06, "Black": 10.194999999999999, "just": 2.465}, "Restless Jar": {"Onyx Black": 4.0649999999999995, "Black": 8.815000000000001, "just": 2.2355}, "Lush Bouquet": {"Onyx Black": 4.495, "Black": 8.9, "just": 2.55}, "Spiced Wine": {"Onyx Black": 3.0460000000000003, "Black": 6.694, "just": 2.1165000000000003}, "Snow Globe": {"Onyx Black": 4.405, "Black": 10.905000000000001, "just": 2.3885}, "Joyful Bundle": {"Onyx Black": 3.9050000000000002, "Black": 10.21, "just": 2.397}, "Light Sword": {"Onyx Black": 4.58, "Black": 9.86, "just": 2.635}, "Witch Hat": {"Onyx Black": 4.565, "Black": 12.07, "just": 2.669}, "Bow Tie": {"Onyx Black": 4.746, "Black": 12.342, "just": 2.7624999999999997}, "Eternal Candle": {"Onyx Black": 4.87, "Black": 10.59, "just": 2.9325}, "Jelly Bunny": {"Onyx Black": 4.795, "Black": 10.685, "just": 2.8815}, "Bunny Muffin": {"Onyx Black": 4.5120000000000005, "Black": 12.452, "just": 2.907}, "Spy Agaric": {"Onyx Black": 5.58, "Black": 10.492, "just": 2.975}, "Evil Eye": {"Onyx Black": 6.3100000000000005, "Black": 12.15, "just": 3.1025}, "Snow Mittens": {"Onyx Black": 5.994, "Black": 8.309999999999999, "just": 3.3915}, "Berry Box": {"Onyx Black": 5.622, "Black": 10.662, "just": 3.2045}, "Valentine Box": {"Onyx Black": 7.59, "Black": 13.190000000000001, "just": 3.9525}, "Sakura Flower": {"Onyx Black": 6.492, "Black": 15.532, "just": 4.436999999999999}, "Hanging Star": {"Onyx Black": 7.7219999999999995, "Black": 15.078, "just": 4.6495}, "Sleigh Bell": {"Onyx Black": 10.452, "Black": 20.451999999999998, "just": 6.3069999999999995}, "Love Candle": {"Onyx Black": 10.994, "Black": 17.354, "just": 7.6415}, "Skull Flower": {"Onyx Black": 11.914, "Black": 17.554000000000002, "just": 6.961499999999999}, "Crystal Ball": {"Onyx Black": 12.504, "Black": 27.924, "just": 7.004}, "Trapped Heart": {"Onyx Black": 13.053999999999998, "Black": 17.894, "just": 7.2165}, "Top Hat": {"Onyx Black": 12.994, "Black": 21.394, "just": 7.6415}, "Love Potion": {"Onyx Black": 11.728, "Black": 23.504, "just": 7.803}, "Flying Broom": {"Onyx Black": 12.876000000000001, "Black": 19.676000000000002, "just": 8.041}, "Cupid Charm": {"Onyx Black": 17.678, "Black": 30.482, "just": 9.749500000000001}, "Record Player": {"Onyx Black": 10.134, "Black": 20.733999999999998, "just": 6.706499999999999}, "Eternal Rose": {"Onyx Black": 20.39, "Black": 34.394, "just": 11.8915}, "Mad Pumpkin": {"Onyx Black": 23.554, "Black": 41.554, "just": 16.6515}, "Voodoo Doll": {"Onyx Black": 23.07, "Black": 45.874, "just": 15.1215}, "Diamond Ring": {"Onyx Black": 22.38, "Black": 45.584, "just": 14.144}, "Toy Bear": {"Onyx Black": 33.758, "Black": 51.55799999999999, "just": 22.040499999999998}, "Vintage Cigar": {"Onyx Black": 36.894, "Black": 67.094, "just": 20.816499999999998}, "Neko Helmet": {"Onyx Black": 38.974000000000004, "Black": 64.974, "just": 24.046499999999998}, "Low Rider": {"Onyx Black": 33.044, "Black": 81.44399999999999, "just": 21.878999999999998}, "Signet Ring": {"Onyx Black": 37.198, "Black": 79.958, "just": 23.2305}, "Electric Skull": {"Onyx Black": 42.507999999999996,