{"Snoop Dogg": {"Goldizzle": 7.9815, "King Snoop": 4.5680000000000005, "Black Diamond": 2.1775, "Doberman": 3.476, "Chrome": 2.2155, "AI Dogg": 2.9915000000000003, "Cold Topaz": 1.9970000000000003, "Sapphire": 2.0255, "Doggfather": 3.001, "Onyx Black": 2.8600000000000003, "Black": 9.609230769230768, "just": 1.394}, "Swag Bag": {"Happy Herbs": 2.79, "Bulk Order": 1.9800000000000002, "Gin & Jewels": 2.25, "Cashback": 3.6, "Darkness": 2.07, "Missionary": 6.3, "P.I.M.P.": 1.8900000000000001, "Golden Nugs": 1.8900000000000001, "Take It Easy": 2.07, "Boiling Hot": 2.25, "Snoop Life": 2.16, "April 20th": 2.79, "Onyx Black": 3.1500000000000004, "Black": 7.89, "just": 1.53}, "Snoop Cigar": {"Onyx Black": 8.045, "Black": 18.145, "just": 3.6465}, "Lol Pop": {"Heart Pop": 1.344, "Pink Foil": 1.344, "Soap Bubbles": 1.4080000000000001, "Sailor Moon": 1.472, "Andromeda": 1.9840000000000002, "Blood Sucker": 1.6, "Icicle": 1.4080000000000001, "Comic Crunch": 1.344, "Blood Ember": 1.536, "Dark Portal": 1.9840000000000002, "Fire Vortex": 1.4080000000000001, "Mortal Sin": 2.56, "Jolly Roger": 1.536, "Einstein": 1.472, "Wonka Berry": 1.472, "Angelina": 1.9840000000000002, "Portable Pop": 1.344, "Milky Way": 1.4080000000000001, "Watermelon": 1.4080000000000001, "Pumpkin": 1.4080000000000001, "Glowstick": 1.9840000000000002, "Satellite": 1.6640000000000001, "Hexed Helix": 1.472, "Celestia": 1.9840000000000002, "Cobweb": 1.4080000000000001, "Dark Sky": 1.472, "Sweetheart": 1.472, "Cookie Dip": 1.6, "Doodle Art": 1.472, "Love Bubbles": 1.4080000000000001, "Rosebud": 1.472, "Shock Wave": 1.344, "Jinxed": 1.4080000000000001, "Nostalgia": 1.6, "Onyx Black": 1.7400000000000002, "Black": 4.9399999999999995, "just": 1.088}, "B-Day Candle": {"Happy Meows": 2.48, "Final Boss": 1.922, "On Fire": 1.922, "Pixel Wish": 1.922, "Purr Magic": 1.922, "Payday": 1.922, "Shocker": 1.922, "Kaboom!": 1.922, "Onyx Black": 1.62, "Black": 4.97, "just": 1.054}, "Desk Calendar": {"Telegram": 1.8755, "Independence": 3.388, "Peach Week": 1.573, "Fawkes Night": 4.234999999999999, "Tic Tac Toe": 1.6335, "Heartbreak": 1.331, "Deadline": 2.42, "Investor": 4.234999999999999, "Burning Time": 1.8755, "Durov Day": 2.42, "Pepe Plans": 4.234999999999999, "Checklist": 1.8755, "Adult Tasks": 4.234999999999999, "Balloon Face": 1.5125, "Fund Manager": 1.8755, "Hodler": 4.234999999999999, "Sunday": 1.8755, "Onyx Black": 1.68, "Black": 5.405, "just": 1.0285}, "Lunar Snake": {"Python Dev": 2.0770000000000004, "Synthwave": 3.752, "Soul Eater": 2.0770000000000004, "Hot Cherry": 2.0770000000000004, "Psychedelic": 2.0770000000000004, "Timelock": 1.8090000000000002, "Dragon Ball": 4.69, "Hellspawn": 3.752, "Onyx Black": 1.9700000000000002, "Black": 5.57, "just": 1.139}, "Xmas Stocking": {"Onyx Black": 1.855, "Black": 5.125, "just": 1.0625}, "Snake Box": {"Onyx Black": 1.745, "Black": 5.135, "just": 1.0795}, "Pet Snake": {"Onyx Black": 2.275, "Black": 5.27, "just": 1.3515}, "Candy Cane": {"Designer": 5.18, "Hex Pot": 2.96, "Grinch": 2.96, "Sticky Sweet": 2.294, "Onyx Black": 2.34, "Black": 6.734999999999999, "just": 1.258}, "Whip Cupcake": {"Sponge Duck": 2.76, "Bitcoin": 4.83, "Resistance": 4.83, "Toncoin": 2.139, "Deep State": 2.139, "Onyx Black": 2.115, "Black": 5.34, "just": 1.1729999999999998}, "Big Year": {"Pokeball": 2.6815, "Bitcoin": 3.46, "The Hobbit": 3.46, "Game Boy": 2.249, "YouTubes": 2.6815, "The Nether": 2.1625, "Pavel Durov": 4.843999999999999, "Creator": 2.3355, "Gold Mine": 6.055, "Telegram": 4.843999999999999, "First Website": 1.9894999999999998, "Balloons": 1.903, "Big Brother": 2.249, "Cheshire Cat": 2.249, "Qing Dynasty": 3.46, "Onyx Black": 2.74, "Black": 7.865, "just": 1.4705}, "Homemade Cake": {"Onyx Black": 2.005, "Black": 5.25, "just": 1.292}, "Cookie Heart": {"Onyx Black": 2.285, "Black": 6.3100000000000005, "just": 1.5045}, "Jester Hat": {"Onyx Black": 2.83, "Black": 6.305000000000001, "just": 1.3685}, "Holiday Drink": {"Onyx Black": 2.245, "Black": 5.525, "just": 1.4024999999999999}, "Ginger Cookie": {"Onyx Black": 3.385, "Black": 6.335000000000001, "just": 1.5045}, "Hypno Lollipop": {"Onyx Black": 2.65, "Black": 6.84, "just": 1.53}, "Winter Wreath": {"Onyx Black": 2.37, "Black": 8.87, "just": 1.4789999999999999}, "Party Sparkler": {"Onyx Black": 2.935, "Black": 7.685, "just": 1.5895000000000001}, "Jingle Bells": {"Onyx Black": 2.4050000000000002, "Black": 6.275, "just": 1.4024999999999999}, "Tama Gadget": {"Onyx Black": 3.145, "Black": 6.569999999999999, "just": 1.5215}, "Jack-in-the-Box": {"Onyx Black": 3.055, "Black": 7.755, "just": 1.836}, "Star Notepad": {"Onyx Black": 4.085, "Black": 8.795, "just": 1.8444999999999998}, "Easter Egg": {"Onyx Black": 3.89, "Black": 11.159999999999998, "just": 1.9805}, "Santa Hat": {"Onyx Black": 3.1550000000000002, "Black": 9.450000000000001, "just": 1.785}, "Hex Pot": {"Onyx Black": 3.55, "Black": 8.15, "just": 1.9975}, "Restless Jar": {"Onyx Black": 3.835, "Black": 7.685, "just": 2.0229999999999997}, "Lush Bouquet": {"Onyx Black": 3.42, "Black": 8.495000000000001, "just": 2.1165000000000003}, "Spiced Wine": {"Onyx Black": 2.995, "Black": 7.805, "just": 1.649}, "Snow Globe": {"Onyx Black": 3.875, "Black": 9.0, "just": 1.87}, "Joyful Bundle": {"Onyx Black": 3.675, "Black": 8.024999999999999, "just": 2.1675}, "Light Sword": {"Onyx Black": 4.42, "Black": 11.25, "just": 2.4139999999999997}, "Witch Hat": {"Onyx Black": 4.02, "Black": 10.375, "just": 2.3375}, "Bow Tie": {"Onyx Black": 4.2, "Black": 14.549999999999999, "just": 2.635}, "Eternal Candle": {"Onyx Black": 5.0, "Black": 14.0, "just": 2.55}, "Jelly Bunny": {"Onyx Black": 4.995, "Black": 10.025, "just": 2.7624999999999997}, "Bunny Muffin": {"Onyx Black": 4.775, "Black": 21.525, "just": 2.6774999999999998}, "Spy Agaric": {"Onyx Black": 5.225, "Black": 10.725000000000001, "just": 2.5075000000000003}, "Evil Eye": {"Onyx Black": 5.6899999999999995, "Black": 15.545, "just": 2.8815}, "Snow Mittens": {"Onyx Black": 4.49, "Black": 8.54, "just": 2.618}, "Berry Box": {"Onyx Black": 4.15, "Black": 13.9, "just": 2.8899999999999997}, "Valentine Box": {"Onyx Black": 7.949999999999999, "Black": 10.95, "just": 3.315}, "Sakura Flower": {"Onyx Black": 7.095000000000001, "Black": 17.845, "just": 3.5615}, "Hanging Star": {"Onyx Black": 7.535, "Black": 16.485, "just": 4.2245}, "Sleigh Bell": {"Onyx Black": 10.379999999999999, "Black": 16.955, "just": 5.0235}, "Love Candle": {"Onyx Black": 7.800000000000001, "Black": 15.3, "just": 5.3549999999999995}, "Skull Flower": {"Onyx Black": 8.690000000000001, "Black": 16.994999999999997, "just": 5.0915}, "Crystal Ball": {"Onyx Black": 13.2, "Black": 28.154999999999998, "just": 5.4485}, "Trapped Heart": {"Onyx Black": 11.844999999999999, "Black": 23.345, "just": 6.5365}, "Top Hat": {"Onyx Black": 15.790000000000001, "Black": 26.14, "just": 6.443}, "Love Potion": {"Onyx Black": 10.235, "Black": 28.485, "just": 6.7745}, "Flying Broom": {"Onyx Black": 10.785, "Black": 19.295, "just": 7.3015}, "Cupid Charm": {"Onyx Black": 16.494999999999997, "Black": 37.0, "just": 8.5}, "Record Player": {"Onyx Black": 11.7, "Black": 23.795, "just": 6.46}, "Eternal Rose": {"Onyx Black": 19.995, "Black": 36.495, "just": 11.0415}, "Mad Pumpkin": {"Onyx Black": 18.419999999999998, "Black": 46.675000000000004, "just": 12.1975}, "Voodoo Doll": {"Onyx Black": 22.645, "Black": 46.144999999999996, "just": 12.9965}, "Diamond Ring": {"Onyx Black": 20.35, "Black": 43.864999999999995, "just": 13.3705}, "Toy Bear": {"Onyx Black": 24.895, "Black": 53.395, "just": 15.1215}, "Vintage Cigar": {"Onyx Black": 47.980000000000004, "Black": 72.43, "just": 18.666}, "Neko Helmet": {"Onyx Black": 41.105000000000004, "Black": 71.1, "just": 18.8785}, "Low Rider": {"Onyx Black": 41.650000000000006, "Black": 106.89999999999999, "just": 21.08}, "Signet Ring": {"Onyx Black": 37.865, "Black": 85.865, "just": 20.1705}, "Electric Skull": {"Onyx Black": 37.465, "Black": 67.97, "just": 22.049}, "Kissed Frog": {"Onyx Black": 45.295,