{"Snoop Dogg": {"Goldizzle": 7.135499999999999, "Doggfather": 2.851, "Cold Topaz": 1.9255, "AI Dogg": 2.9459999999999997, "Doberman": 3.6395, "King Snoop": 4.883500000000001, "Chrome": 2.3815, "Black Diamond": 2.1155, "King Ruby": 1.9064999999999999, "Onyx Black": 3.2366666666666664, "Black": 10.628461538461536, "just": 1.5215}, "Swag Bag": {"Happy Herbs": 3.069, "April 20th": 3.069, "Bulk Order": 2.3165999999999998, "Leopard": 2.2769999999999997, "Cashback": 3.069, "Golden Nugs": 2.079, "Gin & Jewels": 2.574, "Boiling Hot": 2.574, "Snoop Life": 2.376, "Missionary": 8.49, "Take It Easy": 2.376, "Darkness": 2.178, "Onyx Black": 3.04, "Black": 7.98, "just": 1.683}, "Snoop Cigar": {"Onyx Black": 7.915, "Black": 18.824999999999996, "just": 4.1225}, "Lol Pop": {"Romance": 1.512, "Angelina": 2.2319999999999998, "Doodle Art": 1.656, "Love Bubbles": 1.8719999999999999, "Plastic Ice": 1.512, "Celestia": 2.2319999999999998, "Rosebud": 1.584, "Pink Foil": 1.512, "Blood Sucker": 1.944, "Glowstick": 2.2319999999999998, "Shock Wave": 1.584, "Jolly Roger": 1.728, "Andromeda": 1.7999999999999998, "Blood Ember": 1.584, "Watermelon": 1.512, "Sailor Moon": 1.512, "Cobweb": 1.512, "Hexed Helix": 1.512, "Sweetheart": 1.8719999999999999, "Mortal Sin": 2.88, "Jinxed": 1.7999999999999998, "Cookie Dip": 1.512, "Heart Pop": 1.584, "Comic Crunch": 1.512, "Dark Sky": 1.584, "Pumpkin": 1.512, "Satellite": 1.6847999999999999, "Fire Vortex": 1.512, "Einstein": 1.728, "Dark Portal": 1.7999999999999998, "Milky Way": 1.512, "Onyx Black": 2.02, "Black": 5.215, "just": 1.224}, "B-Day Candle": {"Purr Magic": 2.1235000000000004, "Final Boss": 2.1235000000000004, "On Fire": 2.1235000000000004, "Kaboom!": 1.8495000000000004, "Pixel Wish": 2.1235000000000004, "Happy Meows": 2.74, "Payday": 2.74, "Onyx Black": 2.005, "Black": 5.435, "just": 1.1645}, "Desk Calendar": {"Fawkes Night": 3.7239999999999998, "Pepe Plans": 14.665000000000001, "Heartbreak": 1.4630000000000003, "Fund Manager": 2.0615, "Adult Tasks": 21.165, "Burning Time": 2.0615, "Tic Tac Toe": 1.5294999999999999, "Checklist": 1.7955000000000003, "Independence": 2.66, "Telegram": 2.0615, "Hodler": 4.655, "Deadline": 2.0615, "Balloon Face": 2.0615, "Peach Week": 2.0615, "Sunday": 2.0615, "Durov Day": 2.66, "Investor": 7.115, "Onyx Black": 1.83, "Black": 5.32, "just": 1.1305}, "Lunar Snake": {"Hellspawn": 2.325, "Python Dev": 2.325, "Dragon Ball": 5.25, "Hot Cherry": 2.325, "Soul Eater": 2.325, "Timelock": 1.9500000000000002, "Synthwave": 5.25, "Psychedelic": 2.325, "Onyx Black": 2.225, "Black": 5.755, "just": 1.275}, "Xmas Stocking": {"Onyx Black": 2.6799999999999997, "Black": 5.515, "just": 1.3005}, "Snake Box": {"Onyx Black": 2.19, "Black": 6.04, "just": 1.2665}, "Pet Snake": {"Onyx Black": 2.5300000000000002, "Black": 6.1899999999999995, "just": 1.564}, "Candy Cane": {"Designer": 5.495, "Sticky Sweet": 2.4335, "Grinch": 3.14, "Hex Pot": 2.4335, "Onyx Black": 2.285, "Black": 5.845, "just": 1.3345}, "Whip Cupcake": {"Resistance": 5.285, "Bitcoin": 10.749999999999998, "Sponge Duck": 2.3405, "Toncoin": 2.3405, "Deep State": 2.0385, "Onyx Black": 2.225, "Black": 6.205, "just": 1.2834999999999999}, "Big Year": {"The Nether": 2.7540000000000004, "Gold Mine": 7.140000000000001, "YouTubes": 4.08, "Game Boy": 2.244, "Cheshire Cat": 2.652, "Big Brother": 3.1620000000000004, "Pokeball": 2.7540000000000004, "Pavel Durov": 7.140000000000001, "Creator": 2.7540000000000004, "Balloons": 2.3459999999999996, "Telegram": 4.08, "First Website": 2.244, "Qing Dynasty": 3.1620000000000004, "Bitcoin": 5.712, "The Hobbit": 4.08, "Onyx Black": 3.64, "Black": 9.670000000000002, "just": 1.734}, "Homemade Cake": {"Onyx Black": 2.41, "Black": 5.385, "just": 1.564}, "Cookie Heart": {"Onyx Black": 2.59, "Black": 6.69, "just": 1.5979999999999999}, "Jester Hat": {"Onyx Black": 2.765, "Black": 6.285, "just": 1.513}, "Holiday Drink": {"Onyx Black": 2.46, "Black": 6.225, "just": 1.632}, "Ginger Cookie": {"Onyx Black": 3.785, "Black": 7.25, "just": 1.7169999999999999}, "Hypno Lollipop": {"Onyx Black": 2.94, "Black": 6.209999999999999, "just": 1.683}, "Winter Wreath": {"Moon Cat": 98.5, "Onyx Black": 2.975, "Black": 7.195, "just": 1.7}, "Party Sparkler": {"Onyx Black": 3.155, "Black": 7.71, "just": 1.632}, "Jingle Bells": {"Onyx Black": 2.84, "Black": 6.725, "just": 1.785}, "Tama Gadget": {"Onyx Black": 3.495, "Black": 6.995000000000001, "just": 1.8615}, "Jack-in-the-Box": {"Onyx Black": 3.075, "Black": 7.0649999999999995, "just": 1.8955}, "Star Notepad": {"Onyx Black": 4.025, "Black": 9.525, "just": 1.9975}, "Easter Egg": {"Onyx Black": 3.8, "Black": 10.775, "just": 2.4225}, "Santa Hat": {"Onyx Black": 3.9619999999999997, "Black": 8.402000000000001, "just": 2.3545}, "Hex Pot": {"Onyx Black": 4.035, "Black": 10.145, "just": 2.38}, "Restless Jar": {"Onyx Black": 4.115, "Black": 9.61, "just": 2.2355}, "Lush Bouquet": {"Onyx Black": 4.495, "Black": 8.9, "just": 2.55}, "Spiced Wine": {"Onyx Black": 3.082, "Black": 6.7299999999999995, "just": 2.1675}, "Snow Globe": {"Onyx Black": 4.42, "Black": 10.17, "just": 2.4139999999999997}, "Joyful Bundle": {"Onyx Black": 3.925, "Black": 10.379999999999999, "just": 2.431}, "Light Sword": {"Onyx Black": 4.672000000000001, "Black": 10.628, "just": 2.652}, "Witch Hat": {"Onyx Black": 4.550000000000001, "Black": 12.05, "just": 2.652}, "Bow Tie": {"Onyx Black": 4.746, "Black": 12.342, "just": 2.7624999999999997}, "Eternal Candle": {"Onyx Black": 4.93, "Black": 10.649999999999999, "just": 3.0174999999999996}, "Jelly Bunny": {"Onyx Black": 4.845000000000001, "Black": 10.735, "just": 2.9665}, "Bunny Muffin": {"Onyx Black": 4.654, "Black": 12.274000000000001, "just": 3.0515}, "Spy Agaric": {"Onyx Black": 5.58, "Black": 10.492, "just": 2.975}, "Evil Eye": {"Onyx Black": 6.412, "Black": 12.251999999999999, "just": 3.247}, "Snow Mittens": {"Onyx Black": 5.0280000000000005, "Black": 8.284, "just": 3.298}, "Berry Box": {"Onyx Black": 5.7219999999999995, "Black": 10.597999999999999, "just": 3.2895}, "Valentine Box": {"Onyx Black": 7.614000000000001, "Black": 13.213999999999999, "just": 3.9865000000000004}, "Sakura Flower": {"Onyx Black": 6.6579999999999995, "Black": 15.658, "just": 4.6155}, "Hanging Star": {"Onyx Black": 7.65, "Black": 14.969999999999999, "just": 4.4965}, "Sleigh Bell": {"Onyx Black": 10.482, "Black": 20.882, "just": 6.3495}, "Love Candle": {"Onyx Black": 10.873999999999999, "Black": 17.233999999999998, "just": 7.471499999999999}, "Skull Flower": {"Onyx Black": 11.902000000000001, "Black": 16.881999999999998, "just": 6.9445}, "Crystal Ball": {"Onyx Black": 12.6, "Black": 28.020000000000003, "just": 7.14}, "Trapped Heart": {"Onyx Black": 13.222, "Black": 19.182, "just": 7.4544999999999995}, "Top Hat": {"Onyx Black": 12.693999999999999, "Black": 22.214, "just": 7.2165}, "Love Potion": {"Onyx Black": 11.724, "Black": 23.660000000000004, "just": 8.024}, "Flying Broom": {"Onyx Black": 12.864, "Black": 19.664, "just": 8.024}, "Cupid Charm": {"Onyx Black": 16.776, "Black": 30.380000000000003, "just": 9.605}, "Record Player": {"Onyx Black": 10.188, "Black": 20.787999999999997, "just": 6.783}, "Eternal Rose": {"Onyx Black": 20.4, "Black": 35.980000000000004, "just": 11.9}, "Mad Pumpkin": {"Onyx Black": 23.614, "Black": 41.81400000000001, "just": 16.7365}, "Voodoo Doll": {"Onyx Black": 23.016, "Black": 48.62, "just": 15.044999999999998}, "Diamond Ring": {"Onyx Black": 22.176000000000002, "Black": 45.38, "just": 13.855}, "Toy Bear": {"Onyx Black": 33.8, "Black": 51.6, "just": 22.099999999999998}, "Vintage Cigar": {"Onyx Black": 36.9, "Black": 55.9, "just": 20.825}, "Neko Helmet": {"Onyx Black": 38.494, "Black": 64.49, "just": 23.3665}, "Low Rider": {"Onyx Black": 33.056, "Black": 81.456, "just": 21.896}, "Signet Ring": {"Onyx Black": 36.994, "Black": 79.75399999999999, "just": 22.941499999999998}, "Electric Skull": {"Onyx Black": 42.4, "Black": 76.4, "just": 28.9}, "Kissed Frog": {"Onyx Black": 46.763999999999996, "Black": 81.564,