{"Snoop Dogg": {"King Snoop": 4.520500000000001, "Doggfather": 3.096, "AI Dogg": 3.153, "Chrome": 2.5290000000000004, "Cold Topaz": 2.0255, "Sapphire": 2.168, "Doberman": 3.8465000000000003, "Goldizzle": 7.7155, "Black Diamond": 2.2345, "Emerald": 2.0255, "Onyx Black": 3.526666666666667, "Black": 10.633846153846152, "just": 1.513}, "Swag Bag": {"Leopard": 2.0895, "Snoop Life": 2.587, "Missionary": 6.965, "Dogg’s Loot": 2.0895, "Bulk Order": 2.388, "Gin & Jewels": 2.587, "April 20th": 3.0845000000000002, "Happy Herbs": 3.0845000000000002, "P.I.M.P.": 2.0895, "Take It Easy": 2.388, "Boiling Hot": 2.388, "Darkness": 2.189, "Cashback": 3.0845000000000002, "Onyx Black": 3.1950000000000003, "Black": 7.1450000000000005, "just": 1.6915}, "Snoop Cigar": {"Onyx Black": 7.615, "Black": 17.245, "just": 3.995}, "Lol Pop": {"Blood Sucker": 1.728, "Blue Goo": 1.512, "Pumpkin": 1.6847999999999999, "Doodle Art": 1.584, "Magic Wand": 1.512, "Heart Pop": 1.584, "Jinxed": 1.656, "Andromeda": 1.8719999999999999, "Blood Ember": 1.728, "Satellite": 1.728, "Dark Portal": 1.7999999999999998, "Cobweb": 1.584, "Celestia": 2.2319999999999998, "Crystalline": 1.584, "Sailor Moon": 1.584, "Mortal Sin": 4.032, "Jolly Roger": 1.728, "Dark Sky": 1.6847999999999999, "Plastic Ice": 1.584, "Einstein": 1.584, "Watermelon": 1.512, "Hexed Helix": 1.6847999999999999, "Fire Vortex": 1.512, "Shock Wave": 1.6847999999999999, "Sweetheart": 1.8719999999999999, "Angelina": 2.2319999999999998, "Love Bubbles": 1.7999999999999998, "Rosebud": 1.728, "Icy Touch": 1.512, "Glowstick": 2.2319999999999998, "Milky Way": 1.584, "Onyx Black": 2.01, "Black": 5.359999999999999, "just": 1.224}, "B-Day Candle": {"Payday": 2.1235000000000004, "Happy Meows": 2.1235000000000004, "Final Boss": 2.1235000000000004, "Kaboom!": 1.8495000000000004, "Pixel Wish": 2.1235000000000004, "Purr Magic": 2.1235000000000004, "On Fire": 2.1235000000000004, "Onyx Black": 1.7550000000000001, "Black": 5.38, "just": 1.1645}, "Desk Calendar": {"Fawkes Night": 4.83, "Independence": 2.76, "Peach Week": 2.139, "Investor": 5.825, "Durov Day": 2.139, "Balloon Face": 2.139, "Telegram": 2.139, "Fund Manager": 2.139, "Pepe Plans": 10.525000000000002, "Heartbreak": 1.4489999999999998, "Sunday": 1.863, "Adult Tasks": 26.189999999999998, "Checklist": 2.139, "Burning Time": 1.863, "Tic Tac Toe": 2.139, "Deadline": 2.139, "Hodler": 4.83, "Onyx Black": 1.7449999999999999, "Black": 5.579999999999999, "just": 1.1729999999999998}, "Lunar Snake": {"Hellspawn": 2.0655, "Dragon Ball": 5.355, "Psychedelic": 1.9125, "Python Dev": 2.3715, "Timelock": 1.989, "Hot Cherry": 2.0655, "Synthwave": 5.355, "Soul Eater": 2.3715, "Onyx Black": 2.2600000000000002, "Black": 5.760000000000001, "just": 1.3005}, "Xmas Stocking": {"Onyx Black": 2.415, "Black": 5.715, "just": 1.2155}, "Snake Box": {"Onyx Black": 2.13, "Black": 5.63, "just": 1.2409999999999999}, "Pet Snake": {"Onyx Black": 2.465, "Black": 5.845, "just": 1.4789999999999999}, "Candy Cane": {"Hex Pot": 3.22, "Sticky Sweet": 2.1735, "Designer": 4.508, "Grinch": 3.22, "Onyx Black": 2.48, "Black": 5.98, "just": 1.3685}, "Whip Cupcake": {"Sponge Duck": 3.0, "Deep State": 2.325, "Resistance": 5.25, "Bitcoin": 9.45, "Toncoin": 2.325, "Onyx Black": 2.225, "Black": 5.7, "just": 1.275}, "Big Year": {"Big Brother": 2.8485, "Pavel Durov": 4.22, "First Website": 2.321, "Bitcoin": 4.22, "YouTubes": 4.22, "Game Boy": 2.2155, "Telegram": 4.22, "Gold Mine": 4.22, "Pokeball": 2.743, "The Hobbit": 3.2704999999999997, "Cheshire Cat": 2.4265, "Qing Dynasty": 3.2704999999999997, "The Nether": 3.2704999999999997, "Creator": 2.8485, "Onyx Black": 3.6799999999999997, "Black": 8.655, "just": 1.7934999999999999}, "Homemade Cake": {"Onyx Black": 2.4000000000000004, "Black": 5.5649999999999995, "just": 1.5385}, "Cookie Heart": {"Onyx Black": 2.55, "Black": 6.945, "just": 1.615}, "Jester Hat": {"Onyx Black": 2.65, "Black": 6.5, "just": 1.4875}, "Holiday Drink": {"Onyx Black": 2.63, "Black": 6.180000000000001, "just": 1.581}, "Ginger Cookie": {"Onyx Black": 3.785, "Black": 7.035, "just": 1.7594999999999998}, "Hypno Lollipop": {"Onyx Black": 2.7800000000000002, "Black": 6.49, "just": 1.751}, "Winter Wreath": {"Moon Cat": 108.485, "Onyx Black": 2.55, "Black": 8.685, "just": 1.6744999999999999}, "Party Sparkler": {"Onyx Black": 3.62, "Black": 7.970000000000001, "just": 1.6575}, "Jingle Bells": {"Onyx Black": 2.88, "Black": 6.54, "just": 1.768}, "Tama Gadget": {"Onyx Black": 3.455, "Black": 6.545, "just": 1.7764999999999997}, "Jack-in-the-Box": {"Onyx Black": 3.13, "Black": 7.62, "just": 1.9124999999999999}, "Star Notepad": {"Onyx Black": 3.4, "Black": 9.649999999999999, "just": 1.9549999999999998}, "Easter Egg": {"Onyx Black": 3.645, "Black": 11.099999999999998, "just": 2.38}, "Santa Hat": {"Onyx Black": 3.256, "Black": 8.396, "just": 2.3459999999999996}, "Hex Pot": {"Onyx Black": 3.9299999999999997, "Black": 10.094999999999999, "just": 2.3120000000000003}, "Restless Jar": {"Onyx Black": 3.775, "Black": 10.524999999999999, "just": 2.1675}, "Lush Bouquet": {"Onyx Black": 4.32, "Black": 7.970000000000001, "just": 2.499}, "Spiced Wine": {"Onyx Black": 3.0, "Black": 6.86, "just": 1.9889999999999999}, "Snow Globe": {"Onyx Black": 4.64, "Black": 12.889999999999999, "just": 2.363}, "Joyful Bundle": {"Onyx Black": 3.645, "Black": 7.665, "just": 2.4139999999999997}, "Light Sword": {"Onyx Black": 4.57, "Black": 10.674, "just": 2.7115}, "Witch Hat": {"Onyx Black": 4.395, "Black": 11.745, "just": 2.9665}, "Bow Tie": {"Onyx Black": 4.954000000000001, "Black": 12.642, "just": 2.7795}, "Eternal Candle": {"Onyx Black": 5.338, "Black": 11.342, "just": 3.0345}, "Jelly Bunny": {"Onyx Black": 4.745, "Black": 11.18, "just": 2.9665}, "Bunny Muffin": {"Onyx Black": 4.82, "Black": 10.22, "just": 3.145}, "Spy Agaric": {"Onyx Black": 5.18, "Black": 10.372, "just": 2.8049999999999997}, "Evil Eye": {"Onyx Black": 6.214, "Black": 12.613999999999999, "just": 3.1365}, "Snow Mittens": {"Onyx Black": 4.908, "Black": 7.964, "just": 3.128}, "Berry Box": {"Onyx Black": 5.88, "Black": 11.6, "just": 3.23}, "Valentine Box": {"Onyx Black": 7.55, "Black": 12.75, "just": 4.1225}, "Sakura Flower": {"Onyx Black": 6.94, "Black": 15.340000000000002, "just": 4.165}, "Hanging Star": {"Onyx Black": 8.574, "Black": 15.370000000000001, "just": 4.7855}, "Sleigh Bell": {"Onyx Black": 11.056000000000001, "Black": 18.652, "just": 6.596}, "Love Candle": {"Onyx Black": 11.222, "Black": 20.618000000000002, "just": 7.114499999999999}, "Skull Flower": {"Onyx Black": 10.68, "Black": 17.840000000000003, "just": 7.14}, "Crystal Ball": {"Onyx Black": 11.33, "Black": 28.71, "just": 6.672499999999999}, "Trapped Heart": {"Onyx Black": 13.016, "Black": 19.095999999999997, "just": 7.7010000000000005}, "Top Hat": {"Onyx Black": 12.14, "Black": 22.419999999999998, "just": 6.545}, "Love Potion": {"Onyx Black": 10.99, "Black": 22.194, "just": 7.6415}, "Flying Broom": {"Onyx Black": 10.894, "Black": 18.326, "just": 8.0665}, "Cupid Charm": {"Onyx Black": 16.894, "Black": 32.494, "just": 9.7665}, "Record Player": {"Onyx Black": 11.108, "Black": 20.384, "just": 6.783}, "Eternal Rose": {"Onyx Black": 17.323999999999998, "Black": 36.924, "just": 11.508999999999999}, "Mad Pumpkin": {"Onyx Black": 22.58, "Black": 38.38, "just": 14.705}, "Voodoo Doll": {"Onyx Black": 21.908, "Black": 48.068, "just": 14.263}, "Diamond Ring": {"Onyx Black": 22.514000000000003, "Black": 43.714, "just": 13.7615}, "Toy Bear": {"Onyx Black": 24.616, "Black": 47.096, "just": 15.725}, "Vintage Cigar": {"Onyx Black": 42.354, "Black": 55.594, "just": 20.391499999999997}, "Neko Helmet": {"Onyx Black": 36.014, "Black": 76.014, "just": 22.6865}, "Low Rider": {"Onyx Black": 34.28, "Black": 91.08, "just": 21.93}, "Signet Ring": {"Onyx Black": 37.257999999999996, "Black": 80.05799999999999, "just": 23.3155}, "Electric Skull": {"Onyx Black": 44.176, "Black": 67.77199999999999, "just": 26.316}, "Kissed Frog": {"Onyx Black": 48.965999999999994,