{"Snoop Dogg": {"Emerald": 1.9210000000000003, "Doggfather": 3.1435000000000004, "Sapphire": 2.1205000000000003, "King Snoop": 4.492, "Goldizzle": 7.231000000000001, "AI Dogg": 2.8965, "Black Diamond": 2.111, "Doberman": 3.7135000000000002, "Chrome": 2.2535000000000003, "Onyx Black": 2.8166666666666664, "Black": 10.373076923076923, "just": 1.4024999999999999}, "Swag Bag": {"Missionary": 6.335, "April 20th": 2.8055000000000003, "Cashback": 2.8055000000000003, "Gin & Jewels": 2.172, "Take It Easy": 2.172, "Happy Herbs": 2.8055000000000003, "Golden Nugs": 1.9005, "Darkness": 1.9910000000000003, "Bulk Order": 2.0814999999999997, "Boiling Hot": 2.4435000000000002, "Snoop Life": 2.4435000000000002, "P.I.M.P.": 1.9005, "Onyx Black": 2.9050000000000002, "Black": 6.895, "just": 1.5385}, "Snoop Cigar": {"Onyx Black": 7.67, "Black": 18.42, "just": 3.6889999999999996}, "Lol Pop": {"Satellite": 1.6900000000000002, "Wonka Berry": 1.4300000000000002, "Blood Ember": 1.625, "Blood Sucker": 1.625, "Angelina": 1.7550000000000001, "Milky Way": 1.4300000000000002, "Sailor Moon": 1.56, "Comic Crunch": 1.3650000000000002, "Cookie Dip": 1.4300000000000002, "Fire Vortex": 1.4300000000000002, "Jolly Roger": 1.56, "Einstein": 1.3650000000000002, "Love Bubbles": 1.4300000000000002, "Pink Foil": 1.3650000000000002, "Shock Wave": 1.3650000000000002, "Doodle Art": 1.56, "Mortal Sin": 3.6399999999999997, "Dark Sky": 1.56, "Rosebud": 1.625, "Watermelon": 1.4300000000000002, "Andromeda": 1.7550000000000001, "Jinxed": 1.4300000000000002, "Celestia": 2.015, "Sweetheart": 1.4949999999999999, "Icicle": 1.4300000000000002, "Portable Pop": 1.3650000000000002, "Cobweb": 1.4300000000000002, "Hexed Helix": 1.4300000000000002, "Heart Pop": 1.3650000000000002, "Dark Portal": 1.56, "Romance": 1.3650000000000002, "Glowstick": 2.015, "Pumpkin": 1.4949999999999999, "Onyx Black": 1.75, "Black": 5.095000000000001, "just": 1.105}, "B-Day Candle": {"Pixel Wish": 1.891, "Kaboom!": 1.891, "Final Boss": 1.891, "Shocker": 1.891, "On Fire": 2.44, "Payday": 1.891, "Happy Meows": 2.44, "Purr Magic": 1.891, "Onyx Black": 1.585, "Black": 4.71, "just": 1.037}, "Desk Calendar": {"Heartbreak": 1.342, "Checklist": 1.891, "Fawkes Night": 4.27, "Deadline": 2.44, "Fund Manager": 1.891, "Tic Tac Toe": 1.647, "Hodler": 4.27, "Burning Time": 1.891, "Independence": 3.416, "Durov Day": 2.44, "Telegram": 1.891, "Balloon Face": 1.586, "Adult Tasks": 4.27, "Pepe Plans": 4.27, "Investor": 4.27, "Sunday": 2.44, "Peach Week": 1.586, "Onyx Black": 1.575, "Black": 4.7, "just": 1.037}, "Lunar Snake": {"Timelock": 1.8495000000000004, "Hot Cherry": 2.1235000000000004, "Hellspawn": 2.1235000000000004, "Python Dev": 2.1235000000000004, "Soul Eater": 1.8495000000000004, "Dragon Ball": 4.795, "Synthwave": 3.836, "Psychedelic": 2.1235000000000004, "Onyx Black": 1.98, "Black": 4.885, "just": 1.1645}, "Xmas Stocking": {"Onyx Black": 1.9500000000000002, "Black": 5.15, "just": 1.105}, "Snake Box": {"Onyx Black": 1.895, "Black": 4.695, "just": 1.0965}, "Pet Snake": {"Onyx Black": 2.27, "Black": 5.02, "just": 1.309}, "Candy Cane": {"Hex Pot": 2.418, "Sticky Sweet": 2.418, "Designer": 5.46, "Grinch": 3.12, "Onyx Black": 2.245, "Black": 6.279999999999999, "just": 1.326}, "Whip Cupcake": {"Resistance": 5.005, "Sponge Duck": 2.86, "Deep State": 1.9305, "Toncoin": 2.2165, "Bitcoin": 5.005, "Onyx Black": 2.1149999999999998, "Black": 5.21, "just": 1.2155}, "Big Year": {"Game Boy": 2.197, "Big Brother": 2.2815, "YouTubes": 2.6195, "Bitcoin": 4.731999999999999, "Telegram": 4.731999999999999, "Gold Mine": 4.731999999999999, "Pokeball": 2.6195, "Cheshire Cat": 2.197, "Qing Dynasty": 2.6195, "The Nether": 2.197, "First Website": 2.197, "Pavel Durov": 4.731999999999999, "Creator": 2.6195, "The Hobbit": 3.38, "Onyx Black": 2.715, "Black": 7.795, "just": 1.4364999999999999}, "Homemade Cake": {"Onyx Black": 1.9900000000000002, "Black": 4.845, "just": 1.2665}, "Cookie Heart": {"Onyx Black": 2.295, "Black": 6.775, "just": 1.4875}, "Jester Hat": {"Onyx Black": 2.94, "Black": 5.94, "just": 1.343}, "Holiday Drink": {"Onyx Black": 2.33, "Black": 5.59, "just": 1.513}, "Ginger Cookie": {"Onyx Black": 2.835, "Black": 6.41, "just": 1.547}, "Hypno Lollipop": {"Onyx Black": 2.675, "Black": 5.875, "just": 1.4875}, "Winter Wreath": {"Onyx Black": 2.435, "Black": 7.95, "just": 1.4449999999999998}, "Party Sparkler": {"Onyx Black": 2.7800000000000002, "Black": 5.63, "just": 1.496}, "Jingle Bells": {"Onyx Black": 2.455, "Black": 6.375, "just": 1.4875}, "Tama Gadget": {"Onyx Black": 2.885, "Black": 6.535, "just": 1.5045}, "Jack-in-the-Box": {"Onyx Black": 2.66, "Black": 7.87, "just": 1.6915}, "Star Notepad": {"Onyx Black": 4.09, "Black": 8.99, "just": 1.853}, "Easter Egg": {"Onyx Black": 3.685, "Black": 11.16, "just": 2.0145}, "Santa Hat": {"Onyx Black": 3.295, "Black": 9.495000000000001, "just": 1.8615}, "Hex Pot": {"Onyx Black": 3.73, "Black": 8.030000000000001, "just": 1.9209999999999998}, "Restless Jar": {"Onyx Black": 3.645, "Black": 7.6450000000000005, "just": 1.9465}, "Lush Bouquet": {"Onyx Black": 3.35, "Black": 8.5, "just": 2.125}, "Spiced Wine": {"Onyx Black": 3.145, "Black": 7.0200000000000005, "just": 1.734}, "Snow Globe": {"Onyx Black": 3.9899999999999998, "Black": 9.09, "just": 2.0229999999999997}, "Joyful Bundle": {"Onyx Black": 3.71, "Black": 8.515, "just": 2.2355}, "Light Sword": {"Onyx Black": 4.57, "Black": 11.27, "just": 2.4139999999999997}, "Witch Hat": {"Onyx Black": 3.885, "Black": 10.335, "just": 2.2695}, "Bow Tie": {"Onyx Black": 4.685, "Black": 14.685, "just": 2.5669999999999997}, "Eternal Candle": {"Onyx Black": 5.16, "Black": 10.16, "just": 2.397}, "Jelly Bunny": {"Onyx Black": 4.54, "Black": 10.04, "just": 2.618}, "Bunny Muffin": {"Onyx Black": 4.415, "Black": 21.565, "just": 2.669}, "Spy Agaric": {"Onyx Black": 5.21, "Black": 10.71, "just": 2.4819999999999998}, "Evil Eye": {"Onyx Black": 5.79, "Black": 15.795, "just": 3.0515}, "Snow Mittens": {"Onyx Black": 4.565, "Black": 8.465, "just": 2.4905}, "Berry Box": {"Onyx Black": 4.755, "Black": 14.264999999999999, "just": 3.0004999999999997}, "Valentine Box": {"Onyx Black": 9.455, "Black": 10.955, "just": 3.3235}, "Sakura Flower": {"Onyx Black": 5.52, "Black": 18.02, "just": 3.4339999999999997}, "Hanging Star": {"Onyx Black": 7.49, "Black": 16.34, "just": 3.9779999999999998}, "Sleigh Bell": {"Onyx Black": 12.530000000000001, "Black": 18.025, "just": 5.151}, "Love Candle": {"Onyx Black": 7.805, "Black": 15.405000000000001, "just": 5.363499999999999}, "Skull Flower": {"Onyx Black": 8.7, "Black": 17.0, "just": 5.1}, "Crystal Ball": {"Onyx Black": 10.285, "Black": 28.299999999999997, "just": 5.609999999999999}, "Trapped Heart": {"Onyx Black": 10.395, "Black": 22.895, "just": 6.6215}, "Top Hat": {"Onyx Black": 16.310000000000002, "Black": 26.185000000000002, "just": 6.5195}, "Love Potion": {"Onyx Black": 10.309999999999999, "Black": 26.585, "just": 6.9445}, "Flying Broom": {"Onyx Black": 10.895, "Black": 19.395, "just": 7.471499999999999}, "Cupid Charm": {"Onyx Black": 14.995, "Black": 34.5, "just": 8.5}, "Record Player": {"Onyx Black": 9.94, "Black": 23.935, "just": 6.6979999999999995}, "Eternal Rose": {"Onyx Black": 18.85, "Black": 36.349999999999994, "just": 10.795}, "Mad Pumpkin": {"Onyx Black": 18.465, "Black": 39.715, "just": 12.2655}, "Voodoo Doll": {"Onyx Black": 20.495, "Black": 45.995, "just": 12.7415}, "Diamond Ring": {"Onyx Black": 20.025, "Black": 43.025000000000006, "just": 12.7925}, "Toy Bear": {"Onyx Black": 21.96, "Black": 53.295, "just": 14.9515}, "Vintage Cigar": {"Onyx Black": 38.5, "Black": 79.5, "just": 18.7}, "Neko Helmet": {"Onyx Black": 41.474999999999994, "Black": 71.475, "just": 19.5075}, "Low Rider": {"Onyx Black": 35.45, "Black": 106.94999999999999, "just": 20.314999999999998}, "Signet Ring": {"Onyx Black": 31.689999999999998, "Black": 90.69999999999999, "just": 19.889999999999997}, "Electric Skull": {"Onyx Black": 36.99, "Black": 69.495, "just": 21.2415},