{"Snoop Dogg": {"Goldizzle": 7.531000000000001, "AI Dogg": 2.9319999999999995, "Chrome": 2.671, "Emerald": 1.9730000000000003, "Black Diamond": 2.201, "Sapphire": 2.087, "Green Light": 1.9540000000000002, "Doggfather": 3.2405, "King Snoop": 5.824, "Doberman": 3.6109999999999998, "Onyx Black": 3.6100000000000003, "Black": 10.257692307692308, "just": 1.5725}, "Swag Bag": {"Boiling Hot": 2.6865, "Missionary": 8.495, "Cashback": 3.0845000000000002, "Leopard": 2.0895, "Aviators": 2.0895, "April 20th": 3.0845000000000002, "Take It Easy": 2.587, "Darkness": 2.189, "P.I.M.P.": 2.0895, "Snoop Life": 2.4875, "Happy Herbs": 3.0845000000000002, "Golden Nugs": 2.0895, "Gin & Jewels": 2.388, "Bulk Order": 2.189, "Onyx Black": 3.6799999999999997, "Black": 7.245, "just": 1.6915}, "Snoop Cigar": {"Onyx Black": 8.2, "Black": 19.895, "just": 4.08}, "Lol Pop": {"Milky Way": 1.4595, "Sailor Moon": 1.4595, "Pumpkin": 2.1545, "Einstein": 1.668, "Plastic Ice": 1.4595, "Pink Foil": 1.4595, "Rising Star": 1.4595, "Rosebud": 1.7374999999999998, "Dark Sky": 1.5984999999999998, "Dark Portal": 1.668, "Golden Amber": 1.4595, "Icy Touch": 1.4595, "Heart Pop": 1.529, "Jinxed": 1.7374999999999998, "Sick Leave": 1.4595, "Fire Vortex": 1.4595, "Shock Wave": 1.529, "Nostalgia": 1.4595, "Celestia": 2.1545, "Watermelon": 1.4595, "Glowstick": 2.1545, "Blood Sucker": 1.7374999999999998, "Hexed Helix": 1.5984999999999998, "Blood Ember": 1.5984999999999998, "Cobweb": 1.529, "Angelina": 2.1545, "Satellite": 1.668, "Doodle Art": 1.529, "Gold Star": 1.4595, "Icicle": 1.4595, "Comic Crunch": 1.4595, "Andromeda": 1.8765, "Sweetheart": 1.7374999999999998, "Crystal Comet": 1.4595, "Jolly Roger": 1.6262999999999999, "Love Bubbles": 1.5984999999999998, "Crystalline": 1.4595, "Hollywood": 1.4595, "Magic Wand": 1.4595, "Romance": 1.4595, "Mortal Sin": 3.8919999999999995, "Liquid Lime": 1.4595, "Onyx Black": 1.9300000000000002, "Black": 5.0200000000000005, "just": 1.1815}, "B-Day Candle": {"Pixel Wish": 2.139, "Payday": 2.139, "Purr Magic": 2.139, "Kaboom!": 2.139, "Happy Meows": 2.139, "Final Boss": 2.139, "On Fire": 2.139, "Onyx Black": 1.785, "Black": 5.02, "just": 1.1729999999999998}, "Desk Calendar": {"Checklist": 2.0770000000000004, "Deadline": 2.0770000000000004, "Fawkes Night": 5.62, "Balloon Face": 1.675, "Burning Time": 2.0770000000000004, "Peach Week": 2.0770000000000004, "Tic Tac Toe": 1.675, "Heartbreak": 1.4740000000000002, "Pepe Plans": 14.62, "Investor": 9.545, "Durov Day": 6.9799999999999995, "Fund Manager": 2.0770000000000004, "Independence": 2.0770000000000004, "Hodler": 4.69, "Telegram": 2.68, "Adult Tasks": 25.615, "Sunday": 2.0770000000000004, "Onyx Black": 1.795, "Black": 5.04, "just": 1.139}, "Lunar Snake": {"Synthwave": 4.088, "Hellspawn": 1.825, "Python Dev": 2.263, "Psychedelic": 1.898, "Timelock": 2.263, "Dragon Ball": 5.109999999999999, "Soul Eater": 2.263, "Hot Cherry": 1.971, "Onyx Black": 2.23, "Black": 5.300000000000001, "just": 1.2409999999999999}, "Xmas Stocking": {"Onyx Black": 2.0549999999999997, "Black": 5.97, "just": 1.2409999999999999}, "Snake Box": {"Onyx Black": 2.16, "Black": 6.235, "just": 1.377}, "Pet Snake": {"Onyx Black": 2.435, "Black": 5.935, "just": 1.5895000000000001}, "Candy Cane": {"Hex Pot": 4.367999999999999, "Sticky Sweet": 1.9500000000000002, "Grinch": 3.12, "Designer": 5.46, "Onyx Black": 2.13, "Black": 5.785, "just": 1.326}, "Whip Cupcake": {"Sponge Duck": 2.6195, "Bitcoin": 11.844999999999999, "Deep State": 2.197, "Toncoin": 2.6195, "Resistance": 5.915, "Onyx Black": 2.545, "Black": 5.460000000000001, "just": 1.4364999999999999}, "Big Year": {"Big Brother": 2.8675, "Telegram": 5.18, "Balloons": 1.9425000000000001, "Pavel Durov": 9.425, "Pokeball": 2.4050000000000002, "Game Boy": 2.035, "First Website": 2.4975000000000005, "YouTubes": 2.8675, "Gold Mine": 7.41, "Qing Dynasty": 3.7, "Cheshire Cat": 2.8675, "The Nether": 2.8675, "Bitcoin": 5.18, "The Hobbit": 3.7, "Creator": 2.8675, "Onyx Black": 3.5200000000000005, "Black": 8.925, "just": 1.5725}, "Homemade Cake": {"Onyx Black": 2.3049999999999997, "Black": 5.3549999999999995, "just": 1.632}, "Cookie Heart": {"Onyx Black": 2.5700000000000003, "Black": 6.720000000000001, "just": 1.649}, "Jester Hat": {"Onyx Black": 2.49, "Black": 6.465000000000001, "just": 1.513}, "Holiday Drink": {"Onyx Black": 2.685, "Black": 6.294999999999999, "just": 1.6064999999999998}, "Ginger Cookie": {"Onyx Black": 3.54, "Black": 7.180000000000001, "just": 1.5979999999999999}, "Hypno Lollipop": {"Onyx Black": 3.3100000000000005, "Black": 7.435, "just": 1.6744999999999999}, "Winter Wreath": {"Moon Cat": 100.97, "Onyx Black": 2.87, "Black": 7.92, "just": 1.649}, "Party Sparkler": {"Onyx Black": 2.9400000000000004, "Black": 6.694999999999999, "just": 1.6064999999999998}, "Jingle Bells": {"Onyx Black": 2.935, "Black": 6.39, "just": 1.6915}, "Tama Gadget": {"Onyx Black": 3.0, "Black": 6.74, "just": 1.7}, "Jack-in-the-Box": {"Onyx Black": 3.13, "Black": 6.88, "just": 1.9209999999999998}, "Star Notepad": {"Onyx Black": 3.6100000000000003, "Black": 9.375, "just": 1.9975}, "Easter Egg": {"Onyx Black": 3.765, "Black": 10.850000000000001, "just": 2.3715}, "Santa Hat": {"Onyx Black": 3.746, "Black": 9.206, "just": 2.3035}, "Hex Pot": {"Onyx Black": 3.975, "Black": 9.07, "just": 2.3375}, "Restless Jar": {"Onyx Black": 3.735, "Black": 8.66, "just": 2.227}, "Lush Bouquet": {"Onyx Black": 4.695, "Black": 8.245000000000001, "just": 2.5415}, "Spiced Wine": {"Onyx Black": 3.082, "Black": 6.878, "just": 2.0995}, "Snow Globe": {"Onyx Black": 5.745, "Black": 10.094999999999999, "just": 2.5415}, "Joyful Bundle": {"Onyx Black": 4.885, "Black": 8.885, "just": 2.3545}, "Light Sword": {"Onyx Black": 4.87, "Black": 10.290000000000001, "just": 2.6774999999999998}, "Witch Hat": {"Onyx Black": 4.625, "Black": 11.975000000000001, "just": 2.5075000000000003}, "Bow Tie": {"Onyx Black": 6.286, "Black": 12.282000000000002, "just": 2.6774999999999998}, "Eternal Candle": {"Onyx Black": 5.404, "Black": 10.996, "just": 3.128}, "Jelly Bunny": {"Onyx Black": 4.87, "Black": 11.175, "just": 2.8475}, "Bunny Muffin": {"Onyx Black": 6.734, "Black": 16.854, "just": 3.4764999999999997}, "Spy Agaric": {"Onyx Black": 6.228, "Black": 10.368000000000002, "just": 2.8729999999999998}, "Evil Eye": {"Onyx Black": 6.928, "Black": 14.328, "just": 3.298}, "Snow Mittens": {"Onyx Black": 5.904, "Black": 8.644, "just": 3.264}, "Berry Box": {"Onyx Black": 4.862, "Black": 10.658, "just": 3.2045}, "Valentine Box": {"Onyx Black": 7.252000000000001, "Black": 12.692, "just": 4.097}, "Sakura Flower": {"Onyx Black": 6.92, "Black": 16.32, "just": 4.42}, "Hanging Star": {"Onyx Black": 9.154, "Black": 15.394, "just": 5.0915}, "Sleigh Bell": {"Onyx Black": 10.762, "Black": 23.962, "just": 6.179499999999999}, "Love Candle": {"Onyx Black": 10.18, "Black": 15.5, "just": 7.225}, "Skull Flower": {"Onyx Black": 11.54, "Black": 18.259999999999998, "just": 6.715}, "Crystal Ball": {"Onyx Black": 12.322, "Black": 27.322000000000003, "just": 6.9785}, "Trapped Heart": {"Onyx Black": 11.988, "Black": 20.848, "just": 6.867999999999999}, "Top Hat": {"Onyx Black": 14.28, "Black": 26.28, "just": 6.63}, "Love Potion": {"Onyx Black": 12.572, "Black": 23.936, "just": 8.415000000000001}, "Flying Broom": {"Onyx Black": 11.9, "Black": 18.9, "just": 8.075}, "Cupid Charm": {"Onyx Black": 18.354, "Black": 32.754, "just": 9.8515}, "Record Player": {"Onyx Black": 10.422, "Black": 20.422, "just": 6.2645}, "Eternal Rose": {"Onyx Black": 18.418, "Black": 35.858000000000004, "just": 12.2655}, "Mad Pumpkin": {"Onyx Black": 24.302, "Black": 40.702, "just": 16.2945}, "Voodoo Doll": {"Onyx Black": 24.774, "Black": 50.794, "just": 15.291499999999997}, "Diamond Ring": {"Onyx Black": 20.92, "Black": 41.72, "just": 13.77}, "Toy Bear": {"Onyx Black": 30.234, "Black": 47.034, "just": 19.0315}, "Vintage Cigar": {"Onyx Black": 33.980000000000004, "Black": 59.58, "just": 19.805}, "Neko Helmet": {"Onyx Black": 36.794, "Black": 64.194,