{"Snoop Dogg": {"Chrome": 2.383, "Sapphire": 2.0255, "Doggfather": 2.963, "AI Dogg": 3.3715, "King Ruby": 1.9495000000000005, "Goldizzle": 7.0505, "Green Light": 1.9020000000000001, "Black Gold": 1.8355000000000004, "Cold Topaz": 2.1490000000000005, "King Snoop": 4.4255, "Silver": 1.7025, "Emerald": 1.7405, "Black Diamond": 2.2215, "Doberman": 3.5805000000000002, "Onyx Black": 2.94, "Black": 10.167692307692308, "just": 1.326}, "Swag Bag": {"April 20th": 2.945, "P.I.M.P.": 2.09, "Golden Nugs": 1.9949999999999999, "Darkness": 2.09, "Missionary": 6.6499999999999995, "Bulk Order": 2.4699999999999998, "Leopard": 1.9949999999999999, "Cashback": 2.945, "Gin & Jewels": 2.4699999999999998, "Boiling Hot": 2.565, "Happy Herbs": 2.945, "Take It Easy": 2.4699999999999998, "Snoop Life": 2.565, "Onyx Black": 3.2, "Black": 6.945, "just": 1.615}, "Snoop Cigar": {"Onyx Black": 8.525, "Black": 17.235, "just": 3.8759999999999994}, "Lol Pop": {"Celestia": 2.2475, "Glowstick": 2.2475, "Mortal Sin": 4.06, "Sick Leave": 1.5225, "Andromeda": 1.885, "Comic Crunch": 1.5225, "Pumpkin": 1.595, "Blood Ember": 1.595, "Jolly Roger": 1.595, "Love Bubbles": 1.74, "Sailor Moon": 1.595, "Dark Sky": 1.74, "Icicle": 1.5225, "Satellite": 1.74, "Watermelon": 1.5225, "Gold Star": 1.5225, "Einstein": 1.5225, "Angelina": 2.2475, "Blood Sucker": 1.595, "Milky Way": 1.595, "Cobweb": 1.5225, "Dark Portal": 1.595, "Sweetheart": 1.6674999999999998, "Jinxed": 1.8125, "Shock Wave": 1.595, "Hexed Helix": 1.8125, "Rosebud": 1.595, "Heart Pop": 1.595, "Onyx Black": 2.025, "Black": 5.319999999999999, "just": 1.2325}, "B-Day Candle": {"Pixel Wish": 2.015, "Final Boss": 2.015, "Payday": 2.015, "Kaboom!": 2.015, "Happy Meows": 2.6, "On Fire": 2.015, "Purr Magic": 2.015, "Onyx Black": 1.7000000000000002, "Black": 5.130000000000001, "just": 1.105}, "Desk Calendar": {"Deadline": 2.015, "Sunday": 2.015, "Burning Time": 2.015, "Pepe Plans": 10.92, "Hodler": 4.55, "Heartbreak": 1.7550000000000001, "Independence": 2.6, "Durov Day": 2.6, "Investor": 4.55, "Fawkes Night": 2.6, "Peach Week": 2.015, "Telegram": 2.015, "Adult Tasks": 25.1, "Tic Tac Toe": 1.7550000000000001, "Balloon Face": 1.4300000000000002, "Checklist": 1.7550000000000001, "Fund Manager": 2.015, "Onyx Black": 1.6, "Black": 5.55, "just": 1.105}, "Lunar Snake": {"Soul Eater": 2.2319999999999998, "Hot Cherry": 2.2319999999999998, "Synthwave": 2.88, "Python Dev": 2.2319999999999998, "Hellspawn": 2.2319999999999998, "Psychedelic": 1.8719999999999999, "Timelock": 1.944, "Dragon Ball": 5.04, "Onyx Black": 2.145, "Black": 5.195, "just": 1.224}, "Xmas Stocking": {"Onyx Black": 2.1399999999999997, "Black": 5.455, "just": 1.2069999999999999}, "Snake Box": {"Onyx Black": 1.935, "Black": 5.675, "just": 1.1729999999999998}, "Pet Snake": {"Onyx Black": 2.465, "Black": 5.3149999999999995, "just": 1.4364999999999999}, "Candy Cane": {"Designer": 5.32, "Sticky Sweet": 2.052, "Grinch": 3.04, "Hex Pot": 3.04, "Onyx Black": 2.3600000000000003, "Black": 5.98, "just": 1.292}, "Whip Cupcake": {"Toncoin": 2.3095, "Deep State": 2.3095, "Sponge Duck": 2.3095, "Resistance": 5.215, "Bitcoin": 9.995000000000001, "Onyx Black": 2.04, "Black": 5.445, "just": 1.2665}, "Big Year": {"YouTubes": 3.0225, "Creator": 3.0225, "Big Brother": 2.6325000000000003, "Pokeball": 2.6325000000000003, "Game Boy": 2.2424999999999997, "Pavel Durov": 5.46, "Telegram": 5.46, "Cheshire Cat": 2.34, "Bitcoin": 5.46, "Qing Dynasty": 3.0225, "The Hobbit": 3.0225, "The Nether": 2.0475, "Gold Mine": 5.46, "First Website": 2.145, "Onyx Black": 3.45, "Black": 8.825, "just": 1.6575}, "Homemade Cake": {"Onyx Black": 2.285, "Black": 5.82, "just": 1.5045}, "Cookie Heart": {"Onyx Black": 2.66, "Black": 7.14, "just": 1.6064999999999998}, "Jester Hat": {"Onyx Black": 2.575, "Black": 6.32, "just": 1.4109999999999998}, "Holiday Drink": {"Onyx Black": 2.825, "Black": 5.825000000000001, "just": 1.5725}, "Ginger Cookie": {"Onyx Black": 3.62, "Black": 6.495, "just": 1.734}, "Hypno Lollipop": {"Onyx Black": 2.705, "Black": 5.705, "just": 1.6235}, "Winter Wreath": {"Onyx Black": 2.515, "Black": 8.915000000000001, "just": 1.6404999999999998}, "Party Sparkler": {"Onyx Black": 3.435, "Black": 6.635000000000001, "just": 1.5895000000000001}, "Jingle Bells": {"Onyx Black": 2.74, "Black": 6.890000000000001, "just": 1.513}, "Tama Gadget": {"Onyx Black": 3.45, "Black": 6.995, "just": 1.7}, "Jack-in-the-Box": {"Onyx Black": 2.84, "Black": 7.6000000000000005, "just": 1.87}, "Star Notepad": {"Onyx Black": 3.92, "Black": 8.745000000000001, "just": 1.9889999999999999}, "Easter Egg": {"Onyx Black": 3.46, "Black": 11.034999999999998, "just": 2.2695}, "Santa Hat": {"Onyx Black": 3.404, "Black": 8.283999999999999, "just": 2.159}, "Hex Pot": {"Onyx Black": 4.045, "Black": 10.445, "just": 2.4565}, "Restless Jar": {"Onyx Black": 3.995, "Black": 9.745000000000001, "just": 2.1165000000000003}, "Lush Bouquet": {"Onyx Black": 4.825, "Black": 7.725, "just": 2.3375}, "Spiced Wine": {"Onyx Black": 2.822, "Black": 6.758, "just": 1.8444999999999998}, "Snow Globe": {"Onyx Black": 4.109999999999999, "Black": 10.309999999999999, "just": 2.227}, "Joyful Bundle": {"Onyx Black": 4.055, "Black": 8.115, "just": 2.3205}, "Light Sword": {"Onyx Black": 4.2219999999999995, "Black": 10.701999999999998, "just": 2.6944999999999997}, "Witch Hat": {"Onyx Black": 4.345000000000001, "Black": 11.995, "just": 2.5415}, "Bow Tie": {"Onyx Black": 4.962, "Black": 12.654, "just": 2.7795}, "Eternal Candle": {"Onyx Black": 5.234, "Black": 10.834, "just": 2.8815}, "Jelly Bunny": {"Onyx Black": 4.6450000000000005, "Black": 10.695, "just": 2.8815}, "Bunny Muffin": {"Onyx Black": 5.442, "Black": 11.533999999999999, "just": 2.7965}, "Spy Agaric": {"Onyx Black": 4.720000000000001, "Black": 10.32, "just": 2.72}, "Evil Eye": {"Onyx Black": 6.554, "Black": 13.194, "just": 3.0515}, "Snow Mittens": {"Onyx Black": 4.614, "Black": 7.693999999999999, "just": 3.1365}, "Berry Box": {"Onyx Black": 5.178, "Black": 11.574, "just": 3.0854999999999997}, "Valentine Box": {"Onyx Black": 7.962, "Black": 12.438, "just": 3.6294999999999997}, "Sakura Flower": {"Onyx Black": 6.933999999999999, "Black": 13.834, "just": 4.156499999999999}, "Hanging Star": {"Onyx Black": 8.686, "Black": 15.206, "just": 4.547499999999999}, "Sleigh Bell": {"Onyx Black": 10.654, "Black": 18.614, "just": 6.5365}, "Love Candle": {"Onyx Black": 9.764, "Black": 14.364, "just": 6.7490000000000006}, "Skull Flower": {"Onyx Black": 9.734, "Black": 18.214, "just": 6.5365}, "Crystal Ball": {"Onyx Black": 12.02, "Black": 29.02, "just": 6.545}, "Trapped Heart": {"Onyx Black": 11.758, "Black": 19.754, "just": 7.5905}, "Top Hat": {"Onyx Black": 12.274000000000001, "Black": 25.726, "just": 6.6215}, "Love Potion": {"Onyx Black": 10.924, "Black": 22.128, "just": 7.548}, "Flying Broom": {"Onyx Black": 10.84, "Black": 20.0, "just": 7.99}, "Cupid Charm": {"Onyx Black": 17.558, "Black": 33.426, "just": 9.5795}, "Record Player": {"Onyx Black": 11.102, "Black": 20.722, "just": 6.7745}, "Eternal Rose": {"Onyx Black": 18.364, "Black": 32.364, "just": 11.848999999999998}, "Mad Pumpkin": {"Onyx Black": 24.316000000000003, "Black": 41.464, "just": 15.674000000000001}, "Voodoo Doll": {"Onyx Black": 23.346, "Black": 54.013999999999996, "just": 14.1865}, "Diamond Ring": {"Onyx Black": 22.52, "Black": 41.72, "just": 13.77}, "Toy Bear": {"Onyx Black": 24.908, "Black": 47.388, "just": 16.133}, "Vintage Cigar": {"Onyx Black": 33.946, "Black": 55.594, "just": 20.391499999999997}, "Neko Helmet": {"Onyx Black": 37.594, "Black": 75.594, "just": 22.091499999999996}, "Low Rider": {"Onyx Black": 34.554, "Black": 86.594, "just": 21.2415}, "Signet Ring": {"Onyx Black": 35.794, "Black": 76.994, "just": 21.2415}, "Electric Skull": {"Onyx Black": 40.074, "Black": 68.55, "just": 26.851499999999998}, "Kissed Frog": {"Onyx Black": 44.36, "Black": 80.4, "just": 28.9}, "Swiss Watch": {"Onyx Black": 44.6, "Black": 71.6, "just": 29.75}, "Sharp Tongue": {"Onyx Black": 59.574,