{"Snoop Dogg": {"Chrome": 2.2865, "King Ruby": 1.9255, "Sapphire": 2.1155, "Emerald": 1.9064999999999999, "King Snoop": 5.225499999999999, "Cold Topaz": 1.992, "Black Diamond": 1.9255, "Doberman": 3.4685000000000006, "AI Dogg": 2.9365000000000006, "Doggfather": 2.8085, "Goldizzle": 7.135499999999999, "Onyx Black": 3.243333333333333, "Black": 11.946923076923076, "just": 1.5045}, "Swag Bag": {"Boiling Hot": 2.4875, "Darkness": 2.189, "Cashback": 3.0845000000000002, "April 20th": 3.0845000000000002, "Take It Easy": 2.6865, "Bulk Order": 2.3283, "Happy Herbs": 3.0845000000000002, "P.I.M.P.": 2.189, "Aviators": 2.0895, "Gin & Jewels": 2.388, "Missionary": 6.965, "Leopard": 2.388, "Snoop Life": 2.4875, "Onyx Black": 3.0949999999999998, "Black": 7.445, "just": 1.6915}, "Snoop Cigar": {"Onyx Black": 7.880000000000001, "Black": 19.25, "just": 4.08}, "Lol Pop": {"Blood Ember": 1.595, "Sick Leave": 1.5225, "Cookie Dip": 1.5225, "Hexed Helix": 1.8125, "Mortal Sin": 4.06, "Doodle Art": 1.6674999999999998, "Glowstick": 2.2475, "Sailor Moon": 1.5225, "Einstein": 1.74, "Dark Sky": 1.595, "Sweetheart": 1.8125, "Love Bubbles": 1.6965, "Dark Portal": 1.885, "Heart Pop": 1.595, "Celestia": 2.2475, "Nostalgia": 1.5225, "Jolly Roger": 1.8125, "Rosebud": 1.74, "Fire Vortex": 1.5225, "Magic Wand": 1.5225, "Milky Way": 1.595, "Blood Sucker": 1.9575, "Crystal Comet": 1.5225, "Plastic Ice": 1.5225, "Shock Wave": 1.5225, "Satellite": 1.8125, "Angelina": 2.2475, "Pumpkin": 1.5225, "Andromeda": 1.9575, "Comic Crunch": 1.5225, "Watermelon": 1.5225, "Cobweb": 1.595, "Jinxed": 1.74, "Onyx Black": 2.025, "Black": 5.324999999999999, "just": 1.2325}, "B-Day Candle": {"Pixel Wish": 2.2475, "On Fire": 2.2475, "Purr Magic": 2.2475, "Happy Meows": 2.2475, "Payday": 2.2475, "Final Boss": 2.2475, "Kaboom!": 1.9575, "Onyx Black": 1.85, "Black": 5.194999999999999, "just": 1.2325}, "Desk Calendar": {"Fawkes Night": 5.005, "Burning Time": 2.2165, "Hodler": 5.005, "Checklist": 1.9305, "Fund Manager": 2.2165, "Tic Tac Toe": 2.2165, "Deadline": 2.2165, "Telegram": 2.2165, "Adult Tasks": 25.215, "Pepe Plans": 14.709999999999999, "Investor": 7.165, "Peach Week": 2.86, "Balloon Face": 1.859, "Sunday": 1.9305, "Durov Day": 4.004, "Heartbreak": 1.573, "Independence": 2.2165, "Onyx Black": 1.8649999999999998, "Black": 5.37, "just": 1.2155}, "Lunar Snake": {"Hot Cherry": 2.2785, "Python Dev": 2.2785, "Synthwave": 5.145, "Hellspawn": 1.911, "Dragon Ball": 5.145, "Psychedelic": 2.2785, "Soul Eater": 2.2785, "Timelock": 2.2785, "Onyx Black": 2.46, "Black": 5.4799999999999995, "just": 1.2495}, "Xmas Stocking": {"Onyx Black": 2.285, "Black": 5.405, "just": 1.3345}, "Snake Box": {"Onyx Black": 2.0, "Black": 5.395, "just": 1.275}, "Pet Snake": {"Onyx Black": 2.4, "Black": 5.65, "just": 1.53}, "Candy Cane": {"Sticky Sweet": 2.4335, "Grinch": 3.14, "Designer": 7.235, "Hex Pot": 3.14, "Onyx Black": 2.34, "Black": 5.83, "just": 1.3345}, "Whip Cupcake": {"Sponge Duck": 2.4335, "Toncoin": 2.4335, "Deep State": 2.4335, "Bitcoin": 14.535, "Resistance": 6.5, "Onyx Black": 2.185, "Black": 6.135, "just": 1.3345}, "Big Year": {"Pavel Durov": 7.99, "Creator": 2.673, "Big Brother": 3.069, "Pokeball": 2.673, "Bitcoin": 5.544, "Cheshire Cat": 2.673, "Telegram": 5.544, "Gold Mine": 6.93, "First Website": 2.079, "The Nether": 3.069, "Qing Dynasty": 3.069, "Game Boy": 2.376, "YouTubes": 3.96, "Balloons": 2.2769999999999997, "The Hobbit": 3.96, "Onyx Black": 3.615, "Black": 9.24, "just": 1.683}, "Homemade Cake": {"Onyx Black": 2.37, "Black": 5.425, "just": 1.581}, "Cookie Heart": {"Onyx Black": 2.435, "Black": 6.839999999999999, "just": 1.6064999999999998}, "Jester Hat": {"Onyx Black": 2.69, "Black": 6.140000000000001, "just": 1.513}, "Holiday Drink": {"Onyx Black": 2.685, "Black": 6.225, "just": 1.632}, "Ginger Cookie": {"Onyx Black": 3.58, "Black": 6.825, "just": 1.581}, "Hypno Lollipop": {"Onyx Black": 3.4850000000000003, "Black": 6.9350000000000005, "just": 1.683}, "Winter Wreath": {"Moon Cat": 106.23, "Onyx Black": 2.965, "Black": 6.965, "just": 1.6404999999999998}, "Party Sparkler": {"Onyx Black": 3.045, "Black": 7.21, "just": 1.5979999999999999}, "Jingle Bells": {"Onyx Black": 2.8, "Black": 6.195, "just": 1.785}, "Tama Gadget": {"Onyx Black": 3.455, "Black": 6.79, "just": 1.7764999999999997}, "Jack-in-the-Box": {"Onyx Black": 3.185, "Black": 7.095, "just": 1.87}, "Star Notepad": {"Onyx Black": 3.7, "Black": 9.375, "just": 1.9124999999999999}, "Easter Egg": {"Onyx Black": 3.795, "Black": 10.665, "just": 2.4139999999999997}, "Santa Hat": {"Onyx Black": 3.9299999999999997, "Black": 8.27, "just": 2.3715}, "Hex Pot": {"Onyx Black": 4.0, "Black": 10.14, "just": 2.3715}, "Restless Jar": {"Onyx Black": 3.9499999999999997, "Black": 9.219999999999999, "just": 2.1675}, "Lush Bouquet": {"Onyx Black": 4.515000000000001, "Black": 8.774999999999999, "just": 2.5925}, "Spiced Wine": {"Onyx Black": 3.292, "Black": 6.532, "just": 1.9719999999999998}, "Snow Globe": {"Onyx Black": 4.2, "Black": 11.450000000000001, "just": 2.465}, "Joyful Bundle": {"Onyx Black": 3.9699999999999998, "Black": 9.615, "just": 2.363}, "Light Sword": {"Onyx Black": 4.572, "Black": 10.668, "just": 2.652}, "Witch Hat": {"Onyx Black": 4.495, "Black": 12.059999999999999, "just": 2.652}, "Bow Tie": {"Onyx Black": 4.5440000000000005, "Black": 11.628, "just": 2.754}, "Eternal Candle": {"Onyx Black": 5.470000000000001, "Black": 11.27, "just": 2.9325}, "Jelly Bunny": {"Onyx Black": 5.125, "Black": 10.645000000000001, "just": 2.8475}, "Bunny Muffin": {"Onyx Black": 4.586, "Black": 11.554, "just": 3.0515}, "Spy Agaric": {"Onyx Black": 5.602, "Black": 10.474, "just": 2.9495}, "Evil Eye": {"Onyx Black": 6.282, "Black": 12.074, "just": 3.0515}, "Snow Mittens": {"Onyx Black": 5.68, "Black": 8.68, "just": 3.23}, "Berry Box": {"Onyx Black": 5.414, "Black": 10.613999999999999, "just": 3.1365}, "Valentine Box": {"Onyx Black": 7.31, "Black": 12.909999999999998, "just": 4.1225}, "Sakura Flower": {"Onyx Black": 6.460000000000001, "Black": 16.14, "just": 4.165}, "Hanging Star": {"Onyx Black": 8.614, "Black": 15.190000000000001, "just": 4.8365}, "Sleigh Bell": {"Onyx Black": 11.36, "Black": 20.56, "just": 6.46}, "Love Candle": {"Onyx Black": 10.568, "Black": 17.284, "just": 7.208}, "Skull Flower": {"Onyx Black": 11.732, "Black": 18.692, "just": 6.987}, "Crystal Ball": {"Onyx Black": 12.654, "Black": 28.293999999999997, "just": 7.2165}, "Trapped Heart": {"Onyx Black": 12.628, "Black": 17.427999999999997, "just": 7.123}, "Top Hat": {"Onyx Black": 15.382000000000001, "Black": 26.982, "just": 7.6245}, "Love Potion": {"Onyx Black": 13.404, "Black": 23.804000000000002, "just": 8.228}, "Flying Broom": {"Onyx Black": 12.07, "Black": 17.67, "just": 8.032499999999999}, "Cupid Charm": {"Onyx Black": 17.014, "Black": 31.814, "just": 9.936499999999999}, "Record Player": {"Onyx Black": 10.528, "Black": 20.727999999999998, "just": 6.6979999999999995}, "Eternal Rose": {"Onyx Black": 20.282, "Black": 32.122, "just": 11.789499999999999}, "Mad Pumpkin": {"Onyx Black": 23.6, "Black": 39.576, "just": 15.299999999999999}, "Voodoo Doll": {"Onyx Black": 22.716, "Black": 45.116, "just": 15.181}, "Diamond Ring": {"Onyx Black": 22.076, "Black": 43.28, "just": 14.28}, "Toy Bear": {"Onyx Black": 32.888, "Black": 53.048, "just": 21.317999999999998}, "Vintage Cigar": {"Onyx Black": 36.87, "Black": 66.67, "just": 20.7825}, "Neko Helmet": {"Onyx Black": 38.194, "Black": 66.914, "just": 22.941499999999998}, "Low Rider": {"Onyx Black": 32.78, "Black": 84.068, "just": 21.505}, "Signet Ring": {"Onyx Black": 37.054, "Black": 76.25, "just": 23.0265}, "Electric Skull": {"Onyx Black": 43.778, "Black": 75.782, "just": 28.0245}, "Kissed Frog": {"Onyx Black": 45.326, "Black": 80.13, "just": 28.5175}, "Swiss Watch": {"Onyx Black": 43.25, "Black": 72.45, "just": 29.537499999999998}, "Sharp Tongue": {"Onyx Black": 58.094, "Black": 122.094, "just": 36.9665}, "Genie Lamp": {"Onyx Black": 68.53399999999999, "Black": 186.534,