{"Snoop Dogg": {"Doggfather": 2.8680000000000003, "Doberman": 3.5805000000000002, "Green Light": 1.7405, "Cold Topaz": 1.9020000000000001, "AI Dogg": 2.7065, "Chrome": 2.2060000000000004, "Goldizzle": 6.2905, "Sapphire": 1.9780000000000002, "Black Diamond": 2.1775, "Emerald": 1.8355000000000004, "King Snoop": 4.9005, "Onyx Black": 2.8, "Black": 10.361538461538462, "just": 1.36}, "Swag Bag": {"Boiling Hot": 2.2625, "Bulk Order": 2.0814999999999997, "Take It Easy": 2.0814999999999997, "Missionary": 6.335, "Snoop Life": 2.4435000000000002, "Cashback": 2.8055000000000003, "Gin & Jewels": 2.0814999999999997, "Happy Herbs": 2.8055000000000003, "April 20th": 2.8055000000000003, "Golden Nugs": 1.9005, "Darkness": 1.9005, "P.I.M.P.": 1.9005, "Onyx Black": 2.9050000000000002, "Black": 6.895, "just": 1.5385}, "Snoop Cigar": {"Onyx Black": 7.73, "Black": 18.73, "just": 3.791}, "Lol Pop": {"Shock Wave": 1.3755000000000002, "Nostalgia": 1.3755000000000002, "Jolly Roger": 1.572, "Blood Sucker": 1.6375000000000002, "Icicle": 1.4410000000000003, "Portable Pop": 1.3755000000000002, "Romance": 1.3755000000000002, "Comic Crunch": 1.3755000000000002, "Dark Portal": 1.5065, "Blood Ember": 1.6375000000000002, "Hexed Helix": 1.3755000000000002, "Watermelon": 1.4410000000000003, "Celestia": 2.0305, "Andromeda": 2.0305, "Dark Sky": 1.4410000000000003, "Love Bubbles": 1.4410000000000003, "Pumpkin": 1.5065, "Jinxed": 1.4410000000000003, "Satellite": 1.703, "Mortal Sin": 2.62, "Angelina": 2.0305, "Doodle Art": 1.572, "Rosebud": 1.6375000000000002, "Milky Way": 1.3755000000000002, "Heart Pop": 1.3755000000000002, "Sailor Moon": 1.572, "Cookie Dip": 1.5065, "Fire Vortex": 1.4410000000000003, "Wonka Berry": 1.4410000000000003, "Sweetheart": 1.5065, "Glowstick": 2.0305, "Cobweb": 1.3755000000000002, "Pink Foil": 1.4410000000000003, "Onyx Black": 1.805, "Black": 5.105, "just": 1.1135}, "B-Day Candle": {"Payday": 1.9065, "Happy Meows": 2.46, "Shocker": 1.9065, "Kaboom!": 1.9065, "Pixel Wish": 1.9065, "Final Boss": 1.9065, "On Fire": 2.46, "Purr Magic": 1.9065, "Onyx Black": 1.5899999999999999, "Black": 4.615, "just": 1.0454999999999999}, "Desk Calendar": {"Balloon Face": 1.599, "Heartbreak": 1.353, "Telegram": 1.9065, "Independence": 3.444, "Fund Manager": 1.9065, "Checklist": 1.9065, "Deadline": 2.46, "Burning Time": 1.9065, "Peach Week": 1.599, "Tic Tac Toe": 1.6605, "Fawkes Night": 4.305, "Pepe Plans": 4.305, "Investor": 4.305, "Adult Tasks": 4.305, "Durov Day": 2.46, "Hodler": 4.305, "Sunday": 1.9065, "Onyx Black": 1.58, "Black": 4.5, "just": 1.0454999999999999}, "Lunar Snake": {"Hot Cherry": 2.17, "Psychedelic": 2.17, "Dragon Ball": 4.8999999999999995, "Soul Eater": 1.8199999999999998, "Synthwave": 3.9199999999999995, "Timelock": 1.89, "Hellspawn": 2.17, "Python Dev": 2.17, "Onyx Black": 2.0, "Black": 4.9, "just": 1.19}, "Xmas Stocking": {"Onyx Black": 1.945, "Black": 5.145, "just": 1.0965}, "Snake Box": {"Onyx Black": 1.895, "Black": 4.845000000000001, "just": 1.0965}, "Pet Snake": {"Onyx Black": 2.19, "Black": 5.27, "just": 1.3515}, "Candy Cane": {"Grinch": 3.16, "Hex Pot": 2.4490000000000003, "Sticky Sweet": 2.4490000000000003, "Designer": 5.53, "Onyx Black": 2.255, "Black": 6.29, "just": 1.343}, "Whip Cupcake": {"Bitcoin": 4.8999999999999995, "Deep State": 2.17, "Resistance": 4.8999999999999995, "Toncoin": 2.17, "Sponge Duck": 2.8, "Onyx Black": 2.0999999999999996, "Black": 4.949999999999999, "just": 1.19}, "Big Year": {"The Nether": 2.125, "Creator": 2.635, "YouTubes": 2.635, "Gold Mine": 4.76, "Pokeball": 2.635, "The Hobbit": 3.4, "Pavel Durov": 4.76, "Telegram": 4.76, "First Website": 2.295, "Bitcoin": 4.76, "Cheshire Cat": 2.21, "Game Boy": 2.21, "Big Brother": 2.635, "Qing Dynasty": 2.635, "Onyx Black": 2.7199999999999998, "Black": 7.800000000000001, "just": 1.4449999999999998}, "Homemade Cake": {"Onyx Black": 2.02, "Black": 4.7, "just": 1.3175}, "Cookie Heart": {"Onyx Black": 2.27, "Black": 6.3500000000000005, "just": 1.4449999999999998}, "Jester Hat": {"Onyx Black": 2.9450000000000003, "Black": 5.945, "just": 1.3515}, "Holiday Drink": {"Onyx Black": 2.325, "Black": 5.635, "just": 1.5045}, "Ginger Cookie": {"Onyx Black": 2.835, "Black": 6.41, "just": 1.547}, "Hypno Lollipop": {"Onyx Black": 2.65, "Black": 6.800000000000001, "just": 1.4449999999999998}, "Winter Wreath": {"Onyx Black": 2.435, "Black": 7.95, "just": 1.4449999999999998}, "Party Sparkler": {"Onyx Black": 2.8899999999999997, "Black": 5.64, "just": 1.513}, "Jingle Bells": {"Onyx Black": 2.41, "Black": 6.78, "just": 1.4109999999999998}, "Tama Gadget": {"Onyx Black": 2.875, "Black": 6.525, "just": 1.4875}, "Jack-in-the-Box": {"Onyx Black": 2.665, "Black": 7.875, "just": 1.7}, "Star Notepad": {"Onyx Black": 4.0649999999999995, "Black": 9.010000000000002, "just": 1.8104999999999998}, "Easter Egg": {"Onyx Black": 3.7, "Black": 11.195, "just": 2.04}, "Santa Hat": {"Onyx Black": 3.125, "Black": 9.525, "just": 1.9124999999999999}, "Hex Pot": {"Onyx Black": 3.745, "Black": 8.120000000000001, "just": 1.9465}, "Restless Jar": {"Onyx Black": 3.645, "Black": 7.6450000000000005, "just": 1.9465}, "Lush Bouquet": {"Onyx Black": 3.375, "Black": 8.524999999999999, "just": 2.1675}, "Spiced Wine": {"Onyx Black": 3.1849999999999996, "Black": 7.959999999999999, "just": 1.7594999999999998}, "Snow Globe": {"Onyx Black": 3.995, "Black": 9.095, "just": 2.0315}, "Joyful Bundle": {"Onyx Black": 3.64, "Black": 8.445, "just": 2.1165000000000003}, "Light Sword": {"Onyx Black": 4.55, "Black": 11.25, "just": 2.38}, "Witch Hat": {"Onyx Black": 3.9, "Black": 10.350000000000001, "just": 2.295}, "Bow Tie": {"Onyx Black": 4.705, "Black": 14.705000000000002, "just": 2.601}, "Eternal Candle": {"Onyx Black": 5.15, "Black": 10.149999999999999, "just": 2.38}, "Jelly Bunny": {"Onyx Black": 4.595, "Black": 10.095, "just": 2.7115}, "Bunny Muffin": {"Onyx Black": 4.45, "Black": 13.549999999999999, "just": 2.635}, "Spy Agaric": {"Onyx Black": 5.220000000000001, "Black": 10.84, "just": 2.499}, "Evil Eye": {"Onyx Black": 5.74, "Black": 15.72, "just": 2.9665}, "Snow Mittens": {"Onyx Black": 4.515000000000001, "Black": 8.665, "just": 2.4055}, "Berry Box": {"Onyx Black": 4.76, "Black": 14.27, "just": 3.009}, "Valentine Box": {"Onyx Black": 5.95, "Black": 10.975000000000001, "just": 3.3575}, "Sakura Flower": {"Onyx Black": 5.495, "Black": 17.994999999999997, "just": 3.3915}, "Hanging Star": {"Onyx Black": 7.550000000000001, "Black": 16.4, "just": 4.08}, "Sleigh Bell": {"Onyx Black": 12.5, "Black": 17.994999999999997, "just": 5.1}, "Love Candle": {"Onyx Black": 7.9, "Black": 15.5, "just": 5.5249999999999995}, "Skull Flower": {"Onyx Black": 8.67, "Black": 16.97, "just": 5.049}, "Crystal Ball": {"Onyx Black": 10.31, "Black": 28.325000000000003, "just": 5.6525}, "Trapped Heart": {"Onyx Black": 10.445, "Black": 23.195, "just": 6.706499999999999}, "Top Hat": {"Onyx Black": 16.095, "Black": 25.97, "just": 6.154}, "Love Potion": {"Onyx Black": 9.795, "Black": 26.595, "just": 6.961499999999999}, "Flying Broom": {"Onyx Black": 10.9, "Black": 19.4, "just": 7.48}, "Cupid Charm": {"Onyx Black": 16.535, "Black": 34.535, "just": 8.5595}, "Record Player": {"Onyx Black": 9.96, "Black": 23.955, "just": 6.732}, "Eternal Rose": {"Onyx Black": 17.735, "Black": 36.235, "just": 10.5995}, "Mad Pumpkin": {"Onyx Black": 18.455, "Black": 39.705, "just": 12.2485}, "Voodoo Doll": {"Onyx Black": 20.495, "Black": 45.995, "just": 12.7415}, "Diamond Ring": {"Onyx Black": 20.259999999999998, "Black": 43.260000000000005, "just": 13.192}, "Toy Bear": {"Onyx Black": 21.96, "Black": 51.28999999999999, "just": 14.9515}, "Vintage Cigar": {"Onyx Black": 42.915, "Black": 84.86500000000001, "just": 18.5555}, "Neko Helmet": {"Onyx Black": 35.005, "Black": 71.505, "just": 19.558500000000002}, "Low Rider": {"Onyx Black": 38.375, "Black": 107.125, "just": 20.6125}, "Signet Ring": {"Onyx Black": 31.464999999999996, "Black": 90.47500000000001, "just": 19.5075}, "Electric Skull": {"Onyx Black": 36.995,