{"Snoop Dogg": {"Chrome": 2.4055000000000004, "Black Diamond": 2.1205000000000003, "King Snoop": 4.5585, "Sapphire": 2.4055000000000004, "Goldizzle": 7.055999999999999, "Emerald": 1.9305000000000003, "Doberman": 3.552, "AI Dogg": 3.1625, "Doggfather": 3.1814999999999998, "Cold Topaz": 2.225, "King Ruby": 1.9305000000000003, "Onyx Black": 3.283333333333333, "Black": 10.396153846153846, "just": 1.4875}, "Swag Bag": {"Gin & Jewels": 2.1849999999999996, "Cashback": 2.945, "Snoop Life": 2.565, "Darkness": 2.1849999999999996, "P.I.M.P.": 1.9949999999999999, "Take It Easy": 2.375, "Bulk Order": 2.4699999999999998, "Happy Herbs": 2.945, "Boiling Hot": 2.565, "Missionary": 6.6499999999999995, "April 20th": 2.945, "Leopard": 2.09, "Onyx Black": 3.1500000000000004, "Black": 7.375, "just": 1.615}, "Snoop Cigar": {"Onyx Black": 8.16, "Black": 16.72, "just": 3.774}, "Lol Pop": {"Hexed Helix": 1.541, "Rosebud": 1.541, "Dark Sky": 1.541, "Comic Crunch": 1.4740000000000002, "Soap Bubbles": 1.4070000000000003, "Cobweb": 1.4070000000000003, "Blood Sucker": 1.675, "Mortal Sin": 3.752, "Sweetheart": 1.541, "Milky Way": 1.4070000000000003, "Love Bubbles": 1.4740000000000002, "Pumpkin": 1.541, "Fire Vortex": 1.4070000000000003, "Blood Ember": 1.541, "Shock Wave": 1.4740000000000002, "Doodle Art": 1.4070000000000003, "Glowstick": 2.0770000000000004, "Nostalgia": 1.4070000000000003, "Andromeda": 2.0770000000000004, "Satellite": 1.675, "Portable Pop": 1.4070000000000003, "Cookie Dip": 1.4070000000000003, "Gold Star": 1.541, "Pink Foil": 1.4070000000000003, "Heart Pop": 1.541, "Sailor Moon": 1.541, "Einstein": 1.4740000000000002, "Dark Portal": 1.8090000000000002, "Jinxed": 1.4740000000000002, "Icicle": 1.4070000000000003, "Watermelon": 1.4070000000000003, "Jolly Roger": 1.541, "Angelina": 2.0770000000000004, "Sick Leave": 1.4740000000000002, "Celestia": 2.0770000000000004, "Onyx Black": 1.8450000000000002, "Black": 5.32, "just": 1.139}, "B-Day Candle": {"Final Boss": 2.0770000000000004, "Purr Magic": 2.0770000000000004, "Payday": 2.0770000000000004, "Happy Meows": 2.0770000000000004, "Kaboom!": 1.8090000000000002, "On Fire": 2.0770000000000004, "Pixel Wish": 2.0770000000000004, "Onyx Black": 1.725, "Black": 5.17, "just": 1.139}, "Desk Calendar": {"Checklist": 1.675, "Sunday": 2.0770000000000004, "Fawkes Night": 4.69, "Peach Week": 2.0770000000000004, "Deadline": 2.0770000000000004, "Independence": 2.68, "Heartbreak": 1.541, "Fund Manager": 2.0770000000000004, "Adult Tasks": 25.069999999999997, "Pepe Plans": 11.155, "Balloon Face": 1.4740000000000002, "Hodler": 3.752, "Burning Time": 2.0770000000000004, "Tic Tac Toe": 1.608, "Investor": 4.69, "Durov Day": 2.68, "Telegram": 2.0770000000000004, "Onyx Black": 1.6400000000000001, "Black": 6.01, "just": 1.139}, "Lunar Snake": {"Dragon Ball": 5.005, "Hellspawn": 2.2165, "Timelock": 1.6444999999999999, "Psychedelic": 1.716, "Synthwave": 5.005, "Soul Eater": 2.2165, "Hot Cherry": 1.9305, "Python Dev": 2.2165, "Onyx Black": 2.065, "Black": 5.465, "just": 1.2155}, "Xmas Stocking": {"Onyx Black": 2.04, "Black": 5.445, "just": 1.224}, "Snake Box": {"Onyx Black": 2.0, "Black": 5.175000000000001, "just": 1.1475}, "Pet Snake": {"Onyx Black": 2.525, "Black": 5.744999999999999, "just": 1.5215}, "Candy Cane": {"Sticky Sweet": 2.1195000000000004, "Designer": 5.495, "Grinch": 3.14, "Hex Pot": 3.14, "Onyx Black": 2.435, "Black": 6.17, "just": 1.3345}, "Whip Cupcake": {"Bitcoin": 10.585, "Toncoin": 2.2785, "Resistance": 5.145, "Deep State": 1.9845000000000002, "Sponge Duck": 2.2785, "Onyx Black": 2.1149999999999998, "Black": 5.3100000000000005, "just": 1.2495}, "Big Year": {"Bitcoin": 5.3759999999999994, "Creator": 2.976, "Game Boy": 2.016, "Telegram": 5.3759999999999994, "Big Brother": 2.976, "Gold Mine": 6.72, "The Hobbit": 3.84, "First Website": 2.016, "YouTubes": 2.976, "Cheshire Cat": 2.304, "Qing Dynasty": 3.84, "Pavel Durov": 3.84, "Pokeball": 2.592, "The Nether": 2.112, "Onyx Black": 3.435, "Black": 8.9, "just": 1.632}, "Homemade Cake": {"Onyx Black": 2.15, "Black": 5.324999999999999, "just": 1.4024999999999999}, "Cookie Heart": {"Onyx Black": 2.55, "Black": 7.324999999999999, "just": 1.53}, "Jester Hat": {"Onyx Black": 2.625, "Black": 6.775, "just": 1.4024999999999999}, "Holiday Drink": {"Onyx Black": 2.91, "Black": 5.87, "just": 1.564}, "Ginger Cookie": {"Onyx Black": 3.9, "Black": 6.5, "just": 1.7}, "Hypno Lollipop": {"Onyx Black": 2.8, "Black": 6.3999999999999995, "just": 1.53}, "Winter Wreath": {"Onyx Black": 2.66, "Black": 9.364999999999998, "just": 1.5555}, "Party Sparkler": {"Onyx Black": 3.6450000000000005, "Black": 7.044999999999999, "just": 1.6064999999999998}, "Jingle Bells": {"Onyx Black": 2.71, "Black": 6.984999999999999, "just": 1.6744999999999999}, "Tama Gadget": {"Onyx Black": 3.45, "Black": 6.995, "just": 1.7}, "Jack-in-the-Box": {"Onyx Black": 3.125, "Black": 7.8999999999999995, "just": 1.87}, "Star Notepad": {"Onyx Black": 3.855, "Black": 8.850000000000001, "just": 1.8784999999999998}, "Easter Egg": {"Onyx Black": 3.8899999999999997, "Black": 10.74, "just": 2.108}, "Santa Hat": {"Onyx Black": 3.456, "Black": 8.296, "just": 2.176}, "Hex Pot": {"Onyx Black": 3.8449999999999998, "Black": 10.345, "just": 2.2864999999999998}, "Restless Jar": {"Onyx Black": 4.015, "Black": 8.44, "just": 2.1504999999999996}, "Lush Bouquet": {"Onyx Black": 4.800000000000001, "Black": 7.800000000000001, "just": 2.21}, "Spiced Wine": {"Onyx Black": 2.8200000000000003, "Black": 6.472, "just": 1.87}, "Snow Globe": {"Onyx Black": 4.125, "Black": 10.350000000000001, "just": 2.295}, "Joyful Bundle": {"Onyx Black": 3.77, "Black": 8.145, "just": 2.3715}, "Light Sword": {"Onyx Black": 4.14, "Black": 9.74, "just": 2.465}, "Witch Hat": {"Onyx Black": 4.3100000000000005, "Black": 11.899999999999999, "just": 2.38}, "Bow Tie": {"Onyx Black": 4.13, "Black": 12.713999999999999, "just": 2.7115}, "Eternal Candle": {"Onyx Black": 4.98, "Black": 13.100000000000001, "just": 2.8049999999999997}, "Jelly Bunny": {"Onyx Black": 4.25, "Black": 10.2, "just": 2.8899999999999997}, "Bunny Muffin": {"Onyx Black": 5.532, "Black": 11.76, "just": 3.06}, "Spy Agaric": {"Onyx Black": 5.054, "Black": 11.85, "just": 2.6264999999999996}, "Evil Eye": {"Onyx Black": 6.16, "Black": 13.18, "just": 3.06}, "Snow Mittens": {"Onyx Black": 4.8740000000000006, "Black": 7.75, "just": 3.2215}, "Berry Box": {"Onyx Black": 5.274, "Black": 11.858, "just": 3.2215}, "Valentine Box": {"Onyx Black": 8.494, "Black": 12.614, "just": 3.8165}, "Sakura Flower": {"Onyx Black": 6.548, "Black": 13.828, "just": 3.723}, "Hanging Star": {"Onyx Black": 8.272, "Black": 15.067999999999998, "just": 4.352}, "Sleigh Bell": {"Onyx Black": 10.394, "Black": 18.394, "just": 5.9415000000000004}, "Love Candle": {"Onyx Black": 9.494, "Black": 16.374, "just": 6.1964999999999995}, "Skull Flower": {"Onyx Black": 10.546, "Black": 18.226, "just": 6.5535}, "Crystal Ball": {"Onyx Black": 12.282, "Black": 30.201999999999998, "just": 6.5195}, "Trapped Heart": {"Onyx Black": 11.626000000000001, "Black": 20.018, "just": 7.4035}, "Top Hat": {"Onyx Black": 12.213999999999999, "Black": 25.666000000000004, "just": 6.5365}, "Love Potion": {"Onyx Black": 10.128, "Black": 22.128, "just": 7.548}, "Flying Broom": {"Onyx Black": 11.07, "Black": 17.27, "just": 8.032499999999999}, "Cupid Charm": {"Onyx Black": 17.346, "Black": 36.146, "just": 9.2735}, "Record Player": {"Onyx Black": 10.82, "Black": 20.48, "just": 6.375}, "Eternal Rose": {"Onyx Black": 18.48, "Black": 31.680000000000003, "just": 10.88}, "Mad Pumpkin": {"Onyx Black": 25.9, "Black": 40.7, "just": 14.025}, "Voodoo Doll": {"Onyx Black": 23.766, "Black": 58.266, "just": 14.5435}, "Diamond Ring": {"Onyx Black": 22.85, "Black": 39.25, "just": 14.237499999999999}, "Toy Bear": {"Onyx Black": 25.414, "Black": 49.81400000000001, "just": 16.7365}, "Vintage Cigar": {"Onyx Black": 44.583999999999996, "Black": 59.788, "just": 19.533}, "Neko Helmet": {"Onyx Black": 37.03,