{"Snoop Dogg": {"Doberman": 3.248, "Doggfather": 2.8205, "Emerald": 1.94, "Goldizzle": 6.7235000000000005, "Cold Topaz": 1.9210000000000003, "Sapphire": 1.9305000000000003, "King Snoop": 4.473, "Chrome": 2.383, "Black Diamond": 2.1965000000000003, "AI Dogg": 3.5710000000000006, "Onyx Black": 3.4, "Black": 11.161538461538461, "just": 1.4449999999999998}, "Swag Bag": {"Happy Herbs": 2.8365, "Gin & Jewels": 2.1045, "Missionary": 6.405, "Take It Easy": 2.1045, "Darkness": 2.2875, "April 20th": 2.8365, "Snoop Life": 2.379, "Bulk Order": 2.2875, "Boiling Hot": 2.2875, "P.I.M.P.": 1.9215000000000002, "Cashback": 2.8365, "Onyx Black": 2.91, "Black": 7.4, "just": 1.5555}, "Snoop Cigar": {"Onyx Black": 7.725, "Black": 16.83, "just": 3.791}, "Lol Pop": {"Dark Portal": 1.7625, "Watermelon": 1.4805, "Icicle": 1.4805, "Satellite": 1.7625, "Mortal Sin": 2.82, "Blood Ember": 1.551, "Blood Sucker": 1.692, "Love Bubbles": 1.4805, "Doodle Art": 1.4805, "Pumpkin": 1.4805, "Dark Sky": 1.551, "Rosebud": 1.551, "Andromeda": 1.6214999999999997, "Jinxed": 1.4805, "Sweetheart": 1.551, "Cookie Dip": 1.551, "Jolly Roger": 1.4805, "Wonka Berry": 1.4805, "Nostalgia": 1.551, "Einstein": 1.4805, "Angelina": 2.1854999999999998, "Celestia": 2.1854999999999998, "Glowstick": 2.1854999999999998, "Hexed Helix": 1.551, "Heart Pop": 1.4805, "Cobweb": 1.551, "Onyx Black": 1.855, "Black": 5.03, "just": 1.1985}, "B-Day Candle": {"Happy Meows": 2.0460000000000003, "Payday": 2.0460000000000003, "Purr Magic": 2.0460000000000003, "Shocker": 2.0460000000000003, "On Fire": 2.0460000000000003, "Pixel Wish": 2.0460000000000003, "Final Boss": 2.0460000000000003, "Kaboom!": 1.7820000000000003, "Onyx Black": 1.6600000000000001, "Black": 5.61, "just": 1.122}, "Desk Calendar": {"Investor": 4.8999999999999995, "Fund Manager": 2.17, "Independence": 2.8, "Balloon Face": 1.54, "Fawkes Night": 4.8999999999999995, "Hodler": 3.9199999999999995, "Tic Tac Toe": 1.6099999999999999, "Telegram": 2.17, "Adult Tasks": 4.8999999999999995, "Pepe Plans": 4.8999999999999995, "Checklist": 2.17, "Peach Week": 1.89, "Sunday": 2.17, "Deadline": 2.17, "Durov Day": 2.17, "Burning Time": 1.89, "Onyx Black": 1.77, "Black": 6.699999999999999, "just": 1.19}, "Lunar Snake": {"Soul Eater": 2.17, "Python Dev": 2.17, "Synthwave": 3.9199999999999995, "Timelock": 1.6099999999999999, "Hellspawn": 2.17, "Hot Cherry": 2.17, "Dragon Ball": 4.8999999999999995, "Psychedelic": 1.8199999999999998, "Onyx Black": 2.0949999999999998, "Black": 5.254999999999999, "just": 1.19}, "Xmas Stocking": {"Onyx Black": 2.0, "Black": 5.015000000000001, "just": 1.1475}, "Snake Box": {"Onyx Black": 1.885, "Black": 7.165, "just": 1.1305}, "Pet Snake": {"Onyx Black": 2.515, "Black": 5.88, "just": 1.496}, "Candy Cane": {"Grinch": 2.94, "Sticky Sweet": 1.9845000000000002, "Designer": 5.145, "Hex Pot": 2.94, "Onyx Black": 2.315, "Black": 6.734999999999999, "just": 1.2495}, "Whip Cupcake": {"Sponge Duck": 2.86, "Toncoin": 2.2165, "Deep State": 1.9305, "Resistance": 5.005, "Bitcoin": 5.005, "Onyx Black": 2.34, "Black": 5.21, "just": 1.2155}, "Big Year": {"First Website": 1.9320000000000002, "Game Boy": 2.0240000000000005, "Telegram": 5.152, "Pokeball": 2.4840000000000004, "Cheshire Cat": 2.3000000000000003, "Balloons": 1.9320000000000002, "The Hobbit": 3.68, "The Nether": 2.0240000000000005, "Bitcoin": 6.44, "Creator": 2.8520000000000003, "Big Brother": 2.3920000000000003, "Pavel Durov": 5.152, "YouTubes": 2.8520000000000003, "Gold Mine": 6.44, "Qing Dynasty": 3.68, "Onyx Black": 2.8899999999999997, "Black": 7.92, "just": 1.564}, "Homemade Cake": {"Onyx Black": 2.09, "Black": 5.164999999999999, "just": 1.309}, "Cookie Heart": {"Onyx Black": 2.1950000000000003, "Black": 6.295000000000001, "just": 1.5215}, "Jester Hat": {"Onyx Black": 2.56, "Black": 6.685, "just": 1.377}, "Holiday Drink": {"Onyx Black": 2.52, "Black": 5.525, "just": 1.4875}, "Ginger Cookie": {"Onyx Black": 3.135, "Black": 6.365, "just": 1.5045}, "Hypno Lollipop": {"Onyx Black": 2.915, "Black": 5.6899999999999995, "just": 1.615}, "Winter Wreath": {"Onyx Black": 2.395, "Black": 8.895, "just": 1.5215}, "Party Sparkler": {"Onyx Black": 3.035, "Black": 6.930000000000001, "just": 1.581}, "Jingle Bells": {"Onyx Black": 2.5700000000000003, "Black": 6.32, "just": 1.4024999999999999}, "Tama Gadget": {"Onyx Black": 3.4000000000000004, "Black": 6.65, "just": 1.615}, "Jack-in-the-Box": {"Onyx Black": 3.1450000000000005, "Black": 7.975, "just": 1.785}, "Star Notepad": {"Onyx Black": 3.8150000000000004, "Black": 8.629999999999999, "just": 1.819}, "Easter Egg": {"Onyx Black": 3.92, "Black": 10.25, "just": 2.125}, "Santa Hat": {"Onyx Black": 3.265, "Black": 9.665, "just": 1.9805}, "Hex Pot": {"Onyx Black": 3.545, "Black": 8.504999999999999, "just": 1.9889999999999999}, "Restless Jar": {"Onyx Black": 3.65, "Black": 8.125, "just": 1.9549999999999998}, "Lush Bouquet": {"Onyx Black": 3.4850000000000003, "Black": 8.36, "just": 2.3120000000000003}, "Spiced Wine": {"Onyx Black": 2.965, "Black": 7.74, "just": 1.6575}, "Snow Globe": {"Onyx Black": 3.91, "Black": 7.984999999999999, "just": 1.9295}, "Joyful Bundle": {"Onyx Black": 3.695, "Black": 8.045, "just": 2.2015}, "Light Sword": {"Onyx Black": 4.715, "Black": 11.41, "just": 2.4905}, "Witch Hat": {"Onyx Black": 4.195, "Black": 11.945, "just": 2.4565}, "Bow Tie": {"Onyx Black": 4.5600000000000005, "Black": 15.004999999999999, "just": 2.652}, "Eternal Candle": {"Onyx Black": 4.955, "Black": 12.030000000000001, "just": 2.516}, "Jelly Bunny": {"Onyx Black": 4.595, "Black": 10.645000000000001, "just": 2.7115}, "Bunny Muffin": {"Onyx Black": 5.095000000000001, "Black": 16.645, "just": 2.7965}, "Spy Agaric": {"Onyx Black": 5.245, "Black": 10.934999999999999, "just": 2.5415}, "Evil Eye": {"Onyx Black": 6.220000000000001, "Black": 15.620000000000001, "just": 3.009}, "Snow Mittens": {"Onyx Black": 4.62, "Black": 8.445, "just": 2.8815}, "Berry Box": {"Onyx Black": 4.735, "Black": 12.99, "just": 2.9579999999999997}, "Valentine Box": {"Onyx Black": 7.99, "Black": 13.99, "just": 3.383}, "Sakura Flower": {"Onyx Black": 7.025, "Black": 17.575000000000003, "just": 3.5275000000000003}, "Hanging Star": {"Onyx Black": 7.34, "Black": 16.365000000000002, "just": 4.0205}, "Sleigh Bell": {"Onyx Black": 11.995000000000001, "Black": 15.495, "just": 5.0915}, "Love Candle": {"Onyx Black": 8.165, "Black": 14.77, "just": 5.388999999999999}, "Skull Flower": {"Onyx Black": 8.77, "Black": 17.095, "just": 5.2615}, "Crystal Ball": {"Onyx Black": 13.434999999999999, "Black": 30.950000000000003, "just": 5.865}, "Trapped Heart": {"Onyx Black": 11.940000000000001, "Black": 23.64, "just": 6.6979999999999995}, "Top Hat": {"Onyx Black": 14.695, "Black": 26.045, "just": 6.281499999999999}, "Love Potion": {"Onyx Black": 10.415, "Black": 28.665, "just": 7.0805}, "Flying Broom": {"Onyx Black": 10.145, "Black": 19.14, "just": 7.046499999999999}, "Cupid Charm": {"Onyx Black": 16.49, "Black": 36.995, "just": 8.4915}, "Record Player": {"Onyx Black": 10.685, "Black": 23.885, "just": 6.6895}, "Eternal Rose": {"Onyx Black": 18.5, "Black": 41.5, "just": 11.049999999999999}, "Mad Pumpkin": {"Onyx Black": 22.475, "Black": 46.974999999999994, "just": 12.7075}, "Voodoo Doll": {"Onyx Black": 22.745, "Black": 46.245, "just": 13.1665}, "Diamond Ring": {"Onyx Black": 23.295, "Black": 43.295, "just": 13.2515}, "Toy Bear": {"Onyx Black": 26.875, "Black": 53.375, "just": 15.0875}, "Vintage Cigar": {"Onyx Black": 48.605000000000004, "Black": 70.35499999999999, "just": 19.7285}, "Neko Helmet": {"Onyx Black": 41.995000000000005, "Black": 71.99, "just": 20.391499999999997}, "Low Rider": {"Onyx Black": 38.75, "Black": 106.75, "just": 20.825}, "Signet Ring": {"Onyx Black": 38.12, "Black": 87.12, "just": 20.604}, "Electric Skull": {"Onyx Black": 37.46, "Black": 66.465, "just": 22.040499999999998}, "Kissed Frog": {"Onyx Black": 45.745000000000005, "Black": 98.745, "just": 27.616500000000002}, "Swiss Watch": {"Onyx Black": 48.095, "Black": 85.595,