{"Snoop Dogg": {"King Snoop": 4.853000000000001, "Doberman": 3.8275, "Black Diamond": 2.2060000000000004, "Goldizzle": 7.706, "Chrome": 2.5290000000000004, "AI Dogg": 3.153, "Cold Topaz": 2.1870000000000003, "Doggfather": 3.096, "Sapphire": 2.1585, "Emerald": 2.1205000000000003, "Onyx Black": 3.463333333333333, "Black": 10.413076923076922, "just": 1.5215}, "Swag Bag": {"Darkness": 2.1670000000000003, "P.I.M.P.": 2.0685000000000002, "Snoop Life": 2.561, "Boiling Hot": 2.364, "Gin & Jewels": 2.561, "Bulk Order": 2.2655, "Missionary": 6.895, "Leopard": 2.0685000000000002, "Happy Herbs": 3.0535, "Cashback": 3.0535, "April 20th": 3.0535, "Take It Easy": 2.3049, "Dogg’s Loot": 2.0685000000000002, "Onyx Black": 3.1850000000000005, "Black": 7.234999999999999, "just": 1.6744999999999999}, "Snoop Cigar": {"Onyx Black": 7.609999999999999, "Black": 17.24, "just": 3.9865000000000004}, "Lol Pop": {"Blue Goo": 1.512, "Shock Wave": 1.6847999999999999, "Jinxed": 1.6847999999999999, "Fire Vortex": 1.512, "Doodle Art": 1.584, "Einstein": 1.584, "Sweetheart": 1.8719999999999999, "Plastic Ice": 1.584, "Angelina": 2.2319999999999998, "Hexed Helix": 1.656, "Cobweb": 1.584, "Celestia": 2.2319999999999998, "Love Bubbles": 1.7999999999999998, "Pumpkin": 1.728, "Icy Touch": 1.512, "Watermelon": 1.512, "Crystalline": 1.584, "Milky Way": 1.584, "Heart Pop": 1.584, "Magic Wand": 1.512, "Rosebud": 1.728, "Satellite": 1.7999999999999998, "Cookie Dip": 1.512, "Andromeda": 1.8719999999999999, "Jolly Roger": 1.728, "Sailor Moon": 1.584, "Blood Sucker": 1.728, "Dark Sky": 1.7999999999999998, "Glowstick": 2.2319999999999998, "Blood Ember": 1.728, "Dark Portal": 1.7999999999999998, "Mortal Sin": 4.032, "Onyx Black": 2.01, "Black": 5.42, "just": 1.224}, "B-Day Candle": {"Happy Meows": 2.139, "Kaboom!": 1.863, "Purr Magic": 2.139, "On Fire": 2.139, "Pixel Wish": 2.139, "Payday": 2.139, "Final Boss": 2.139, "Onyx Black": 1.765, "Black": 5.385000000000001, "just": 1.1729999999999998}, "Desk Calendar": {"Burning Time": 1.8360000000000003, "Investor": 5.930000000000001, "Sunday": 1.8360000000000003, "Fund Manager": 2.108, "Checklist": 2.108, "Fawkes Night": 4.760000000000001, "Adult Tasks": 26.12, "Tic Tac Toe": 2.108, "Deadline": 2.108, "Pepe Plans": 10.515, "Peach Week": 2.108, "Telegram": 2.108, "Balloon Face": 2.108, "Independence": 2.72, "Durov Day": 2.108, "Hodler": 4.760000000000001, "Heartbreak": 1.4280000000000002, "Onyx Black": 1.63, "Black": 5.565, "just": 1.1560000000000001}, "Lunar Snake": {"Timelock": 1.9500000000000002, "Psychedelic": 1.875, "Python Dev": 2.325, "Soul Eater": 3.0, "Synthwave": 5.25, "Hot Cherry": 1.9500000000000002, "Dragon Ball": 5.25, "Hellspawn": 2.0250000000000004, "Onyx Black": 2.245, "Black": 5.745, "just": 1.275}, "Xmas Stocking": {"Onyx Black": 2.675, "Black": 5.7250000000000005, "just": 1.2325}, "Snake Box": {"Onyx Black": 2.215, "Black": 5.629999999999999, "just": 1.2495}, "Pet Snake": {"Onyx Black": 2.46, "Black": 5.84, "just": 1.4705}, "Candy Cane": {"Grinch": 3.22, "Sticky Sweet": 2.1735, "Designer": 8.505, "Hex Pot": 3.22, "Onyx Black": 2.48, "Black": 5.98, "just": 1.3685}, "Whip Cupcake": {"Sponge Duck": 3.1, "Deep State": 2.4025000000000003, "Resistance": 5.425, "Bitcoin": 9.475, "Toncoin": 2.4025000000000003, "Onyx Black": 2.25, "Black": 5.725, "just": 1.3175}, "Big Year": {"Cheshire Cat": 2.387, "Pokeball": 2.6039999999999996, "Pavel Durov": 4.34, "YouTubes": 4.34, "Game Boy": 2.2785, "Telegram": 4.34, "Bitcoin": 4.34, "The Nether": 2.9295, "Qing Dynasty": 3.3635, "Creator": 2.9295, "Big Brother": 2.9295, "The Hobbit": 3.3635, "Gold Mine": 7.595, "First Website": 2.2785, "Onyx Black": 3.71, "Black": 8.684999999999999, "just": 1.8444999999999998}, "Homemade Cake": {"Onyx Black": 2.42, "Black": 5.58, "just": 1.5725}, "Cookie Heart": {"Onyx Black": 2.57, "Black": 6.825, "just": 1.6575}, "Jester Hat": {"Onyx Black": 2.6100000000000003, "Black": 6.49, "just": 1.4875}, "Holiday Drink": {"Onyx Black": 2.67, "Black": 6.220000000000001, "just": 1.649}, "Ginger Cookie": {"Onyx Black": 3.665, "Black": 7.015000000000001, "just": 1.7254999999999998}, "Hypno Lollipop": {"Onyx Black": 2.79, "Black": 6.5, "just": 1.768}, "Winter Wreath": {"Moon Cat": 108.49000000000001, "Onyx Black": 2.5549999999999997, "Black": 8.64, "just": 1.683}, "Party Sparkler": {"Onyx Black": 3.575, "Black": 7.970000000000001, "just": 1.6575}, "Jingle Bells": {"Onyx Black": 2.8449999999999998, "Black": 6.75, "just": 1.785}, "Tama Gadget": {"Onyx Black": 3.46, "Black": 6.550000000000001, "just": 1.785}, "Jack-in-the-Box": {"Onyx Black": 3.13, "Black": 7.62, "just": 1.9124999999999999}, "Star Notepad": {"Onyx Black": 3.3899999999999997, "Black": 9.64, "just": 1.9379999999999997}, "Easter Egg": {"Onyx Black": 3.63, "Black": 11.08, "just": 2.3545}, "Santa Hat": {"Onyx Black": 3.5300000000000002, "Black": 8.05, "just": 2.3375}, "Hex Pot": {"Onyx Black": 3.9349999999999996, "Black": 10.1, "just": 2.3205}, "Restless Jar": {"Onyx Black": 3.79, "Black": 10.54, "just": 2.193}, "Lush Bouquet": {"Onyx Black": 4.33, "Black": 7.9799999999999995, "just": 2.516}, "Spiced Wine": {"Onyx Black": 2.982, "Black": 6.878, "just": 2.0145}, "Snow Globe": {"Onyx Black": 4.640000000000001, "Black": 12.895, "just": 2.3715}, "Joyful Bundle": {"Onyx Black": 3.625, "Black": 7.995, "just": 2.38}, "Light Sword": {"Onyx Black": 4.604, "Black": 10.703999999999999, "just": 2.754}, "Witch Hat": {"Onyx Black": 4.73, "Black": 11.73, "just": 2.941}, "Bow Tie": {"Onyx Black": 4.96, "Black": 12.647999999999998, "just": 2.788}, "Eternal Candle": {"Onyx Black": 5.338, "Black": 11.342, "just": 3.0345}, "Jelly Bunny": {"Onyx Black": 5.485, "Black": 11.14, "just": 3.0004999999999997}, "Bunny Muffin": {"Onyx Black": 4.88, "Black": 13.48, "just": 3.23}, "Spy Agaric": {"Onyx Black": 5.204, "Black": 10.396, "just": 2.839}, "Evil Eye": {"Onyx Black": 6.108, "Black": 12.632000000000001, "just": 3.162}, "Snow Mittens": {"Onyx Black": 5.102, "Black": 7.958, "just": 3.1195}, "Berry Box": {"Onyx Black": 5.91, "Black": 11.629999999999999, "just": 3.2725}, "Valentine Box": {"Onyx Black": 7.52, "Black": 12.719999999999999, "just": 4.08}, "Sakura Flower": {"Onyx Black": 6.994, "Black": 15.394, "just": 4.2415}, "Hanging Star": {"Onyx Black": 8.556000000000001, "Black": 15.352, "just": 4.76}, "Sleigh Bell": {"Onyx Black": 10.614, "Black": 18.61, "just": 6.5365}, "Love Candle": {"Onyx Black": 11.216, "Black": 20.612000000000002, "just": 7.105999999999999}, "Skull Flower": {"Onyx Black": 10.758, "Black": 17.918, "just": 7.250499999999999}, "Crystal Ball": {"Onyx Black": 10.928, "Black": 28.127999999999997, "just": 6.6979999999999995}, "Trapped Heart": {"Onyx Black": 13.201999999999998, "Black": 19.282, "just": 7.964499999999999}, "Top Hat": {"Onyx Black": 12.283999999999999, "Black": 22.564, "just": 6.7490000000000006}, "Love Potion": {"Onyx Black": 10.996, "Black": 22.2, "just": 7.6499999999999995}, "Flying Broom": {"Onyx Black": 10.9, "Black": 20.06, "just": 8.075}, "Cupid Charm": {"Onyx Black": 16.894, "Black": 32.494, "just": 9.7665}, "Record Player": {"Onyx Black": 11.120000000000001, "Black": 20.396, "just": 6.8}, "Eternal Rose": {"Onyx Black": 17.414, "Black": 37.014, "just": 11.6365}, "Mad Pumpkin": {"Onyx Black": 22.316, "Black": 38.116, "just": 14.331}, "Voodoo Doll": {"Onyx Black": 21.874, "Black": 48.074, "just": 14.2715}, "Diamond Ring": {"Onyx Black": 22.514000000000003, "Black": 43.714, "just": 13.7615}, "Toy Bear": {"Onyx Black": 24.43, "Black": 46.91, "just": 15.461500000000001}, "Vintage Cigar": {"Onyx Black": 40.0, "Black": 55.6, "just": 20.4}, "Neko Helmet": {"Onyx Black": 35.989999999999995, "Black": 75.99, "just": 22.6525}, "Low Rider": {"Onyx Black": 34.268, "Black": 91.068, "just": 21.913}, "Signet Ring": {"Onyx Black": 37.288, "Black": 80.08800000000001, "just": 23.358}, "Electric Skull": {"Onyx Black": 44.194, "Black": 67.78999999999999, "just": 26.341499999999996}, "Kissed Frog": {"Onyx Black": 48.94199999999999,