{"Snoop Dogg": {"Goldizzle": 6.780499999999999, "Sapphire": 2.016, "Doggfather": 3.286, "King Snoop": 4.416, "Chrome": 2.1205000000000003, "AI Dogg": 3.153, "Doberman": 3.5805000000000002, "King Ruby": 1.9685000000000006, "Black Diamond": 2.1490000000000005, "Onyx Black": 3.3833333333333337, "Black": 10.557692307692307, "just": 1.4875}, "Swag Bag": {"Boiling Hot": 2.511, "Happy Herbs": 2.8830000000000005, "Darkness": 2.139, "Gin & Jewels": 2.325, "Golden Nugs": 1.9530000000000003, "Snoop Life": 2.511, "Take It Easy": 2.418, "Leopard": 2.0460000000000003, "April 20th": 2.8830000000000005, "Bulk Order": 2.511, "Missionary": 6.510000000000001, "Cashback": 2.8830000000000005, "Onyx Black": 3.13, "Black": 6.930000000000001, "just": 1.581}, "Snoop Cigar": {"Onyx Black": 7.720000000000001, "Black": 17.225, "just": 3.7825}, "Lol Pop": {"Mortal Sin": 3.7239999999999998, "Hexed Helix": 1.5294999999999999, "Soap Bubbles": 1.3965, "Dark Sky": 1.5294999999999999, "Angelina": 2.0615, "Satellite": 1.6625, "Crystalline": 1.3965, "Pink Foil": 1.3965, "Doodle Art": 1.4630000000000003, "Milky Way": 1.4630000000000003, "Rosebud": 1.596, "Sweetheart": 1.5294999999999999, "Comic Crunch": 1.4630000000000003, "Jolly Roger": 1.596, "Nostalgia": 1.3965, "Portable Pop": 1.3965, "Cobweb": 1.4630000000000003, "Cookie Dip": 1.4630000000000003, "Glowstick": 2.0615, "Shock Wave": 1.3965, "Watermelon": 1.3965, "Blood Sucker": 1.6625, "Celestia": 2.0615, "Love Bubbles": 1.4630000000000003, "Heart Pop": 1.4630000000000003, "Jinxed": 1.729, "Pumpkin": 1.5294999999999999, "Gold Star": 1.5294999999999999, "Sailor Moon": 1.4630000000000003, "Sick Leave": 1.5294999999999999, "Andromeda": 1.596, "Dark Portal": 2.0615, "Icicle": 1.3965, "Wonka Berry": 1.3965, "Einstein": 1.4630000000000003, "Blood Ember": 1.5294999999999999, "Onyx Black": 1.915, "Black": 5.385, "just": 1.1305}, "B-Day Candle": {"Purr Magic": 2.015, "On Fire": 2.015, "Kaboom!": 1.7550000000000001, "Final Boss": 2.015, "Happy Meows": 2.015, "Pixel Wish": 2.015, "Payday": 2.015, "Onyx Black": 1.7000000000000002, "Black": 5.050000000000001, "just": 1.105}, "Desk Calendar": {"Peach Week": 2.015, "Heartbreak": 1.56, "Durov Day": 2.6, "Balloon Face": 1.4949999999999999, "Burning Time": 2.015, "Fund Manager": 2.015, "Fawkes Night": 4.55, "Hodler": 3.6399999999999997, "Checklist": 1.7550000000000001, "Deadline": 2.015, "Adult Tasks": 25.6, "Telegram": 2.015, "Independence": 2.6, "Pepe Plans": 11.38, "Tic Tac Toe": 1.7550000000000001, "Investor": 5.345, "Sunday": 2.015, "Onyx Black": 1.6400000000000001, "Black": 5.994999999999999, "just": 1.105}, "Lunar Snake": {"Timelock": 1.68, "Psychedelic": 1.75, "Synthwave": 5.699999999999999, "Hellspawn": 2.17, "Soul Eater": 1.89, "Python Dev": 2.17, "Dragon Ball": 5.6, "Hot Cherry": 1.89, "Onyx Black": 2.0949999999999998, "Black": 5.594999999999999, "just": 1.19}, "Xmas Stocking": {"Onyx Black": 2.02, "Black": 5.449999999999999, "just": 1.19}, "Snake Box": {"Onyx Black": 2.14, "Black": 5.91, "just": 1.122}, "Pet Snake": {"Onyx Black": 2.395, "Black": 5.885000000000001, "just": 1.5215}, "Candy Cane": {"Hex Pot": 2.98, "Grinch": 2.98, "Designer": 5.215, "Sticky Sweet": 2.0115000000000003, "Onyx Black": 2.245, "Black": 6.13, "just": 1.2665}, "Whip Cupcake": {"Deep State": 2.0115000000000003, "Resistance": 5.215, "Bitcoin": 10.690000000000001, "Toncoin": 2.98, "Sponge Duck": 2.3095, "Onyx Black": 2.24, "Black": 5.495, "just": 1.2665}, "Big Year": {"Cheshire Cat": 2.375, "Big Brother": 2.945, "The Nether": 2.09, "Game Boy": 2.09, "Pavel Durov": 5.319999999999999, "First Website": 1.9949999999999999, "Creator": 2.945, "Gold Mine": 6.6499999999999995, "Qing Dynasty": 3.8, "The Hobbit": 3.8, "Pokeball": 2.565, "Telegram": 5.319999999999999, "YouTubes": 2.945, "Bitcoin": 5.319999999999999, "Onyx Black": 3.425, "Black": 8.375, "just": 1.615}, "Homemade Cake": {"Onyx Black": 2.0100000000000002, "Black": 5.395, "just": 1.3515}, "Cookie Heart": {"Onyx Black": 2.415, "Black": 7.41, "just": 1.5555}, "Jester Hat": {"Onyx Black": 2.58, "Black": 6.72, "just": 1.4109999999999998}, "Holiday Drink": {"Onyx Black": 2.745, "Black": 5.845, "just": 1.5215}, "Ginger Cookie": {"Onyx Black": 3.9000000000000004, "Black": 6.3999999999999995, "just": 1.53}, "Hypno Lollipop": {"Onyx Black": 2.8499999999999996, "Black": 6.449999999999999, "just": 1.615}, "Winter Wreath": {"Onyx Black": 2.645, "Black": 9.35, "just": 1.53}, "Party Sparkler": {"Onyx Black": 4.375, "Black": 7.99, "just": 1.7764999999999997}, "Jingle Bells": {"Onyx Black": 2.87, "Black": 6.9750000000000005, "just": 1.7424999999999997}, "Tama Gadget": {"Onyx Black": 3.425, "Black": 7.0, "just": 1.7}, "Jack-in-the-Box": {"Onyx Black": 3.115, "Black": 7.92, "just": 1.853}, "Star Notepad": {"Onyx Black": 3.94, "Black": 9.035, "just": 2.0229999999999997}, "Easter Egg": {"Onyx Black": 3.92, "Black": 11.07, "just": 2.159}, "Santa Hat": {"Onyx Black": 3.48, "Black": 8.26, "just": 2.125}, "Hex Pot": {"Onyx Black": 3.95, "Black": 10.375, "just": 2.3375}, "Restless Jar": {"Onyx Black": 4.0, "Black": 8.469999999999999, "just": 2.125}, "Lush Bouquet": {"Onyx Black": 4.4, "Black": 8.05, "just": 2.38}, "Spiced Wine": {"Onyx Black": 3.0220000000000002, "Black": 6.6659999999999995, "just": 2.0825}, "Snow Globe": {"Onyx Black": 4.185, "Black": 10.41, "just": 2.397}, "Joyful Bundle": {"Onyx Black": 4.105, "Black": 8.165, "just": 2.4055}, "Light Sword": {"Onyx Black": 3.994, "Black": 10.393999999999998, "just": 2.5415}, "Witch Hat": {"Onyx Black": 4.365, "Black": 11.950000000000001, "just": 2.465}, "Bow Tie": {"Onyx Black": 4.082, "Black": 13.23, "just": 2.6435}, "Eternal Candle": {"Onyx Black": 4.8260000000000005, "Black": 10.034, "just": 2.8815}, "Jelly Bunny": {"Onyx Black": 4.375, "Black": 10.35, "just": 2.7624999999999997}, "Bunny Muffin": {"Onyx Black": 4.554, "Black": 11.634, "just": 2.8815}, "Spy Agaric": {"Onyx Black": 5.0600000000000005, "Black": 11.86, "just": 2.635}, "Evil Eye": {"Onyx Black": 6.154, "Black": 12.682, "just": 3.0515}, "Snow Mittens": {"Onyx Black": 4.748, "Black": 7.624, "just": 3.043}, "Berry Box": {"Onyx Black": 4.58, "Black": 11.768, "just": 3.094}, "Valentine Box": {"Onyx Black": 8.602, "Black": 12.761999999999999, "just": 3.9695}, "Sakura Flower": {"Onyx Black": 6.368, "Black": 14.568000000000001, "just": 3.638}, "Hanging Star": {"Onyx Black": 8.528, "Black": 14.995999999999999, "just": 4.25}, "Sleigh Bell": {"Onyx Black": 10.66, "Black": 18.46, "just": 6.034999999999999}, "Love Candle": {"Onyx Black": 9.66, "Black": 16.38, "just": 6.205}, "Skull Flower": {"Onyx Black": 10.942, "Black": 17.022, "just": 7.114499999999999}, "Crystal Ball": {"Onyx Black": 12.174, "Black": 30.894, "just": 6.3665}, "Trapped Heart": {"Onyx Black": 11.38, "Black": 19.364, "just": 7.055000000000001}, "Top Hat": {"Onyx Black": 12.856, "Black": 26.308, "just": 7.446}, "Love Potion": {"Onyx Black": 10.528, "Black": 24.927999999999997, "just": 7.548}, "Flying Broom": {"Onyx Black": 10.92, "Black": 17.119999999999997, "just": 7.819999999999999}, "Cupid Charm": {"Onyx Black": 17.424, "Black": 34.224000000000004, "just": 9.383999999999999}, "Record Player": {"Onyx Black": 11.252, "Black": 20.912000000000003, "just": 6.987}, "Eternal Rose": {"Onyx Black": 18.954, "Black": 34.153999999999996, "just": 11.551499999999999}, "Mad Pumpkin": {"Onyx Black": 25.881999999999998, "Black": 41.882, "just": 13.9995}, "Voodoo Doll": {"Onyx Black": 23.094, "Black": 57.594, "just": 13.5915}, "Diamond Ring": {"Onyx Black": 22.394, "Black": 37.194, "just": 13.5915}, "Toy Bear": {"Onyx Black": 23.394, "Black": 49.394000000000005, "just": 16.141499999999997}, "Vintage Cigar": {"Onyx Black": 44.9, "Black": 60.9, "just": 19.974999999999998}, "Neko Helmet": {"Onyx Black": 40.266, "Black": 64.25800000000001, "just": 23.043499999999998}, "Low Rider": {"Onyx Black": 34.3, "Black": 88.7, "just": 20.825}, "Signet Ring": {"Onyx Black": 36.394, "Black": 77.594, "just": 22.091499999999996},