{"Snoop Dogg": {"Goldizzle": 6.984000000000001, "AI Dogg": 2.9915000000000003, "Doberman": 3.3905000000000003, "Emerald": 1.9305000000000003, "Sapphire": 2.1205000000000003, "Chrome": 2.2060000000000004, "Doggfather": 3.2955, "King Snoop": 4.5585, "Black Diamond": 1.9305000000000003, "Onyx Black": 2.8866666666666667, "Black": 9.575384615384614, "just": 1.4109999999999998}, "Swag Bag": {"Missionary": 6.265000000000001, "Take It Easy": 2.0585, "Darkness": 2.0585, "Boiling Hot": 2.0585, "Happy Herbs": 2.7745, "Golden Nugs": 1.8795000000000002, "April 20th": 2.7745, "Snoop Life": 1.9690000000000003, "Cashback": 2.7745, "Bulk Order": 1.9690000000000003, "Gin & Jewels": 2.2375, "Onyx Black": 3.145, "Black": 6.6450000000000005, "just": 1.5215}, "Snoop Cigar": {"Onyx Black": 7.9399999999999995, "Black": 17.09, "just": 3.638}, "Lol Pop": {"Dark Sky": 1.536, "Love Bubbles": 1.4080000000000001, "Pink Foil": 1.344, "Heart Pop": 1.344, "Blood Sucker": 1.4080000000000001, "Sailor Moon": 1.472, "Soap Bubbles": 1.4080000000000001, "Fire Vortex": 1.4080000000000001, "Icicle": 1.4080000000000001, "Dark Portal": 1.9840000000000002, "Sweetheart": 1.472, "Blood Ember": 1.472, "Portable Pop": 1.344, "Angelina": 1.9840000000000002, "Doodle Art": 1.472, "Wonka Berry": 1.4080000000000001, "Einstein": 1.472, "Cookie Dip": 1.6, "Satellite": 1.6640000000000001, "Cobweb": 1.6, "Celestia": 1.9840000000000002, "Glowstick": 1.9840000000000002, "Milky Way": 1.4080000000000001, "Shock Wave": 1.344, "Pumpkin": 1.4080000000000001, "Jinxed": 1.4080000000000001, "Nostalgia": 1.6, "Rosebud": 1.472, "Romance": 1.344, "Hexed Helix": 1.472, "Jolly Roger": 1.536, "Mortal Sin": 2.56, "Comic Crunch": 1.344, "Andromeda": 1.7280000000000002, "Watermelon": 1.4080000000000001, "Onyx Black": 1.685, "Black": 4.975, "just": 1.088}, "B-Day Candle": {"Shocker": 1.8599999999999999, "Happy Meows": 2.4, "Pixel Wish": 1.8599999999999999, "Final Boss": 1.8599999999999999, "Kaboom!": 1.8599999999999999, "Purr Magic": 1.8599999999999999, "Payday": 1.8599999999999999, "On Fire": 1.8599999999999999, "Onyx Black": 1.6800000000000002, "Black": 4.8999999999999995, "just": 1.02}, "Desk Calendar": {"Independence": 3.36, "Balloon Face": 1.5, "Fawkes Night": 4.2, "Hodler": 4.2, "Sunday": 1.8599999999999999, "Burning Time": 1.8599999999999999, "Durov Day": 2.4, "Checklist": 1.8599999999999999, "Investor": 4.2, "Pepe Plans": 4.2, "Telegram": 1.8599999999999999, "Peach Week": 1.8599999999999999, "Heartbreak": 1.32, "Adult Tasks": 4.2, "Deadline": 2.4, "Fund Manager": 1.8599999999999999, "Tic Tac Toe": 1.62, "Onyx Black": 1.6749999999999998, "Black": 5.4, "just": 1.02}, "Lunar Snake": {"Psychedelic": 2.015, "Hellspawn": 3.6399999999999997, "Hot Cherry": 2.015, "Python Dev": 2.015, "Dragon Ball": 4.55, "Soul Eater": 2.015, "Timelock": 1.7550000000000001, "Synthwave": 2.6, "Onyx Black": 2.0, "Black": 5.4399999999999995, "just": 1.105}, "Xmas Stocking": {"Onyx Black": 1.88, "Black": 5.13, "just": 1.071}, "Snake Box": {"Onyx Black": 1.735, "Black": 4.9350000000000005, "just": 1.0795}, "Pet Snake": {"Onyx Black": 2.43, "Black": 5.27, "just": 1.3515}, "Candy Cane": {"Grinch": 2.96, "Designer": 5.18, "Hex Pot": 2.96, "Sticky Sweet": 1.998, "Onyx Black": 2.34, "Black": 6.734999999999999, "just": 1.258}, "Whip Cupcake": {"Deep State": 2.1235000000000004, "Bitcoin": 4.795, "Sponge Duck": 2.74, "Resistance": 4.795, "Toncoin": 2.1235000000000004, "Onyx Black": 2.135, "Black": 5.1850000000000005, "just": 1.1645}, "Big Year": {"First Website": 1.9470000000000003, "Telegram": 3.54, "The Nether": 2.2125, "Bitcoin": 4.9559999999999995, "Gold Mine": 6.195, "Balloons": 1.8585, "Cheshire Cat": 2.301, "Game Boy": 2.2125, "Pavel Durov": 4.9559999999999995, "Big Brother": 2.2125, "The Hobbit": 3.54, "Pokeball": 2.7435, "YouTubes": 2.7435, "Creator": 2.301, "Qing Dynasty": 3.54, "Onyx Black": 2.8600000000000003, "Black": 7.885, "just": 1.5045}, "Homemade Cake": {"Onyx Black": 2.0700000000000003, "Black": 4.65, "just": 1.275}, "Cookie Heart": {"Onyx Black": 2.235, "Black": 6.340000000000001, "just": 1.513}, "Jester Hat": {"Onyx Black": 2.645, "Black": 6.25, "just": 1.275}, "Holiday Drink": {"Onyx Black": 2.29, "Black": 5.54, "just": 1.428}, "Ginger Cookie": {"Onyx Black": 3.38, "Black": 5.4799999999999995, "just": 1.496}, "Hypno Lollipop": {"Onyx Black": 2.64, "Black": 6.830000000000001, "just": 1.513}, "Winter Wreath": {"Onyx Black": 2.43, "Black": 8.845, "just": 1.4449999999999998}, "Party Sparkler": {"Onyx Black": 2.995, "Black": 7.545000000000001, "just": 1.5215}, "Jingle Bells": {"Onyx Black": 2.585, "Black": 6.585, "just": 1.428}, "Tama Gadget": {"Onyx Black": 3.175, "Black": 6.6, "just": 1.5725}, "Jack-in-the-Box": {"Onyx Black": 3.05, "Black": 7.725, "just": 1.785}, "Star Notepad": {"Onyx Black": 2.83, "Black": 8.725, "just": 1.836}, "Easter Egg": {"Onyx Black": 3.84, "Black": 10.645, "just": 1.9465}, "Santa Hat": {"Onyx Black": 3.39, "Black": 9.695, "just": 2.2015}, "Hex Pot": {"Onyx Black": 3.5700000000000003, "Black": 8.145, "just": 2.0315}, "Restless Jar": {"Onyx Black": 3.7750000000000004, "Black": 8.4, "just": 1.9975}, "Lush Bouquet": {"Onyx Black": 3.4799999999999995, "Black": 8.555, "just": 2.2184999999999997}, "Spiced Wine": {"Onyx Black": 3.0149999999999997, "Black": 7.77, "just": 1.649}, "Snow Globe": {"Onyx Black": 3.875, "Black": 9.0, "just": 1.87}, "Joyful Bundle": {"Onyx Black": 3.655, "Black": 8.004999999999999, "just": 2.1334999999999997}, "Light Sword": {"Onyx Black": 4.45, "Black": 11.18, "just": 2.295}, "Witch Hat": {"Onyx Black": 4.32, "Black": 10.375, "just": 2.3375}, "Bow Tie": {"Onyx Black": 4.48, "Black": 14.64, "just": 2.516}, "Eternal Candle": {"Onyx Black": 5.04, "Black": 14.040000000000001, "just": 2.618}, "Jelly Bunny": {"Onyx Black": 4.98, "Black": 10.059999999999999, "just": 2.737}, "Bunny Muffin": {"Onyx Black": 5.85, "Black": 21.549999999999997, "just": 2.72}, "Spy Agaric": {"Onyx Black": 5.220000000000001, "Black": 10.72, "just": 2.499}, "Evil Eye": {"Onyx Black": 5.695, "Black": 15.55, "just": 2.8899999999999997}, "Snow Mittens": {"Onyx Black": 4.43, "Black": 8.495000000000001, "just": 2.5415}, "Berry Box": {"Onyx Black": 4.75, "Black": 13.755, "just": 2.9835}, "Valentine Box": {"Onyx Black": 7.970000000000001, "Black": 11.92, "just": 3.3489999999999998}, "Sakura Flower": {"Onyx Black": 7.0, "Black": 17.75, "just": 3.4}, "Hanging Star": {"Onyx Black": 7.45, "Black": 16.450000000000003, "just": 4.165}, "Sleigh Bell": {"Onyx Black": 10.335, "Black": 16.685000000000002, "just": 4.947}, "Love Candle": {"Onyx Black": 8.065, "Black": 14.82, "just": 5.218999999999999}, "Skull Flower": {"Onyx Black": 8.675, "Black": 16.98, "just": 5.066}, "Crystal Ball": {"Onyx Black": 13.439999999999998, "Black": 28.445, "just": 5.8565}, "Trapped Heart": {"Onyx Black": 11.795, "Black": 23.295, "just": 6.451499999999999}, "Top Hat": {"Onyx Black": 15.855, "Black": 26.205000000000002, "just": 6.5535}, "Love Potion": {"Onyx Black": 10.015, "Black": 28.564999999999998, "just": 6.910500000000001}, "Flying Broom": {"Onyx Black": 10.754999999999999, "Black": 19.265, "just": 7.250499999999999}, "Cupid Charm": {"Onyx Black": 16.38, "Black": 36.885000000000005, "just": 8.304499999999999}, "Record Player": {"Onyx Black": 11.81, "Black": 23.905, "just": 6.647}, "Eternal Rose": {"Onyx Black": 20.97, "Black": 38.97, "just": 10.998999999999999}, "Mad Pumpkin": {"Onyx Black": 18.669999999999998, "Black": 46.925000000000004, "just": 12.622499999999999}, "Voodoo Doll": {"Onyx Black": 22.495, "Black": 45.995, "just": 12.7415}, "Diamond Ring": {"Onyx Black": 20.119999999999997, "Black": 43.644999999999996, "just": 12.9965}, "Toy Bear": {"Onyx Black": 24.395, "Black": 53.145, "just": 14.2715}, "Vintage Cigar": {"Onyx Black": 48.0, "Black": 71.0, "just": 18.7}, "Neko Helmet": {"Onyx Black": 41.05, "Black": 71.04499999999999, "just": 18.785}, "Low Rider": {"Onyx Black": 41.545, "Black": 106.795, "just": 20.9015},