{"Snoop Dogg": {"King Snoop": 4.893, "King Ruby": 1.9255, "AI Dogg": 2.8845, "Doberman": 3.231, "Sapphire": 2.2199999999999998, "Goldizzle": 7.160499999999999, "Doggfather": 3.0125, "Chrome": 2.3055000000000003, "Black Diamond": 2.068, "Onyx Black": 3.2633333333333336, "Black": 10.26076923076923, "just": 1.5555}, "Swag Bag": {"Gin & Jewels": 2.639, "Aviators": 2.1315, "Darkness": 2.1315, "Snoop Life": 2.7405, "Happy Herbs": 3.1464999999999996, "Missionary": 8.665000000000001, "Take It Easy": 2.7405, "Boiling Hot": 2.3750999999999998, "Bulk Order": 2.233, "April 20th": 3.1464999999999996, "Leopard": 2.233, "Cashback": 3.1464999999999996, "Onyx Black": 3.165, "Black": 7.49, "just": 1.7254999999999998}, "Snoop Cigar": {"Onyx Black": 7.945, "Black": 19.294999999999998, "just": 4.199}, "Lol Pop": {"Jinxed": 1.617, "Hexed Helix": 1.8375, "Einstein": 1.7198999999999998, "Mortal Sin": 2.94, "Love Bubbles": 1.8375, "Dark Portal": 1.911, "Angelina": 2.2785, "Dark Sky": 1.617, "Satellite": 1.8375, "Rosebud": 1.7198999999999998, "Sick Leave": 1.5435, "Cobweb": 1.5435, "Hollywood": 1.5435, "Sweetheart": 1.8375, "Celestia": 1.9845000000000002, "Blood Sucker": 1.9845000000000002, "Blood Ember": 1.7198999999999998, "Milky Way": 1.5435, "Glowstick": 2.2785, "Jolly Roger": 1.8375, "Doodle Art": 1.617, "Andromeda": 1.9845000000000002, "Heart Pop": 1.617, "Comic Crunch": 1.5435, "Pumpkin": 1.8375, "Shock Wave": 1.5435, "Nostalgia": 1.5435, "Onyx Black": 1.9849999999999999, "Black": 5.220000000000001, "just": 1.2495}, "B-Day Candle": {"Final Boss": 2.2165, "Purr Magic": 2.2165, "On Fire": 2.2165, "Kaboom!": 1.9305, "Pixel Wish": 2.2165, "Payday": 2.2165, "Happy Meows": 2.2165, "Onyx Black": 1.8599999999999999, "Black": 5.16, "just": 1.2155}, "Desk Calendar": {"Pepe Plans": 14.724999999999998, "Investor": 8.73, "Peach Week": 2.263, "Heartbreak": 1.606, "Sunday": 1.971, "Durov Day": 5.109999999999999, "Burning Time": 2.263, "Independence": 2.263, "Checklist": 2.263, "Telegram": 2.263, "Deadline": 2.263, "Balloon Face": 1.825, "Hodler": 5.109999999999999, "Adult Tasks": 27.635, "Fawkes Night": 2.92, "Tic Tac Toe": 2.263, "Fund Manager": 2.263, "Onyx Black": 1.88, "Black": 5.33, "just": 1.2409999999999999}, "Lunar Snake": {"Synthwave": 5.18, "Timelock": 2.294, "Python Dev": 1.998, "Dragon Ball": 5.18, "Hellspawn": 1.998, "Psychedelic": 2.294, "Hot Cherry": 2.294, "Soul Eater": 2.294, "Onyx Black": 2.335, "Black": 5.4399999999999995, "just": 1.258}, "Xmas Stocking": {"Onyx Black": 2.245, "Black": 5.765, "just": 1.275}, "Snake Box": {"Onyx Black": 2.15, "Black": 5.25, "just": 1.275}, "Pet Snake": {"Onyx Black": 2.385, "Black": 6.130000000000001, "just": 1.5045}, "Candy Cane": {"Hex Pot": 4.367999999999999, "Grinch": 3.12, "Sticky Sweet": 2.418, "Designer": 5.46, "Onyx Black": 2.2800000000000002, "Black": 5.775, "just": 1.326}, "Whip Cupcake": {"Sponge Duck": 2.573, "Toncoin": 2.573, "Resistance": 5.81, "Deep State": 2.241, "Bitcoin": 13.83, "Onyx Black": 2.195, "Black": 5.42, "just": 1.4109999999999998}, "Big Year": {"First Website": 2.231, "Balloons": 2.134, "Pavel Durov": 10.419999999999998, "Bitcoin": 5.4319999999999995, "Pokeball": 2.619, "Creator": 2.619, "YouTubes": 3.007, "Gold Mine": 6.79, "The Nether": 3.007, "Big Brother": 3.007, "Game Boy": 2.037, "Telegram": 5.4319999999999995, "The Hobbit": 3.88, "Cheshire Cat": 3.007, "Qing Dynasty": 3.007, "Onyx Black": 3.97, "Black": 9.120000000000001, "just": 1.649}, "Homemade Cake": {"Onyx Black": 2.3600000000000003, "Black": 5.635, "just": 1.5895000000000001}, "Cookie Heart": {"Onyx Black": 2.45, "Black": 6.71, "just": 1.6404999999999998}, "Jester Hat": {"Onyx Black": 2.6, "Black": 6.510000000000001, "just": 1.513}, "Holiday Drink": {"Onyx Black": 2.66, "Black": 6.2, "just": 1.5895000000000001}, "Ginger Cookie": {"Onyx Black": 3.4850000000000003, "Black": 6.879999999999999, "just": 1.683}, "Hypno Lollipop": {"Onyx Black": 3.455, "Black": 6.77, "just": 1.649}, "Winter Wreath": {"Moon Cat": 100.49000000000001, "Onyx Black": 2.59, "Black": 6.984999999999999, "just": 1.683}, "Party Sparkler": {"Onyx Black": 2.98, "Black": 7.430000000000001, "just": 1.666}, "Jingle Bells": {"Onyx Black": 2.785, "Black": 6.135, "just": 1.7594999999999998}, "Tama Gadget": {"Onyx Black": 3.455, "Black": 6.775, "just": 1.7764999999999997}, "Jack-in-the-Box": {"Onyx Black": 3.13, "Black": 6.9799999999999995, "just": 1.9209999999999998}, "Star Notepad": {"Onyx Black": 3.7350000000000003, "Black": 9.16, "just": 1.9719999999999998}, "Easter Egg": {"Onyx Black": 3.8049999999999997, "Black": 10.885, "just": 2.431}, "Santa Hat": {"Onyx Black": 3.912, "Black": 8.276, "just": 2.38}, "Hex Pot": {"Onyx Black": 4.005, "Black": 9.844999999999999, "just": 2.38}, "Restless Jar": {"Onyx Black": 3.995, "Black": 9.275, "just": 2.244}, "Lush Bouquet": {"Onyx Black": 4.61, "Black": 8.86, "just": 2.737}, "Spiced Wine": {"Onyx Black": 3.4240000000000004, "Black": 6.68, "just": 2.193}, "Snow Globe": {"Onyx Black": 4.92, "Black": 11.424999999999999, "just": 2.4225}, "Joyful Bundle": {"Onyx Black": 3.95, "Black": 9.61, "just": 2.3545}, "Light Sword": {"Onyx Black": 4.486, "Black": 9.89, "just": 2.6774999999999998}, "Witch Hat": {"Onyx Black": 4.515000000000001, "Black": 12.08, "just": 2.686}, "Bow Tie": {"Onyx Black": 4.699999999999999, "Black": 11.98, "just": 2.8049999999999997}, "Eternal Candle": {"Onyx Black": 5.384, "Black": 11.184, "just": 3.094}, "Jelly Bunny": {"Onyx Black": 5.05, "Black": 10.14, "just": 2.8049999999999997}, "Bunny Muffin": {"Onyx Black": 4.724, "Black": 11.524000000000001, "just": 3.009}, "Spy Agaric": {"Onyx Black": 5.494, "Black": 10.486, "just": 2.9665}, "Evil Eye": {"Onyx Black": 6.05, "Black": 13.45, "just": 3.1875}, "Snow Mittens": {"Onyx Black": 6.764, "Black": 8.68, "just": 3.3489999999999998}, "Berry Box": {"Onyx Black": 5.23, "Black": 10.709999999999999, "just": 3.2725}, "Valentine Box": {"Onyx Black": 7.234, "Black": 12.873999999999999, "just": 4.0715}, "Sakura Flower": {"Onyx Black": 6.885999999999999, "Black": 16.086, "just": 4.0885}, "Hanging Star": {"Onyx Black": 8.17, "Black": 15.370000000000001, "just": 5.0575}, "Sleigh Bell": {"Onyx Black": 12.584, "Black": 20.584, "just": 6.494}, "Love Candle": {"Onyx Black": 10.16, "Black": 17.076, "just": 6.969999999999999}, "Skull Flower": {"Onyx Black": 11.54, "Black": 18.46, "just": 6.715}, "Crystal Ball": {"Onyx Black": 12.18, "Black": 27.4, "just": 6.545}, "Trapped Heart": {"Onyx Black": 12.356, "Black": 19.195999999999998, "just": 7.361}, "Top Hat": {"Onyx Black": 15.1, "Black": 26.7, "just": 7.225}, "Love Potion": {"Onyx Black": 13.184, "Black": 23.984, "just": 8.483}, "Flying Broom": {"Onyx Black": 11.678, "Black": 17.682000000000002, "just": 8.0495}, "Cupid Charm": {"Onyx Black": 17.714, "Black": 32.85, "just": 9.987499999999999}, "Record Player": {"Onyx Black": 10.554, "Black": 20.793999999999997, "just": 6.7915}, "Eternal Rose": {"Onyx Black": 19.419999999999998, "Black": 33.66, "just": 11.985}, "Mad Pumpkin": {"Onyx Black": 24.2, "Black": 39.936, "just": 16.15}, "Voodoo Doll": {"Onyx Black": 24.05, "Black": 44.653999999999996, "just": 14.526499999999999}, "Diamond Ring": {"Onyx Black": 21.274, "Black": 41.674, "just": 14.2715}, "Toy Bear": {"Onyx Black": 33.074, "Black": 50.674, "just": 21.921499999999998}, "Vintage Cigar": {"Onyx Black": 36.6, "Black": 61.2, "just": 20.4}, "Neko Helmet": {"Onyx Black": 38.974000000000004, "Black": 66.974, "just": 24.046499999999998}, "Low Rider": {"Onyx Black": 32.6, "Black": 83.888, "just": 21.25}, "Signet Ring": {"Onyx Black": 38.007999999999996, "Black": 75.208, "just": 24.378}, "Electric Skull": {"Onyx Black": 45.562, "Black": 75.96199999999999, "just": 28.279500000000002}, "Kissed Frog": {"Onyx Black": 45.894000000000005, "Black": 80.69399999999999, "just": 29.3165}, "Swiss Watch": {"Onyx Black": 45.0, "Black": 72.6, "just": 29.75}, "Sharp Tongue": {"Onyx Black": 56.214, "Black": 141.014, "just": 35.436499999999995},