{"Snoop Dogg": {"Doberman": 3.2955, "AI Dogg": 3.248, "Black Diamond": 2.168, "Green Light": 1.8355000000000004, "Doggfather": 2.8015, "Cold Topaz": 2.0065, "Chrome": 2.1775, "Goldizzle": 7.2405, "King Snoop": 5.0905000000000005, "Sapphire": 2.1965000000000003, "Emerald": 1.8639999999999999, "Onyx Black": 2.8833333333333333, "Black": 10.38076923076923, "just": 1.4024999999999999}, "Swag Bag": {"Take It Easy": 2.196, "Bulk Order": 2.0130000000000003, "Happy Herbs": 2.8365, "Boiling Hot": 2.1045, "Gin & Jewels": 2.2875, "Snoop Life": 2.1045, "Missionary": 6.405, "April 20th": 2.8365, "Dogg’s Loot": 1.9215000000000002, "Darkness": 2.0130000000000003, "Cashback": 2.8365, "Onyx Black": 2.89, "Black": 6.91, "just": 1.5555}, "Snoop Cigar": {"Onyx Black": 6.65, "Black": 19.200000000000003, "just": 3.74}, "Lol Pop": {"Pumpkin": 1.4834999999999998, "Sweetheart": 1.4834999999999998, "Rosebud": 1.677, "Mortal Sin": 3.6119999999999997, "Soap Bubbles": 1.3545, "Doodle Art": 1.4834999999999998, "Liquid Lime": 1.3545, "Dark Sky": 1.4834999999999998, "Comic Crunch": 1.3545, "Andromeda": 1.677, "Romance": 1.3545, "Jinxed": 1.3545, "Wonka Berry": 1.3545, "Cookie Dip": 1.4190000000000003, "Cobweb": 1.3545, "Einstein": 1.4190000000000003, "Icy Touch": 1.3545, "Heart Pop": 1.3545, "Jolly Roger": 1.6125, "Icicle": 1.4190000000000003, "Milky Way": 1.3545, "Angelina": 1.9995, "Watermelon": 1.4190000000000003, "Satellite": 1.6125, "Blood Sucker": 1.6125, "Blood Ember": 1.7415000000000003, "Glowstick": 1.9995, "Celestia": 1.9995, "Hexed Helix": 1.4190000000000003, "Fire Vortex": 1.4190000000000003, "Love Bubbles": 1.6125, "Dark Portal": 1.548, "Onyx Black": 1.645, "Black": 4.695, "just": 1.0965}, "B-Day Candle": {"Kaboom!": 1.9375, "Shocker": 1.9375, "Happy Meows": 2.5, "On Fire": 1.9375, "Final Boss": 1.9375, "Payday": 1.9375, "Pixel Wish": 1.9375, "Purr Magic": 2.5, "Onyx Black": 1.645, "Black": 4.12, "just": 1.0625}, "Desk Calendar": {"Telegram": 1.922, "Durov Day": 2.48, "Heartbreak": 1.426, "Burning Time": 1.922, "Pepe Plans": 4.34, "Fawkes Night": 3.472, "Peach Week": 1.6740000000000002, "Adult Tasks": 4.34, "Fund Manager": 1.922, "Investor": 4.34, "Hodler": 4.34, "Checklist": 1.922, "Tic Tac Toe": 1.922, "Balloon Face": 1.612, "Sunday": 2.48, "Deadline": 2.48, "Independence": 3.472, "Onyx Black": 1.615, "Black": 4.66, "just": 1.054}, "Lunar Snake": {"Psychedelic": 2.108, "Soul Eater": 2.108, "Hot Cherry": 2.108, "Python Dev": 2.108, "Timelock": 1.8360000000000003, "Synthwave": 3.808, "Dragon Ball": 3.808, "Hellspawn": 1.8360000000000003, "Onyx Black": 2.0100000000000002, "Black": 4.83, "just": 1.1560000000000001}, "Xmas Stocking": {"Onyx Black": 1.995, "Black": 4.765, "just": 1.1305}, "Snake Box": {"Onyx Black": 1.9700000000000002, "Black": 4.87, "just": 1.139}, "Pet Snake": {"Onyx Black": 2.27, "Black": 5.32, "just": 1.4789999999999999}, "Candy Cane": {"Grinch": 3.18, "Designer": 5.565, "Hex Pot": 2.4645, "Sticky Sweet": 1.908, "Onyx Black": 2.29, "Black": 6.795, "just": 1.3515}, "Whip Cupcake": {"Sponge Duck": 2.201, "Bitcoin": 4.97, "Toncoin": 2.201, "Resistance": 4.97, "Deep State": 2.201, "Onyx Black": 2.21, "Black": 5.01, "just": 1.2069999999999999}, "Big Year": {"Big Brother": 2.635, "Creator": 2.295, "Cheshire Cat": 2.125, "Pavel Durov": 4.76, "YouTubes": 2.635, "Pokeball": 3.4, "Bitcoin": 4.76, "Qing Dynasty": 3.4, "Telegram": 4.76, "The Hobbit": 3.4, "First Website": 2.295, "The Nether": 2.295, "Balloons": 1.87, "Game Boy": 2.21, "Gold Mine": 4.76, "Onyx Black": 2.8499999999999996, "Black": 7.800000000000001, "just": 1.4449999999999998}, "Homemade Cake": {"Onyx Black": 1.93, "Black": 4.779999999999999, "just": 1.326}, "Cookie Heart": {"Onyx Black": 2.48, "Black": 6.33, "just": 1.5385}, "Jester Hat": {"Onyx Black": 2.715, "Black": 6.065, "just": 1.3855}, "Holiday Drink": {"Onyx Black": 2.335, "Black": 5.25, "just": 1.4449999999999998}, "Ginger Cookie": {"Onyx Black": 2.85, "Black": 6.425000000000001, "just": 1.5725}, "Hypno Lollipop": {"Onyx Black": 2.685, "Black": 5.885, "just": 1.5045}, "Winter Wreath": {"Onyx Black": 2.4, "Black": 8.8, "just": 1.53}, "Party Sparkler": {"Onyx Black": 3.045, "Black": 6.1450000000000005, "just": 1.5215}, "Jingle Bells": {"Onyx Black": 2.605, "Black": 5.365, "just": 1.4705}, "Tama Gadget": {"Onyx Black": 2.615, "Black": 6.125, "just": 1.4875}, "Jack-in-the-Box": {"Onyx Black": 2.77, "Black": 7.745, "just": 1.734}, "Star Notepad": {"Onyx Black": 3.2699999999999996, "Black": 9.495000000000001, "just": 1.8615}, "Easter Egg": {"Onyx Black": 3.58, "Black": 10.97, "just": 2.176}, "Santa Hat": {"Onyx Black": 3.45, "Black": 9.7, "just": 2.04}, "Hex Pot": {"Onyx Black": 3.475, "Black": 7.6499999999999995, "just": 2.0825}, "Restless Jar": {"Onyx Black": 3.77, "Black": 8.16, "just": 2.159}, "Lush Bouquet": {"Onyx Black": 3.39, "Black": 8.79, "just": 2.193}, "Spiced Wine": {"Onyx Black": 3.25, "Black": 7.4, "just": 1.7}, "Snow Globe": {"Onyx Black": 4.0600000000000005, "Black": 9.11, "just": 2.057}, "Joyful Bundle": {"Onyx Black": 3.7350000000000003, "Black": 8.56, "just": 2.3120000000000003}, "Light Sword": {"Onyx Black": 4.125, "Black": 11.924999999999999, "just": 2.4225}, "Witch Hat": {"Onyx Black": 4.055, "Black": 9.41, "just": 2.397}, "Bow Tie": {"Onyx Black": 4.67, "Black": 14.67, "just": 2.5415}, "Eternal Candle": {"Onyx Black": 5.15, "Black": 10.2, "just": 2.465}, "Jelly Bunny": {"Onyx Black": 4.495, "Black": 10.14, "just": 2.7965}, "Bunny Muffin": {"Onyx Black": 4.445, "Black": 10.995, "just": 2.6264999999999996}, "Spy Agaric": {"Onyx Black": 5.34, "Black": 10.195, "just": 2.4565}, "Evil Eye": {"Onyx Black": 5.765000000000001, "Black": 14.265, "just": 3.009}, "Snow Mittens": {"Onyx Black": 4.355, "Black": 8.895, "just": 2.55}, "Berry Box": {"Onyx Black": 4.675, "Black": 14.18, "just": 2.856}, "Valentine Box": {"Onyx Black": 5.970000000000001, "Black": 10.97, "just": 3.3489999999999998}, "Sakura Flower": {"Onyx Black": 5.720000000000001, "Black": 13.575000000000001, "just": 3.5275000000000003}, "Hanging Star": {"Onyx Black": 8.84, "Black": 19.845, "just": 3.9865000000000004}, "Sleigh Bell": {"Onyx Black": 9.844999999999999, "Black": 17.845, "just": 4.8365}, "Love Candle": {"Onyx Black": 7.755000000000001, "Black": 14.555, "just": 5.1935}, "Skull Flower": {"Onyx Black": 8.59, "Black": 16.445, "just": 5.0065}, "Crystal Ball": {"Onyx Black": 10.11, "Black": 36.269999999999996, "just": 5.304}, "Trapped Heart": {"Onyx Black": 10.1, "Black": 22.6, "just": 6.12}, "Top Hat": {"Onyx Black": 13.77, "Black": 26.12, "just": 6.409}, "Love Potion": {"Onyx Black": 10.05, "Black": 29.0, "just": 6.8}, "Flying Broom": {"Onyx Black": 10.745000000000001, "Black": 20.145000000000003, "just": 7.2165}, "Cupid Charm": {"Onyx Black": 15.8, "Black": 33.8, "just": 8.16}, "Record Player": {"Onyx Black": 10.15, "Black": 23.900000000000002, "just": 6.63}, "Eternal Rose": {"Onyx Black": 18.990000000000002, "Black": 33.989999999999995, "just": 11.033}, "Mad Pumpkin": {"Onyx Black": 18.445, "Black": 40.945, "just": 11.8065}, "Voodoo Doll": {"Onyx Black": 20.2, "Black": 40.2, "just": 12.24}, "Diamond Ring": {"Onyx Black": 21.065, "Black": 47.245, "just": 13.1665}, "Toy Bear": {"Onyx Black": 22.175, "Black": 51.175000000000004, "just": 14.7475}, "Vintage Cigar": {"Onyx Black": 43.345, "Black": 62.345, "just": 18.436500000000002}, "Neko Helmet": {"Onyx Black": 41.474999999999994, "Black": 71.475, "just": 19.5075}, "Low Rider": {"Onyx Black": 38.24, "Black": 106.74000000000001, "just": 19.958}, "Signet Ring": {"Onyx Black": 33.6, "Black": 84.85, "just": 19.294999999999998}, "Electric Skull": {"Onyx Black": 36.35, "Black": 69.85, "just": 20.994999999999997}, "Kissed Frog": {"Onyx Black": 43.2, "Black": 75.19999999999999, "just": 24.139999999999997}, "Swiss Watch": {"Onyx Black": 49.25, "Black": 95.5, "just": 26.349999999999998}, "Sharp Tongue": {"Onyx Black": 45.0, "Black": 80.99, "just": 27.2}, "Genie Lamp": {"Onyx Black": 59.69, "Black": 319.69, "just": 33.473},