{"Snoop Dogg": {"Cold Topaz": 1.9020000000000001, "Green Light": 1.7405, "AI Dogg": 2.7065, "Chrome": 2.2060000000000004, "Sapphire": 1.9780000000000002, "Goldizzle": 6.2905, "Doberman": 3.7135000000000002, "Emerald": 1.8355000000000004, "Black Diamond": 2.1775, "King Snoop": 4.9005, "Doggfather": 2.8680000000000003, "Onyx Black": 2.8, "Black": 10.361538461538462, "just": 1.36}, "Swag Bag": {"Boiling Hot": 2.2625, "Gin & Jewels": 2.0814999999999997, "April 20th": 2.8055000000000003, "Golden Nugs": 1.9005, "Cashback": 2.8055000000000003, "Darkness": 1.9005, "Bulk Order": 2.0814999999999997, "Take It Easy": 2.0814999999999997, "Snoop Life": 2.4435000000000002, "Happy Herbs": 2.8055000000000003, "Missionary": 6.335, "P.I.M.P.": 1.9005, "Onyx Black": 2.9050000000000002, "Black": 6.895, "just": 1.5385}, "Snoop Cigar": {"Onyx Black": 7.73, "Black": 18.73, "just": 3.791}, "Lol Pop": {"Shock Wave": 1.3755000000000002, "Heart Pop": 1.3755000000000002, "Fire Vortex": 1.4410000000000003, "Comic Crunch": 1.3755000000000002, "Sailor Moon": 1.572, "Doodle Art": 1.572, "Hexed Helix": 1.3755000000000002, "Milky Way": 1.3755000000000002, "Mortal Sin": 2.62, "Pink Foil": 1.4410000000000003, "Sweetheart": 1.5065, "Watermelon": 1.4410000000000003, "Icicle": 1.4410000000000003, "Pumpkin": 1.5065, "Wonka Berry": 1.4410000000000003, "Dark Sky": 1.4410000000000003, "Satellite": 1.703, "Glowstick": 2.0305, "Angelina": 2.0305, "Blood Sucker": 1.6375000000000002, "Andromeda": 2.0305, "Blood Ember": 1.6375000000000002, "Dark Portal": 1.5065, "Portable Pop": 1.3755000000000002, "Cookie Dip": 1.5065, "Cobweb": 1.3755000000000002, "Celestia": 2.0305, "Nostalgia": 1.3755000000000002, "Love Bubbles": 1.4410000000000003, "Romance": 1.3755000000000002, "Jinxed": 1.4410000000000003, "Rosebud": 1.6375000000000002, "Jolly Roger": 1.572, "Onyx Black": 1.805, "Black": 5.055, "just": 1.1135}, "B-Day Candle": {"Kaboom!": 1.891, "Pixel Wish": 1.891, "Final Boss": 1.891, "Shocker": 1.891, "Payday": 1.891, "Purr Magic": 1.891, "On Fire": 2.44, "Happy Meows": 2.44, "Onyx Black": 1.585, "Black": 4.61, "just": 1.037}, "Desk Calendar": {"Durov Day": 2.46, "Independence": 3.444, "Peach Week": 1.599, "Burning Time": 1.9065, "Adult Tasks": 4.305, "Hodler": 4.305, "Fawkes Night": 4.305, "Checklist": 1.9065, "Heartbreak": 1.353, "Tic Tac Toe": 1.6605, "Investor": 4.305, "Telegram": 1.9065, "Fund Manager": 1.9065, "Pepe Plans": 4.305, "Sunday": 1.9065, "Balloon Face": 1.599, "Deadline": 2.46, "Onyx Black": 1.58, "Black": 4.5, "just": 1.0454999999999999}, "Lunar Snake": {"Hot Cherry": 2.17, "Psychedelic": 2.17, "Dragon Ball": 4.8999999999999995, "Synthwave": 3.9199999999999995, "Python Dev": 2.17, "Hellspawn": 2.17, "Timelock": 1.89, "Soul Eater": 1.8199999999999998, "Onyx Black": 2.0, "Black": 4.9, "just": 1.19}, "Xmas Stocking": {"Onyx Black": 1.945, "Black": 5.145, "just": 1.0965}, "Snake Box": {"Onyx Black": 1.895, "Black": 4.845000000000001, "just": 1.0965}, "Pet Snake": {"Onyx Black": 2.19, "Black": 5.27, "just": 1.3515}, "Candy Cane": {"Designer": 5.565, "Sticky Sweet": 2.4645, "Grinch": 3.18, "Hex Pot": 2.4645, "Onyx Black": 2.2600000000000002, "Black": 6.295, "just": 1.3515}, "Whip Cupcake": {"Deep State": 2.17, "Toncoin": 2.17, "Resistance": 4.8999999999999995, "Sponge Duck": 2.8, "Bitcoin": 4.8999999999999995, "Onyx Black": 2.0999999999999996, "Black": 4.949999999999999, "just": 1.19}, "Big Year": {"Gold Mine": 4.76, "Creator": 2.635, "Pavel Durov": 4.76, "Pokeball": 2.635, "The Hobbit": 3.4, "Telegram": 4.76, "Bitcoin": 4.76, "Qing Dynasty": 2.635, "Game Boy": 2.21, "The Nether": 2.125, "First Website": 2.295, "YouTubes": 2.635, "Balloons": 1.785, "Big Brother": 2.635, "Cheshire Cat": 2.21, "Onyx Black": 2.7199999999999998, "Black": 7.800000000000001, "just": 1.4449999999999998}, "Homemade Cake": {"Onyx Black": 2.02, "Black": 4.7, "just": 1.3175}, "Cookie Heart": {"Onyx Black": 2.295, "Black": 6.8, "just": 1.4875}, "Jester Hat": {"Onyx Black": 2.9450000000000003, "Black": 5.945, "just": 1.3515}, "Holiday Drink": {"Onyx Black": 2.325, "Black": 5.635, "just": 1.5045}, "Ginger Cookie": {"Onyx Black": 2.835, "Black": 6.41, "just": 1.547}, "Hypno Lollipop": {"Onyx Black": 2.65, "Black": 6.800000000000001, "just": 1.4449999999999998}, "Winter Wreath": {"Onyx Black": 2.435, "Black": 7.95, "just": 1.4449999999999998}, "Party Sparkler": {"Onyx Black": 2.895, "Black": 5.645, "just": 1.5215}, "Jingle Bells": {"Onyx Black": 2.41, "Black": 6.78, "just": 1.4109999999999998}, "Tama Gadget": {"Onyx Black": 2.875, "Black": 6.525, "just": 1.4875}, "Jack-in-the-Box": {"Onyx Black": 2.665, "Black": 7.875, "just": 1.7}, "Star Notepad": {"Onyx Black": 4.0649999999999995, "Black": 9.010000000000002, "just": 1.8104999999999998}, "Easter Egg": {"Onyx Black": 3.7, "Black": 11.195, "just": 2.04}, "Santa Hat": {"Onyx Black": 3.115, "Black": 9.515, "just": 1.8955}, "Hex Pot": {"Onyx Black": 3.74, "Black": 8.115, "just": 1.9379999999999997}, "Restless Jar": {"Onyx Black": 3.645, "Black": 7.6450000000000005, "just": 1.9465}, "Lush Bouquet": {"Onyx Black": 3.375, "Black": 8.524999999999999, "just": 2.1675}, "Spiced Wine": {"Onyx Black": 3.1849999999999996, "Black": 7.959999999999999, "just": 1.7594999999999998}, "Snow Globe": {"Onyx Black": 3.995, "Black": 9.095, "just": 2.0315}, "Joyful Bundle": {"Onyx Black": 3.6950000000000003, "Black": 8.5, "just": 2.21}, "Light Sword": {"Onyx Black": 4.58, "Black": 11.28, "just": 2.431}, "Witch Hat": {"Onyx Black": 3.9, "Black": 10.350000000000001, "just": 2.295}, "Bow Tie": {"Onyx Black": 4.715, "Black": 14.715000000000002, "just": 2.618}, "Eternal Candle": {"Onyx Black": 5.165, "Black": 10.165, "just": 2.4055}, "Jelly Bunny": {"Onyx Black": 4.5600000000000005, "Black": 10.059999999999999, "just": 2.652}, "Bunny Muffin": {"Onyx Black": 4.45, "Black": 13.549999999999999, "just": 2.635}, "Spy Agaric": {"Onyx Black": 5.220000000000001, "Black": 10.84, "just": 2.499}, "Evil Eye": {"Onyx Black": 5.74, "Black": 15.72, "just": 2.9665}, "Snow Mittens": {"Onyx Black": 4.515000000000001, "Black": 8.665, "just": 2.4055}, "Berry Box": {"Onyx Black": 4.78, "Black": 14.290000000000001, "just": 3.043}, "Valentine Box": {"Onyx Black": 5.95, "Black": 10.975000000000001, "just": 3.3575}, "Sakura Flower": {"Onyx Black": 5.485, "Black": 17.985, "just": 3.3745000000000003}, "Hanging Star": {"Onyx Black": 7.550000000000001, "Black": 16.4, "just": 4.08}, "Sleigh Bell": {"Onyx Black": 12.535, "Black": 18.03, "just": 5.1595}, "Love Candle": {"Onyx Black": 7.9, "Black": 15.5, "just": 5.5249999999999995}, "Skull Flower": {"Onyx Black": 8.67, "Black": 16.97, "just": 5.049}, "Crystal Ball": {"Onyx Black": 10.31, "Black": 28.325000000000003, "just": 5.6525}, "Trapped Heart": {"Onyx Black": 10.445, "Black": 23.195, "just": 6.706499999999999}, "Top Hat": {"Onyx Black": 16.104999999999997, "Black": 25.980000000000004, "just": 6.170999999999999}, "Love Potion": {"Onyx Black": 9.79, "Black": 26.59, "just": 6.952999999999999}, "Flying Broom": {"Onyx Black": 10.82, "Black": 19.32, "just": 7.344}, "Cupid Charm": {"Onyx Black": 16.535, "Black": 34.535, "just": 8.5595}, "Record Player": {"Onyx Black": 9.955, "Black": 23.95, "just": 6.7235}, "Eternal Rose": {"Onyx Black": 18.735, "Black": 36.235, "just": 10.5995}, "Mad Pumpkin": {"Onyx Black": 18.495, "Black": 39.745, "just": 12.3165}, "Voodoo Doll": {"Onyx Black": 20.495, "Black": 45.995, "just": 12.7415}, "Diamond Ring": {"Onyx Black": 20.255, "Black": 43.255, "just": 13.183499999999999}, "Toy Bear": {"Onyx Black": 21.96, "Black": 51.28999999999999, "just": 14.9515}, "Vintage Cigar": {"Onyx Black": 42.97, "Black": 84.92, "just": 18.649}, "Neko Helmet": {"Onyx Black": 35.005, "Black": 71.505, "just": 19.558500000000002}, "Low Rider": {"Onyx Black": 41.625, "Black": 107.125, "just": 20.6125}, "Signet Ring": {"Onyx Black": 31.485, "Black": 90.49499999999999, "just": 19.5415}, "Electric Skull": {"Onyx Black": 36.995, "Black": 69.995, "just": 22.091499999999996},