{"Snoop Dogg": {"Doberman": 3.6755, "King Snoop": 4.7105, "Black Diamond": 2.1775, "Doggfather": 3.134, "Sapphire": 2.0730000000000004, "Chrome": 2.2535000000000003, "AI Dogg": 3.248, "Goldizzle": 7.0655, "Onyx Black": 3.3900000000000006, "Black": 10.79, "just": 1.5215}, "Swag Bag": {"P.I.M.P.": 1.9425000000000001, "Cashback": 2.8675, "Happy Herbs": 2.8675, "Snoop Life": 2.4050000000000002, "Gin & Jewels": 2.3125, "Take It Easy": 2.4050000000000002, "Golden Nugs": 1.9425000000000001, "Bulk Order": 2.3125, "Leopard": 2.035, "Missionary": 6.4750000000000005, "April 20th": 2.8675, "Boiling Hot": 2.4975000000000005, "Darkness": 2.22, "Onyx Black": 2.915, "Black": 6.925000000000001, "just": 1.5725}, "Snoop Cigar": {"Onyx Black": 7.225, "Black": 17.225, "just": 3.7825}, "Lol Pop": {"Sailor Moon": 1.6214999999999997, "Blood Ember": 1.4805, "Glowstick": 2.1854999999999998, "Sweetheart": 1.551, "Angelina": 2.1854999999999998, "Icicle": 1.4805, "Einstein": 1.551, "Jolly Roger": 1.6214999999999997, "Cobweb": 1.551, "Dark Portal": 2.1854999999999998, "Sick Leave": 1.551, "Doodle Art": 1.4805, "Heart Pop": 1.4805, "Comic Crunch": 1.551, "Nostalgia": 1.4805, "Mortal Sin": 3.9479999999999995, "Hexed Helix": 1.4805, "Rosebud": 1.7625, "Dark Sky": 1.551, "Blood Sucker": 1.551, "Jinxed": 1.551, "Andromeda": 1.6214999999999997, "Satellite": 1.7625, "Watermelon": 1.4805, "Love Bubbles": 1.4805, "Wonka Berry": 1.4805, "Milky Way": 1.4805, "Cookie Dip": 1.551, "Celestia": 1.9035, "Onyx Black": 1.915, "Black": 5.42, "just": 1.1985}, "B-Day Candle": {"Purr Magic": 2.0615, "Kaboom!": 1.7955000000000003, "On Fire": 2.0615, "Pixel Wish": 2.0615, "Payday": 2.0615, "Happy Meows": 2.0615, "Final Boss": 2.66, "Onyx Black": 1.715, "Black": 5.605, "just": 1.1305}, "Desk Calendar": {"Adult Tasks": 27.650000000000002, "Telegram": 2.015, "Deadline": 2.015, "Balloon Face": 1.4949999999999999, "Hodler": 3.6399999999999997, "Peach Week": 2.015, "Heartbreak": 1.7550000000000001, "Burning Time": 2.015, "Checklist": 1.7550000000000001, "Sunday": 2.015, "Durov Day": 2.015, "Investor": 5.305, "Independence": 2.6, "Tic Tac Toe": 1.625, "Fawkes Night": 6.1499999999999995, "Fund Manager": 2.015, "Pepe Plans": 11.475, "Onyx Black": 1.685, "Black": 7.3, "just": 1.105}, "Lunar Snake": {"Synthwave": 7.9, "Psychedelic": 1.75, "Python Dev": 2.17, "Hellspawn": 2.17, "Hot Cherry": 2.17, "Soul Eater": 1.89, "Timelock": 1.68, "Dragon Ball": 5.6, "Onyx Black": 1.95, "Black": 5.395, "just": 1.19}, "Xmas Stocking": {"Onyx Black": 2.01, "Black": 5.595, "just": 1.1815}, "Snake Box": {"Onyx Black": 1.9449999999999998, "Black": 8.06, "just": 1.122}, "Pet Snake": {"Onyx Black": 2.505, "Black": 5.625, "just": 1.4875}, "Candy Cane": {"Sticky Sweet": 2.079, "Hex Pot": 3.08, "Designer": 5.390000000000001, "Grinch": 2.387, "Onyx Black": 2.3449999999999998, "Black": 5.72, "just": 1.309}, "Whip Cupcake": {"Toncoin": 2.2165, "Resistance": 5.005, "Sponge Duck": 2.86, "Deep State": 1.9305, "Bitcoin": 10.715, "Onyx Black": 1.9899999999999998, "Black": 5.465, "just": 1.2155}, "Big Year": {"First Website": 2.0265, "Gold Mine": 6.755, "Pokeball": 2.6055, "The Nether": 2.0265, "Pavel Durov": 5.404, "Cheshire Cat": 2.316, "YouTubes": 2.9915, "Bitcoin": 6.755, "The Hobbit": 3.86, "Qing Dynasty": 3.86, "Big Brother": 2.6055, "Telegram": 5.404, "Game Boy": 2.316, "Creator": 2.9915, "Onyx Black": 3.4400000000000004, "Black": 8.39, "just": 1.6404999999999998}, "Homemade Cake": {"Onyx Black": 2.04, "Black": 5.525, "just": 1.4024999999999999}, "Cookie Heart": {"Onyx Black": 2.35, "Black": 6.35, "just": 1.53}, "Jester Hat": {"Onyx Black": 2.77, "Black": 6.700000000000001, "just": 1.36}, "Holiday Drink": {"Onyx Black": 2.645, "Black": 5.8950000000000005, "just": 1.5215}, "Ginger Cookie": {"Onyx Black": 3.3950000000000005, "Black": 6.38, "just": 1.53}, "Hypno Lollipop": {"Onyx Black": 2.915, "Black": 6.449999999999999, "just": 1.615}, "Winter Wreath": {"Onyx Black": 2.635, "Black": 9.934999999999999, "just": 1.6744999999999999}, "Party Sparkler": {"Onyx Black": 2.7199999999999998, "Black": 6.970000000000001, "just": 1.649}, "Jingle Bells": {"Onyx Black": 2.69, "Black": 6.444999999999999, "just": 1.6064999999999998}, "Tama Gadget": {"Onyx Black": 3.42, "Black": 7.495, "just": 1.6915}, "Jack-in-the-Box": {"Onyx Black": 3.16, "Black": 8.085, "just": 1.8444999999999998}, "Star Notepad": {"Onyx Black": 3.6950000000000003, "Black": 9.08, "just": 2.0315}, "Easter Egg": {"Onyx Black": 3.95, "Black": 11.25, "just": 2.125}, "Santa Hat": {"Onyx Black": 3.348, "Black": 8.356, "just": 2.261}, "Hex Pot": {"Onyx Black": 3.725, "Black": 9.350000000000001, "just": 2.295}, "Restless Jar": {"Onyx Black": 3.74, "Black": 8.459999999999999, "just": 2.108}, "Lush Bouquet": {"Onyx Black": 3.7699999999999996, "Black": 8.025, "just": 2.2525}, "Spiced Wine": {"Onyx Black": 2.822, "Black": 6.7940000000000005, "just": 2.0315}, "Snow Globe": {"Onyx Black": 4.154999999999999, "Black": 8.23, "just": 2.3459999999999996}, "Joyful Bundle": {"Onyx Black": 3.7, "Black": 8.05, "just": 2.21}, "Light Sword": {"Onyx Black": 4.404, "Black": 9.564, "just": 2.499}, "Witch Hat": {"Onyx Black": 4.34, "Black": 11.889999999999999, "just": 2.363}, "Bow Tie": {"Onyx Black": 4.15, "Black": 13.55, "just": 2.7624999999999997}, "Eternal Candle": {"Onyx Black": 4.864, "Black": 10.424, "just": 2.924}, "Jelly Bunny": {"Onyx Black": 4.41, "Black": 10.4, "just": 2.8219999999999996}, "Bunny Muffin": {"Onyx Black": 5.264, "Black": 12.463999999999999, "just": 2.924}, "Spy Agaric": {"Onyx Black": 5.054, "Black": 11.854, "just": 2.6264999999999996}, "Evil Eye": {"Onyx Black": 6.59, "Black": 13.230000000000002, "just": 3.1025}, "Snow Mittens": {"Onyx Black": 4.894, "Black": 7.774, "just": 2.9665}, "Berry Box": {"Onyx Black": 4.5440000000000005, "Black": 11.743999999999998, "just": 3.043}, "Valentine Box": {"Onyx Black": 9.432, "Black": 12.832, "just": 4.012}, "Sakura Flower": {"Onyx Black": 6.48, "Black": 14.52, "just": 3.57}, "Hanging Star": {"Onyx Black": 6.9799999999999995, "Black": 14.196, "just": 4.25}, "Sleigh Bell": {"Onyx Black": 11.69, "Black": 15.866, "just": 6.3665}, "Love Candle": {"Onyx Black": 9.44, "Black": 17.04, "just": 7.14}, "Skull Flower": {"Onyx Black": 8.89, "Black": 15.693999999999999, "just": 6.3665}, "Crystal Ball": {"Onyx Black": 12.176, "Black": 26.2, "just": 5.95}, "Trapped Heart": {"Onyx Black": 11.728000000000002, "Black": 21.128, "just": 7.548}, "Top Hat": {"Onyx Black": 13.438, "Black": 22.637999999999998, "just": 6.5705}, "Love Potion": {"Onyx Black": 10.16, "Black": 23.1, "just": 7.225}, "Flying Broom": {"Onyx Black": 10.26, "Black": 17.46, "just": 7.734999999999999}, "Cupid Charm": {"Onyx Black": 15.645999999999999, "Black": 34.446, "just": 9.1375}, "Record Player": {"Onyx Black": 11.216000000000001, "Black": 20.492, "just": 6.936}, "Eternal Rose": {"Onyx Black": 19.528, "Black": 35.928, "just": 11.798}, "Mad Pumpkin": {"Onyx Black": 24.2, "Black": 41.8, "just": 14.45}, "Voodoo Doll": {"Onyx Black": 23.176000000000002, "Black": 40.376000000000005, "just": 13.566}, "Diamond Ring": {"Onyx Black": 20.336, "Black": 37.54, "just": 13.515}, "Toy Bear": {"Onyx Black": 25.67, "Black": 43.274, "just": 15.971499999999999}, "Vintage Cigar": {"Onyx Black": 45.8, "Black": 61.8, "just": 21.25}, "Neko Helmet": {"Onyx Black": 40.8, "Black": 64.79599999999999, "just": 23.8}, "Low Rider": {"Onyx Black": 35.57, "Black": 91.17, "just": 22.057499999999997}, "Signet Ring": {"Onyx Black": 37.42, "Black": 78.62, "just": 23.544999999999998}, "Electric Skull": {"Onyx Black": 40.620000000000005, "Black": 70.21600000000001, "just": 28.645000000000003}, "Kissed Frog": {"Onyx Black": 44.934, "Black": 88.13400000000001, "just": 31.3565}, "Swiss Watch": {"Onyx Black": 45.5, "Black": 75.6, "just": 30.599999999999998}, "Sharp Tongue": {"Onyx Black": 61.8, "Black": 81.4, "just": 36.55}, "Genie Lamp": {"Onyx Black": 74.764, "Black": 274.764, "just": 49.248999999999995},