{"Snoop Dogg": {"Doberman": 3.3715, "Doggfather": 3.134, "Emerald": 1.8639999999999999, "Chrome": 2.0540000000000003, "AI Dogg": 2.8110000000000004, "King Ruby": 1.8355000000000004, "Green Light": 1.8355000000000004, "Cold Topaz": 1.9305000000000003, "Goldizzle": 7.2405, "Sapphire": 2.1490000000000005, "Black Diamond": 2.016, "King Snoop": 5.280500000000001, "Onyx Black": 2.7800000000000002, "Black": 9.604615384615384, "just": 1.377}, "Swag Bag": {"Gin & Jewels": 2.3125, "April 20th": 2.8675, "Bulk Order": 2.035, "Boiling Hot": 2.3125, "Take It Easy": 2.3125, "Happy Herbs": 2.8675, "Darkness": 2.035, "Snoop Life": 2.1275, "Cashback": 2.8675, "Missionary": 6.4750000000000005, "Onyx Black": 2.9050000000000002, "Black": 6.92, "just": 1.5725}, "Snoop Cigar": {"Onyx Black": 7.205, "Black": 19.205, "just": 3.7485}, "Lol Pop": {"Romance": 1.3230000000000002, "Sailor Moon": 1.575, "Sweetheart": 1.4489999999999998, "Doodle Art": 1.575, "Rosebud": 1.6380000000000001, "Milky Way": 1.3230000000000002, "Sick Leave": 1.3230000000000002, "Pumpkin": 1.512, "Watermelon": 1.4489999999999998, "Plastic Ice": 1.3230000000000002, "Love Bubbles": 1.6380000000000001, "Angelina": 1.953, "Blood Ember": 1.701, "Fire Vortex": 1.3230000000000002, "Blood Sucker": 1.575, "Shock Wave": 1.3230000000000002, "Heart Pop": 1.3860000000000001, "Cookie Dip": 1.3860000000000001, "Glowstick": 1.953, "Einstein": 1.3860000000000001, "Celestia": 1.953, "Dark Portal": 1.512, "Jolly Roger": 1.6380000000000001, "Dark Sky": 1.512, "Icicle": 1.3860000000000001, "Hexed Helix": 1.4489999999999998, "Crystalline": 1.3230000000000002, "Andromeda": 1.701, "Mortal Sin": 3.5279999999999996, "Comic Crunch": 1.3860000000000001, "Satellite": 1.575, "Icy Touch": 1.3230000000000002, "Cobweb": 1.3860000000000001, "Jinxed": 1.3860000000000001, "Onyx Black": 1.725, "Black": 4.715, "just": 1.071}, "B-Day Candle": {"Shocker": 1.9065, "Purr Magic": 2.46, "Payday": 1.9065, "On Fire": 1.9065, "Happy Meows": 2.46, "Kaboom!": 1.9065, "Pixel Wish": 1.9065, "Final Boss": 1.9065, "Onyx Black": 1.635, "Black": 4.109999999999999, "just": 1.0454999999999999}, "Desk Calendar": {"Pepe Plans": 4.34, "Deadline": 2.48, "Durov Day": 2.48, "Tic Tac Toe": 1.922, "Checklist": 1.922, "Hodler": 4.34, "Heartbreak": 1.364, "Independence": 3.472, "Fawkes Night": 4.34, "Telegram": 1.922, "Burning Time": 1.922, "Sunday": 2.48, "Investor": 4.34, "Peach Week": 1.6740000000000002, "Balloon Face": 1.612, "Fund Manager": 1.922, "Adult Tasks": 4.34, "Onyx Black": 1.62, "Black": 4.87, "just": 1.054}, "Lunar Snake": {"Timelock": 2.015, "Synthwave": 3.6399999999999997, "Hellspawn": 1.7550000000000001, "Python Dev": 2.015, "Soul Eater": 2.015, "Hot Cherry": 2.015, "Dragon Ball": 4.55, "Psychedelic": 2.015, "Onyx Black": 1.7999999999999998, "Black": 4.800000000000001, "just": 1.105}, "Xmas Stocking": {"Onyx Black": 2.0, "Black": 4.42, "just": 1.139}, "Snake Box": {"Onyx Black": 1.895, "Black": 5.045, "just": 1.0965}, "Pet Snake": {"Onyx Black": 2.085, "Black": 4.83, "just": 1.4195}, "Candy Cane": {"Sticky Sweet": 2.1735, "Grinch": 3.22, "Hex Pot": 2.4955000000000003, "Designer": 5.635000000000001, "Onyx Black": 2.3000000000000003, "Black": 6.805000000000001, "just": 1.3685}, "Whip Cupcake": {"Sponge Duck": 2.76, "Toncoin": 1.863, "Deep State": 2.139, "Resistance": 4.83, "Bitcoin": 4.83, "Onyx Black": 2.19, "Black": 4.9399999999999995, "just": 1.1729999999999998}, "Big Year": {"Qing Dynasty": 3.46, "Cheshire Cat": 2.249, "Telegram": 4.843999999999999, "Pavel Durov": 4.843999999999999, "Bitcoin": 4.843999999999999, "Creator": 2.249, "YouTubes": 3.46, "Big Brother": 2.6815, "Balloons": 1.903, "Game Boy": 2.249, "The Hobbit": 3.46, "Pokeball": 3.46, "The Nether": 2.249, "First Website": 2.3355, "Gold Mine": 4.843999999999999, "Onyx Black": 2.915, "Black": 7.8149999999999995, "just": 1.4705}, "Homemade Cake": {"Onyx Black": 1.915, "Black": 4.81, "just": 1.3005}, "Cookie Heart": {"Onyx Black": 2.445, "Black": 5.62, "just": 1.4789999999999999}, "Jester Hat": {"Onyx Black": 2.415, "Black": 5.815, "just": 1.3855}, "Holiday Drink": {"Onyx Black": 2.335, "Black": 5.25, "just": 1.4449999999999998}, "Ginger Cookie": {"Onyx Black": 2.7350000000000003, "Black": 6.435, "just": 1.5895000000000001}, "Hypno Lollipop": {"Onyx Black": 2.675, "Black": 6.325, "just": 1.4875}, "Winter Wreath": {"Onyx Black": 2.38, "Black": 8.88, "just": 1.496}, "Party Sparkler": {"Onyx Black": 3.04, "Black": 6.140000000000001, "just": 1.513}, "Jingle Bells": {"Onyx Black": 2.5949999999999998, "Black": 5.494999999999999, "just": 1.4535}, "Tama Gadget": {"Onyx Black": 2.48, "Black": 5.835000000000001, "just": 1.5045}, "Jack-in-the-Box": {"Onyx Black": 2.8, "Black": 7.85, "just": 1.785}, "Star Notepad": {"Onyx Black": 3.28, "Black": 8.355, "just": 1.8784999999999998}, "Easter Egg": {"Onyx Black": 3.54, "Black": 10.94, "just": 2.108}, "Santa Hat": {"Onyx Black": 3.555, "Black": 9.690000000000001, "just": 2.0229999999999997}, "Hex Pot": {"Onyx Black": 3.795, "Black": 7.535, "just": 2.1845}, "Restless Jar": {"Onyx Black": 3.82, "Black": 8.265, "just": 2.159}, "Lush Bouquet": {"Onyx Black": 3.4050000000000002, "Black": 8.805, "just": 2.2184999999999997}, "Spiced Wine": {"Onyx Black": 3.54, "Black": 7.44, "just": 1.768}, "Snow Globe": {"Onyx Black": 4.065, "Black": 9.115, "just": 2.0655}, "Joyful Bundle": {"Onyx Black": 3.725, "Black": 7.8500000000000005, "just": 2.295}, "Light Sword": {"Onyx Black": 3.915, "Black": 12.415000000000001, "just": 2.4055}, "Witch Hat": {"Onyx Black": 4.0600000000000005, "Black": 9.415, "just": 2.4055}, "Bow Tie": {"Onyx Black": 4.66, "Black": 15.985000000000001, "just": 2.5245}, "Eternal Candle": {"Onyx Black": 5.17, "Black": 10.22, "just": 2.499}, "Jelly Bunny": {"Onyx Black": 4.385, "Black": 10.129999999999999, "just": 2.7795}, "Bunny Muffin": {"Onyx Black": 4.435, "Black": 11.035, "just": 2.6094999999999997}, "Spy Agaric": {"Onyx Black": 5.395, "Black": 11.125, "just": 2.55}, "Evil Eye": {"Onyx Black": 5.835000000000001, "Black": 14.334999999999999, "just": 3.128}, "Snow Mittens": {"Onyx Black": 4.35, "Black": 9.145, "just": 2.5415}, "Berry Box": {"Onyx Black": 4.785, "Black": 14.184999999999999, "just": 2.8645}, "Valentine Box": {"Onyx Black": 5.7, "Black": 10.649999999999999, "just": 3.315}, "Sakura Flower": {"Onyx Black": 5.79, "Black": 13.645, "just": 3.6465}, "Hanging Star": {"Onyx Black": 8.945, "Black": 19.950000000000003, "just": 4.165}, "Sleigh Bell": {"Onyx Black": 9.96, "Black": 17.96, "just": 5.032}, "Love Candle": {"Onyx Black": 7.595000000000001, "Black": 14.695, "just": 5.4315}, "Skull Flower": {"Onyx Black": 8.54, "Black": 16.395, "just": 4.9215}, "Crystal Ball": {"Onyx Black": 10.125, "Black": 36.385000000000005, "just": 5.3294999999999995}, "Trapped Heart": {"Onyx Black": 9.93, "Black": 23.58, "just": 6.256}, "Top Hat": {"Onyx Black": 14.245000000000001, "Black": 26.045, "just": 6.281499999999999}, "Love Potion": {"Onyx Black": 10.09, "Black": 29.04, "just": 6.867999999999999}, "Flying Broom": {"Onyx Black": 10.85, "Black": 21.85, "just": 7.395}, "Cupid Charm": {"Onyx Black": 16.32, "Black": 33.82, "just": 8.194}, "Record Player": {"Onyx Black": 10.405000000000001, "Black": 24.155, "just": 7.0635}, "Eternal Rose": {"Onyx Black": 18.895, "Black": 33.845, "just": 10.8715}, "Mad Pumpkin": {"Onyx Black": 16.98, "Black": 40.985, "just": 11.8745}, "Voodoo Doll": {"Onyx Black": 20.0, "Black": 40.0, "just": 11.9}, "Diamond Ring": {"Onyx Black": 21.135, "Black": 44.044999999999995, "just": 13.26}, "Toy Bear": {"Onyx Black": 22.45, "Black": 51.449999999999996, "just": 15.214999999999998}, "Vintage Cigar": {"Onyx Black": 43.495000000000005, "Black": 62.495000000000005, "just": 18.691499999999998}, "Neko Helmet": {"Onyx Black": 41.995000000000005, "Black": 71.995, "just": 20.391499999999997}, "Low Rider": {"Onyx Black": 37.85, "Black": 106.35000000000001, "just": 19.294999999999998}, "Signet Ring": {"Onyx Black": 33.605000000000004, "Black": 83.85499999999999,