{"Snoop Dogg": {"Chrome": 2.1454999999999997, "Black Gold": 1.8355000000000004, "Cold Topaz": 2.0255, "Black Diamond": 2.1835, "Emerald": 1.7405, "King Snoop": 4.4255, "Doggfather": 2.9155, "Doberman": 3.5805000000000002, "Silver": 1.712, "Sapphire": 1.8355000000000004, "Green Light": 1.8545000000000003, "AI Dogg": 3.3715, "Goldizzle": 7.0505, "King Ruby": 1.9115000000000002, "Onyx Black": 2.716666666666667, "Black": 9.588461538461539, "just": 1.3175}, "Swag Bag": {"Take It Easy": 2.4, "Cashback": 2.976, "Gin & Jewels": 2.4, "Bulk Order": 2.4, "P.I.M.P.": 2.112, "Darkness": 2.112, "Missionary": 6.72, "Snoop Life": 2.496, "April 20th": 2.976, "Happy Herbs": 2.976, "Boiling Hot": 2.592, "Onyx Black": 3.16, "Black": 6.955, "just": 1.632}, "Snoop Cigar": {"Onyx Black": 8.31, "Black": 17.27, "just": 3.9354999999999998}, "Lol Pop": {"Blood Sucker": 1.5984999999999998, "Love Bubbles": 1.7374999999999998, "Jolly Roger": 1.668, "Shock Wave": 1.5984999999999998, "Sick Leave": 1.4595, "Blood Ember": 1.5984999999999998, "Gold Star": 1.4595, "Satellite": 1.7374999999999998, "Andromeda": 1.807, "Dark Portal": 1.529, "Hexed Helix": 1.807, "Dark Sky": 1.7374999999999998, "Plastic Ice": 1.5984999999999998, "Milky Way": 1.5984999999999998, "Pumpkin": 1.529, "Celestia": 2.1545, "Icicle": 1.4595, "Einstein": 1.529, "Watermelon": 1.4595, "Glowstick": 2.1545, "Fire Vortex": 1.4595, "Sweetheart": 1.668, "Red Shift": 1.4595, "Jinxed": 1.7374999999999998, "Sailor Moon": 1.5984999999999998, "Cobweb": 1.4595, "Comic Crunch": 1.529, "Mortal Sin": 3.8919999999999995, "Pink Foil": 1.4595, "Rosebud": 1.5984999999999998, "Doodle Art": 1.4595, "Angelina": 2.1545, "Romance": 1.4595, "Heart Pop": 1.529, "Portable Pop": 1.4595, "Onyx Black": 1.995, "Black": 5.29, "just": 1.1815}, "B-Day Candle": {"Kaboom!": 1.9995, "Final Boss": 1.9995, "Pixel Wish": 1.9995, "Payday": 1.9995, "On Fire": 1.9995, "Happy Meows": 2.58, "Purr Magic": 1.9995, "Onyx Black": 1.645, "Black": 5.125, "just": 1.0965}, "Desk Calendar": {"Burning Time": 2.015, "Heartbreak": 1.7550000000000001, "Adult Tasks": 25.000000000000004, "Independence": 2.6, "Durov Day": 2.6, "Deadline": 2.015, "Fund Manager": 2.015, "Telegram": 2.015, "Hodler": 4.55, "Balloon Face": 1.4300000000000002, "Checklist": 1.7550000000000001, "Peach Week": 2.015, "Sunday": 2.015, "Tic Tac Toe": 1.7550000000000001, "Pepe Plans": 10.89, "Fawkes Night": 2.6, "Investor": 5.395, "Onyx Black": 1.6, "Black": 5.55, "just": 1.105}, "Lunar Snake": {"Synthwave": 3.8919999999999995, "Psychedelic": 1.8765, "Dragon Ball": 5.595, "Python Dev": 2.1545, "Timelock": 1.8765, "Soul Eater": 2.1545, "Hot Cherry": 2.1545, "Hellspawn": 2.1545, "Onyx Black": 2.0949999999999998, "Black": 5.295, "just": 1.1815}, "Xmas Stocking": {"Onyx Black": 2.0949999999999998, "Black": 5.4399999999999995, "just": 1.1815}, "Snake Box": {"Onyx Black": 2.165, "Black": 5.1850000000000005, "just": 1.1645}, "Pet Snake": {"Onyx Black": 2.465, "Black": 5.335000000000001, "just": 1.4364999999999999}, "Candy Cane": {"Grinch": 2.98, "Hex Pot": 2.98, "Sticky Sweet": 2.0115000000000003, "Designer": 5.215, "Onyx Black": 2.345, "Black": 5.965, "just": 1.2665}, "Whip Cupcake": {"Bitcoin": 9.985000000000001, "Toncoin": 2.2785, "Deep State": 2.2785, "Resistance": 5.145, "Sponge Duck": 2.94, "Onyx Black": 2.03, "Black": 5.235, "just": 1.2495}, "Big Year": {"Big Brother": 2.619, "Cheshire Cat": 2.328, "The Hobbit": 3.007, "Qing Dynasty": 3.007, "Pokeball": 2.619, "Gold Mine": 5.4319999999999995, "Bitcoin": 5.4319999999999995, "Creator": 3.007, "YouTubes": 3.007, "The Nether": 2.037, "Pavel Durov": 5.4319999999999995, "First Website": 2.134, "Game Boy": 2.231, "Telegram": 5.4319999999999995, "Onyx Black": 3.4450000000000003, "Black": 8.72, "just": 1.649}, "Homemade Cake": {"Onyx Black": 2.285, "Black": 5.82, "just": 1.5045}, "Cookie Heart": {"Onyx Black": 2.62, "Black": 7.105, "just": 1.547}, "Jester Hat": {"Onyx Black": 2.525, "Black": 6.3149999999999995, "just": 1.4024999999999999}, "Holiday Drink": {"Onyx Black": 2.82, "Black": 5.82, "just": 1.564}, "Ginger Cookie": {"Onyx Black": 3.57, "Black": 6.495, "just": 1.734}, "Hypno Lollipop": {"Onyx Black": 2.6950000000000003, "Black": 5.674999999999999, "just": 1.615}, "Winter Wreath": {"Onyx Black": 2.565, "Black": 8.87, "just": 1.6064999999999998}, "Party Sparkler": {"Onyx Black": 3.435, "Black": 6.635000000000001, "just": 1.5895000000000001}, "Jingle Bells": {"Onyx Black": 2.64, "Black": 6.890000000000001, "just": 1.513}, "Tama Gadget": {"Onyx Black": 3.4400000000000004, "Black": 6.984999999999999, "just": 1.683}, "Jack-in-the-Box": {"Onyx Black": 2.84, "Black": 7.6000000000000005, "just": 1.87}, "Star Notepad": {"Onyx Black": 3.9, "Black": 8.719999999999999, "just": 1.9549999999999998}, "Easter Egg": {"Onyx Black": 3.785, "Black": 10.99, "just": 2.278}, "Santa Hat": {"Onyx Black": 3.298, "Black": 8.218, "just": 2.0655}, "Hex Pot": {"Onyx Black": 4.035, "Black": 10.434999999999999, "just": 2.4395000000000002}, "Restless Jar": {"Onyx Black": 4.02, "Black": 9.77, "just": 2.159}, "Lush Bouquet": {"Onyx Black": 4.87, "Black": 7.725, "just": 2.3375}, "Spiced Wine": {"Onyx Black": 2.8280000000000003, "Black": 6.764000000000001, "just": 1.853}, "Snow Globe": {"Onyx Black": 4.05, "Black": 10.25, "just": 2.125}, "Joyful Bundle": {"Onyx Black": 4.025, "Black": 8.085, "just": 2.2695}, "Light Sword": {"Onyx Black": 4.2219999999999995, "Black": 10.501999999999999, "just": 2.6944999999999997}, "Witch Hat": {"Onyx Black": 4.35, "Black": 11.5, "just": 2.55}, "Bow Tie": {"Onyx Black": 4.92, "Black": 12.612000000000002, "just": 2.72}, "Eternal Candle": {"Onyx Black": 5.204, "Black": 10.804, "just": 2.839}, "Jelly Bunny": {"Onyx Black": 4.58, "Black": 10.68, "just": 2.856}, "Bunny Muffin": {"Onyx Black": 5.442, "Black": 11.533999999999999, "just": 2.7965}, "Spy Agaric": {"Onyx Black": 4.720000000000001, "Black": 10.32, "just": 2.72}, "Evil Eye": {"Onyx Black": 6.548, "Black": 13.188, "just": 3.043}, "Snow Mittens": {"Onyx Black": 4.748, "Black": 7.628, "just": 3.043}, "Berry Box": {"Onyx Black": 5.184, "Black": 11.58, "just": 3.094}, "Valentine Box": {"Onyx Black": 7.95, "Black": 12.426, "just": 3.6125}, "Sakura Flower": {"Onyx Black": 6.88, "Black": 13.780000000000001, "just": 4.08}, "Hanging Star": {"Onyx Black": 8.68, "Black": 15.2, "just": 4.539}, "Sleigh Bell": {"Onyx Black": 10.64, "Black": 18.62, "just": 6.545}, "Love Candle": {"Onyx Black": 9.794, "Black": 14.393999999999998, "just": 6.7915}, "Skull Flower": {"Onyx Black": 9.764, "Black": 18.244, "just": 6.579}, "Crystal Ball": {"Onyx Black": 12.02, "Black": 29.02, "just": 6.545}, "Trapped Heart": {"Onyx Black": 11.692, "Black": 20.292, "just": 7.497}, "Top Hat": {"Onyx Black": 12.274000000000001, "Black": 25.302, "just": 6.6215}, "Love Potion": {"Onyx Black": 10.936, "Black": 22.14, "just": 7.565}, "Flying Broom": {"Onyx Black": 10.804, "Black": 19.964, "just": 7.939}, "Cupid Charm": {"Onyx Black": 17.564, "Black": 33.431999999999995, "just": 9.588}, "Record Player": {"Onyx Black": 11.102, "Black": 20.722, "just": 6.7745}, "Eternal Rose": {"Onyx Black": 18.024, "Black": 32.34, "just": 11.815}, "Mad Pumpkin": {"Onyx Black": 24.793999999999997, "Black": 41.194, "just": 15.291499999999997}, "Voodoo Doll": {"Onyx Black": 21.89, "Black": 53.894000000000005, "just": 14.016499999999999}, "Diamond Ring": {"Onyx Black": 22.49, "Black": 41.69, "just": 13.7275}, "Toy Bear": {"Onyx Black": 24.854, "Black": 47.334, "just": 16.0565}, "Vintage Cigar": {"Onyx Black": 33.296, "Black": 55.3, "just": 19.974999999999998}, "Neko Helmet": {"Onyx Black": 38.019999999999996, "Black": 76.02, "just": 22.695}, "Low Rider": {"Onyx Black": 34.554, "Black": 86.594, "just": 21.2415}, "Signet Ring": {"Onyx Black": 35.794, "Black": 74.994, "just": 21.2415}, "Electric Skull": {"Onyx Black": 40.062, "Black": 68.538, "just": 26.8345}, "Kissed Frog": {"Onyx Black": 44.36, "Black": 80.4, "just": 28.9}, "Swiss Watch": {"Onyx Black": 44.44, "Black": 71.84,