{"Snoop Dogg": {"King Snoop": 6.1155, "Goldizzle": 7.0405, "Sapphire": 2.2105, "Chrome": 2.4385, "AI Dogg": 3.1075, "Doggfather": 3.1834999999999996, "Emerald": 1.9064999999999999, "Green Light": 1.8970000000000002, "Doberman": 3.4305000000000003, "King Ruby": 1.992, "Cold Topaz": 2.0490000000000004, "Black Diamond": 2.182, "Onyx Black": 3.0533333333333337, "Black": 10.023076923076923, "just": 1.53}, "Swag Bag": {"Dogg’s Loot": 2.1, "Take It Easy": 2.7, "Leopard": 2.2, "Happy Herbs": 3.1, "Missionary": 8.95, "Bulk Order": 2.4, "Gin & Jewels": 2.6, "Golden Nugs": 2.34, "P.I.M.P.": 2.1, "Snoop Life": 3.1, "April 20th": 3.1, "Darkness": 2.34, "Boiling Hot": 2.5, "Cashback": 3.1, "Onyx Black": 3.45, "Black": 7.5, "just": 1.7}, "Snoop Cigar": {"Onyx Black": 8.42, "Black": 19.169999999999998, "just": 4.199}, "Lol Pop": {"Shock Wave": 1.512, "Fire Vortex": 1.584, "Andromeda": 1.944, "Jolly Roger": 1.6847999999999999, "Heart Pop": 1.584, "Crystal Comet": 1.512, "Doodle Art": 1.656, "Angelina": 2.2319999999999998, "Satellite": 1.7999999999999998, "Rosebud": 1.728, "Mortal Sin": 2.88, "Pumpkin": 1.728, "Sweetheart": 1.728, "Watermelon": 1.512, "Jinxed": 1.584, "Pink Foil": 1.512, "Cobweb": 1.584, "Milky Way": 1.512, "Hollywood": 1.584, "Plastic Ice": 1.512, "Love Bubbles": 1.6847999999999999, "Hexed Helix": 1.7999999999999998, "Celestia": 2.2319999999999998, "Blood Ember": 1.584, "Glowstick": 1.944, "Dark Portal": 1.584, "Gold Star": 1.512, "Einstein": 1.6847999999999999, "Dark Sky": 1.584, "Blood Sucker": 1.8719999999999999, "Onyx Black": 1.97, "Black": 5.154999999999999, "just": 1.224}, "B-Day Candle": {"Payday": 2.2785, "Pixel Wish": 2.2785, "Happy Meows": 2.2785, "On Fire": 2.2785, "Final Boss": 2.2785, "Purr Magic": 2.2785, "Kaboom!": 1.9845000000000002, "Onyx Black": 1.835, "Black": 5.135000000000001, "just": 1.2495}, "Desk Calendar": {"Deadline": 2.263, "Heartbreak": 1.606, "Independence": 2.263, "Pepe Plans": 14.73, "Balloon Face": 1.825, "Fund Manager": 2.263, "Peach Week": 2.263, "Sunday": 1.971, "Adult Tasks": 25.725, "Durov Day": 6.9799999999999995, "Hodler": 5.109999999999999, "Tic Tac Toe": 1.971, "Investor": 9.48, "Fawkes Night": 4.088, "Burning Time": 2.263, "Checklist": 2.263, "Telegram": 2.263, "Onyx Black": 1.8699999999999999, "Black": 5.23, "just": 1.2409999999999999}, "Lunar Snake": {"Hot Cherry": 2.0655, "Synthwave": 4.284, "Python Dev": 2.3715, "Hellspawn": 2.0655, "Psychedelic": 2.3715, "Timelock": 2.3715, "Dragon Ball": 5.355, "Soul Eater": 2.0655, "Onyx Black": 2.46, "Black": 5.73, "just": 1.3005}, "Xmas Stocking": {"Onyx Black": 2.19, "Black": 5.78, "just": 1.3005}, "Snake Box": {"Onyx Black": 2.185, "Black": 5.445, "just": 1.36}, "Pet Snake": {"Onyx Black": 2.49, "Black": 6.040000000000001, "just": 1.513}, "Candy Cane": {"Sticky Sweet": 2.0925000000000002, "Designer": 5.425, "Hex Pot": 3.1, "Grinch": 4.34, "Onyx Black": 2.275, "Black": 5.619999999999999, "just": 1.3175}, "Whip Cupcake": {"Deep State": 2.241, "Resistance": 5.81, "Toncoin": 2.573, "Bitcoin": 10.33, "Sponge Duck": 2.573, "Onyx Black": 2.23, "Black": 5.53, "just": 1.4109999999999998}, "Big Year": {"Pokeball": 2.538, "Qing Dynasty": 2.9139999999999997, "Telegram": 6.58, "YouTubes": 2.9139999999999997, "First Website": 2.1995999999999998, "Big Brother": 2.9139999999999997, "Pavel Durov": 12.415, "Gold Mine": 6.58, "The Hobbit": 3.76, "The Nether": 2.538, "Balloons": 2.068, "Cheshire Cat": 2.9139999999999997, "Creator": 2.9139999999999997, "Bitcoin": 5.263999999999999, "Game Boy": 2.068, "Onyx Black": 3.94, "Black": 9.940000000000001, "just": 1.5979999999999999}, "Homemade Cake": {"Onyx Black": 2.3, "Black": 5.664999999999999, "just": 1.615}, "Cookie Heart": {"Onyx Black": 2.55, "Black": 6.555, "just": 1.615}, "Jester Hat": {"Onyx Black": 2.495, "Black": 6.3950000000000005, "just": 1.5215}, "Holiday Drink": {"Onyx Black": 2.69, "Black": 6.065, "just": 1.5979999999999999}, "Ginger Cookie": {"Onyx Black": 3.635, "Black": 7.225, "just": 1.6744999999999999}, "Hypno Lollipop": {"Onyx Black": 3.415, "Black": 7.49, "just": 1.683}, "Winter Wreath": {"Moon Cat": 85.99499999999999, "Onyx Black": 2.99, "Black": 6.495, "just": 1.6915}, "Party Sparkler": {"Onyx Black": 3.4749999999999996, "Black": 7.420000000000001, "just": 1.6575}, "Jingle Bells": {"Onyx Black": 3.05, "Black": 6.915000000000001, "just": 1.785}, "Tama Gadget": {"Onyx Black": 3.46, "Black": 6.780000000000001, "just": 1.785}, "Jack-in-the-Box": {"Onyx Black": 3.135, "Black": 6.984999999999999, "just": 1.9295}, "Star Notepad": {"Onyx Black": 3.675, "Black": 9.7, "just": 2.04}, "Easter Egg": {"Onyx Black": 3.8449999999999998, "Black": 10.925, "just": 2.499}, "Santa Hat": {"Onyx Black": 3.696, "Black": 9.2, "just": 2.295}, "Hex Pot": {"Onyx Black": 3.9399999999999995, "Black": 9.835, "just": 2.363}, "Restless Jar": {"Onyx Black": 3.57, "Black": 9.21, "just": 2.2015}, "Lush Bouquet": {"Onyx Black": 5.25, "Black": 8.8, "just": 2.72}, "Spiced Wine": {"Onyx Black": 3.2960000000000003, "Black": 7.1, "just": 2.125}, "Snow Globe": {"Onyx Black": 4.635, "Black": 10.375, "just": 2.5075000000000003}, "Joyful Bundle": {"Onyx Black": 4.9399999999999995, "Black": 8.940000000000001, "just": 2.448}, "Light Sword": {"Onyx Black": 4.456, "Black": 10.655999999999999, "just": 2.635}, "Witch Hat": {"Onyx Black": 4.545, "Black": 12.045, "just": 2.6264999999999996}, "Bow Tie": {"Onyx Black": 6.144, "Black": 11.943999999999999, "just": 2.754}, "Eternal Candle": {"Onyx Black": 5.354, "Black": 10.95, "just": 3.0515}, "Jelly Bunny": {"Onyx Black": 5.045, "Black": 10.185, "just": 2.8815}, "Bunny Muffin": {"Onyx Black": 5.3, "Black": 11.5, "just": 2.975}, "Spy Agaric": {"Onyx Black": 6.058, "Black": 10.458, "just": 2.9155}, "Evil Eye": {"Onyx Black": 7.002, "Black": 13.402, "just": 3.1195}, "Snow Mittens": {"Onyx Black": 6.3759999999999994, "Black": 8.372, "just": 3.366}, "Berry Box": {"Onyx Black": 5.224, "Black": 10.696, "just": 3.264}, "Valentine Box": {"Onyx Black": 7.18, "Black": 13.82, "just": 3.995}, "Sakura Flower": {"Onyx Black": 7.08, "Black": 16.284, "just": 4.369}, "Hanging Star": {"Onyx Black": 7.608, "Black": 15.208, "just": 4.827999999999999}, "Sleigh Bell": {"Onyx Black": 11.69, "Black": 20.494, "just": 6.3665}, "Love Candle": {"Onyx Black": 10.22, "Black": 15.5, "just": 7.225}, "Skull Flower": {"Onyx Black": 11.501999999999999, "Black": 18.461999999999996, "just": 6.9445}, "Crystal Ball": {"Onyx Black": 12.443999999999999, "Black": 27.880000000000003, "just": 6.9190000000000005}, "Trapped Heart": {"Onyx Black": 12.282, "Black": 20.342, "just": 7.2845}, "Top Hat": {"Onyx Black": 14.936, "Black": 27.580000000000002, "just": 7.055000000000001}, "Love Potion": {"Onyx Black": 12.495999999999999, "Black": 23.696, "just": 8.075}, "Flying Broom": {"Onyx Black": 12.314, "Black": 17.294, "just": 8.0665}, "Cupid Charm": {"Onyx Black": 17.158, "Black": 32.958, "just": 10.1405}, "Record Player": {"Onyx Black": 10.38, "Black": 20.619999999999997, "just": 6.545}, "Eternal Rose": {"Onyx Black": 18.594, "Black": 34.394, "just": 11.8915}, "Mad Pumpkin": {"Onyx Black": 24.614, "Black": 39.214, "just": 16.7365}, "Voodoo Doll": {"Onyx Black": 24.18, "Black": 46.2, "just": 14.45}, "Diamond Ring": {"Onyx Black": 21.274, "Black": 43.634, "just": 14.2715}, "Toy Bear": {"Onyx Black": 30.576, "Black": 49.152, "just": 21.845}, "Vintage Cigar": {"Onyx Black": 34.748, "Black": 61.144, "just": 20.892999999999997}, "Neko Helmet": {"Onyx Black": 36.4, "Black": 62.4, "just": 22.099999999999998}, "Low Rider": {"Onyx Black": 32.480000000000004, "Black": 80.476, "just": 21.08}, "Signet Ring": {"Onyx Black": 37.480000000000004, "Black": 72.676, "just": 23.63}, "Electric Skull": {"Onyx Black": 44.796, "Black": 75.2, "just": 27.2}, "Kissed Frog": {"Onyx Black": 45.234, "Black": 79.834, "just": 28.3815}, "Swiss Watch": {"Onyx Black": 43.056, "Black": 72.256, "just": 30.395999999999997}, "Sharp Tongue": {"Onyx Black": 55.14, "Black": 139.94, "just": 33.915},