{"Snoop Dogg": {"Doggfather": 2.818, "Sapphire": 2.1155, "Chrome": 2.277, "Emerald": 1.8780000000000001, "Doberman": 3.231, "Black Diamond": 2.0585, "King Snoop": 4.9405, "AI Dogg": 2.9269999999999996, "Goldizzle": 7.0405, "Cold Topaz": 1.992, "Onyx Black": 3.243333333333333, "Black": 10.40076923076923, "just": 1.5045}, "Swag Bag": {"Darkness": 2.2, "Gin & Jewels": 2.4, "Cashback": 3.1, "Missionary": 7.0, "P.I.M.P.": 2.2, "Snoop Life": 2.5, "Take It Easy": 2.7, "Leopard": 2.34, "Bulk Order": 2.34, "Happy Herbs": 3.1, "April 20th": 3.1, "Boiling Hot": 2.5, "Onyx Black": 3.1, "Black": 7.4, "just": 1.7}, "Snoop Cigar": {"Onyx Black": 7.930000000000001, "Black": 19.300000000000004, "just": 4.165}, "Lol Pop": {"Fire Vortex": 1.5015, "Hexed Helix": 1.7874999999999999, "Sick Leave": 1.5015, "Jolly Roger": 1.7874999999999999, "Andromeda": 1.9305, "Mortal Sin": 4.004, "Pumpkin": 1.5015, "Heart Pop": 1.573, "Cobweb": 1.573, "Einstein": 1.716, "Satellite": 1.716, "Sweetheart": 1.7874999999999999, "Cookie Dip": 1.5015, "Celestia": 2.2165, "Nostalgia": 1.5015, "Jinxed": 1.7874999999999999, "Rosebud": 1.716, "Dark Portal": 1.859, "Blood Sucker": 1.9305, "Magic Wand": 1.5015, "Watermelon": 1.5015, "Glowstick": 2.2165, "Milky Way": 1.573, "Comic Crunch": 1.5015, "Sailor Moon": 1.5015, "Shock Wave": 1.5015, "Doodle Art": 1.6444999999999999, "Plastic Ice": 1.5015, "Crystal Comet": 1.5015, "Angelina": 2.2165, "Dark Sky": 1.573, "Love Bubbles": 1.6730999999999998, "Blood Ember": 1.573, "Onyx Black": 2.015, "Black": 5.165, "just": 1.2155}, "B-Day Candle": {"Kaboom!": 1.971, "Pixel Wish": 2.263, "Final Boss": 2.263, "On Fire": 2.263, "Happy Meows": 2.263, "Purr Magic": 2.263, "Payday": 2.263, "Onyx Black": 1.83, "Black": 5.199999999999999, "just": 1.2409999999999999}, "Desk Calendar": {"Telegram": 2.2475, "Durov Day": 2.9, "Burning Time": 2.2475, "Independence": 2.2475, "Heartbreak": 1.595, "Tic Tac Toe": 2.2475, "Hodler": 5.075, "Fund Manager": 2.2475, "Adult Tasks": 25.224999999999998, "Fawkes Night": 5.075, "Balloon Face": 1.8125, "Sunday": 1.9575, "Deadline": 2.2475, "Pepe Plans": 14.719999999999999, "Investor": 8.725, "Peach Week": 2.2475, "Checklist": 1.9575, "Onyx Black": 1.875, "Black": 5.38, "just": 1.2325}, "Lunar Snake": {"Timelock": 2.2475, "Hellspawn": 1.9575, "Python Dev": 2.2475, "Soul Eater": 2.2475, "Hot Cherry": 2.2475, "Synthwave": 5.075, "Psychedelic": 2.2475, "Dragon Ball": 5.075, "Onyx Black": 2.45, "Black": 5.470000000000001, "just": 1.2325}, "Xmas Stocking": {"Onyx Black": 2.19, "Black": 5.49, "just": 1.258}, "Snake Box": {"Onyx Black": 2.045, "Black": 5.409999999999999, "just": 1.3005}, "Pet Snake": {"Onyx Black": 2.42, "Black": 5.42, "just": 1.564}, "Candy Cane": {"Sticky Sweet": 2.418, "Designer": 7.23, "Hex Pot": 3.12, "Grinch": 3.12, "Onyx Black": 2.335, "Black": 5.779999999999999, "just": 1.326}, "Whip Cupcake": {"Bitcoin": 14.545, "Deep State": 2.1465, "Resistance": 6.51, "Sponge Duck": 2.4645, "Toncoin": 2.4645, "Onyx Black": 2.195, "Black": 5.795, "just": 1.3515}, "Big Year": {"First Website": 2.1, "YouTubes": 4.0, "Big Brother": 3.1, "Balloons": 2.2, "Qing Dynasty": 3.1, "Telegram": 4.0, "The Hobbit": 4.0, "Creator": 2.7, "The Nether": 3.1, "Game Boy": 2.4, "Pavel Durov": 8.5, "Bitcoin": 5.6, "Cheshire Cat": 2.7, "Pokeball": 2.7, "Gold Mine": 7.0, "Onyx Black": 3.625, "Black": 9.2, "just": 1.7}, "Homemade Cake": {"Onyx Black": 2.2750000000000004, "Black": 5.325000000000001, "just": 1.5725}, "Cookie Heart": {"Onyx Black": 2.44, "Black": 6.844999999999999, "just": 1.615}, "Jester Hat": {"Onyx Black": 2.61, "Black": 6.06, "just": 1.462}, "Holiday Drink": {"Onyx Black": 2.675, "Black": 6.215, "just": 1.615}, "Ginger Cookie": {"Onyx Black": 3.5949999999999998, "Black": 6.865, "just": 1.649}, "Hypno Lollipop": {"Onyx Black": 3.4749999999999996, "Black": 6.9350000000000005, "just": 1.683}, "Winter Wreath": {"Moon Cat": 99.985, "Onyx Black": 2.9850000000000003, "Black": 6.984999999999999, "just": 1.6744999999999999}, "Party Sparkler": {"Onyx Black": 3.075, "Black": 7.245, "just": 1.6575}, "Jingle Bells": {"Onyx Black": 2.825, "Black": 6.219999999999999, "just": 1.8275}, "Tama Gadget": {"Onyx Black": 3.4800000000000004, "Black": 6.8149999999999995, "just": 1.819}, "Jack-in-the-Box": {"Onyx Black": 3.21, "Black": 6.625, "just": 1.9124999999999999}, "Star Notepad": {"Onyx Black": 3.7600000000000002, "Black": 9.184999999999999, "just": 2.0145}, "Easter Egg": {"Onyx Black": 3.8200000000000003, "Black": 10.69, "just": 2.4565}, "Santa Hat": {"Onyx Black": 3.916, "Black": 8.264, "just": 2.363}, "Hex Pot": {"Onyx Black": 3.985, "Black": 10.125, "just": 2.3459999999999996}, "Restless Jar": {"Onyx Black": 3.955, "Black": 9.275, "just": 2.176}, "Lush Bouquet": {"Onyx Black": 4.525, "Black": 8.785, "just": 2.6094999999999997}, "Spiced Wine": {"Onyx Black": 3.322, "Black": 6.562, "just": 2.0145}, "Snow Globe": {"Onyx Black": 4.15, "Black": 11.399999999999999, "just": 2.38}, "Joyful Bundle": {"Onyx Black": 3.975, "Black": 9.620000000000001, "just": 2.3715}, "Light Sword": {"Onyx Black": 4.564, "Black": 10.68, "just": 2.669}, "Witch Hat": {"Onyx Black": 4.455, "Black": 12.030000000000001, "just": 2.601}, "Bow Tie": {"Onyx Black": 4.568, "Black": 11.652, "just": 2.788}, "Eternal Candle": {"Onyx Black": 5.4879999999999995, "Black": 11.288, "just": 2.9579999999999997}, "Jelly Bunny": {"Onyx Black": 5.15, "Black": 10.67, "just": 2.8899999999999997}, "Bunny Muffin": {"Onyx Black": 4.644, "Black": 11.620000000000001, "just": 3.145}, "Spy Agaric": {"Onyx Black": 5.602, "Black": 10.474, "just": 2.9495}, "Evil Eye": {"Onyx Black": 6.288, "Black": 12.08, "just": 3.06}, "Snow Mittens": {"Onyx Black": 5.716, "Black": 8.276, "just": 3.2809999999999997}, "Berry Box": {"Onyx Black": 5.394, "Black": 10.613999999999999, "just": 3.1365}, "Valentine Box": {"Onyx Black": 7.279999999999999, "Black": 12.879999999999999, "just": 4.08}, "Sakura Flower": {"Onyx Black": 6.496, "Black": 16.176, "just": 4.216}, "Hanging Star": {"Onyx Black": 8.854, "Black": 15.070000000000002, "just": 4.6665}, "Sleigh Bell": {"Onyx Black": 10.559999999999999, "Black": 20.56, "just": 6.46}, "Love Candle": {"Onyx Black": 10.585999999999999, "Black": 17.298000000000002, "just": 7.233499999999999}, "Skull Flower": {"Onyx Black": 11.762, "Black": 18.722, "just": 7.0295}, "Crystal Ball": {"Onyx Black": 12.654, "Black": 28.293999999999997, "just": 7.2165}, "Trapped Heart": {"Onyx Black": 12.628, "Black": 17.427999999999997, "just": 7.123}, "Top Hat": {"Onyx Black": 14.962, "Black": 26.562, "just": 7.0295}, "Love Potion": {"Onyx Black": 13.451999999999998, "Black": 23.852000000000004, "just": 8.296}, "Flying Broom": {"Onyx Black": 12.04, "Black": 17.64, "just": 7.99}, "Cupid Charm": {"Onyx Black": 17.056, "Black": 31.856, "just": 9.996}, "Record Player": {"Onyx Black": 10.522, "Black": 20.722, "just": 6.6895}, "Eternal Rose": {"Onyx Black": 20.54, "Black": 32.18000000000001, "just": 12.155000000000001}, "Mad Pumpkin": {"Onyx Black": 24.176000000000002, "Black": 40.152, "just": 16.116}, "Voodoo Doll": {"Onyx Black": 24.034, "Black": 44.834, "just": 14.7815}, "Diamond Ring": {"Onyx Black": 21.836, "Black": 43.03999999999999, "just": 13.939999999999998}, "Toy Bear": {"Onyx Black": 32.18, "Black": 52.339999999999996, "just": 20.314999999999998}, "Vintage Cigar": {"Onyx Black": 36.846000000000004, "Black": 66.646, "just": 20.7485}, "Neko Helmet": {"Onyx Black": 38.188, "Black": 66.908, "just": 22.933}, "Low Rider": {"Onyx Black": 32.72, "Black": 84.00800000000001, "just": 21.419999999999998}, "Signet Ring": {"Onyx Black": 37.732, "Black": 76.928, "just": 23.987}, "Electric Skull": {"Onyx Black": 43.724000000000004, "Black": 75.72800000000001, "just": 27.948}, "Kissed Frog": {"Onyx Black": 44.996, "Black": 79.8, "just": 28.05}, "Swiss Watch": {"Onyx Black": 43.602000000000004, "Black": 72.402, "just": 29.4695}, "Sharp Tongue": {"Onyx Black": 58.087999999999994, "Black": 122.088, "just": 36.958},