{"Snoop Dogg": {"Cold Topaz": 2.0065, "Doberman": 3.3905000000000003, "Sapphire": 2.111, "Chrome": 2.4055000000000004, "AI Dogg": 3.153, "Black Diamond": 2.1490000000000005, "King Snoop": 4.5395, "Doggfather": 3.2670000000000003, "Goldizzle": 6.780499999999999, "Onyx Black": 3.3766666666666665, "Black": 10.523846153846154, "just": 1.5045}, "Swag Bag": {"Golden Nugs": 1.9845, "Leopard": 1.9845, "Darkness": 2.1734999999999998, "Take It Easy": 2.457, "Cashback": 2.9295, "Bulk Order": 2.457, "April 20th": 2.9295, "Missionary": 6.614999999999999, "Boiling Hot": 2.3625, "Snoop Life": 2.5515, "Happy Herbs": 2.9295, "Gin & Jewels": 2.3625, "Onyx Black": 3.1450000000000005, "Black": 7.4399999999999995, "just": 1.6064999999999998}, "Snoop Cigar": {"Onyx Black": 7.735, "Black": 17.240000000000002, "just": 3.8080000000000003}, "Lol Pop": {"Blood Sucker": 1.675, "Doodle Art": 1.4070000000000003, "Nostalgia": 1.4070000000000003, "Angelina": 2.0770000000000004, "Cookie Dip": 1.4740000000000002, "Heart Pop": 1.541, "Soap Bubbles": 1.4070000000000003, "Cobweb": 1.4740000000000002, "Sick Leave": 1.541, "Pumpkin": 1.541, "Blood Ember": 1.541, "Shock Wave": 1.4070000000000003, "Celestia": 2.0770000000000004, "Glowstick": 2.0770000000000004, "Jinxed": 1.675, "Dark Portal": 1.8090000000000002, "Love Bubbles": 1.4740000000000002, "Pink Foil": 1.4070000000000003, "Sweetheart": 1.541, "Rosebud": 1.541, "Comic Crunch": 1.4740000000000002, "Jolly Roger": 1.541, "Hexed Helix": 1.4740000000000002, "Icicle": 1.4070000000000003, "Gold Star": 1.541, "Watermelon": 1.4070000000000003, "Einstein": 1.4740000000000002, "Satellite": 1.675, "Dark Sky": 1.541, "Milky Way": 1.4070000000000003, "Sailor Moon": 1.541, "Mortal Sin": 3.752, "Andromeda": 2.0770000000000004, "Onyx Black": 1.915, "Black": 5.345, "just": 1.139}, "B-Day Candle": {"Happy Meows": 2.0615, "On Fire": 2.0615, "Kaboom!": 1.7955000000000003, "Purr Magic": 2.0615, "Payday": 2.0615, "Final Boss": 2.0615, "Pixel Wish": 2.0615, "Onyx Black": 1.72, "Black": 5.315, "just": 1.1305}, "Desk Calendar": {"Fawkes Night": 4.55, "Fund Manager": 2.015, "Hodler": 3.6399999999999997, "Peach Week": 2.015, "Pepe Plans": 11.31, "Investor": 4.55, "Heartbreak": 1.56, "Deadline": 2.015, "Sunday": 2.015, "Durov Day": 2.6, "Checklist": 1.7550000000000001, "Independence": 2.6, "Adult Tasks": 25.6, "Tic Tac Toe": 1.7550000000000001, "Burning Time": 2.015, "Telegram": 2.015, "Balloon Face": 1.4949999999999999, "Onyx Black": 1.645, "Black": 5.97, "just": 1.105}, "Lunar Snake": {"Dragon Ball": 5.6, "Python Dev": 2.17, "Hot Cherry": 1.89, "Psychedelic": 1.75, "Hellspawn": 2.17, "Synthwave": 4.8999999999999995, "Soul Eater": 2.17, "Timelock": 1.68, "Onyx Black": 2.165, "Black": 5.449999999999999, "just": 1.19}, "Xmas Stocking": {"Onyx Black": 2.0300000000000002, "Black": 5.46, "just": 1.2069999999999999}, "Snake Box": {"Onyx Black": 2.16, "Black": 5.930000000000001, "just": 1.1560000000000001}, "Pet Snake": {"Onyx Black": 2.4, "Black": 5.75, "just": 1.53}, "Candy Cane": {"Hex Pot": 2.94, "Designer": 5.145, "Sticky Sweet": 2.2785, "Grinch": 2.94, "Onyx Black": 2.185, "Black": 6.119999999999999, "just": 1.2495}, "Whip Cupcake": {"Deep State": 1.917, "Sponge Duck": 2.201, "Toncoin": 2.84, "Resistance": 4.97, "Bitcoin": 10.610000000000001, "Onyx Black": 2.01, "Black": 5.455, "just": 1.2069999999999999}, "Big Year": {"Pavel Durov": 3.96, "Telegram": 5.544, "Pokeball": 2.673, "The Hobbit": 3.96, "Cheshire Cat": 2.2769999999999997, "Big Brother": 2.673, "Creator": 3.069, "Qing Dynasty": 3.069, "YouTubes": 2.673, "Bitcoin": 5.544, "The Nether": 2.079, "Game Boy": 2.079, "Gold Mine": 6.93, "Onyx Black": 3.465, "Black": 8.44, "just": 1.683}, "Homemade Cake": {"Onyx Black": 2.26, "Black": 5.79, "just": 1.428}, "Cookie Heart": {"Onyx Black": 2.52, "Black": 7.4399999999999995, "just": 1.6064999999999998}, "Jester Hat": {"Onyx Black": 2.62, "Black": 6.72, "just": 1.394}, "Holiday Drink": {"Onyx Black": 2.925, "Black": 5.875, "just": 1.5725}, "Ginger Cookie": {"Onyx Black": 3.975, "Black": 6.5, "just": 1.7}, "Hypno Lollipop": {"Onyx Black": 2.875, "Black": 6.4750000000000005, "just": 1.6575}, "Winter Wreath": {"Onyx Black": 2.69, "Black": 9.395, "just": 1.6064999999999998}, "Party Sparkler": {"Onyx Black": 3.76, "Black": 7.51, "just": 1.7169999999999999}, "Jingle Bells": {"Onyx Black": 2.765, "Black": 6.97, "just": 1.734}, "Tama Gadget": {"Onyx Black": 3.24, "Black": 6.99, "just": 1.683}, "Jack-in-the-Box": {"Onyx Black": 3.13, "Black": 7.935, "just": 1.8784999999999998}, "Star Notepad": {"Onyx Black": 3.915, "Black": 8.985, "just": 1.9805}, "Easter Egg": {"Onyx Black": 3.865, "Black": 11.015, "just": 2.0655}, "Santa Hat": {"Onyx Black": 3.4259999999999997, "Black": 8.265999999999998, "just": 2.1334999999999997}, "Hex Pot": {"Onyx Black": 3.9800000000000004, "Black": 10.405, "just": 2.3885}, "Restless Jar": {"Onyx Black": 3.95, "Black": 8.42, "just": 2.04}, "Lush Bouquet": {"Onyx Black": 4.355, "Black": 8.004999999999999, "just": 2.3035}, "Spiced Wine": {"Onyx Black": 3.036, "Black": 6.683999999999999, "just": 2.108}, "Snow Globe": {"Onyx Black": 4.125, "Black": 10.350000000000001, "just": 2.295}, "Joyful Bundle": {"Onyx Black": 4.085, "Black": 8.145, "just": 2.3715}, "Light Sword": {"Onyx Black": 3.97, "Black": 9.77, "just": 2.5075000000000003}, "Witch Hat": {"Onyx Black": 4.355, "Black": 11.945, "just": 2.4565}, "Bow Tie": {"Onyx Black": 4.07, "Black": 12.654, "just": 2.6264999999999996}, "Eternal Candle": {"Onyx Black": 4.796, "Black": 12.016, "just": 2.856}, "Jelly Bunny": {"Onyx Black": 4.35, "Black": 10.325, "just": 2.72}, "Bunny Muffin": {"Onyx Black": 6.004, "Black": 11.604, "just": 2.839}, "Spy Agaric": {"Onyx Black": 5.084, "Black": 11.884, "just": 2.669}, "Evil Eye": {"Onyx Black": 6.1419999999999995, "Black": 13.182, "just": 3.0345}, "Snow Mittens": {"Onyx Black": 4.724, "Black": 7.6, "just": 3.009}, "Berry Box": {"Onyx Black": 5.244, "Black": 11.828, "just": 3.1790000000000003}, "Valentine Box": {"Onyx Black": 8.578, "Black": 12.738, "just": 3.9354999999999998}, "Sakura Flower": {"Onyx Black": 6.433999999999999, "Black": 14.634, "just": 3.7314999999999996}, "Hanging Star": {"Onyx Black": 8.283999999999999, "Black": 15.079999999999998, "just": 4.369}, "Sleigh Bell": {"Onyx Black": 10.64, "Black": 18.04, "just": 6.29}, "Love Candle": {"Onyx Black": 9.92, "Black": 16.8, "just": 6.8}, "Skull Flower": {"Onyx Black": 10.942, "Black": 17.022, "just": 7.114499999999999}, "Crystal Ball": {"Onyx Black": 12.054, "Black": 30.774, "just": 6.1964999999999995}, "Trapped Heart": {"Onyx Black": 11.722, "Black": 20.485999999999997, "just": 7.539499999999999}, "Top Hat": {"Onyx Black": 12.442, "Black": 25.894000000000002, "just": 6.8595}, "Love Potion": {"Onyx Black": 10.2, "Black": 22.2, "just": 7.6499999999999995}, "Flying Broom": {"Onyx Black": 11.028, "Black": 17.228, "just": 7.973000000000001}, "Cupid Charm": {"Onyx Black": 17.7, "Black": 36.5, "just": 9.775}, "Record Player": {"Onyx Black": 11.108, "Black": 20.768, "just": 6.783}, "Eternal Rose": {"Onyx Black": 18.594, "Black": 33.394, "just": 11.0415}, "Mad Pumpkin": {"Onyx Black": 26.674, "Black": 42.674, "just": 15.1215}, "Voodoo Doll": {"Onyx Black": 23.1, "Black": 57.6, "just": 13.6}, "Diamond Ring": {"Onyx Black": 21.98, "Black": 38.38, "just": 13.005}, "Toy Bear": {"Onyx Black": 24.894, "Black": 49.394000000000005, "just": 16.141499999999997}, "Vintage Cigar": {"Onyx Black": 44.468, "Black": 60.468, "just": 19.363}, "Neko Helmet": {"Onyx Black": 37.282, "Black": 63.274, "just": 21.6495}, "Low Rider": {"Onyx Black": 34.594, "Black": 88.19399999999999, "just": 21.2415}, "Signet Ring": {"Onyx Black": 36.076, "Black": 77.276, "just": 21.641000000000002}, "Electric Skull": {"Onyx Black": 41.138000000000005, "Black": 66.738, "just": 24.2845}, "Kissed Frog": {"Onyx Black": 45.582, "Black": 85.582, "just": 30.574499999999997}, "Swiss Watch": {"Onyx Black": 45.587999999999994, "Black": 71.94800000000001,