{"Snoop Dogg": {"Cold Topaz": 2.1965000000000003, "Emerald": 2.111, "Green Light": 1.9210000000000003, "Doggfather": 3.0105000000000004, "King Ruby": 1.9685000000000006, "Doberman": 3.3905000000000003, "Black Diamond": 2.2915, "Black Gold": 1.8735000000000004, "Chrome": 2.263, "AI Dogg": 2.9155, "King Snoop": 4.5015, "Goldizzle": 6.581, "Sapphire": 1.8735000000000004, "Onyx Black": 3.21, "Black": 9.991538461538461, "just": 1.3855}, "Swag Bag": {"Golden Nugs": 1.9845, "Boiling Hot": 2.5515, "Snoop Life": 2.5515, "Happy Herbs": 2.9295, "Bulk Order": 2.457, "Cashback": 2.9295, "April 20th": 2.9295, "Missionary": 6.614999999999999, "P.I.M.P.": 2.1734999999999998, "Take It Easy": 2.457, "Darkness": 2.079, "Gin & Jewels": 2.3625, "Onyx Black": 3.1950000000000003, "Black": 7.194999999999999, "just": 1.6064999999999998}, "Snoop Cigar": {"Onyx Black": 8.45, "Black": 16.575000000000003, "just": 3.74}, "Lol Pop": {"Icicle": 1.47, "Love Bubbles": 1.75, "Gold Star": 1.47, "Milky Way": 1.6099999999999999, "Pink Foil": 1.47, "Sailor Moon": 1.54, "Dark Sky": 1.75, "Mortal Sin": 3.9199999999999995, "Jolly Roger": 1.68, "Romance": 1.47, "Dark Portal": 1.54, "Satellite": 1.8199999999999998, "Angelina": 2.17, "Glowstick": 2.17, "Watermelon": 1.47, "Doodle Art": 1.47, "Celestia": 2.17, "Hexed Helix": 1.8199999999999998, "Sick Leave": 1.47, "Heart Pop": 1.54, "Jinxed": 1.75, "Blood Sucker": 1.68, "Comic Crunch": 1.54, "Shock Wave": 1.6099999999999999, "Einstein": 1.54, "Magic Wand": 1.47, "Pumpkin": 1.54, "Cobweb": 1.47, "Blood Ember": 1.54, "Fire Vortex": 1.47, "Rosebud": 1.6099999999999999, "Sweetheart": 1.6099999999999999, "Andromeda": 1.89, "Onyx Black": 1.945, "Black": 5.34, "just": 1.19}, "B-Day Candle": {"Purr Magic": 2.108, "Kaboom!": 1.8360000000000003, "Payday": 2.108, "Final Boss": 2.108, "On Fire": 2.108, "Happy Meows": 3.808, "Pixel Wish": 2.108, "Onyx Black": 1.58, "Black": 5.154999999999999, "just": 1.1560000000000001}, "Desk Calendar": {"Heartbreak": 1.5755, "Sunday": 2.1235000000000004, "Peach Week": 2.1235000000000004, "Balloon Face": 1.5070000000000003, "Fawkes Night": 4.795, "Durov Day": 2.74, "Fund Manager": 2.1235000000000004, "Pepe Plans": 10.985, "Burning Time": 2.1235000000000004, "Adult Tasks": 24.635, "Hodler": 4.795, "Checklist": 1.8495000000000004, "Telegram": 2.1235000000000004, "Deadline": 2.1235000000000004, "Independence": 2.74, "Tic Tac Toe": 1.5755, "Investor": 4.795, "Onyx Black": 1.585, "Black": 5.685, "just": 1.1645}, "Lunar Snake": {"Synthwave": 3.9479999999999995, "Psychedelic": 1.9035, "Python Dev": 2.1854999999999998, "Dragon Ball": 4.935, "Hot Cherry": 1.9035, "Timelock": 1.9035, "Hellspawn": 2.1854999999999998, "Soul Eater": 2.1854999999999998, "Onyx Black": 2.155, "Black": 5.205, "just": 1.1985}, "Xmas Stocking": {"Onyx Black": 2.135, "Black": 5.21, "just": 1.2069999999999999}, "Snake Box": {"Onyx Black": 1.86, "Black": 6.180000000000001, "just": 1.1645}, "Pet Snake": {"Onyx Black": 2.45, "Black": 5.299999999999999, "just": 1.4024999999999999}, "Candy Cane": {"Hex Pot": 3.12, "Designer": 4.367999999999999, "Grinch": 3.12, "Sticky Sweet": 2.418, "Onyx Black": 2.455, "Black": 6.15, "just": 1.326}, "Whip Cupcake": {"Toncoin": 2.2475, "Deep State": 2.2475, "Bitcoin": 10.15, "Resistance": 5.075, "Sponge Duck": 2.9, "Onyx Black": 1.975, "Black": 5.625000000000001, "just": 1.2325}, "Big Year": {"Bitcoin": 3.8, "Creator": 2.945, "YouTubes": 2.945, "The Nether": 2.09, "Big Brother": 2.565, "The Hobbit": 2.945, "Pokeball": 2.565, "Gold Mine": 5.319999999999999, "Qing Dynasty": 2.945, "First Website": 2.1849999999999996, "Pavel Durov": 3.8, "Cheshire Cat": 2.09, "Game Boy": 2.09, "Telegram": 5.319999999999999, "Onyx Black": 3.425, "Black": 8.95, "just": 1.615}, "Homemade Cake": {"Onyx Black": 2.025, "Black": 5.35, "just": 1.4535}, "Cookie Heart": {"Onyx Black": 2.59, "Black": 7.14, "just": 1.5979999999999999}, "Jester Hat": {"Onyx Black": 2.6149999999999998, "Black": 6.785, "just": 1.428}, "Holiday Drink": {"Onyx Black": 2.91, "Black": 5.675000000000001, "just": 1.5725}, "Ginger Cookie": {"Onyx Black": 3.795, "Black": 6.545, "just": 1.7764999999999997}, "Hypno Lollipop": {"Onyx Black": 2.8, "Black": 5.949999999999999, "just": 1.615}, "Winter Wreath": {"Onyx Black": 2.535, "Black": 8.915, "just": 1.5555}, "Party Sparkler": {"Onyx Black": 3.2, "Black": 6.65, "just": 1.615}, "Jingle Bells": {"Onyx Black": 2.645, "Black": 6.92, "just": 1.564}, "Tama Gadget": {"Onyx Black": 3.4450000000000003, "Black": 6.99, "just": 1.6915}, "Jack-in-the-Box": {"Onyx Black": 3.115, "Black": 7.890000000000001, "just": 1.853}, "Star Notepad": {"Onyx Black": 3.895, "Black": 8.645, "just": 1.9465}, "Easter Egg": {"Onyx Black": 3.75, "Black": 11.05, "just": 2.125}, "Santa Hat": {"Onyx Black": 3.5540000000000003, "Black": 8.434000000000001, "just": 2.3715}, "Hex Pot": {"Onyx Black": 4.035, "Black": 10.42, "just": 2.4139999999999997}, "Restless Jar": {"Onyx Black": 3.995, "Black": 8.39, "just": 2.1165000000000003}, "Lush Bouquet": {"Onyx Black": 4.51, "Black": 7.7, "just": 2.295}, "Spiced Wine": {"Onyx Black": 2.862, "Black": 6.466000000000001, "just": 1.8615}, "Snow Globe": {"Onyx Black": 4.135, "Black": 10.335, "just": 2.2695}, "Joyful Bundle": {"Onyx Black": 3.475, "Black": 8.100000000000001, "just": 2.295}, "Light Sword": {"Onyx Black": 4.1739999999999995, "Black": 10.854, "just": 2.6264999999999996}, "Witch Hat": {"Onyx Black": 4.4, "Black": 11.99, "just": 2.533}, "Bow Tie": {"Onyx Black": 4.22, "Black": 12.804, "just": 2.839}, "Eternal Candle": {"Onyx Black": 5.2219999999999995, "Black": 11.017999999999999, "just": 2.8645}, "Jelly Bunny": {"Onyx Black": 4.65, "Black": 9.649999999999999, "just": 2.8049999999999997}, "Bunny Muffin": {"Onyx Black": 5.4719999999999995, "Black": 13.204, "just": 2.839}, "Spy Agaric": {"Onyx Black": 4.714, "Black": 10.314, "just": 2.7115}, "Evil Eye": {"Onyx Black": 6.1419999999999995, "Black": 12.902, "just": 3.0345}, "Snow Mittens": {"Onyx Black": 4.88, "Black": 7.279999999999999, "just": 3.23}, "Berry Box": {"Onyx Black": 5.13, "Black": 11.526, "just": 3.0174999999999996}, "Valentine Box": {"Onyx Black": 7.938000000000001, "Black": 12.414000000000001, "just": 3.5955000000000004}, "Sakura Flower": {"Onyx Black": 6.692, "Black": 13.808, "just": 4.097}, "Hanging Star": {"Onyx Black": 8.578, "Black": 14.302, "just": 4.3945}, "Sleigh Bell": {"Onyx Black": 10.61, "Black": 18.53, "just": 6.4174999999999995}, "Love Candle": {"Onyx Black": 9.709999999999999, "Black": 15.909999999999998, "just": 6.672499999999999}, "Skull Flower": {"Onyx Black": 10.22, "Black": 18.22, "just": 6.545}, "Crystal Ball": {"Onyx Black": 11.96, "Black": 29.560000000000002, "just": 6.46}, "Trapped Heart": {"Onyx Black": 11.65, "Black": 19.646, "just": 7.4375}, "Top Hat": {"Onyx Black": 12.094000000000001, "Black": 25.546, "just": 6.3665}, "Love Potion": {"Onyx Black": 10.87, "Black": 22.073999999999998, "just": 7.471499999999999}, "Flying Broom": {"Onyx Black": 10.9, "Black": 20.06, "just": 8.075}, "Cupid Charm": {"Onyx Black": 17.4, "Black": 34.6, "just": 9.35}, "Record Player": {"Onyx Black": 11.15, "Black": 20.786, "just": 6.8425}, "Eternal Rose": {"Onyx Black": 18.134, "Black": 31.734, "just": 10.9565}, "Mad Pumpkin": {"Onyx Black": 26.42, "Black": 39.22, "just": 15.895}, "Voodoo Doll": {"Onyx Black": 23.516, "Black": 58.13999999999999, "just": 14.364999999999998}, "Diamond Ring": {"Onyx Black": 22.688000000000002, "Black": 39.488, "just": 14.008}, "Toy Bear": {"Onyx Black": 25.732, "Black": 49.38, "just": 17.255}, "Vintage Cigar": {"Onyx Black": 38.394, "Black": 56.394000000000005, "just": 20.391499999999997}, "Neko Helmet": {"Onyx Black": 38.434, "Black": 64.43, "just": 23.2815}, "Low Rider": {"Onyx Black": 34.134, "Black": 86.57400000000001, "just": 20.6465}, "Signet Ring": {"Onyx Black": 36.214, "Black": 77.414, "just": 21.8365}, "Electric Skull": {"Onyx Black": 39.42, "Black": 67.896, "just": 25.925}, "Kissed Frog": {"Onyx Black": 45.548, "Black": 81.588,