{"Snoop Dogg": {"King Snoop": 5.0905000000000005, "Goldizzle": 6.7655, "Doggfather": 3.0105000000000004, "Cold Topaz": 2.0065, "Chrome": 2.3259999999999996, "King Ruby": 1.826, "Doberman": 3.7705000000000006, "Green Light": 1.826, "Black Diamond": 2.168, "Sapphire": 1.9970000000000003, "AI Dogg": 3.001, "Onyx Black": 2.876666666666667, "Black": 9.991538461538461, "just": 1.3855}, "Swag Bag": {"Boiling Hot": 2.116, "Darkness": 2.0240000000000005, "Happy Herbs": 2.8520000000000003, "Bulk Order": 2.0240000000000005, "Leopard": 1.9320000000000002, "Cashback": 2.8520000000000003, "Gin & Jewels": 2.3920000000000003, "Snoop Life": 2.208, "Take It Easy": 2.116, "P.I.M.P.": 2.0240000000000005, "April 20th": 2.8520000000000003, "Missionary": 6.44, "Onyx Black": 2.79, "Black": 6.915, "just": 1.564}, "Snoop Cigar": {"Onyx Black": 8.195, "Black": 18.744999999999997, "just": 3.8165}, "Lol Pop": {"Heart Pop": 1.3650000000000002, "Glowstick": 2.015, "Watermelon": 1.4300000000000002, "Angelina": 2.015, "Pumpkin": 1.4949999999999999, "Fire Vortex": 1.4300000000000002, "Comic Crunch": 1.3650000000000002, "Sailor Moon": 1.4300000000000002, "Hexed Helix": 1.4300000000000002, "Jinxed": 1.4300000000000002, "Nostalgia": 1.3650000000000002, "Icicle": 1.4300000000000002, "Jolly Roger": 1.625, "Milky Way": 1.4300000000000002, "Dark Sky": 1.4949999999999999, "Celestia": 2.015, "Pink Foil": 1.3650000000000002, "Blood Sucker": 1.4949999999999999, "Love Bubbles": 1.625, "Doodle Art": 1.56, "Rosebud": 1.4949999999999999, "Sweetheart": 1.4949999999999999, "Dark Portal": 1.56, "Satellite": 1.625, "Einstein": 1.3650000000000002, "Cookie Dip": 1.4300000000000002, "Cobweb": 1.3650000000000002, "Sick Leave": 1.3650000000000002, "Mortal Sin": 3.6399999999999997, "Blood Ember": 1.6900000000000002, "Soap Bubbles": 1.3650000000000002, "Andromeda": 1.4949999999999999, "Onyx Black": 1.7999999999999998, "Black": 5.15, "just": 1.105}, "B-Day Candle": {"Pixel Wish": 1.8445, "Final Boss": 1.8445, "Payday": 2.38, "On Fire": 2.38, "Happy Meows": 2.38, "Shocker": 1.8445, "Kaboom!": 1.8445, "Purr Magic": 2.38, "Onyx Black": 1.605, "Black": 4.195, "just": 1.0114999999999998}, "Desk Calendar": {"Durov Day": 2.46, "Sunday": 2.46, "Balloon Face": 1.599, "Independence": 3.444, "Pepe Plans": 4.305, "Fawkes Night": 3.444, "Hodler": 3.444, "Telegram": 1.9065, "Heartbreak": 1.4144999999999999, "Peach Week": 1.6605, "Investor": 4.305, "Adult Tasks": 4.305, "Deadline": 2.46, "Burning Time": 1.9065, "Fund Manager": 1.9065, "Tic Tac Toe": 1.9065, "Checklist": 1.9065, "Onyx Black": 1.76, "Black": 4.654999999999999, "just": 1.0454999999999999}, "Lunar Snake": {"Soul Eater": 2.015, "Dragon Ball": 4.55, "Hellspawn": 2.015, "Psychedelic": 2.015, "Timelock": 1.6900000000000002, "Python Dev": 2.015, "Synthwave": 3.6399999999999997, "Hot Cherry": 2.015, "Onyx Black": 1.995, "Black": 4.75, "just": 1.105}, "Xmas Stocking": {"Onyx Black": 1.9000000000000001, "Black": 4.675000000000001, "just": 1.1475}, "Snake Box": {"Onyx Black": 1.9700000000000002, "Black": 4.77, "just": 1.139}, "Pet Snake": {"Onyx Black": 2.2199999999999998, "Black": 4.824999999999999, "just": 1.4024999999999999}, "Candy Cane": {"Grinch": 3.24, "Hex Pot": 2.511, "Sticky Sweet": 2.511, "Designer": 5.67, "Onyx Black": 2.305, "Black": 6.159999999999999, "just": 1.377}, "Whip Cupcake": {"Sponge Duck": 2.74, "Toncoin": 2.74, "Resistance": 4.795, "Deep State": 2.1235000000000004, "Bitcoin": 4.795, "Onyx Black": 2.035, "Black": 5.17, "just": 1.1645}, "Big Year": {"YouTubes": 2.7435, "Qing Dynasty": 2.7435, "The Nether": 2.301, "Creator": 2.301, "Balloons": 1.8585, "Gold Mine": 4.9559999999999995, "Bitcoin": 4.9559999999999995, "The Hobbit": 3.54, "First Website": 2.2125, "Telegram": 4.9559999999999995, "Game Boy": 2.301, "Pavel Durov": 3.54, "Cheshire Cat": 2.301, "Pokeball": 2.7435, "Big Brother": 2.7435, "Onyx Black": 2.755, "Black": 7.835000000000001, "just": 1.5045}, "Homemade Cake": {"Onyx Black": 1.915, "Black": 4.869999999999999, "just": 1.309}, "Cookie Heart": {"Onyx Black": 2.4, "Black": 6.790000000000001, "just": 1.4449999999999998}, "Jester Hat": {"Onyx Black": 2.805, "Black": 6.31, "just": 1.377}, "Holiday Drink": {"Onyx Black": 2.32, "Black": 5.7299999999999995, "just": 1.496}, "Ginger Cookie": {"Onyx Black": 2.8, "Black": 6.355, "just": 1.5385}, "Hypno Lollipop": {"Onyx Black": 2.745, "Black": 6.895, "just": 1.6064999999999998}, "Winter Wreath": {"Onyx Black": 2.3449999999999998, "Black": 8.795000000000002, "just": 1.5215}, "Party Sparkler": {"Onyx Black": 2.45, "Black": 6.449999999999999, "just": 1.615}, "Jingle Bells": {"Onyx Black": 2.54, "Black": 5.39, "just": 1.513}, "Tama Gadget": {"Onyx Black": 2.62, "Black": 6.13, "just": 1.496}, "Jack-in-the-Box": {"Onyx Black": 2.6950000000000003, "Black": 7.754999999999999, "just": 1.751}, "Star Notepad": {"Onyx Black": 3.225, "Black": 9.2, "just": 1.7}, "Easter Egg": {"Onyx Black": 3.6450000000000005, "Black": 10.845, "just": 2.0315}, "Santa Hat": {"Onyx Black": 3.4400000000000004, "Black": 9.74, "just": 2.108}, "Hex Pot": {"Onyx Black": 3.825, "Black": 7.95, "just": 2.0825}, "Restless Jar": {"Onyx Black": 3.8, "Black": 7.8999999999999995, "just": 1.9549999999999998}, "Lush Bouquet": {"Onyx Black": 3.4000000000000004, "Black": 8.55, "just": 2.21}, "Spiced Wine": {"Onyx Black": 3.2199999999999998, "Black": 7.495, "just": 1.6915}, "Snow Globe": {"Onyx Black": 4.0200000000000005, "Black": 9.095, "just": 2.0315}, "Joyful Bundle": {"Onyx Black": 3.65, "Black": 8.475000000000001, "just": 2.1675}, "Light Sword": {"Onyx Black": 4.1, "Black": 11.399999999999999, "just": 2.38}, "Witch Hat": {"Onyx Black": 3.975, "Black": 10.15, "just": 2.3375}, "Bow Tie": {"Onyx Black": 4.76, "Black": 14.76, "just": 2.6944999999999997}, "Eternal Candle": {"Onyx Black": 5.199999999999999, "Black": 10.194999999999999, "just": 2.465}, "Jelly Bunny": {"Onyx Black": 4.63, "Black": 10.125, "just": 2.771}, "Bunny Muffin": {"Onyx Black": 4.575, "Black": 10.125, "just": 2.8475}, "Spy Agaric": {"Onyx Black": 5.355, "Black": 11.459999999999999, "just": 2.4819999999999998}, "Evil Eye": {"Onyx Black": 5.74, "Black": 14.194999999999999, "just": 2.9665}, "Snow Mittens": {"Onyx Black": 4.9799999999999995, "Black": 8.785, "just": 2.6094999999999997}, "Berry Box": {"Onyx Black": 4.68, "Black": 14.190000000000001, "just": 2.8729999999999998}, "Valentine Box": {"Onyx Black": 5.92, "Black": 10.935, "just": 3.3065}, "Sakura Flower": {"Onyx Black": 5.640000000000001, "Black": 17.994999999999997, "just": 3.3915}, "Hanging Star": {"Onyx Black": 7.55, "Black": 16.25, "just": 3.8249999999999997}, "Sleigh Bell": {"Onyx Black": 9.870000000000001, "Black": 17.865000000000002, "just": 4.8790000000000004}, "Love Candle": {"Onyx Black": 7.800000000000001, "Black": 15.350000000000001, "just": 5.27}, "Skull Flower": {"Onyx Black": 8.54, "Black": 19.395, "just": 4.9215}, "Crystal Ball": {"Onyx Black": 10.23, "Black": 30.744999999999997, "just": 5.5165}, "Trapped Heart": {"Onyx Black": 10.42, "Black": 22.92, "just": 6.664}, "Top Hat": {"Onyx Black": 16.295, "Black": 26.145, "just": 6.451499999999999}, "Love Potion": {"Onyx Black": 10.190000000000001, "Black": 26.54, "just": 6.867999999999999}, "Flying Broom": {"Onyx Black": 10.620000000000001, "Black": 21.619999999999997, "just": 7.004}, "Cupid Charm": {"Onyx Black": 16.490000000000002, "Black": 33.489999999999995, "just": 8.483}, "Record Player": {"Onyx Black": 10.085, "Black": 24.085, "just": 6.9445}, "Eternal Rose": {"Onyx Black": 19.15, "Black": 35.650000000000006, "just": 11.305}, "Mad Pumpkin": {"Onyx Black": 18.585, "Black": 39.585, "just": 12.0445}, "Voodoo Doll": {"Onyx Black": 20.445, "Black": 40.445, "just": 12.6565}, "Diamond Ring": {"Onyx Black": 20.07, "Black": 43.57, "just": 12.869}, "Toy Bear": {"Onyx Black": 22.195, "Black": 51.19, "just": 14.7815}, "Vintage Cigar": {"Onyx Black": 43.400000000000006, "Black": 62.400000000000006, "just": 18.53}, "Neko Helmet": {"Onyx Black": 41.894999999999996,