{"Snoop Dogg": {"Black Gold": 1.8780000000000001, "Chrome": 2.4810000000000003, "AI Dogg": 2.6565, "Black Diamond": 2.1155, "Doberman": 3.763, "Cold Topaz": 1.9634999999999998, "Sapphire": 2.0585, "Goldizzle": 7.5915, "Doggfather": 3.2405, "King Snoop": 5.824, "Onyx Black": 3.726666666666667, "Black": 10.246153846153845, "just": 1.53}, "Swag Bag": {"Boiling Hot": 2.574, "Gin & Jewels": 2.376, "Happy Herbs": 3.069, "April 20th": 3.069, "Aviators": 2.079, "Take It Easy": 2.574, "Cashback": 3.069, "Golden Nugs": 2.079, "Missionary": 8.44, "Darkness": 2.079, "Bulk Order": 2.178, "Snoop Life": 2.475, "Onyx Black": 3.74, "Black": 7.140000000000001, "just": 1.683}, "Snoop Cigar": {"Onyx Black": 8.415, "Black": 19.945, "just": 4.165}, "Lol Pop": {"Sweetheart": 1.74, "Love Bubbles": 1.595, "Andromeda": 1.9575, "Fire Vortex": 1.595, "Einstein": 1.6965, "Glowstick": 1.9575, "Heart Pop": 1.595, "Dark Sky": 1.595, "Comic Crunch": 1.5225, "Cobweb": 1.595, "Plastic Ice": 1.5225, "Jinxed": 1.6965, "Angelina": 2.2475, "Sick Leave": 1.5225, "Celestia": 1.9575, "Rosebud": 1.74, "Mortal Sin": 2.9, "Blood Sucker": 1.74, "Pumpkin": 1.9575, "Hexed Helix": 1.595, "Dark Portal": 1.74, "Jolly Roger": 1.6674999999999998, "Satellite": 1.6674999999999998, "Icicle": 1.5225, "Doodle Art": 1.595, "Crystalline": 1.5225, "Watermelon": 1.5225, "Blood Ember": 1.595, "Gold Star": 1.5225, "Shock Wave": 1.5225, "Onyx Black": 1.915, "Black": 4.949999999999999, "just": 1.2325}, "B-Day Candle": {"Payday": 2.0770000000000004, "Final Boss": 2.0770000000000004, "Pixel Wish": 2.0770000000000004, "Kaboom!": 2.0770000000000004, "Happy Meows": 2.0770000000000004, "On Fire": 2.0770000000000004, "Purr Magic": 2.0770000000000004, "Onyx Black": 1.745, "Black": 4.89, "just": 1.139}, "Desk Calendar": {"Adult Tasks": 25.604999999999997, "Balloon Face": 1.675, "Telegram": 2.68, "Fawkes Night": 5.615, "Investor": 9.17, "Sunday": 2.0770000000000004, "Durov Day": 6.57, "Deadline": 2.0770000000000004, "Tic Tac Toe": 1.675, "Checklist": 1.8090000000000002, "Independence": 2.0770000000000004, "Pepe Plans": 13.92, "Hodler": 4.69, "Burning Time": 2.0770000000000004, "Fund Manager": 2.0770000000000004, "Heartbreak": 1.5678, "Peach Week": 2.0770000000000004, "Onyx Black": 1.745, "Black": 4.99, "just": 1.139}, "Lunar Snake": {"Python Dev": 2.263, "Synthwave": 5.109999999999999, "Timelock": 2.263, "Hot Cherry": 1.971, "Soul Eater": 2.263, "Dragon Ball": 5.109999999999999, "Psychedelic": 1.825, "Hellspawn": 1.971, "Onyx Black": 2.83, "Black": 5.43, "just": 1.2409999999999999}, "Xmas Stocking": {"Onyx Black": 2.075, "Black": 5.7250000000000005, "just": 1.2325}, "Snake Box": {"Onyx Black": 2.165, "Black": 6.015, "just": 1.309}, "Pet Snake": {"Onyx Black": 2.475, "Black": 5.9, "just": 1.5725}, "Candy Cane": {"Designer": 5.495, "Sticky Sweet": 1.9625000000000001, "Hex Pot": 4.396, "Grinch": 3.14, "Onyx Black": 2.1350000000000002, "Black": 5.79, "just": 1.3345}, "Whip Cupcake": {"Bitcoin": 10.264999999999999, "Resistance": 5.355, "Sponge Duck": 2.3715, "Toncoin": 2.3715, "Deep State": 2.0655, "Onyx Black": 2.19, "Black": 5.425, "just": 1.3005}, "Big Year": {"The Nether": 2.538, "Qing Dynasty": 2.9139999999999997, "Balloons": 1.974, "Pavel Durov": 9.39, "First Website": 2.538, "Bitcoin": 5.263999999999999, "Telegram": 5.263999999999999, "Gold Mine": 6.58, "Big Brother": 2.9139999999999997, "Game Boy": 2.068, "The Hobbit": 3.76, "Cheshire Cat": 2.9139999999999997, "Creator": 2.9139999999999997, "Pokeball": 2.538, "YouTubes": 3.76, "Onyx Black": 3.535, "Black": 8.940000000000001, "just": 1.5979999999999999}, "Homemade Cake": {"Onyx Black": 2.2199999999999998, "Black": 5.57, "just": 1.5725}, "Cookie Heart": {"Onyx Black": 2.65, "Black": 6.504999999999999, "just": 1.615}, "Jester Hat": {"Onyx Black": 2.495, "Black": 6.56, "just": 1.5215}, "Holiday Drink": {"Onyx Black": 2.67, "Black": 6.299999999999999, "just": 1.615}, "Ginger Cookie": {"Onyx Black": 3.625, "Black": 7.220000000000001, "just": 1.6575}, "Hypno Lollipop": {"Onyx Black": 3.3150000000000004, "Black": 7.34, "just": 1.683}, "Winter Wreath": {"Moon Cat": 90.96000000000001, "Onyx Black": 2.86, "Black": 7.91, "just": 1.632}, "Party Sparkler": {"Onyx Black": 2.91, "Black": 6.69, "just": 1.632}, "Jingle Bells": {"Onyx Black": 2.865, "Black": 6.755000000000001, "just": 1.7254999999999998}, "Tama Gadget": {"Onyx Black": 3.41, "Black": 6.74, "just": 1.7}, "Jack-in-the-Box": {"Onyx Black": 3.0949999999999998, "Black": 6.845000000000001, "just": 1.8615}, "Star Notepad": {"Onyx Black": 3.575, "Black": 9.145, "just": 1.9465}, "Easter Egg": {"Onyx Black": 3.77, "Black": 10.855, "just": 2.38}, "Santa Hat": {"Onyx Black": 3.77, "Black": 9.23, "just": 2.3375}, "Hex Pot": {"Onyx Black": 3.96, "Black": 9.32, "just": 2.3120000000000003}, "Restless Jar": {"Onyx Black": 3.69, "Black": 8.555, "just": 2.2355}, "Lush Bouquet": {"Onyx Black": 4.715, "Black": 8.225000000000001, "just": 2.5925}, "Spiced Wine": {"Onyx Black": 3.004, "Black": 6.92, "just": 2.159}, "Snow Globe": {"Onyx Black": 7.484999999999999, "Black": 10.084999999999999, "just": 2.5245}, "Joyful Bundle": {"Onyx Black": 4.915, "Black": 9.39, "just": 2.4055}, "Light Sword": {"Onyx Black": 4.834, "Black": 10.25, "just": 2.6264999999999996}, "Witch Hat": {"Onyx Black": 4.654999999999999, "Black": 12.005, "just": 2.5584999999999996}, "Bow Tie": {"Onyx Black": 5.908, "Black": 12.3, "just": 2.703}, "Eternal Candle": {"Onyx Black": 5.41, "Black": 11.001999999999999, "just": 3.1365}, "Jelly Bunny": {"Onyx Black": 4.84, "Black": 11.399999999999999, "just": 2.8049999999999997}, "Bunny Muffin": {"Onyx Black": 6.7940000000000005, "Black": 16.794, "just": 3.5615}, "Spy Agaric": {"Onyx Black": 6.902, "Black": 10.446000000000002, "just": 2.9835}, "Evil Eye": {"Onyx Black": 7.118, "Black": 14.322, "just": 3.2895}, "Snow Mittens": {"Onyx Black": 5.981999999999999, "Black": 8.682, "just": 3.3745000000000003}, "Berry Box": {"Onyx Black": 4.7540000000000004, "Black": 10.530000000000001, "just": 3.2215}, "Valentine Box": {"Onyx Black": 6.966, "Black": 12.566, "just": 3.9185000000000003}, "Sakura Flower": {"Onyx Black": 6.962, "Black": 16.358, "just": 4.4795}, "Hanging Star": {"Onyx Black": 9.182, "Black": 15.43, "just": 5.1425}, "Sleigh Bell": {"Onyx Black": 10.774000000000001, "Black": 23.974, "just": 6.1964999999999995}, "Love Candle": {"Onyx Black": 10.362, "Black": 15.722000000000001, "just": 7.539499999999999}, "Skull Flower": {"Onyx Black": 11.054, "Black": 18.374, "just": 6.8765}, "Crystal Ball": {"Onyx Black": 12.282, "Black": 27.102000000000004, "just": 6.6895}, "Trapped Heart": {"Onyx Black": 11.54, "Black": 20.740000000000002, "just": 6.715}, "Top Hat": {"Onyx Black": 14.182, "Black": 26.274, "just": 6.6215}, "Love Potion": {"Onyx Black": 12.596, "Black": 23.96, "just": 8.449}, "Flying Broom": {"Onyx Black": 11.58, "Black": 27.180000000000003, "just": 7.905}, "Cupid Charm": {"Onyx Black": 18.082, "Black": 32.882, "just": 9.749500000000001}, "Record Player": {"Onyx Black": 10.434, "Black": 20.434, "just": 6.281499999999999}, "Eternal Rose": {"Onyx Black": 18.354, "Black": 35.594, "just": 11.8915}, "Mad Pumpkin": {"Onyx Black": 23.762, "Black": 40.162000000000006, "just": 15.529499999999999}, "Voodoo Doll": {"Onyx Black": 24.344, "Black": 47.944, "just": 14.653999999999998}, "Diamond Ring": {"Onyx Black": 20.364, "Black": 41.564, "just": 13.549}, "Toy Bear": {"Onyx Black": 30.866, "Black": 46.87, "just": 19.932499999999997}, "Vintage Cigar": {"Onyx Black": 36.019999999999996, "Black": 57.8, "just": 19.55}, "Neko Helmet": {"Onyx Black": 37.19, "Black": 64.59, "just": 23.502499999999998}, "Low Rider": {"Onyx Black": 33.814, "Black": 76.614, "just": 21.8365}, "Signet Ring": {"Onyx Black": 37.0, "Black": 74.2, "just": 22.95}, "Electric Skull": {"Onyx Black": 42.39, "Black": 75.194, "just": 27.191499999999998}, "Kissed Frog": {"Onyx Black": 43.866, "Black": 78.514, "just": 26.5115}, "Swiss Watch": {"Onyx Black": 47.528, "Black": 75.528,