{"Snoop Dogg": {"Black Diamond": 2.1775, "Chrome": 2.5065, "AI Dogg": 3.025, "Emerald": 2.016, "Goldizzle": 7.905499999999999, "Cold Topaz": 1.9495000000000005, "Doberman": 3.5805000000000002, "King Snoop": 5.0525, "Sapphire": 2.111, "Doggfather": 2.9205, "Onyx Black": 3.59, "Black": 10.67, "just": 1.5045}, "Swag Bag": {"Boiling Hot": 2.34, "Gin & Jewels": 2.535, "Darkness": 2.34, "Take It Easy": 2.2815, "Missionary": 6.825, "Leopard": 2.0475, "Happy Herbs": 3.0225, "April 20th": 3.0225, "Bulk Order": 2.4375, "Cashback": 3.0225, "P.I.M.P.": 2.145, "Snoop Life": 2.535, "Onyx Black": 3.2249999999999996, "Black": 7.675000000000001, "just": 1.6575}, "Snoop Cigar": {"Onyx Black": 7.66, "Black": 17.275000000000002, "just": 4.0715}, "Lol Pop": {"Fire Vortex": 1.5225, "Jolly Roger": 1.74, "Comic Crunch": 1.5225, "Angelina": 2.2475, "Plastic Ice": 1.595, "Andromeda": 1.9575, "Cobweb": 1.595, "Milky Way": 1.595, "Blue Goo": 1.5225, "Blood Sucker": 1.74, "Heart Pop": 1.8125, "Doodle Art": 1.5225, "Glowstick": 2.2475, "Crystalline": 1.595, "Sweetheart": 1.885, "Dark Portal": 1.5225, "Love Bubbles": 1.8125, "Sick Leave": 1.5225, "Magic Wand": 1.595, "Pumpkin": 1.595, "Blood Ember": 1.595, "Jinxed": 1.595, "Rosebud": 1.74, "Hexed Helix": 1.8125, "Celestia": 2.2475, "Sailor Moon": 1.595, "Einstein": 1.595, "Mortal Sin": 2.9, "Watermelon": 1.5225, "Dark Sky": 1.6674999999999998, "Satellite": 1.74, "Onyx Black": 2.025, "Black": 5.34, "just": 1.2325}, "B-Day Candle": {"Happy Meows": 2.0770000000000004, "Purr Magic": 2.0770000000000004, "On Fire": 2.0770000000000004, "Payday": 2.0770000000000004, "Final Boss": 2.0770000000000004, "Pixel Wish": 2.0770000000000004, "Kaboom!": 1.8090000000000002, "Onyx Black": 1.67, "Black": 5.365, "just": 1.139}, "Desk Calendar": {"Peach Week": 2.0925000000000002, "Pepe Plans": 10.659999999999998, "Hodler": 4.7250000000000005, "Heartbreak": 1.4850000000000003, "Balloon Face": 1.8225000000000002, "Burning Time": 2.0925000000000002, "Tic Tac Toe": 1.8225000000000002, "Checklist": 2.0925000000000002, "Investor": 5.67, "Telegram": 2.0925000000000002, "Fawkes Night": 3.78, "Independence": 2.7, "Deadline": 2.0925000000000002, "Durov Day": 2.0925000000000002, "Fund Manager": 2.0925000000000002, "Sunday": 2.0925000000000002, "Adult Tasks": 23.615000000000002, "Onyx Black": 1.7, "Black": 5.620000000000001, "just": 1.1475}, "Lunar Snake": {"Psychedelic": 1.9125, "Python Dev": 2.3715, "Soul Eater": 2.3715, "Hot Cherry": 2.0655, "Dragon Ball": 5.355, "Hellspawn": 2.0655, "Synthwave": 5.355, "Timelock": 1.989, "Onyx Black": 2.215, "Black": 5.665000000000001, "just": 1.3005}, "Xmas Stocking": {"Onyx Black": 2.17, "Black": 5.74, "just": 1.2665}, "Snake Box": {"Onyx Black": 2.125, "Black": 5.999999999999999, "just": 1.2495}, "Pet Snake": {"Onyx Black": 2.445, "Black": 5.79, "just": 1.428}, "Candy Cane": {"Grinch": 3.14, "Designer": 4.396, "Sticky Sweet": 2.4335, "Hex Pot": 2.4335, "Onyx Black": 2.235, "Black": 5.96, "just": 1.3345}, "Whip Cupcake": {"Deep State": 2.3560000000000003, "Resistance": 5.32, "Sponge Duck": 3.04, "Bitcoin": 9.485, "Toncoin": 2.3560000000000003, "Onyx Black": 2.16, "Black": 5.710000000000001, "just": 1.292}, "Big Year": {"Big Brother": 2.8350000000000004, "Game Boy": 2.205, "Gold Mine": 5.88, "First Website": 2.625, "Pavel Durov": 4.2, "YouTubes": 4.2, "Qing Dynasty": 3.2550000000000003, "Creator": 2.8350000000000004, "The Hobbit": 3.2550000000000003, "Telegram": 4.2, "Pokeball": 2.7300000000000004, "Cheshire Cat": 2.415, "Bitcoin": 4.2, "The Nether": 3.2550000000000003, "Onyx Black": 3.675, "Black": 8.645, "just": 1.785}, "Homemade Cake": {"Onyx Black": 2.39, "Black": 5.640000000000001, "just": 1.5215}, "Cookie Heart": {"Onyx Black": 2.665, "Black": 6.99, "just": 1.5725}, "Jester Hat": {"Onyx Black": 2.8200000000000003, "Black": 6.529999999999999, "just": 1.4705}, "Holiday Drink": {"Onyx Black": 2.68, "Black": 5.8950000000000005, "just": 1.6235}, "Ginger Cookie": {"Onyx Black": 3.815, "Black": 6.515, "just": 1.768}, "Hypno Lollipop": {"Onyx Black": 2.79, "Black": 6.5, "just": 1.768}, "Winter Wreath": {"Moon Cat": 108.465, "Onyx Black": 2.81, "Black": 8.665000000000001, "just": 1.6404999999999998}, "Party Sparkler": {"Onyx Black": 4.46, "Black": 7.955, "just": 1.632}, "Jingle Bells": {"Onyx Black": 2.885, "Black": 6.04, "just": 1.768}, "Tama Gadget": {"Onyx Black": 3.4749999999999996, "Black": 7.029999999999999, "just": 1.7594999999999998}, "Jack-in-the-Box": {"Onyx Black": 3.0999999999999996, "Black": 7.59, "just": 1.8615}, "Star Notepad": {"Onyx Black": 3.645, "Black": 9.895, "just": 1.9465}, "Easter Egg": {"Onyx Black": 3.785, "Black": 11.035, "just": 2.3545}, "Santa Hat": {"Onyx Black": 3.37, "Black": 8.39, "just": 2.3375}, "Hex Pot": {"Onyx Black": 3.995, "Black": 10.1, "just": 2.3205}, "Restless Jar": {"Onyx Black": 3.75, "Black": 10.7, "just": 2.125}, "Lush Bouquet": {"Onyx Black": 4.27, "Black": 7.92, "just": 2.4139999999999997}, "Spiced Wine": {"Onyx Black": 3.0, "Black": 6.86, "just": 1.9889999999999999}, "Snow Globe": {"Onyx Black": 4.175, "Black": 12.799999999999999, "just": 2.21}, "Joyful Bundle": {"Onyx Black": 3.915, "Black": 7.74, "just": 2.4055}, "Light Sword": {"Onyx Black": 4.59, "Black": 10.67, "just": 2.7115}, "Witch Hat": {"Onyx Black": 4.525, "Black": 11.96, "just": 2.975}, "Bow Tie": {"Onyx Black": 4.912000000000001, "Black": 12.612000000000002, "just": 2.72}, "Eternal Candle": {"Onyx Black": 5.338, "Black": 11.742, "just": 3.0345}, "Jelly Bunny": {"Onyx Black": 4.72, "Black": 11.415000000000001, "just": 2.924}, "Bunny Muffin": {"Onyx Black": 5.064, "Black": 11.468, "just": 3.2129999999999996}, "Spy Agaric": {"Onyx Black": 4.522, "Black": 10.354000000000001, "just": 2.7795}, "Evil Eye": {"Onyx Black": 5.82, "Black": 13.0, "just": 3.145}, "Snow Mittens": {"Onyx Black": 5.45, "Black": 8.006, "just": 3.1875}, "Berry Box": {"Onyx Black": 5.634, "Black": 11.594000000000001, "just": 3.2215}, "Valentine Box": {"Onyx Black": 8.25, "Black": 12.709999999999999, "just": 4.0375}, "Sakura Flower": {"Onyx Black": 6.88, "Black": 15.280000000000001, "just": 4.08}, "Hanging Star": {"Onyx Black": 8.878, "Black": 15.394, "just": 4.8195}, "Sleigh Bell": {"Onyx Black": 10.748000000000001, "Black": 20.328, "just": 6.6979999999999995}, "Love Candle": {"Onyx Black": 11.010000000000002, "Black": 20.490000000000002, "just": 6.9275}, "Skull Flower": {"Onyx Black": 10.686, "Black": 19.046, "just": 7.1485}, "Crystal Ball": {"Onyx Black": 11.474, "Black": 28.274, "just": 6.6215}, "Trapped Heart": {"Onyx Black": 12.59, "Black": 18.061999999999998, "just": 7.692500000000001}, "Top Hat": {"Onyx Black": 12.138, "Black": 23.378, "just": 6.4855}, "Love Potion": {"Onyx Black": 10.87, "Black": 22.073999999999998, "just": 7.471499999999999}, "Flying Broom": {"Onyx Black": 10.834, "Black": 18.434, "just": 7.9815000000000005}, "Cupid Charm": {"Onyx Black": 16.78, "Black": 32.38, "just": 9.605}, "Record Player": {"Onyx Black": 10.922, "Black": 20.158, "just": 6.5195}, "Eternal Rose": {"Onyx Black": 17.36, "Black": 33.76, "just": 11.559999999999999}, "Mad Pumpkin": {"Onyx Black": 22.294, "Black": 39.274, "just": 14.2715}, "Voodoo Doll": {"Onyx Black": 21.71, "Black": 47.774, "just": 13.846499999999999}, "Diamond Ring": {"Onyx Black": 22.543999999999997, "Black": 43.744, "just": 13.803999999999998}, "Toy Bear": {"Onyx Black": 24.31, "Black": 46.79, "just": 15.291499999999997}, "Vintage Cigar": {"Onyx Black": 42.20399999999999, "Black": 53.408, "just": 20.128}, "Neko Helmet": {"Onyx Black": 37.6, "Black": 75.6, "just": 22.099999999999998}, "Low Rider": {"Onyx Black": 33.734, "Black": 90.534, "just": 21.1565}, "Signet Ring": {"Onyx Black": 36.988, "Black": 79.388, "just": 22.933}, "Electric Skull": {"Onyx Black": 44.254, "Black": 68.25, "just": 26.4265}, "Kissed Frog": {"Onyx Black": 44.782, "Black": 82.782, "just": 32.274499999999996}, "Swiss Watch": {"Onyx Black": 43.384, "Black": 69.384, "just": 30.294}, "Sharp Tongue": {"Onyx Black": 57.964,