{"Snoop Dogg": {"Sapphire": 2.1490000000000005, "King Snoop": 4.7105, "Black Diamond": 2.1870000000000003, "Black Gold": 2.111, "Chrome": 2.396, "Doggfather": 3.286, "Emerald": 2.1490000000000005, "Cold Topaz": 2.1015, "AI Dogg": 3.2005, "King Ruby": 2.1585, "Doberman": 3.8275, "Goldizzle": 7.620500000000001, "Onyx Black": 3.3966666666666665, "Black": 10.413076923076922, "just": 1.5215}, "Swag Bag": {"Cashback": 3.0535, "Golden Nugs": 2.0685000000000002, "Bulk Order": 2.4625, "Snoop Life": 2.561, "Darkness": 2.2655, "Missionary": 6.895, "Happy Herbs": 3.0535, "Leopard": 2.3049, "Boiling Hot": 2.6595, "April 20th": 3.0535, "P.I.M.P.": 2.0685000000000002, "Gin & Jewels": 2.4625, "Take It Easy": 2.561, "Onyx Black": 3.085, "Black": 7.234999999999999, "just": 1.6744999999999999}, "Snoop Cigar": {"Onyx Black": 7.565, "Black": 19.365000000000002, "just": 4.1055}, "Lol Pop": {"Rosebud": 1.551, "Magic Wand": 1.4805, "Sweetheart": 1.9035, "Doodle Art": 1.6496999999999997, "Einstein": 1.4805, "Andromeda": 1.9035, "Blood Sucker": 1.9035, "Icicle": 1.4805, "Plastic Ice": 1.4805, "Fire Vortex": 1.4805, "Hexed Helix": 1.551, "Heart Pop": 1.4805, "Celestia": 2.1854999999999998, "Blood Ember": 1.551, "Jolly Roger": 1.551, "Dark Portal": 1.692, "Cobweb": 1.551, "Love Bubbles": 1.6214999999999997, "Satellite": 1.692, "Cookie Dip": 1.551, "Glowstick": 2.1854999999999998, "Mortal Sin": 3.9479999999999995, "Dark Sky": 1.7625, "Milky Way": 1.551, "Sick Leave": 1.4805, "Shock Wave": 1.6214999999999997, "Angelina": 2.1854999999999998, "Jinxed": 1.551, "Sailor Moon": 1.4805, "Watermelon": 1.4805, "Portable Pop": 1.4805, "Pumpkin": 1.4805, "Onyx Black": 1.755, "Black": 5.255, "just": 1.1985}, "B-Day Candle": {"Final Boss": 2.0460000000000003, "Pixel Wish": 2.0460000000000003, "Happy Meows": 2.0460000000000003, "Purr Magic": 2.0460000000000003, "Payday": 2.0460000000000003, "On Fire": 2.64, "Kaboom!": 1.7820000000000003, "Onyx Black": 1.705, "Black": 5.3100000000000005, "just": 1.122}, "Desk Calendar": {"Durov Day": 2.78, "Checklist": 2.1545, "Peach Week": 2.1545, "Balloon Face": 2.1545, "Adult Tasks": 24.145, "Sunday": 1.8765, "Hodler": 4.864999999999999, "Telegram": 2.1545, "Tic Tac Toe": 2.1545, "Deadline": 2.1545, "Independence": 2.78, "Heartbreak": 1.4595, "Burning Time": 1.8765, "Investor": 4.864999999999999, "Fund Manager": 2.1545, "Fawkes Night": 2.78, "Pepe Plans": 10.530000000000001, "Onyx Black": 1.6949999999999998, "Black": 5.589999999999999, "just": 1.1815}, "Lunar Snake": {"Synthwave": 5.18, "Dragon Ball": 5.18, "Psychedelic": 1.85, "Timelock": 1.998, "Soul Eater": 2.294, "Hot Cherry": 1.998, "Hellspawn": 2.294, "Python Dev": 2.294, "Onyx Black": 2.04, "Black": 5.975, "just": 1.258}, "Xmas Stocking": {"Onyx Black": 2.6950000000000003, "Black": 5.695, "just": 1.2665}, "Snake Box": {"Onyx Black": 1.9649999999999999, "Black": 6.16, "just": 1.2155}, "Pet Snake": {"Onyx Black": 2.4050000000000002, "Black": 5.865, "just": 1.4705}, "Candy Cane": {"Designer": 8.46, "Grinch": 3.04, "Hex Pot": 3.04, "Sticky Sweet": 3.04, "Onyx Black": 2.3600000000000003, "Black": 5.93, "just": 1.292}, "Whip Cupcake": {"Bitcoin": 9.24, "Sponge Duck": 2.3715, "Deep State": 2.3715, "Toncoin": 2.3715, "Resistance": 5.355, "Onyx Black": 2.24, "Black": 5.7, "just": 1.3005}, "Big Year": {"Pavel Durov": 5.88, "Cheshire Cat": 2.415, "Bitcoin": 5.88, "The Hobbit": 3.2550000000000003, "Gold Mine": 7.3500000000000005, "Pokeball": 2.7300000000000004, "Game Boy": 2.205, "Big Brother": 2.8350000000000004, "Qing Dynasty": 3.2550000000000003, "Creator": 2.8350000000000004, "The Nether": 2.7300000000000004, "First Website": 2.3100000000000005, "Telegram": 4.2, "YouTubes": 4.2, "Onyx Black": 3.67, "Black": 10.325, "just": 1.785}, "Homemade Cake": {"Onyx Black": 2.395, "Black": 5.3950000000000005, "just": 1.53}, "Cookie Heart": {"Onyx Black": 2.545, "Black": 6.645, "just": 1.6064999999999998}, "Jester Hat": {"Onyx Black": 2.49, "Black": 6.46, "just": 1.4875}, "Holiday Drink": {"Onyx Black": 2.4699999999999998, "Black": 5.965, "just": 1.649}, "Ginger Cookie": {"Onyx Black": 3.82, "Black": 6.545, "just": 1.7764999999999997}, "Hypno Lollipop": {"Onyx Black": 2.775, "Black": 6.4799999999999995, "just": 1.7424999999999997}, "Winter Wreath": {"Moon Cat": 105.47500000000001, "Onyx Black": 2.95, "Black": 8.47, "just": 1.6575}, "Party Sparkler": {"Onyx Black": 3.46, "Black": 6.965, "just": 1.6404999999999998}, "Jingle Bells": {"Onyx Black": 2.83, "Black": 6.734999999999999, "just": 1.7594999999999998}, "Tama Gadget": {"Onyx Black": 3.4400000000000004, "Black": 6.779999999999999, "just": 1.751}, "Jack-in-the-Box": {"Onyx Black": 3.15, "Black": 7.3950000000000005, "just": 1.9465}, "Star Notepad": {"Onyx Black": 4.01, "Black": 11.084999999999999, "just": 1.9295}, "Easter Egg": {"Onyx Black": 3.835, "Black": 11.11, "just": 2.397}, "Santa Hat": {"Onyx Black": 3.4379999999999997, "Black": 8.378, "just": 2.3205}, "Hex Pot": {"Onyx Black": 3.9400000000000004, "Black": 10.145, "just": 2.4565}, "Restless Jar": {"Onyx Black": 3.74, "Black": 10.215, "just": 2.1504999999999996}, "Lush Bouquet": {"Onyx Black": 4.3, "Black": 8.0, "just": 2.55}, "Spiced Wine": {"Onyx Black": 3.0540000000000003, "Black": 6.946000000000001, "just": 2.1165000000000003}, "Snow Globe": {"Onyx Black": 4.495, "Black": 11.370000000000001, "just": 2.3715}, "Joyful Bundle": {"Onyx Black": 3.625, "Black": 7.8950000000000005, "just": 2.38}, "Light Sword": {"Onyx Black": 4.886, "Black": 10.59, "just": 2.6774999999999998}, "Witch Hat": {"Onyx Black": 4.42, "Black": 11.695, "just": 2.8815}, "Bow Tie": {"Onyx Black": 4.91, "Black": 12.605999999999998, "just": 2.7285}, "Eternal Candle": {"Onyx Black": 5.066, "Black": 11.097999999999999, "just": 2.9835}, "Jelly Bunny": {"Onyx Black": 5.125, "Black": 10.725000000000001, "just": 2.9325}, "Bunny Muffin": {"Onyx Black": 4.938, "Black": 14.942, "just": 3.0345}, "Spy Agaric": {"Onyx Black": 5.264, "Black": 10.456, "just": 2.924}, "Evil Eye": {"Onyx Black": 6.359999999999999, "Black": 13.219999999999999, "just": 3.145}, "Snow Mittens": {"Onyx Black": 5.09, "Black": 8.186, "just": 3.1025}, "Berry Box": {"Onyx Black": 5.916, "Black": 11.636000000000001, "just": 3.2809999999999997}, "Valentine Box": {"Onyx Black": 7.220000000000001, "Black": 12.66, "just": 3.995}, "Sakura Flower": {"Onyx Black": 6.734, "Black": 15.334, "just": 4.156499999999999}, "Hanging Star": {"Onyx Black": 8.498000000000001, "Black": 15.370000000000001, "just": 4.7855}, "Sleigh Bell": {"Onyx Black": 10.368, "Black": 18.364, "just": 6.188}, "Love Candle": {"Onyx Black": 11.026, "Black": 20.026, "just": 7.4035}, "Skull Flower": {"Onyx Black": 11.258, "Black": 18.862000000000002, "just": 7.4544999999999995}, "Crystal Ball": {"Onyx Black": 11.918, "Black": 27.922, "just": 6.6895}, "Trapped Heart": {"Onyx Black": 13.323999999999998, "Black": 18.683999999999997, "just": 7.598999999999999}, "Top Hat": {"Onyx Black": 12.394, "Black": 22.594, "just": 6.7915}, "Love Potion": {"Onyx Black": 10.994, "Black": 22.194, "just": 7.6415}, "Flying Broom": {"Onyx Black": 13.452, "Black": 20.012, "just": 8.007}, "Cupid Charm": {"Onyx Black": 16.68, "Black": 32.68000000000001, "just": 10.030000000000001}, "Record Player": {"Onyx Black": 10.67, "Black": 20.71, "just": 6.672499999999999}, "Eternal Rose": {"Onyx Black": 19.89, "Black": 35.89, "just": 11.1775}, "Mad Pumpkin": {"Onyx Black": 22.387999999999998, "Black": 41.384, "just": 14.433}, "Voodoo Doll": {"Onyx Black": 22.343999999999998, "Black": 48.748, "just": 14.092999999999998}, "Diamond Ring": {"Onyx Black": 22.52, "Black": 45.7, "just": 13.77}, "Toy Bear": {"Onyx Black": 26.061999999999998, "Black": 48.346000000000004, "just": 17.7735}, "Vintage Cigar": {"Onyx Black": 38.796, "Black": 55.996, "just": 20.961}, "Neko Helmet": {"Onyx Black": 37.72, "Black": 75.72, "just": 22.27}, "Low Rider": {"Onyx Black": 34.13, "Black": 89.33, "just": 21.7175}, "Signet Ring": {"Onyx Black": 37.0, "Black": 79.8, "just": 22.95},