{"Snoop Dogg": {"Doggfather": 3.0220000000000002, "Chrome": 2.2105, "King Snoop": 4.627, "Doberman": 3.4590000000000005, "King Ruby": 2.0490000000000004, "Emerald": 2.011, "AI Dogg": 2.9365000000000006, "Cold Topaz": 1.9730000000000003, "Sapphire": 2.0300000000000002, "Black Diamond": 2.0015, "Goldizzle": 7.3505, "Black Gold": 2.0015, "Onyx Black": 3.26, "Black": 10.41076923076923, "just": 1.513}, "Swag Bag": {"Golden Nugs": 2.112, "Gin & Jewels": 2.592, "Snoop Life": 2.496, "Take It Easy": 2.496, "Bulk Order": 2.4, "Missionary": 7.96, "April 20th": 2.976, "Happy Herbs": 2.976, "Boiling Hot": 2.592, "Leopard": 2.304, "Cashback": 2.976, "Darkness": 2.2464, "Onyx Black": 3.42, "Black": 7.21, "just": 1.632}, "Snoop Cigar": {"Onyx Black": 7.5600000000000005, "Black": 19.384999999999998, "just": 4.1395}, "Lol Pop": {"Doodle Art": 1.68, "Andromeda": 1.89, "Blood Sucker": 1.8199999999999998, "Cookie Dip": 1.54, "Sailor Moon": 1.47, "Fire Vortex": 1.47, "Love Bubbles": 1.6099999999999999, "Portable Pop": 1.47, "Jinxed": 1.54, "Cobweb": 1.54, "Blue Goo": 1.47, "Blood Ember": 1.54, "Jolly Roger": 1.54, "Heart Pop": 1.54, "Rosebud": 1.54, "Pumpkin": 1.47, "Einstein": 1.47, "Angelina": 2.17, "Hexed Helix": 1.6099999999999999, "Sweetheart": 1.89, "Pink Foil": 1.47, "Glowstick": 2.17, "Shock Wave": 1.6099999999999999, "Dark Sky": 1.75, "Watermelon": 1.47, "Icicle": 1.47, "Celestia": 2.17, "Magic Wand": 1.47, "Milky Way": 1.54, "Mortal Sin": 3.9199999999999995, "Dark Portal": 1.75, "Satellite": 1.68, "Onyx Black": 1.945, "Black": 5.225, "just": 1.19}, "B-Day Candle": {"Payday": 2.0925000000000002, "On Fire": 2.0925000000000002, "Kaboom!": 1.8225000000000002, "Final Boss": 2.0925000000000002, "Happy Meows": 2.7, "Pixel Wish": 2.0925000000000002, "Purr Magic": 2.0925000000000002, "Onyx Black": 1.75, "Black": 5.125, "just": 1.1475}, "Desk Calendar": {"Burning Time": 1.8495000000000004, "Peach Week": 1.8495000000000004, "Fund Manager": 2.1235000000000004, "Investor": 4.795, "Checklist": 2.1235000000000004, "Telegram": 2.1235000000000004, "Sunday": 1.8495000000000004, "Balloon Face": 2.1235000000000004, "Fawkes Night": 2.74, "Durov Day": 2.1235000000000004, "Heartbreak": 1.6029, "Hodler": 4.795, "Tic Tac Toe": 1.8495000000000004, "Adult Tasks": 24.135, "Independence": 2.74, "Deadline": 2.1235000000000004, "Pepe Plans": 15.684999999999999, "Onyx Black": 1.7550000000000001, "Black": 5.369999999999999, "just": 1.1645}, "Lunar Snake": {"Python Dev": 2.325, "Psychedelic": 1.875, "Synthwave": 5.25, "Hot Cherry": 2.0250000000000004, "Hellspawn": 2.325, "Soul Eater": 2.325, "Dragon Ball": 5.25, "Timelock": 1.9500000000000002, "Onyx Black": 2.225, "Black": 5.85, "just": 1.275}, "Xmas Stocking": {"Onyx Black": 2.65, "Black": 5.685, "just": 1.275}, "Snake Box": {"Onyx Black": 2.2, "Black": 6.170000000000001, "just": 1.2325}, "Pet Snake": {"Onyx Black": 2.3, "Black": 5.87, "just": 1.4875}, "Candy Cane": {"Designer": 8.370000000000001, "Sticky Sweet": 3.08, "Hex Pot": 3.08, "Grinch": 3.08, "Onyx Black": 2.3449999999999998, "Black": 5.87, "just": 1.309}, "Whip Cupcake": {"Bitcoin": 9.26, "Sponge Duck": 2.3560000000000003, "Resistance": 5.32, "Deep State": 2.3560000000000003, "Toncoin": 2.3560000000000003, "Onyx Black": 2.2350000000000003, "Black": 5.5600000000000005, "just": 1.292}, "Big Year": {"Pavel Durov": 4.2, "Pokeball": 2.7300000000000004, "The Nether": 2.7300000000000004, "Bitcoin": 5.88, "Qing Dynasty": 3.2550000000000003, "The Hobbit": 3.2550000000000003, "First Website": 2.3100000000000005, "Telegram": 4.2, "Big Brother": 2.8350000000000004, "Creator": 2.8350000000000004, "Cheshire Cat": 2.415, "Gold Mine": 7.3500000000000005, "Game Boy": 2.205, "YouTubes": 4.2, "Onyx Black": 3.67, "Black": 9.915000000000001, "just": 1.785}, "Homemade Cake": {"Onyx Black": 2.42, "Black": 5.359999999999999, "just": 1.5725}, "Cookie Heart": {"Onyx Black": 2.55, "Black": 6.945, "just": 1.615}, "Jester Hat": {"Onyx Black": 2.46, "Black": 6.4750000000000005, "just": 1.513}, "Holiday Drink": {"Onyx Black": 2.46, "Black": 6.445, "just": 1.6915}, "Ginger Cookie": {"Onyx Black": 3.825, "Black": 7.300000000000001, "just": 1.785}, "Hypno Lollipop": {"Onyx Black": 2.815, "Black": 6.5200000000000005, "just": 1.8104999999999998}, "Winter Wreath": {"Moon Cat": 105.49000000000001, "Onyx Black": 2.965, "Black": 7.84, "just": 1.683}, "Party Sparkler": {"Onyx Black": 2.9850000000000003, "Black": 6.984999999999999, "just": 1.6744999999999999}, "Jingle Bells": {"Onyx Black": 2.86, "Black": 6.765, "just": 1.8104999999999998}, "Tama Gadget": {"Onyx Black": 3.2, "Black": 6.550000000000001, "just": 1.785}, "Jack-in-the-Box": {"Onyx Black": 3.125, "Black": 7.37, "just": 1.9040000000000001}, "Star Notepad": {"Onyx Black": 4.005, "Black": 9.48, "just": 1.9209999999999998}, "Easter Egg": {"Onyx Black": 3.8249999999999997, "Black": 11.05, "just": 2.38}, "Santa Hat": {"Onyx Black": 3.504, "Black": 8.444, "just": 2.4139999999999997}, "Hex Pot": {"Onyx Black": 3.8850000000000002, "Black": 10.094999999999999, "just": 2.3715}, "Restless Jar": {"Onyx Black": 3.74, "Black": 10.185, "just": 2.1504999999999996}, "Lush Bouquet": {"Onyx Black": 4.335, "Black": 7.984999999999999, "just": 2.5245}, "Spiced Wine": {"Onyx Black": 2.852, "Black": 6.904, "just": 2.057}, "Snow Globe": {"Onyx Black": 4.4799999999999995, "Black": 10.93, "just": 2.431}, "Joyful Bundle": {"Onyx Black": 3.625, "Black": 7.999999999999999, "just": 2.38}, "Light Sword": {"Onyx Black": 4.856, "Black": 10.459999999999999, "just": 2.635}, "Witch Hat": {"Onyx Black": 4.37, "Black": 11.674999999999999, "just": 2.8475}, "Bow Tie": {"Onyx Black": 4.906000000000001, "Black": 12.594, "just": 2.7115}, "Eternal Candle": {"Onyx Black": 5.054, "Black": 10.893999999999998, "just": 2.9665}, "Jelly Bunny": {"Onyx Black": 5.02, "Black": 10.72, "just": 2.924}, "Bunny Muffin": {"Onyx Black": 4.934, "Black": 14.154, "just": 3.0515}, "Spy Agaric": {"Onyx Black": 5.554, "Black": 10.426, "just": 2.8815}, "Evil Eye": {"Onyx Black": 6.414, "Black": 13.274000000000001, "just": 3.2215}, "Snow Mittens": {"Onyx Black": 5.12, "Black": 8.216000000000001, "just": 3.145}, "Berry Box": {"Onyx Black": 5.933999999999999, "Black": 10.734, "just": 3.3065}, "Valentine Box": {"Onyx Black": 8.274000000000001, "Black": 12.714000000000002, "just": 4.0715}, "Sakura Flower": {"Onyx Black": 6.76, "Black": 15.4, "just": 4.25}, "Hanging Star": {"Onyx Black": 8.084, "Black": 15.280000000000001, "just": 4.658}, "Sleigh Bell": {"Onyx Black": 10.158, "Black": 18.154, "just": 5.890499999999999}, "Love Candle": {"Onyx Black": 10.96, "Black": 19.56, "just": 7.31}, "Skull Flower": {"Onyx Black": 11.27, "Black": 18.874, "just": 7.471499999999999}, "Crystal Ball": {"Onyx Black": 11.870000000000001, "Black": 27.874, "just": 6.6215}, "Trapped Heart": {"Onyx Black": 13.233999999999998, "Black": 18.514, "just": 7.471499999999999}, "Top Hat": {"Onyx Black": 12.394, "Black": 22.594, "just": 6.7915}, "Love Potion": {"Onyx Black": 10.969999999999999, "Black": 23.369999999999997, "just": 7.607499999999999}, "Flying Broom": {"Onyx Black": 12.894, "Black": 20.054, "just": 8.0665}, "Cupid Charm": {"Onyx Black": 16.604, "Black": 31.844, "just": 9.979}, "Record Player": {"Onyx Black": 10.754000000000001, "Black": 20.793999999999997, "just": 6.7915}, "Eternal Rose": {"Onyx Black": 20.172, "Black": 36.152, "just": 11.576999999999998}, "Mad Pumpkin": {"Onyx Black": 22.22, "Black": 41.215999999999994, "just": 14.194999999999999}, "Voodoo Doll": {"Onyx Black": 22.404, "Black": 45.928, "just": 14.177999999999999}, "Diamond Ring": {"Onyx Black": 22.086, "Black": 42.57000000000001, "just": 13.7275}, "Toy Bear": {"Onyx Black": 26.694, "Black": 45.134, "just": 18.6065}, "Vintage Cigar": {"Onyx Black": 38.634, "Black": 54.634, "just": 20.7315}, "Neko Helmet": {"Onyx Black": 37.582, "Black": 75.582, "just": 22.074499999999997}, "Low Rider": {"Onyx Black": 34.294, "Black": 87.534, "just": 22.0065}, "Signet Ring": {"Onyx Black": 36.694,