{"Snoop Dogg": {"King Snoop": 4.616, "Black Diamond": 2.1585, "Goldizzle": 6.780499999999999, "Sapphire": 2.016, "AI Dogg": 3.153, "Doberman": 3.5805000000000002, "King Ruby": 1.9780000000000002, "Doggfather": 3.286, "Chrome": 2.2155, "Onyx Black": 3.3866666666666667, "Black": 10.564615384615383, "just": 1.513}, "Swag Bag": {"Cashback": 2.8830000000000005, "Boiling Hot": 2.511, "Happy Herbs": 2.8830000000000005, "Leopard": 2.0460000000000003, "Gin & Jewels": 2.325, "Darkness": 2.139, "Bulk Order": 2.511, "Snoop Life": 2.511, "April 20th": 2.8830000000000005, "Golden Nugs": 1.9530000000000003, "Missionary": 6.510000000000001, "Take It Easy": 2.418, "Onyx Black": 3.13, "Black": 6.930000000000001, "just": 1.581}, "Snoop Cigar": {"Onyx Black": 7.695, "Black": 17.200000000000003, "just": 3.74}, "Lol Pop": {"Shock Wave": 1.4070000000000003, "Gold Star": 1.541, "Blood Ember": 1.541, "Comic Crunch": 1.4740000000000002, "Nostalgia": 1.4070000000000003, "Pink Foil": 1.4070000000000003, "Einstein": 1.4740000000000002, "Soap Bubbles": 1.4070000000000003, "Portable Pop": 1.4070000000000003, "Hexed Helix": 1.541, "Icicle": 1.4070000000000003, "Satellite": 1.675, "Celestia": 2.0770000000000004, "Dark Sky": 1.541, "Milky Way": 1.4070000000000003, "Andromeda": 1.541, "Sweetheart": 1.541, "Jolly Roger": 1.541, "Pumpkin": 1.541, "Blood Sucker": 1.675, "Love Bubbles": 1.4740000000000002, "Sailor Moon": 1.4740000000000002, "Jinxed": 1.675, "Sick Leave": 1.541, "Angelina": 2.0770000000000004, "Rosebud": 1.541, "Glowstick": 2.0770000000000004, "Cobweb": 1.4740000000000002, "Doodle Art": 1.4740000000000002, "Heart Pop": 1.541, "Mortal Sin": 3.752, "Dark Portal": 2.0770000000000004, "Cookie Dip": 1.4740000000000002, "Watermelon": 1.4070000000000003, "Wonka Berry": 1.4070000000000003, "Onyx Black": 1.92, "Black": 5.39, "just": 1.139}, "B-Day Candle": {"Payday": 1.9685000000000001, "On Fire": 1.9685000000000001, "Happy Meows": 1.9685000000000001, "Kaboom!": 1.7145000000000001, "Pixel Wish": 1.9685000000000001, "Purr Magic": 1.9685000000000001, "Final Boss": 1.9685000000000001, "Onyx Black": 1.685, "Black": 4.885, "just": 1.0795}, "Desk Calendar": {"Telegram": 2.0460000000000003, "Fund Manager": 2.0460000000000003, "Adult Tasks": 25.66, "Durov Day": 2.64, "Tic Tac Toe": 1.7820000000000003, "Checklist": 1.7820000000000003, "Sunday": 2.0460000000000003, "Burning Time": 2.0460000000000003, "Balloon Face": 1.518, "Hodler": 3.6959999999999997, "Deadline": 2.0460000000000003, "Independence": 2.64, "Heartbreak": 1.584, "Peach Week": 2.0460000000000003, "Pepe Plans": 11.375, "Fawkes Night": 4.62, "Investor": 5.36, "Onyx Black": 1.635, "Black": 5.98, "just": 1.122}, "Lunar Snake": {"Timelock": 1.6329999999999998, "Hot Cherry": 1.917, "Soul Eater": 1.917, "Hellspawn": 2.201, "Python Dev": 2.201, "Dragon Ball": 4.97, "Psychedelic": 1.775, "Synthwave": 5.71, "Onyx Black": 2.105, "Black": 5.6049999999999995, "just": 1.2069999999999999}, "Xmas Stocking": {"Onyx Black": 1.995, "Black": 5.425000000000001, "just": 1.1475}, "Snake Box": {"Onyx Black": 2.075, "Black": 5.92, "just": 1.1475}, "Pet Snake": {"Onyx Black": 2.395, "Black": 5.885000000000001, "just": 1.5215}, "Candy Cane": {"Designer": 5.18, "Sticky Sweet": 1.998, "Hex Pot": 2.96, "Grinch": 2.96, "Onyx Black": 2.19, "Black": 6.125, "just": 1.258}, "Whip Cupcake": {"Bitcoin": 10.680000000000001, "Resistance": 5.145, "Sponge Duck": 2.2785, "Deep State": 1.9845000000000002, "Toncoin": 2.94, "Onyx Black": 2.13, "Black": 5.235, "just": 1.2495}, "Big Year": {"Pavel Durov": 5.516, "Bitcoin": 5.516, "Gold Mine": 6.895, "Creator": 3.0535, "Game Boy": 2.0685000000000002, "Big Brother": 3.0535, "Cheshire Cat": 2.2655, "Pokeball": 2.6595, "The Hobbit": 3.94, "Qing Dynasty": 3.0535, "YouTubes": 2.6595, "Telegram": 5.516, "The Nether": 2.0685000000000002, "Onyx Black": 3.46, "Black": 8.41, "just": 1.6744999999999999}, "Homemade Cake": {"Onyx Black": 2.0300000000000002, "Black": 5.414999999999999, "just": 1.3855}, "Cookie Heart": {"Onyx Black": 2.44, "Black": 7.4399999999999995, "just": 1.6064999999999998}, "Jester Hat": {"Onyx Black": 2.32, "Black": 6.699999999999999, "just": 1.394}, "Holiday Drink": {"Onyx Black": 2.9050000000000002, "Black": 5.835000000000001, "just": 1.5045}, "Ginger Cookie": {"Onyx Black": 3.9250000000000003, "Black": 6.425000000000001, "just": 1.5725}, "Hypno Lollipop": {"Onyx Black": 2.8499999999999996, "Black": 6.449999999999999, "just": 1.615}, "Winter Wreath": {"Onyx Black": 2.64, "Black": 9.344999999999999, "just": 1.5215}, "Party Sparkler": {"Onyx Black": 4.380000000000001, "Black": 7.550000000000001, "just": 1.785}, "Jingle Bells": {"Onyx Black": 2.795, "Black": 7.0, "just": 1.785}, "Tama Gadget": {"Onyx Black": 3.45, "Black": 7.0, "just": 1.7}, "Jack-in-the-Box": {"Onyx Black": 3.115, "Black": 7.92, "just": 1.853}, "Star Notepad": {"Onyx Black": 3.94, "Black": 9.035, "just": 2.0229999999999997}, "Easter Egg": {"Onyx Black": 3.895, "Black": 11.045, "just": 2.1165000000000003}, "Santa Hat": {"Onyx Black": 3.498, "Black": 8.277999999999999, "just": 2.1504999999999996}, "Hex Pot": {"Onyx Black": 3.9250000000000003, "Black": 10.350000000000001, "just": 2.295}, "Restless Jar": {"Onyx Black": 4.0, "Black": 8.469999999999999, "just": 2.125}, "Lush Bouquet": {"Onyx Black": 4.395, "Black": 8.045000000000002, "just": 2.3715}, "Spiced Wine": {"Onyx Black": 3.04, "Black": 6.683999999999999, "just": 2.108}, "Snow Globe": {"Onyx Black": 4.125, "Black": 10.350000000000001, "just": 2.295}, "Joyful Bundle": {"Onyx Black": 4.0600000000000005, "Black": 8.120000000000001, "just": 2.329}, "Light Sword": {"Onyx Black": 4.09, "Black": 10.370000000000001, "just": 2.5075000000000003}, "Witch Hat": {"Onyx Black": 4.36, "Black": 11.945, "just": 2.4565}, "Bow Tie": {"Onyx Black": 4.07, "Black": 13.218, "just": 2.6264999999999996}, "Eternal Candle": {"Onyx Black": 4.82, "Black": 10.028, "just": 2.8729999999999998}, "Jelly Bunny": {"Onyx Black": 4.35, "Black": 10.325, "just": 2.72}, "Bunny Muffin": {"Onyx Black": 4.542, "Black": 11.622, "just": 2.8645}, "Spy Agaric": {"Onyx Black": 5.0600000000000005, "Black": 11.86, "just": 2.635}, "Evil Eye": {"Onyx Black": 6.1419999999999995, "Black": 12.67, "just": 3.0345}, "Snow Mittens": {"Onyx Black": 4.76, "Black": 7.635999999999999, "just": 3.06}, "Berry Box": {"Onyx Black": 4.556, "Black": 11.744, "just": 3.06}, "Valentine Box": {"Onyx Black": 8.5, "Black": 12.66, "just": 3.8249999999999997}, "Sakura Flower": {"Onyx Black": 6.3740000000000006, "Black": 14.574000000000002, "just": 3.6465}, "Hanging Star": {"Onyx Black": 8.193999999999999, "Black": 14.99, "just": 4.2415}, "Sleigh Bell": {"Onyx Black": 10.51, "Black": 18.31, "just": 5.8225}, "Love Candle": {"Onyx Black": 9.676, "Black": 16.076, "just": 6.341}, "Skull Flower": {"Onyx Black": 10.948, "Black": 17.028, "just": 7.123}, "Crystal Ball": {"Onyx Black": 12.264, "Black": 30.984, "just": 6.494}, "Trapped Heart": {"Onyx Black": 11.5, "Black": 19.484, "just": 7.225}, "Top Hat": {"Onyx Black": 12.76, "Black": 26.212000000000003, "just": 7.31}, "Love Potion": {"Onyx Black": 10.6, "Black": 22.2, "just": 7.6499999999999995}, "Flying Broom": {"Onyx Black": 11.040000000000001, "Black": 17.240000000000002, "just": 7.99}, "Cupid Charm": {"Onyx Black": 17.514, "Black": 36.314, "just": 9.5115}, "Record Player": {"Onyx Black": 11.3, "Black": 20.96, "just": 7.055000000000001}, "Eternal Rose": {"Onyx Black": 18.6, "Black": 33.8, "just": 11.049999999999999}, "Mad Pumpkin": {"Onyx Black": 25.864, "Black": 41.864000000000004, "just": 13.974}, "Voodoo Doll": {"Onyx Black": 23.076, "Black": 57.576, "just": 13.566}, "Diamond Ring": {"Onyx Black": 22.268, "Black": 37.068, "just": 13.412999999999998}, "Toy Bear": {"Onyx Black": 22.2, "Black": 49.4, "just": 16.15}, "Vintage Cigar": {"Onyx Black": 44.888, "Black": 60.888000000000005, "just": 19.958}, "Neko Helmet": {"Onyx Black": 40.014, "Black": 64.006, "just": 22.6865}, "Low Rider": {"Onyx Black": 34.3, "Black": 88.7,