{"Snoop Dogg": {"King Snoop": 4.8625, "Doberman": 3.647, "AI Dogg": 3.001, "Cold Topaz": 2.2535000000000003, "Black Diamond": 2.3105, "Emerald": 1.9780000000000002, "Sapphire": 2.1205000000000003, "Goldizzle": 7.3505, "Chrome": 2.491, "Doggfather": 2.9205, "Onyx Black": 2.9299999999999997, "Black": 10.451538461538462, "just": 1.5215}, "Swag Bag": {"Leopard": 2.079, "Happy Herbs": 2.9295, "P.I.M.P.": 1.9845, "Golden Nugs": 1.9845, "April 20th": 2.9295, "Darkness": 2.079, "Gin & Jewels": 2.457, "Missionary": 6.614999999999999, "Boiling Hot": 2.5515, "Bulk Order": 2.2112999999999996, "Snoop Life": 2.5515, "Cashback": 2.9295, "Dogg’s Loot": 1.9845, "Take It Easy": 2.457, "Onyx Black": 3.1399999999999997, "Black": 7.369999999999999, "just": 1.6064999999999998}, "Snoop Cigar": {"Onyx Black": 8.3, "Black": 17.255, "just": 4.012}, "Lol Pop": {"Hexed Helix": 1.85, "Dark Portal": 1.554, "Cobweb": 1.6280000000000001, "Magic Wand": 1.6280000000000001, "Sailor Moon": 1.6280000000000001, "Dark Sky": 1.85, "Love Bubbles": 1.6280000000000001, "Rosebud": 1.6280000000000001, "Blood Ember": 1.6280000000000001, "Shock Wave": 1.7315999999999998, "Pumpkin": 1.554, "Plastic Ice": 1.6280000000000001, "Blood Sucker": 1.702, "Mortal Sin": 4.144, "Milky Way": 1.554, "Watermelon": 1.554, "Einstein": 1.554, "Andromeda": 1.998, "Jolly Roger": 1.776, "Heart Pop": 1.6280000000000001, "Comic Crunch": 1.554, "Jinxed": 1.776, "Glowstick": 1.998, "Angelina": 2.294, "Gold Star": 1.554, "Satellite": 1.776, "Celestia": 2.294, "Sweetheart": 1.924, "Onyx Black": 2.04, "Black": 5.4, "just": 1.258}, "B-Day Candle": {"Payday": 1.922, "On Fire": 1.922, "Happy Meows": 2.48, "Purr Magic": 1.922, "Final Boss": 2.48, "Kaboom!": 1.922, "Pixel Wish": 2.48, "Onyx Black": 1.685, "Black": 5.065, "just": 1.054}, "Desk Calendar": {"Sunday": 2.0305, "Deadline": 2.0305, "Balloon Face": 1.4410000000000003, "Adult Tasks": 24.389999999999997, "Telegram": 2.0305, "Burning Time": 2.0305, "Fund Manager": 2.0305, "Independence": 2.62, "Investor": 5.529999999999999, "Checklist": 2.0305, "Fawkes Night": 2.62, "Heartbreak": 1.4410000000000003, "Hodler": 4.585, "Peach Week": 2.0305, "Pepe Plans": 10.840000000000002, "Durov Day": 2.62, "Tic Tac Toe": 2.0305, "Onyx Black": 1.685, "Black": 5.404999999999999, "just": 1.1135}, "Lunar Snake": {"Hellspawn": 2.0115000000000003, "Hot Cherry": 2.0115000000000003, "Synthwave": 5.215, "Psychedelic": 1.8625, "Soul Eater": 2.3095, "Timelock": 1.5645, "Dragon Ball": 5.215, "Python Dev": 2.3095, "Onyx Black": 1.995, "Black": 5.245, "just": 1.2665}, "Xmas Stocking": {"Onyx Black": 2.11, "Black": 5.455, "just": 1.2069999999999999}, "Snake Box": {"Onyx Black": 1.9449999999999998, "Black": 5.959999999999999, "just": 1.1815}, "Pet Snake": {"Onyx Black": 2.4699999999999998, "Black": 5.605, "just": 1.4535}, "Candy Cane": {"Hex Pot": 3.1, "Grinch": 3.1, "Designer": 4.34, "Sticky Sweet": 2.015, "Onyx Black": 2.475, "Black": 5.88, "just": 1.3175}, "Whip Cupcake": {"Resistance": 5.215, "Toncoin": 2.3095, "Deep State": 2.0115000000000003, "Sponge Duck": 2.98, "Bitcoin": 9.745000000000001, "Onyx Black": 1.94, "Black": 5.24, "just": 1.2665}, "Big Year": {"The Hobbit": 3.1, "Telegram": 5.6, "Pavel Durov": 5.6, "Gold Mine": 5.6, "Game Boy": 2.2, "Qing Dynasty": 3.1, "The Nether": 4.0, "Cheshire Cat": 2.34, "Creator": 2.7, "Bitcoin": 5.6, "First Website": 2.6, "Pokeball": 2.7, "Big Brother": 2.7, "YouTubes": 3.1, "Onyx Black": 3.625, "Black": 8.645, "just": 1.7}, "Homemade Cake": {"Onyx Black": 2.145, "Black": 5.59, "just": 1.5215}, "Cookie Heart": {"Onyx Black": 2.4450000000000003, "Black": 7.04, "just": 1.5215}, "Jester Hat": {"Onyx Black": 2.44, "Black": 6.64, "just": 1.428}, "Holiday Drink": {"Onyx Black": 2.45, "Black": 5.65, "just": 1.615}, "Ginger Cookie": {"Onyx Black": 3.5300000000000002, "Black": 6.504999999999999, "just": 1.751}, "Hypno Lollipop": {"Onyx Black": 2.88, "Black": 5.975, "just": 1.751}, "Winter Wreath": {"Moon Cat": 105.69500000000001, "Onyx Black": 2.9450000000000003, "Black": 8.84, "just": 1.6064999999999998}, "Party Sparkler": {"Onyx Black": 3.62, "Black": 7.2299999999999995, "just": 1.6744999999999999}, "Jingle Bells": {"Onyx Black": 3.0, "Black": 6.8500000000000005, "just": 1.87}, "Tama Gadget": {"Onyx Black": 3.465, "Black": 7.0200000000000005, "just": 1.7424999999999997}, "Jack-in-the-Box": {"Onyx Black": 3.0999999999999996, "Black": 7.595000000000001, "just": 1.8615}, "Star Notepad": {"Onyx Black": 3.8899999999999997, "Black": 8.69, "just": 1.9379999999999997}, "Easter Egg": {"Onyx Black": 3.755, "Black": 10.96, "just": 2.227}, "Santa Hat": {"Onyx Black": 3.16, "Black": 8.2, "just": 2.04}, "Hex Pot": {"Onyx Black": 3.915, "Black": 10.085, "just": 2.2695}, "Restless Jar": {"Onyx Black": 3.995, "Black": 9.745000000000001, "just": 2.1165000000000003}, "Lush Bouquet": {"Onyx Black": 4.859999999999999, "Black": 8.385, "just": 2.3545}, "Spiced Wine": {"Onyx Black": 2.894, "Black": 6.830000000000001, "just": 1.9465}, "Snow Globe": {"Onyx Black": 4.095, "Black": 10.295, "just": 2.2015}, "Joyful Bundle": {"Onyx Black": 3.585, "Black": 7.935, "just": 2.2695}, "Light Sword": {"Onyx Black": 4.406000000000001, "Black": 10.638, "just": 2.6605}, "Witch Hat": {"Onyx Black": 4.45, "Black": 12.169999999999998, "just": 2.8475}, "Bow Tie": {"Onyx Black": 4.894, "Black": 12.594000000000001, "just": 2.6944999999999997}, "Eternal Candle": {"Onyx Black": 5.204, "Black": 10.684, "just": 2.839}, "Jelly Bunny": {"Onyx Black": 4.395, "Black": 11.145, "just": 2.7965}, "Bunny Muffin": {"Onyx Black": 5.106, "Black": 11.478, "just": 2.8305}, "Spy Agaric": {"Onyx Black": 4.48, "Black": 10.32, "just": 2.72}, "Evil Eye": {"Onyx Black": 6.324, "Black": 12.924, "just": 3.009}, "Snow Mittens": {"Onyx Black": 4.9399999999999995, "Black": 7.4239999999999995, "just": 3.315}, "Berry Box": {"Onyx Black": 5.25, "Black": 11.45, "just": 3.1875}, "Valentine Box": {"Onyx Black": 7.9799999999999995, "Black": 12.439999999999998, "just": 3.655}, "Sakura Flower": {"Onyx Black": 6.91, "Black": 14.909999999999998, "just": 4.1225}, "Hanging Star": {"Onyx Black": 8.71, "Black": 15.23, "just": 4.581499999999999}, "Sleigh Bell": {"Onyx Black": 10.292, "Black": 17.872, "just": 6.052}, "Love Candle": {"Onyx Black": 10.193999999999999, "Black": 15.994, "just": 6.7915}, "Skull Flower": {"Onyx Black": 9.55, "Black": 18.494, "just": 6.3665}, "Crystal Ball": {"Onyx Black": 11.51, "Black": 30.310000000000002, "just": 6.672499999999999}, "Trapped Heart": {"Onyx Black": 12.14, "Black": 18.78, "just": 7.055000000000001}, "Top Hat": {"Onyx Black": 12.264, "Black": 24.503999999999998, "just": 6.664}, "Love Potion": {"Onyx Black": 10.93, "Black": 22.134, "just": 7.556500000000001}, "Flying Broom": {"Onyx Black": 10.66, "Black": 19.82, "just": 7.734999999999999}, "Cupid Charm": {"Onyx Black": 16.666, "Black": 32.266, "just": 9.443499999999998}, "Record Player": {"Onyx Black": 11.024000000000001, "Black": 20.304000000000002, "just": 6.664}, "Eternal Rose": {"Onyx Black": 17.774, "Black": 31.974, "just": 11.296499999999998}, "Mad Pumpkin": {"Onyx Black": 23.088, "Black": 40.488, "just": 14.858}, "Voodoo Doll": {"Onyx Black": 22.076, "Black": 54.08, "just": 14.28}, "Diamond Ring": {"Onyx Black": 22.634, "Black": 41.834, "just": 13.9315}, "Toy Bear": {"Onyx Black": 24.832, "Black": 47.316, "just": 16.031}, "Vintage Cigar": {"Onyx Black": 43.852000000000004, "Black": 55.57599999999999, "just": 20.366}, "Neko Helmet": {"Onyx Black": 38.416, "Black": 76.416, "just": 23.256}, "Low Rider": {"Onyx Black": 33.662, "Black": 86.062, "just": 21.054499999999997}, "Signet Ring": {"Onyx Black": 35.92, "Black": 75.12, "just": 21.419999999999998}, "Electric Skull": {"Onyx Black": 44.548, "Black": 68.544, "just": 26.842999999999996}, "Kissed Frog": {"Onyx Black": 43.846, "Black": 80.646, "just": 29.248499999999996}, "Swiss Watch": {"Onyx Black": 44.96, "Black": 72.56, "just": 30.26}, "Sharp Tongue": {"Onyx Black": 58.38, "Black": 107.4, "just": 33.15},