{"Snoop Dogg": {"Doberman": 3.3259999999999996, "King Snoop": 4.741, "Chrome": 2.2865, "Doggfather": 2.8085, "Black Diamond": 2.0205, "Green Light": 1.9255, "Goldizzle": 7.135499999999999, "AI Dogg": 2.9459999999999997, "Cold Topaz": 2.0015, "King Ruby": 2.0015, "Sapphire": 2.068, "Onyx Black": 3.2333333333333334, "Black": 10.632307692307693, "just": 1.4789999999999999}, "Swag Bag": {"Darkness": 2.2, "Bulk Order": 2.34, "P.I.M.P.": 2.1, "Leopard": 2.34, "April 20th": 3.1, "Aviators": 2.1, "Take It Easy": 2.7, "Cashback": 3.1, "Boiling Hot": 2.5, "Happy Herbs": 3.1, "Gin & Jewels": 2.4, "Missionary": 7.0, "Snoop Life": 2.5, "Onyx Black": 3.1, "Black": 7.45, "just": 1.7}, "Snoop Cigar": {"Onyx Black": 7.925000000000001, "Black": 19.295, "just": 4.156499999999999}, "Lol Pop": {"Jinxed": 1.7432999999999998, "Jolly Roger": 1.788, "Einstein": 1.7432999999999998, "Celestia": 2.3095, "Hexed Helix": 1.7134999999999998, "Dark Portal": 1.788, "Nostalgia": 1.5645, "Mortal Sin": 4.172, "Shock Wave": 1.639, "Sweetheart": 1.8625, "Doodle Art": 1.639, "Love Bubbles": 1.788, "Satellite": 1.788, "Glowstick": 2.0115000000000003, "Heart Pop": 1.5645, "Blood Sucker": 2.0115000000000003, "Andromeda": 1.937, "Crystal Comet": 1.5645, "Cobweb": 1.639, "Rosebud": 1.7432999999999998, "Pumpkin": 1.5645, "Comic Crunch": 1.5645, "Blood Ember": 1.639, "Angelina": 2.3095, "Magic Wand": 1.5645, "Milky Way": 1.5645, "Dark Sky": 1.5645, "Fire Vortex": 1.5645, "Onyx Black": 2.045, "Black": 5.24, "just": 1.2665}, "B-Day Candle": {"On Fire": 2.2475, "Payday": 2.2475, "Purr Magic": 2.2475, "Final Boss": 2.2475, "Happy Meows": 2.2475, "Kaboom!": 1.9575, "Pixel Wish": 2.2475, "Onyx Black": 1.7, "Black": 5.175, "just": 1.2325}, "Desk Calendar": {"Investor": 7.165, "Pepe Plans": 14.709999999999999, "Peach Week": 2.86, "Sunday": 1.9305, "Checklist": 1.9305, "Balloon Face": 1.859, "Fawkes Night": 5.005, "Independence": 2.2165, "Telegram": 2.2165, "Burning Time": 2.2165, "Adult Tasks": 25.715, "Tic Tac Toe": 2.2165, "Heartbreak": 1.573, "Fund Manager": 2.2165, "Durov Day": 4.004, "Deadline": 2.2165, "Hodler": 5.005, "Onyx Black": 1.8649999999999998, "Black": 5.265, "just": 1.2155}, "Lunar Snake": {"Psychedelic": 2.3095, "Synthwave": 5.215, "Soul Eater": 2.3095, "Hot Cherry": 2.3095, "Dragon Ball": 5.215, "Python Dev": 2.3095, "Hellspawn": 1.8625, "Timelock": 2.3095, "Onyx Black": 2.47, "Black": 5.49, "just": 1.2665}, "Xmas Stocking": {"Onyx Black": 2.255, "Black": 5.375, "just": 1.2834999999999999}, "Snake Box": {"Onyx Black": 1.9900000000000002, "Black": 5.39, "just": 1.2665}, "Pet Snake": {"Onyx Black": 2.65, "Black": 5.65, "just": 1.53}, "Candy Cane": {"Grinch": 3.16, "Hex Pot": 3.16, "Designer": 7.24, "Sticky Sweet": 2.4490000000000003, "Onyx Black": 2.3449999999999998, "Black": 5.835, "just": 1.343}, "Whip Cupcake": {"Resistance": 6.485, "Toncoin": 2.387, "Sponge Duck": 2.387, "Deep State": 2.387, "Bitcoin": 14.52, "Onyx Black": 2.17, "Black": 5.27, "just": 1.309}, "Big Year": {"Telegram": 5.544, "The Hobbit": 3.96, "Game Boy": 2.376, "YouTubes": 3.96, "Pokeball": 2.673, "Gold Mine": 6.93, "Pavel Durov": 6.93, "Bitcoin": 5.544, "Creator": 2.673, "Balloons": 2.2769999999999997, "Big Brother": 3.069, "Qing Dynasty": 3.069, "First Website": 2.079, "The Nether": 3.069, "Cheshire Cat": 3.069, "Onyx Black": 3.615, "Black": 9.24, "just": 1.683}, "Homemade Cake": {"Onyx Black": 2.395, "Black": 5.555, "just": 1.615}, "Cookie Heart": {"Onyx Black": 2.455, "Black": 6.8549999999999995, "just": 1.632}, "Jester Hat": {"Onyx Black": 2.735, "Black": 6.395, "just": 1.53}, "Holiday Drink": {"Onyx Black": 2.71, "Black": 6.249999999999999, "just": 1.6744999999999999}, "Ginger Cookie": {"Onyx Black": 3.61, "Black": 6.8549999999999995, "just": 1.632}, "Hypno Lollipop": {"Onyx Black": 3.4800000000000004, "Black": 6.935, "just": 1.6744999999999999}, "Winter Wreath": {"Moon Cat": 106.24000000000001, "Onyx Black": 2.9749999999999996, "Black": 6.9750000000000005, "just": 1.6575}, "Party Sparkler": {"Onyx Black": 3.09, "Black": 7.234999999999999, "just": 1.6404999999999998}, "Jingle Bells": {"Onyx Black": 2.825, "Black": 6.200000000000001, "just": 1.785}, "Tama Gadget": {"Onyx Black": 3.46, "Black": 6.795, "just": 1.785}, "Jack-in-the-Box": {"Onyx Black": 3.21, "Black": 7.12, "just": 1.9124999999999999}, "Star Notepad": {"Onyx Black": 3.725, "Black": 9.399999999999999, "just": 1.9549999999999998}, "Easter Egg": {"Onyx Black": 3.8, "Black": 10.675, "just": 2.4225}, "Santa Hat": {"Onyx Black": 3.9299999999999997, "Black": 8.27, "just": 2.3715}, "Hex Pot": {"Onyx Black": 4.005, "Black": 10.14, "just": 2.3715}, "Restless Jar": {"Onyx Black": 3.96, "Black": 9.195, "just": 2.1845}, "Lush Bouquet": {"Onyx Black": 4.53, "Black": 8.79, "just": 2.618}, "Spiced Wine": {"Onyx Black": 3.34, "Black": 6.6, "just": 2.04}, "Snow Globe": {"Onyx Black": 4.2, "Black": 11.445, "just": 2.465}, "Joyful Bundle": {"Onyx Black": 3.51, "Black": 9.625, "just": 2.38}, "Light Sword": {"Onyx Black": 4.6, "Black": 10.68, "just": 2.669}, "Witch Hat": {"Onyx Black": 4.535, "Black": 12.09, "just": 2.703}, "Bow Tie": {"Onyx Black": 4.5440000000000005, "Black": 11.628, "just": 2.754}, "Eternal Candle": {"Onyx Black": 5.288, "Black": 11.288, "just": 2.9579999999999997}, "Jelly Bunny": {"Onyx Black": 5.16, "Black": 10.68, "just": 2.907}, "Bunny Muffin": {"Onyx Black": 4.6, "Black": 11.559999999999999, "just": 3.06}, "Spy Agaric": {"Onyx Black": 5.614000000000001, "Black": 10.486, "just": 2.9665}, "Evil Eye": {"Onyx Black": 6.276, "Black": 12.068, "just": 3.043}, "Snow Mittens": {"Onyx Black": 5.716, "Black": 8.636000000000001, "just": 3.2809999999999997}, "Berry Box": {"Onyx Black": 5.4559999999999995, "Black": 10.656, "just": 3.1959999999999997}, "Valentine Box": {"Onyx Black": 7.214, "Black": 12.814, "just": 3.9865000000000004}, "Sakura Flower": {"Onyx Black": 6.514, "Black": 16.194, "just": 4.2415}, "Hanging Star": {"Onyx Black": 8.668, "Black": 15.244, "just": 4.913}, "Sleigh Bell": {"Onyx Black": 11.354, "Black": 20.554, "just": 6.451499999999999}, "Love Candle": {"Onyx Black": 10.634, "Black": 17.35, "just": 7.3015}, "Skull Flower": {"Onyx Black": 11.719999999999999, "Black": 17.72, "just": 6.969999999999999}, "Crystal Ball": {"Onyx Black": 12.66, "Black": 28.3, "just": 7.225}, "Trapped Heart": {"Onyx Black": 12.64, "Black": 17.44, "just": 7.14}, "Top Hat": {"Onyx Black": 15.46, "Black": 23.659999999999997, "just": 7.734999999999999}, "Love Potion": {"Onyx Black": 13.451999999999998, "Black": 23.852000000000004, "just": 8.296}, "Flying Broom": {"Onyx Black": 12.021999999999998, "Black": 18.022, "just": 7.964499999999999}, "Cupid Charm": {"Onyx Black": 17.073999999999998, "Black": 31.874, "just": 10.0215}, "Record Player": {"Onyx Black": 10.533999999999999, "Black": 20.733999999999998, "just": 6.706499999999999}, "Eternal Rose": {"Onyx Black": 20.354, "Black": 32.394, "just": 11.8915}, "Mad Pumpkin": {"Onyx Black": 24.014000000000003, "Black": 39.99, "just": 15.8865}, "Voodoo Doll": {"Onyx Black": 22.734, "Black": 45.134, "just": 15.2065}, "Diamond Ring": {"Onyx Black": 21.956, "Black": 43.56, "just": 14.110000000000001}, "Toy Bear": {"Onyx Black": 33.074, "Black": 53.234, "just": 21.5815}, "Vintage Cigar": {"Onyx Black": 36.936, "Black": 66.736, "just": 20.875999999999998}, "Neko Helmet": {"Onyx Black": 38.194, "Black": 66.914, "just": 22.941499999999998}, "Low Rider": {"Onyx Black": 32.894, "Black": 84.18199999999999, "just": 21.6665}, "Signet Ring": {"Onyx Black": 37.822, "Black": 77.018, "just": 24.1145}, "Electric Skull": {"Onyx Black": 45.794, "Black": 75.794, "just": 28.0415}, "Kissed Frog": {"Onyx Black": 45.290000000000006, "Black": 80.094, "just": 28.4665}, "Swiss Watch": {"Onyx Black": 43.25, "Black": 72.45, "just": 29.537499999999998}, "Sharp Tongue": {"Onyx Black": 58.094, "Black": 122.094, "just": 36.9665}, "Genie Lamp": {"Onyx Black": 68.53999999999999, "Black": 186.54000000000002, "just": 43.265}, "Scared Cat": {"Onyx Black": 74.0,