{"Snoop Dogg": {"Doggfather": 3.3354999999999997, "Sapphire": 2.0585, "King Snoop": 6.1155, "King Ruby": 2.0205, "Chrome": 2.3435, "Green Light": 1.9825, "Doberman": 3.9719999999999995, "Black Gold": 2.0205, "Black Diamond": 2.2485000000000004, "AI Dogg": 3.2405, "Goldizzle": 7.3255, "Cold Topaz": 2.087, "Onyx Black": 3.6133333333333333, "Black": 9.886153846153846, "just": 1.564}, "Swag Bag": {"Aviators": 2.0895, "Dogg’s Loot": 2.0895, "Missionary": 10.495000000000001, "April 20th": 3.0845000000000002, "Bulk Order": 2.3283, "Take It Easy": 2.6865, "Darkness": 2.4875, "Leopard": 2.189, "Snoop Life": 3.0845000000000002, "Golden Nugs": 2.3283, "Cashback": 3.98, "Happy Herbs": 3.0845000000000002, "Gin & Jewels": 2.4875, "Boiling Hot": 2.4875, "P.I.M.P.": 2.0895, "Onyx Black": 3.46, "Black": 7.495, "just": 1.6915}, "Snoop Cigar": {"Onyx Black": 7.87, "Black": 19.225, "just": 4.1225}, "Lol Pop": {"Hexed Helix": 1.825, "Sweetheart": 1.825, "Hollywood": 1.533, "Heart Pop": 1.533, "Celestia": 1.971, "Gold Star": 1.533, "Satellite": 1.825, "Einstein": 1.752, "Sick Leave": 1.533, "Love Bubbles": 1.752, "Angelina": 2.263, "Dark Portal": 1.825, "Shock Wave": 1.533, "Mortal Sin": 2.92, "Milky Way": 1.533, "Dark Sky": 1.606, "Pumpkin": 1.752, "Fire Vortex": 1.533, "Blood Sucker": 1.898, "Jolly Roger": 1.6789999999999998, "Glowstick": 1.971, "Doodle Art": 1.606, "Blood Ember": 1.752, "Rosebud": 1.752, "Andromeda": 1.971, "Cobweb": 1.533, "Jinxed": 1.533, "Onyx Black": 1.98, "Black": 5.195, "just": 1.2409999999999999}, "B-Day Candle": {"Kaboom!": 2.0115000000000003, "Pixel Wish": 2.3095, "Happy Meows": 2.3095, "Purr Magic": 2.3095, "Final Boss": 2.3095, "On Fire": 2.3095, "Payday": 2.3095, "Onyx Black": 1.895, "Black": 5.205, "just": 1.2665}, "Desk Calendar": {"Investor": 9.73, "Fawkes Night": 2.263, "Durov Day": 5.109999999999999, "Pepe Plans": 14.73, "Heartbreak": 1.606, "Checklist": 1.971, "Sunday": 1.971, "Telegram": 2.263, "Burning Time": 2.263, "Adult Tasks": 27.635, "Independence": 2.263, "Hodler": 5.109999999999999, "Balloon Face": 1.825, "Peach Week": 2.263, "Tic Tac Toe": 1.971, "Fund Manager": 2.263, "Deadline": 2.263, "Onyx Black": 1.84, "Black": 5.279999999999999, "just": 1.2409999999999999}, "Lunar Snake": {"Hot Cherry": 2.0385, "Timelock": 2.3405, "Dragon Ball": 5.285, "Psychedelic": 1.8875, "Synthwave": 4.228, "Python Dev": 2.3405, "Hellspawn": 2.0385, "Soul Eater": 2.0385, "Onyx Black": 2.35, "Black": 5.45, "just": 1.2834999999999999}, "Xmas Stocking": {"Onyx Black": 2.23, "Black": 5.775, "just": 1.292}, "Snake Box": {"Onyx Black": 2.135, "Black": 5.395, "just": 1.275}, "Pet Snake": {"Onyx Black": 2.575, "Black": 5.970000000000001, "just": 1.6575}, "Candy Cane": {"Designer": 5.390000000000001, "Grinch": 3.08, "Sticky Sweet": 2.387, "Hex Pot": 4.311999999999999, "Onyx Black": 2.27, "Black": 5.614999999999999, "just": 1.309}, "Whip Cupcake": {"Toncoin": 2.6195, "Bitcoin": 13.594999999999999, "Resistance": 5.915, "Deep State": 2.2815, "Sponge Duck": 2.6195, "Onyx Black": 2.245, "Black": 5.57, "just": 1.4364999999999999}, "Big Year": {"Game Boy": 2.079, "Balloons": 2.079, "YouTubes": 3.78, "Pavel Durov": 14.89, "The Hobbit": 3.78, "Qing Dynasty": 2.9295, "The Nether": 2.9295, "First Website": 2.2112999999999996, "Pokeball": 2.5515, "Telegram": 5.292, "Bitcoin": 5.292, "Big Brother": 2.9295, "Creator": 2.9295, "Gold Mine": 6.614999999999999, "Cheshire Cat": 2.9295, "Onyx Black": 4.42, "Black": 9.945, "just": 1.6064999999999998}, "Homemade Cake": {"Onyx Black": 2.37, "Black": 5.6899999999999995, "just": 1.615}, "Cookie Heart": {"Onyx Black": 2.5700000000000003, "Black": 6.58, "just": 1.649}, "Jester Hat": {"Onyx Black": 2.545, "Black": 6.069999999999999, "just": 1.5215}, "Holiday Drink": {"Onyx Black": 2.695, "Black": 6.069999999999999, "just": 1.6064999999999998}, "Ginger Cookie": {"Onyx Black": 3.5700000000000003, "Black": 7.1450000000000005, "just": 1.6915}, "Hypno Lollipop": {"Onyx Black": 3.4749999999999996, "Black": 7.49, "just": 1.683}, "Winter Wreath": {"Moon Cat": 106.25500000000001, "Onyx Black": 2.94, "Black": 6.984999999999999, "just": 1.683}, "Party Sparkler": {"Onyx Black": 2.9800000000000004, "Black": 7.435, "just": 1.6744999999999999}, "Jingle Bells": {"Onyx Black": 3.13, "Black": 6.225, "just": 1.9209999999999998}, "Tama Gadget": {"Onyx Black": 3.47, "Black": 6.79, "just": 1.802}, "Jack-in-the-Box": {"Onyx Black": 3.1100000000000003, "Black": 6.959999999999999, "just": 1.887}, "Star Notepad": {"Onyx Black": 3.7249999999999996, "Black": 10.695, "just": 2.04}, "Easter Egg": {"Onyx Black": 3.8, "Black": 10.879999999999999, "just": 2.4225}, "Santa Hat": {"Onyx Black": 3.76, "Black": 8.276, "just": 2.38}, "Hex Pot": {"Onyx Black": 4.005, "Black": 9.844999999999999, "just": 2.38}, "Restless Jar": {"Onyx Black": 3.8, "Black": 9.23, "just": 2.21}, "Lush Bouquet": {"Onyx Black": 5.23, "Black": 8.825, "just": 2.686}, "Spiced Wine": {"Onyx Black": 3.186, "Black": 7.302, "just": 2.1334999999999997}, "Snow Globe": {"Onyx Black": 4.85, "Black": 11.355, "just": 2.3035}, "Joyful Bundle": {"Onyx Black": 4.71, "Black": 9.635, "just": 2.397}, "Light Sword": {"Onyx Black": 4.438, "Black": 9.842, "just": 2.6094999999999997}, "Witch Hat": {"Onyx Black": 4.525, "Black": 12.024999999999999, "just": 2.5925}, "Bow Tie": {"Onyx Black": 4.912000000000001, "Black": 11.920000000000002, "just": 2.72}, "Eternal Candle": {"Onyx Black": 5.36, "Black": 11.16, "just": 3.06}, "Jelly Bunny": {"Onyx Black": 5.095, "Black": 10.19, "just": 2.8899999999999997}, "Bunny Muffin": {"Onyx Black": 5.414, "Black": 11.613999999999999, "just": 3.1365}, "Spy Agaric": {"Onyx Black": 6.106, "Black": 10.506, "just": 2.9835}, "Evil Eye": {"Onyx Black": 6.6739999999999995, "Black": 13.474, "just": 3.2215}, "Snow Mittens": {"Onyx Black": 6.394, "Black": 8.794, "just": 3.3915}, "Berry Box": {"Onyx Black": 4.946, "Black": 10.734, "just": 3.3065}, "Valentine Box": {"Onyx Black": 7.15, "Black": 12.790000000000001, "just": 3.9525}, "Sakura Flower": {"Onyx Black": 7.08, "Black": 16.284, "just": 4.369}, "Hanging Star": {"Onyx Black": 8.696000000000002, "Black": 15.340000000000002, "just": 5.015000000000001}, "Sleigh Bell": {"Onyx Black": 12.65, "Black": 20.65, "just": 6.5874999999999995}, "Love Candle": {"Onyx Black": 10.254, "Black": 17.194, "just": 7.2165}, "Skull Flower": {"Onyx Black": 11.6, "Black": 18.36, "just": 6.8}, "Crystal Ball": {"Onyx Black": 12.36, "Black": 27.98, "just": 6.8}, "Trapped Heart": {"Onyx Black": 12.367999999999999, "Black": 20.408, "just": 7.377999999999999}, "Top Hat": {"Onyx Black": 15.264, "Black": 28.304, "just": 7.513999999999999}, "Love Potion": {"Onyx Black": 12.758, "Black": 23.954, "just": 8.4405}, "Flying Broom": {"Onyx Black": 12.5, "Black": 17.3, "just": 8.075}, "Cupid Charm": {"Onyx Black": 17.014, "Black": 32.61, "just": 9.936499999999999}, "Record Player": {"Onyx Black": 10.494, "Black": 20.733999999999998, "just": 6.706499999999999}, "Eternal Rose": {"Onyx Black": 18.8, "Black": 35.6, "just": 11.9}, "Mad Pumpkin": {"Onyx Black": 24.788, "Black": 39.388, "just": 16.983}, "Voodoo Doll": {"Onyx Black": 24.18, "Black": 44.6, "just": 14.45}, "Diamond Ring": {"Onyx Black": 20.92, "Black": 41.72, "just": 13.77}, "Toy Bear": {"Onyx Black": 30.39, "Black": 49.17, "just": 21.5815}, "Vintage Cigar": {"Onyx Black": 36.662, "Black": 58.885999999999996, "just": 21.0885}, "Neko Helmet": {"Onyx Black": 37.744, "Black": 64.544, "just": 24.003999999999998}, "Low Rider": {"Onyx Black": 32.594, "Black": 82.994, "just": 21.2415}, "Signet Ring": {"Onyx Black": 37.894, "Black": 75.094, "just": 24.216499999999996}, "Electric Skull": {"Onyx Black": 45.396, "Black": 75.8, "just": 28.05}, "Kissed Frog": {"Onyx Black": 45.564, "Black": 80.164, "just": 28.848999999999997}, "Swiss Watch": {"Onyx Black": 42.756, "Black": 72.756, "just": 29.970999999999997}, "Sharp Tongue": {"Onyx Black": 56.286, "Black": 141.086, "just": 35.5385}, "Genie Lamp": {"Onyx Black": 68.594, "Black": 186.594,