{"Snoop Dogg": {"Black Diamond": 2.1060000000000003, "Emerald": 1.8780000000000001, "Cold Topaz": 1.9825, "Goldizzle": 7.0405, "Doberman": 3.231, "Doggfather": 3.2119999999999997, "King Snoop": 4.9405, "Chrome": 2.2865, "Sapphire": 2.1155, "AI Dogg": 2.9269999999999996, "Onyx Black": 3.24, "Black": 10.407692307692308, "just": 1.53}, "Swag Bag": {"Cashback": 3.1774999999999998, "Missionary": 7.174999999999999, "P.I.M.P.": 2.1525, "Happy Herbs": 3.1774999999999998, "Snoop Life": 2.5625, "Aviators": 2.1525, "Dogg’s Loot": 2.1525, "Bulk Order": 2.3574999999999995, "Gin & Jewels": 2.3985, "Boiling Hot": 2.4599999999999995, "Take It Easy": 2.7675, "April 20th": 2.7675, "Darkness": 2.255, "Leopard": 2.3985, "Onyx Black": 3.125, "Black": 7.374999999999999, "just": 1.7424999999999997}, "Snoop Cigar": {"Onyx Black": 7.955, "Black": 19.3, "just": 4.2075000000000005}, "Lol Pop": {"Dark Portal": 1.911, "Nostalgia": 1.5435, "Crystal Comet": 1.5435, "Magic Wand": 1.5435, "Dark Sky": 1.617, "Angelina": 2.2785, "Jinxed": 1.764, "Milky Way": 1.617, "Blood Ember": 1.617, "Jolly Roger": 1.8375, "Comic Crunch": 1.5435, "Sick Leave": 1.5435, "Rosebud": 1.7198999999999998, "Sweetheart": 1.617, "Mortal Sin": 4.116, "Pumpkin": 1.5435, "Andromeda": 1.9845000000000002, "Celestia": 2.2785, "Fire Vortex": 1.5435, "Satellite": 1.7198999999999998, "Hexed Helix": 1.8375, "Einstein": 1.7198999999999998, "Heart Pop": 1.5435, "Cobweb": 1.5435, "Glowstick": 2.2785, "Blood Sucker": 1.9845000000000002, "Love Bubbles": 1.617, "Doodle Art": 1.617, "Hollywood": 1.5435, "Onyx Black": 2.035, "Black": 5.1850000000000005, "just": 1.2495}, "B-Day Candle": {"Pixel Wish": 2.263, "Kaboom!": 1.971, "On Fire": 2.263, "Happy Meows": 2.263, "Purr Magic": 2.263, "Payday": 2.263, "Final Boss": 2.263, "Onyx Black": 1.83, "Black": 5.199999999999999, "just": 1.2409999999999999}, "Desk Calendar": {"Pepe Plans": 14.724999999999998, "Balloon Face": 1.825, "Fund Manager": 2.263, "Hodler": 5.109999999999999, "Telegram": 2.263, "Durov Day": 5.109999999999999, "Sunday": 1.898, "Investor": 8.73, "Checklist": 1.971, "Adult Tasks": 25.73, "Peach Week": 2.263, "Tic Tac Toe": 2.263, "Burning Time": 2.263, "Fawkes Night": 2.92, "Deadline": 2.263, "Heartbreak": 1.606, "Independence": 2.263, "Onyx Black": 1.88, "Black": 5.125, "just": 1.2409999999999999}, "Lunar Snake": {"Psychedelic": 2.2785, "Python Dev": 2.2785, "Timelock": 2.2785, "Soul Eater": 2.2785, "Dragon Ball": 5.145, "Hot Cherry": 2.2785, "Hellspawn": 1.9845000000000002, "Synthwave": 5.145, "Onyx Black": 2.235, "Black": 5.4799999999999995, "just": 1.2495}, "Xmas Stocking": {"Onyx Black": 2.185, "Black": 5.180000000000001, "just": 1.2495}, "Snake Box": {"Onyx Black": 2.05, "Black": 5.409999999999999, "just": 1.3005}, "Pet Snake": {"Onyx Black": 2.4, "Black": 6.159999999999999, "just": 1.53}, "Candy Cane": {"Hex Pot": 4.088, "Designer": 7.180000000000001, "Grinch": 2.92, "Sticky Sweet": 2.263, "Onyx Black": 2.33, "Black": 5.7299999999999995, "just": 1.2409999999999999}, "Whip Cupcake": {"Resistance": 6.485, "Deep State": 2.387, "Bitcoin": 14.52, "Toncoin": 2.387, "Sponge Duck": 2.387, "Onyx Black": 2.17, "Black": 5.51, "just": 1.309}, "Big Year": {"Creator": 2.6595, "YouTubes": 3.0535, "Qing Dynasty": 3.0535, "Game Boy": 2.364, "Cheshire Cat": 2.6595, "The Hobbit": 3.94, "Telegram": 3.94, "Gold Mine": 6.895, "Balloons": 2.2655, "Pokeball": 2.6595, "Pavel Durov": 9.98, "Bitcoin": 5.516, "First Website": 2.0685000000000002, "The Nether": 3.0535, "Big Brother": 3.0535, "Onyx Black": 3.6100000000000003, "Black": 9.184999999999999, "just": 1.6744999999999999}, "Homemade Cake": {"Onyx Black": 2.34, "Black": 5.32, "just": 1.564}, "Cookie Heart": {"Onyx Black": 2.475, "Black": 6.7299999999999995, "just": 1.6744999999999999}, "Jester Hat": {"Onyx Black": 2.645, "Black": 6.095, "just": 1.5215}, "Holiday Drink": {"Onyx Black": 2.705, "Black": 6.245, "just": 1.666}, "Ginger Cookie": {"Onyx Black": 3.575, "Black": 6.895, "just": 1.7}, "Hypno Lollipop": {"Onyx Black": 3.485, "Black": 6.945, "just": 1.7}, "Winter Wreath": {"Moon Cat": 88.47, "Onyx Black": 2.9699999999999998, "Black": 6.970000000000001, "just": 1.649}, "Party Sparkler": {"Onyx Black": 3.035, "Black": 7.249999999999999, "just": 1.666}, "Jingle Bells": {"Onyx Black": 2.8899999999999997, "Black": 6.275, "just": 1.9379999999999997}, "Tama Gadget": {"Onyx Black": 3.46, "Black": 6.790000000000001, "just": 1.785}, "Jack-in-the-Box": {"Onyx Black": 3.215, "Black": 6.63, "just": 1.9209999999999998}, "Star Notepad": {"Onyx Black": 3.785, "Black": 9.21, "just": 2.057}, "Easter Egg": {"Onyx Black": 3.795, "Black": 10.875, "just": 2.4139999999999997}, "Santa Hat": {"Onyx Black": 3.86, "Black": 8.216000000000001, "just": 2.295}, "Hex Pot": {"Onyx Black": 4.02, "Black": 10.11, "just": 2.4055}, "Restless Jar": {"Onyx Black": 3.9749999999999996, "Black": 9.285, "just": 2.21}, "Lush Bouquet": {"Onyx Black": 4.615, "Black": 8.875, "just": 2.7624999999999997}, "Spiced Wine": {"Onyx Black": 3.322, "Black": 6.558, "just": 2.0145}, "Snow Globe": {"Onyx Black": 4.890000000000001, "Black": 11.395, "just": 2.3715}, "Joyful Bundle": {"Onyx Black": 3.965, "Black": 9.61, "just": 2.3545}, "Light Sword": {"Onyx Black": 4.564, "Black": 10.68, "just": 2.669}, "Witch Hat": {"Onyx Black": 4.475, "Black": 11.549999999999999, "just": 2.635}, "Bow Tie": {"Onyx Black": 4.55, "Black": 11.634, "just": 2.7624999999999997}, "Eternal Candle": {"Onyx Black": 5.452, "Black": 11.652, "just": 2.907}, "Jelly Bunny": {"Onyx Black": 5.2, "Black": 10.695, "just": 2.9325}, "Bunny Muffin": {"Onyx Black": 4.7459999999999996, "Black": 11.722, "just": 3.2895}, "Spy Agaric": {"Onyx Black": 5.5840000000000005, "Black": 10.456, "just": 2.924}, "Evil Eye": {"Onyx Black": 6.2379999999999995, "Black": 13.438, "just": 3.1705}, "Snow Mittens": {"Onyx Black": 5.8, "Black": 8.716, "just": 3.4}, "Berry Box": {"Onyx Black": 5.514, "Black": 10.734, "just": 3.3065}, "Valentine Box": {"Onyx Black": 7.279999999999999, "Black": 12.879999999999999, "just": 4.08}, "Sakura Flower": {"Onyx Black": 6.582, "Black": 16.182, "just": 4.2245}, "Hanging Star": {"Onyx Black": 9.082, "Black": 15.298000000000002, "just": 4.9895}, "Sleigh Bell": {"Onyx Black": 10.559999999999999, "Black": 20.56, "just": 6.46}, "Love Candle": {"Onyx Black": 10.364, "Black": 17.068, "just": 6.9190000000000005}, "Skull Flower": {"Onyx Black": 11.774, "Black": 18.694, "just": 7.046499999999999}, "Crystal Ball": {"Onyx Black": 12.654, "Black": 28.293999999999997, "just": 7.2165}, "Trapped Heart": {"Onyx Black": 12.634, "Black": 17.434, "just": 7.1315}, "Top Hat": {"Onyx Black": 14.956, "Black": 26.555999999999997, "just": 7.021}, "Love Potion": {"Onyx Black": 13.58, "Black": 23.984, "just": 8.483}, "Flying Broom": {"Onyx Black": 12.034, "Black": 17.634, "just": 7.9815000000000005}, "Cupid Charm": {"Onyx Black": 16.662, "Black": 32.862, "just": 10.0045}, "Record Player": {"Onyx Black": 10.54, "Black": 20.740000000000002, "just": 6.715}, "Eternal Rose": {"Onyx Black": 20.63, "Black": 30.669999999999998, "just": 12.282499999999999}, "Mad Pumpkin": {"Onyx Black": 24.026, "Black": 40.001999999999995, "just": 15.903500000000001}, "Voodoo Doll": {"Onyx Black": 23.752000000000002, "Black": 39.352000000000004, "just": 14.382000000000001}, "Diamond Ring": {"Onyx Black": 21.896, "Black": 43.1, "just": 14.025}, "Toy Bear": {"Onyx Black": 32.84, "Black": 53.0, "just": 21.25}, "Vintage Cigar": {"Onyx Black": 36.894, "Black": 66.694, "just": 20.816499999999998}, "Neko Helmet": {"Onyx Black": 38.32, "Black": 67.03999999999999, "just": 23.119999999999997}, "Low Rider": {"Onyx Black": 32.894, "Black": 84.18199999999999, "just": 21.6665}, "Signet Ring": {"Onyx Black": 37.594, "Black": 76.754, "just": 23.7915}, "Electric Skull": {"Onyx Black": 44.06, "Black": 76.064, "just": 28.423999999999996}, "Kissed Frog": {"Onyx Black": 45.474000000000004, "Black": 80.274, "just": 28.7215}, "Swiss Watch": {"Onyx Black": 42.81, "Black": 72.81,