{"Snoop Dogg": {"Goldizzle": 6.7655, "King Snoop": 4.4255, "Chrome": 2.3295000000000003, "Black Diamond": 2.0635, "Emerald": 1.9305000000000003, "Doggfather": 2.9155, "Doberman": 3.685, "AI Dogg": 3.2005, "Cold Topaz": 1.9970000000000003, "Sapphire": 2.2060000000000004, "Onyx Black": 2.783333333333333, "Black": 9.61153846153846, "just": 1.4024999999999999}, "Swag Bag": {"Missionary": 6.3, "Boiling Hot": 2.3400000000000003, "Cashback": 2.79, "Snoop Life": 2.25, "P.I.M.P.": 1.8900000000000001, "Bulk Order": 2.07, "Gin & Jewels": 2.25, "Golden Nugs": 1.8900000000000001, "Take It Easy": 2.07, "Darkness": 1.9800000000000002, "April 20th": 2.79, "Happy Herbs": 2.79, "Onyx Black": 2.95, "Black": 6.8999999999999995, "just": 1.53}, "Snoop Cigar": {"Onyx Black": 8.135, "Black": 18.19, "just": 3.723}, "Lol Pop": {"Heart Pop": 1.3860000000000001, "Jolly Roger": 1.584, "Love Bubbles": 1.4520000000000002, "Fire Vortex": 1.4520000000000002, "Celestia": 2.0460000000000003, "Pink Foil": 1.4520000000000002, "Romance": 1.3860000000000001, "Wonka Berry": 1.4520000000000002, "Blood Sucker": 1.6500000000000001, "Sweetheart": 1.518, "Einstein": 1.4520000000000002, "Dark Portal": 1.584, "Doodle Art": 1.4520000000000002, "Watermelon": 1.4520000000000002, "Hexed Helix": 1.518, "Pumpkin": 1.518, "Blood Ember": 1.584, "Dark Sky": 1.518, "Comic Crunch": 1.3860000000000001, "Rosebud": 1.6500000000000001, "Glowstick": 2.0460000000000003, "Shock Wave": 1.3860000000000001, "Milky Way": 1.4520000000000002, "Mortal Sin": 2.64, "Nostalgia": 1.3860000000000001, "Cobweb": 1.518, "Andromeda": 2.0460000000000003, "Sailor Moon": 1.3860000000000001, "Cookie Dip": 1.4520000000000002, "Jinxed": 1.4520000000000002, "Satellite": 1.7160000000000002, "Icicle": 1.4520000000000002, "Angelina": 1.7820000000000003, "Onyx Black": 1.81, "Black": 5.11, "just": 1.122}, "B-Day Candle": {"Shocker": 1.922, "Purr Magic": 1.922, "Pixel Wish": 1.922, "Payday": 1.922, "Happy Meows": 2.48, "On Fire": 1.922, "Kaboom!": 1.922, "Final Boss": 1.922, "Onyx Black": 1.595, "Black": 4.865, "just": 1.054}, "Desk Calendar": {"Balloon Face": 1.6380000000000001, "Sunday": 2.52, "Investor": 4.41, "Tic Tac Toe": 1.701, "Fund Manager": 1.953, "Hodler": 3.5279999999999996, "Adult Tasks": 4.41, "Burning Time": 1.953, "Peach Week": 1.6380000000000001, "Checklist": 1.701, "Durov Day": 2.52, "Fawkes Night": 4.41, "Pepe Plans": 4.41, "Deadline": 2.52, "Independence": 3.5279999999999996, "Heartbreak": 1.3860000000000001, "Telegram": 1.953, "Onyx Black": 1.605, "Black": 4.88, "just": 1.071}, "Lunar Snake": {"Soul Eater": 1.7125000000000001, "Psychedelic": 2.1235000000000004, "Python Dev": 2.1235000000000004, "Timelock": 1.8495000000000004, "Synthwave": 3.836, "Hot Cherry": 2.1235000000000004, "Hellspawn": 2.1235000000000004, "Dragon Ball": 4.795, "Onyx Black": 1.98, "Black": 5.085000000000001, "just": 1.1645}, "Xmas Stocking": {"Onyx Black": 1.99, "Black": 4.665, "just": 1.1305}, "Snake Box": {"Onyx Black": 1.85, "Black": 5.055, "just": 1.1135}, "Pet Snake": {"Onyx Black": 2.31, "Black": 5.289999999999999, "just": 1.3855}, "Candy Cane": {"Designer": 5.53, "Grinch": 2.4490000000000003, "Hex Pot": 3.16, "Sticky Sweet": 2.4490000000000003, "Onyx Black": 2.37, "Black": 5.79, "just": 1.343}, "Whip Cupcake": {"Sponge Duck": 2.84, "Toncoin": 2.201, "Resistance": 4.97, "Bitcoin": 4.97, "Deep State": 1.917, "Onyx Black": 2.205, "Black": 5.635, "just": 1.2069999999999999}, "Big Year": {"Pavel Durov": 4.76, "Cheshire Cat": 2.295, "Pokeball": 2.635, "Telegram": 4.76, "Qing Dynasty": 3.4, "First Website": 1.9549999999999998, "Bitcoin": 4.76, "Creator": 2.635, "Gold Mine": 4.76, "Big Brother": 2.295, "Game Boy": 2.21, "YouTubes": 2.635, "Balloons": 1.87, "The Nether": 2.125, "The Hobbit": 3.4, "Onyx Black": 2.7199999999999998, "Black": 7.800000000000001, "just": 1.4449999999999998}, "Homemade Cake": {"Onyx Black": 2.0300000000000002, "Black": 5.035, "just": 1.3345}, "Cookie Heart": {"Onyx Black": 2.275, "Black": 6.3500000000000005, "just": 1.4449999999999998}, "Jester Hat": {"Onyx Black": 2.9450000000000003, "Black": 5.57, "just": 1.394}, "Holiday Drink": {"Onyx Black": 2.33, "Black": 5.59, "just": 1.513}, "Ginger Cookie": {"Onyx Black": 2.84, "Black": 6.165, "just": 1.5555}, "Hypno Lollipop": {"Onyx Black": 2.705, "Black": 5.904999999999999, "just": 1.5385}, "Winter Wreath": {"Onyx Black": 2.455, "Black": 7.67, "just": 1.4789999999999999}, "Party Sparkler": {"Onyx Black": 2.825, "Black": 8.375, "just": 1.5725}, "Jingle Bells": {"Onyx Black": 2.475, "Black": 6.3950000000000005, "just": 1.5215}, "Tama Gadget": {"Onyx Black": 2.88, "Black": 6.37, "just": 1.496}, "Jack-in-the-Box": {"Onyx Black": 2.7, "Black": 7.91, "just": 1.7594999999999998}, "Star Notepad": {"Onyx Black": 4.1, "Black": 8.925, "just": 1.87}, "Easter Egg": {"Onyx Black": 3.675, "Black": 10.424999999999999, "just": 1.9975}, "Santa Hat": {"Onyx Black": 3.2800000000000002, "Black": 9.48, "just": 1.836}, "Hex Pot": {"Onyx Black": 3.695, "Black": 7.9799999999999995, "just": 1.9465}, "Restless Jar": {"Onyx Black": 3.685, "Black": 8.41, "just": 2.0145}, "Lush Bouquet": {"Onyx Black": 3.35, "Black": 7.75, "just": 2.125}, "Spiced Wine": {"Onyx Black": 3.12, "Black": 7.87, "just": 1.6915}, "Snow Globe": {"Onyx Black": 3.985, "Black": 9.09, "just": 2.0229999999999997}, "Joyful Bundle": {"Onyx Black": 3.675, "Black": 8.129999999999999, "just": 2.176}, "Light Sword": {"Onyx Black": 4.505, "Black": 11.255, "just": 2.3885}, "Witch Hat": {"Onyx Black": 3.84, "Black": 10.34, "just": 2.278}, "Bow Tie": {"Onyx Black": 4.675, "Black": 14.0, "just": 2.55}, "Eternal Candle": {"Onyx Black": 4.949999999999999, "Black": 10.45, "just": 2.465}, "Jelly Bunny": {"Onyx Black": 4.55, "Black": 10.05, "just": 2.635}, "Bunny Muffin": {"Onyx Black": 4.475, "Black": 21.62, "just": 2.7624999999999997}, "Spy Agaric": {"Onyx Black": 5.1899999999999995, "Black": 10.434999999999999, "just": 2.448}, "Evil Eye": {"Onyx Black": 5.725, "Black": 15.73, "just": 2.941}, "Snow Mittens": {"Onyx Black": 3.935, "Black": 8.434999999999999, "just": 2.4395000000000002}, "Berry Box": {"Onyx Black": 4.734999999999999, "Black": 14.27, "just": 3.009}, "Valentine Box": {"Onyx Black": 7.8950000000000005, "Black": 10.895, "just": 3.2215}, "Sakura Flower": {"Onyx Black": 5.485, "Black": 17.985, "just": 3.3745000000000003}, "Hanging Star": {"Onyx Black": 7.550000000000001, "Black": 16.4, "just": 4.08}, "Sleigh Bell": {"Onyx Black": 10.875, "Black": 17.73, "just": 5.066}, "Love Candle": {"Onyx Black": 7.885, "Black": 15.485, "just": 5.499499999999999}, "Skull Flower": {"Onyx Black": 8.645, "Black": 16.950000000000003, "just": 5.015000000000001}, "Crystal Ball": {"Onyx Black": 10.175, "Black": 28.200000000000003, "just": 5.44}, "Trapped Heart": {"Onyx Black": 10.365, "Black": 23.365000000000002, "just": 6.5705}, "Top Hat": {"Onyx Black": 15.594999999999999, "Black": 25.945000000000004, "just": 6.1115}, "Love Potion": {"Onyx Black": 10.155, "Black": 26.404999999999998, "just": 6.6385}, "Flying Broom": {"Onyx Black": 10.295, "Black": 19.295, "just": 7.3015}, "Cupid Charm": {"Onyx Black": 16.240000000000002, "Black": 36.989999999999995, "just": 8.483}, "Record Player": {"Onyx Black": 11.775, "Black": 23.87, "just": 6.5874999999999995}, "Eternal Rose": {"Onyx Black": 18.325, "Black": 36.325, "just": 10.7525}, "Mad Pumpkin": {"Onyx Black": 18.09, "Black": 39.345, "just": 11.6365}, "Voodoo Doll": {"Onyx Black": 20.495, "Black": 45.995, "just": 12.7415}, "Diamond Ring": {"Onyx Black": 19.98, "Black": 44.495, "just": 12.7415}, "Toy Bear": {"Onyx Black": 22.89, "Black": 53.145, "just": 14.696499999999999}, "Vintage Cigar": {"Onyx Black": 35.94, "Black": 73.44, "just": 18.598}, "Neko Helmet": {"Onyx Black": 41.355000000000004, "Black": 71.35, "just": 19.3035}, "Low Rider": {"Onyx Black": 35.245, "Black": 106.74499999999999, "just": 20.816499999999998}, "Signet Ring": {"Onyx Black": 37.25, "Black": 89.75, "just": 19.125},