{"Snoop Dogg": {"Chrome": 2.2535000000000003, "Doberman": 3.7135000000000002, "Sapphire": 2.168, "AI Dogg": 2.8965, "Doggfather": 3.1435000000000004, "Black Diamond": 1.9305000000000003, "King Snoop": 4.8055, "Emerald": 1.883, "Goldizzle": 7.231000000000001, "Onyx Black": 2.8166666666666664, "Black": 10.373076923076923, "just": 1.4024999999999999}, "Swag Bag": {"Take It Easy": 2.1505, "April 20th": 2.8985000000000003, "Snoop Life": 2.5245, "Bulk Order": 2.1505, "Missionary": 6.545, "Darkness": 1.9635000000000002, "Cashback": 2.8985000000000003, "Gin & Jewels": 2.1505, "Happy Herbs": 2.8985000000000003, "Boiling Hot": 2.431, "Onyx Black": 2.935, "Black": 6.925, "just": 1.5895000000000001}, "Snoop Cigar": {"Onyx Black": 7.7, "Black": 18.450000000000003, "just": 3.74}, "Lol Pop": {"Jolly Roger": 1.56, "Wonka Berry": 1.4300000000000002, "Einstein": 1.3650000000000002, "Pumpkin": 1.4949999999999999, "Doodle Art": 1.56, "Blood Sucker": 1.625, "Cobweb": 1.4949999999999999, "Glowstick": 2.015, "Hexed Helix": 1.4300000000000002, "Comic Crunch": 1.3650000000000002, "Love Bubbles": 1.4300000000000002, "Romance": 1.3650000000000002, "Jinxed": 1.4300000000000002, "Milky Way": 1.4300000000000002, "Andromeda": 1.7550000000000001, "Dark Sky": 1.56, "Rosebud": 1.625, "Shock Wave": 1.3650000000000002, "Blood Ember": 1.625, "Cookie Dip": 1.4300000000000002, "Mortal Sin": 3.6399999999999997, "Icicle": 1.4300000000000002, "Sweetheart": 1.4949999999999999, "Pink Foil": 1.3650000000000002, "Sailor Moon": 1.56, "Portable Pop": 1.3650000000000002, "Celestia": 2.015, "Satellite": 1.6900000000000002, "Watermelon": 1.4300000000000002, "Dark Portal": 1.56, "Heart Pop": 1.3650000000000002, "Fire Vortex": 1.4300000000000002, "Angelina": 1.7550000000000001, "Onyx Black": 1.75, "Black": 5.0200000000000005, "just": 1.105}, "B-Day Candle": {"Happy Meows": 2.4, "Kaboom!": 1.8599999999999999, "Payday": 1.8599999999999999, "On Fire": 2.4, "Shocker": 1.8599999999999999, "Final Boss": 1.8599999999999999, "Pixel Wish": 1.8599999999999999, "Purr Magic": 1.8599999999999999, "Onyx Black": 1.575, "Black": 4.75, "just": 1.02}, "Desk Calendar": {"Telegram": 1.8599999999999999, "Peach Week": 1.62, "Tic Tac Toe": 1.62, "Deadline": 2.4, "Burning Time": 1.8599999999999999, "Checklist": 1.8599999999999999, "Fund Manager": 1.8599999999999999, "Sunday": 2.4, "Heartbreak": 1.32, "Investor": 4.2, "Durov Day": 2.4, "Balloon Face": 1.62, "Pepe Plans": 4.2, "Independence": 3.36, "Adult Tasks": 4.2, "Hodler": 4.2, "Fawkes Night": 4.2, "Onyx Black": 1.565, "Black": 4.85, "just": 1.02}, "Lunar Snake": {"Psychedelic": 2.0925000000000002, "Soul Eater": 1.7550000000000001, "Hot Cherry": 2.0925000000000002, "Timelock": 1.8225000000000002, "Dragon Ball": 4.7250000000000005, "Synthwave": 3.78, "Python Dev": 2.0925000000000002, "Hellspawn": 2.0925000000000002, "Onyx Black": 1.97, "Black": 4.925000000000001, "just": 1.1475}, "Xmas Stocking": {"Onyx Black": 1.96, "Black": 5.01, "just": 1.122}, "Snake Box": {"Onyx Black": 1.9100000000000001, "Black": 5.11, "just": 1.122}, "Pet Snake": {"Onyx Black": 2.29, "Black": 5.04, "just": 1.343}, "Candy Cane": {"Designer": 5.390000000000001, "Grinch": 2.387, "Sticky Sweet": 2.387, "Hex Pot": 3.08, "Onyx Black": 2.2350000000000003, "Black": 6.2700000000000005, "just": 1.309}, "Whip Cupcake": {"Toncoin": 2.201, "Resistance": 4.97, "Bitcoin": 4.97, "Deep State": 1.917, "Sponge Duck": 2.84, "Onyx Black": 2.11, "Black": 5.205, "just": 1.2069999999999999}, "Big Year": {"Gold Mine": 4.704, "Game Boy": 2.184, "Pokeball": 2.604, "The Hobbit": 3.36, "Cheshire Cat": 2.184, "First Website": 2.184, "Creator": 2.604, "Qing Dynasty": 2.604, "Bitcoin": 4.704, "The Nether": 2.184, "YouTubes": 2.604, "Big Brother": 2.2680000000000002, "Telegram": 4.704, "Pavel Durov": 4.704, "Onyx Black": 2.71, "Black": 7.79, "just": 1.428}, "Homemade Cake": {"Onyx Black": 2.015, "Black": 5.02, "just": 1.309}, "Cookie Heart": {"Onyx Black": 2.285, "Black": 6.765000000000001, "just": 1.4705}, "Jester Hat": {"Onyx Black": 2.95, "Black": 5.950000000000001, "just": 1.36}, "Holiday Drink": {"Onyx Black": 2.31, "Black": 5.57, "just": 1.4789999999999999}, "Ginger Cookie": {"Onyx Black": 2.8449999999999998, "Black": 6.42, "just": 1.564}, "Hypno Lollipop": {"Onyx Black": 2.7, "Black": 5.8999999999999995, "just": 1.53}, "Winter Wreath": {"Onyx Black": 2.435, "Black": 7.95, "just": 1.4449999999999998}, "Party Sparkler": {"Onyx Black": 2.835, "Black": 5.6850000000000005, "just": 1.5895000000000001}, "Jingle Bells": {"Onyx Black": 2.465, "Black": 6.385, "just": 1.5045}, "Tama Gadget": {"Onyx Black": 2.885, "Black": 6.484999999999999, "just": 1.5045}, "Jack-in-the-Box": {"Onyx Black": 2.66, "Black": 7.87, "just": 1.6915}, "Star Notepad": {"Onyx Black": 4.09, "Black": 8.99, "just": 1.853}, "Easter Egg": {"Onyx Black": 3.6799999999999997, "Black": 10.93, "just": 2.006}, "Santa Hat": {"Onyx Black": 3.295, "Black": 9.495000000000001, "just": 1.8615}, "Hex Pot": {"Onyx Black": 3.745, "Black": 8.045000000000002, "just": 1.9465}, "Restless Jar": {"Onyx Black": 3.65, "Black": 7.6499999999999995, "just": 1.9549999999999998}, "Lush Bouquet": {"Onyx Black": 3.35, "Black": 8.5, "just": 2.125}, "Spiced Wine": {"Onyx Black": 3.15, "Black": 7.95, "just": 1.7424999999999997}, "Snow Globe": {"Onyx Black": 3.9899999999999998, "Black": 9.09, "just": 2.0229999999999997}, "Joyful Bundle": {"Onyx Black": 3.6950000000000003, "Black": 8.5, "just": 2.21}, "Light Sword": {"Onyx Black": 4.59, "Black": 11.29, "just": 2.448}, "Witch Hat": {"Onyx Black": 3.885, "Black": 10.335, "just": 2.2695}, "Bow Tie": {"Onyx Black": 4.6899999999999995, "Black": 14.69, "just": 2.5755}, "Eternal Candle": {"Onyx Black": 5.16, "Black": 10.16, "just": 2.397}, "Jelly Bunny": {"Onyx Black": 4.5, "Black": 10.0, "just": 2.55}, "Bunny Muffin": {"Onyx Black": 4.42, "Black": 21.57, "just": 2.6774999999999998}, "Spy Agaric": {"Onyx Black": 5.195, "Black": 10.695, "just": 2.4565}, "Evil Eye": {"Onyx Black": 5.74, "Black": 15.745, "just": 2.9665}, "Snow Mittens": {"Onyx Black": 4.195, "Black": 8.645, "just": 2.4565}, "Berry Box": {"Onyx Black": 4.735, "Black": 14.245, "just": 2.9665}, "Valentine Box": {"Onyx Black": 9.445, "Black": 10.945, "just": 3.3065}, "Sakura Flower": {"Onyx Black": 5.525, "Black": 18.025, "just": 3.4425}, "Hanging Star": {"Onyx Black": 7.485, "Black": 16.335, "just": 3.9695}, "Sleigh Bell": {"Onyx Black": 12.530000000000001, "Black": 18.025, "just": 5.151}, "Love Candle": {"Onyx Black": 7.82, "Black": 15.42, "just": 5.388999999999999}, "Skull Flower": {"Onyx Black": 8.295, "Black": 17.0, "just": 5.1}, "Crystal Ball": {"Onyx Black": 10.280000000000001, "Black": 28.294999999999998, "just": 5.6015}, "Trapped Heart": {"Onyx Black": 10.395, "Black": 22.895, "just": 6.6215}, "Top Hat": {"Onyx Black": 16.174999999999997, "Black": 26.050000000000004, "just": 6.29}, "Love Potion": {"Onyx Black": 10.309999999999999, "Black": 26.585, "just": 6.9445}, "Flying Broom": {"Onyx Black": 10.89, "Black": 19.39, "just": 7.462999999999999}, "Cupid Charm": {"Onyx Black": 14.995, "Black": 34.5, "just": 8.5}, "Record Player": {"Onyx Black": 10.04, "Black": 24.035000000000004, "just": 6.867999999999999}, "Eternal Rose": {"Onyx Black": 18.955, "Black": 36.455, "just": 10.9735}, "Mad Pumpkin": {"Onyx Black": 18.35, "Black": 39.605000000000004, "just": 12.0785}, "Voodoo Doll": {"Onyx Black": 20.495, "Black": 45.995, "just": 12.7415}, "Diamond Ring": {"Onyx Black": 20.075, "Black": 44.58, "just": 12.886}, "Toy Bear": {"Onyx Black": 21.939999999999998, "Black": 53.275000000000006, "just": 14.9175}, "Vintage Cigar": {"Onyx Black": 38.5, "Black": 91.0, "just": 18.7}, "Neko Helmet": {"Onyx Black": 41.45, "Black": 71.44999999999999, "just": 19.465}, "Low Rider": {"Onyx Black": 35.75, "Black": 107.25, "just": 20.825}, "Signet Ring": {"Onyx Black": 31.689999999999998, "Black": 90.69999999999999, "just": 19.889999999999997}, "Electric Skull": {"Onyx Black": 36.495, "Black": 69.495,