{"Snoop Dogg": {"Doggfather": 3.2119999999999997, "King Snoop": 4.9405, "Emerald": 1.8780000000000001, "Sapphire": 2.1155, "Goldizzle": 7.0405, "Chrome": 2.2865, "Cold Topaz": 1.9825, "Black Diamond": 2.1060000000000003, "Doberman": 3.231, "AI Dogg": 2.9269999999999996, "Onyx Black": 3.2366666666666664, "Black": 10.405384615384616, "just": 1.5215}, "Swag Bag": {"Snoop Life": 2.5, "P.I.M.P.": 2.1, "Boiling Hot": 2.5, "Cashback": 3.1, "Take It Easy": 2.7, "Missionary": 7.0, "Gin & Jewels": 2.4, "Dogg’s Loot": 2.1, "Bulk Order": 2.34, "Leopard": 2.34, "Aviators": 2.1, "April 20th": 3.1, "Happy Herbs": 3.1, "Darkness": 2.2, "Onyx Black": 3.1, "Black": 7.35, "just": 1.7}, "Snoop Cigar": {"Onyx Black": 7.950000000000001, "Black": 19.294999999999998, "just": 4.199}, "Lol Pop": {"Dark Portal": 1.911, "Sick Leave": 1.5435, "Mortal Sin": 4.116, "Pumpkin": 1.5435, "Glowstick": 2.2785, "Shock Wave": 1.5435, "Rosebud": 1.7198999999999998, "Angelina": 2.2785, "Sweetheart": 1.8375, "Crystal Comet": 1.5435, "Einstein": 1.7198999999999998, "Blood Sucker": 1.9845000000000002, "Nostalgia": 1.5435, "Love Bubbles": 1.6905, "Hexed Helix": 1.8375, "Milky Way": 1.617, "Cobweb": 1.5435, "Comic Crunch": 1.5435, "Celestia": 2.2785, "Doodle Art": 1.617, "Blood Ember": 1.617, "Andromeda": 1.9845000000000002, "Hollywood": 1.5435, "Heart Pop": 1.5435, "Jolly Roger": 1.8375, "Fire Vortex": 1.5435, "Satellite": 1.7198999999999998, "Jinxed": 1.764, "Dark Sky": 1.617, "Magic Wand": 1.5435, "Onyx Black": 2.035, "Black": 5.1850000000000005, "just": 1.2495}, "B-Day Candle": {"On Fire": 2.263, "Kaboom!": 1.971, "Pixel Wish": 2.263, "Payday": 2.263, "Final Boss": 2.263, "Happy Meows": 2.263, "Purr Magic": 2.263, "Onyx Black": 1.83, "Black": 5.199999999999999, "just": 1.2409999999999999}, "Desk Calendar": {"Adult Tasks": 27.044999999999998, "Investor": 8.725, "Durov Day": 5.075, "Sunday": 1.9575, "Hodler": 5.075, "Balloon Face": 1.8125, "Telegram": 2.2475, "Tic Tac Toe": 2.2475, "Independence": 2.2475, "Peach Week": 2.2475, "Fawkes Night": 5.075, "Heartbreak": 1.595, "Burning Time": 2.2475, "Pepe Plans": 14.719999999999999, "Fund Manager": 2.2475, "Deadline": 2.2475, "Checklist": 1.9575, "Onyx Black": 1.875, "Black": 5.119999999999999, "just": 1.2325}, "Lunar Snake": {"Hot Cherry": 2.2785, "Hellspawn": 1.9845000000000002, "Dragon Ball": 5.145, "Python Dev": 2.2785, "Synthwave": 5.145, "Soul Eater": 2.2785, "Timelock": 2.2785, "Psychedelic": 2.2785, "Onyx Black": 2.435, "Black": 5.4799999999999995, "just": 1.2495}, "Xmas Stocking": {"Onyx Black": 2.215, "Black": 5.21, "just": 1.3005}, "Snake Box": {"Onyx Black": 2.075, "Black": 5.435, "just": 1.343}, "Pet Snake": {"Onyx Black": 2.43, "Black": 6.19, "just": 1.581}, "Candy Cane": {"Hex Pot": 4.199999999999999, "Grinch": 3.0, "Designer": 7.2, "Sticky Sweet": 2.325, "Onyx Black": 2.35, "Black": 5.75, "just": 1.275}, "Whip Cupcake": {"Toncoin": 2.4025000000000003, "Resistance": 6.489999999999999, "Bitcoin": 13.725, "Deep State": 2.4025000000000003, "Sponge Duck": 2.4025000000000003, "Onyx Black": 2.175, "Black": 5.515000000000001, "just": 1.3175}, "Big Year": {"Qing Dynasty": 2.9139999999999997, "Pavel Durov": 9.940000000000001, "Big Brother": 2.9139999999999997, "Telegram": 5.263999999999999, "Gold Mine": 6.58, "Balloons": 2.1995999999999998, "YouTubes": 3.76, "Pokeball": 2.538, "Game Boy": 2.3499999999999996, "The Hobbit": 3.76, "Creator": 2.9139999999999997, "Bitcoin": 5.263999999999999, "The Nether": 2.9139999999999997, "Cheshire Cat": 2.9139999999999997, "First Website": 1.974, "Onyx Black": 3.565, "Black": 9.14, "just": 1.5979999999999999}, "Homemade Cake": {"Onyx Black": 2.34, "Black": 5.32, "just": 1.564}, "Cookie Heart": {"Onyx Black": 2.46, "Black": 6.715, "just": 1.649}, "Jester Hat": {"Onyx Black": 2.645, "Black": 6.095, "just": 1.5215}, "Holiday Drink": {"Onyx Black": 2.705, "Black": 6.245, "just": 1.666}, "Ginger Cookie": {"Onyx Black": 3.59, "Black": 6.91, "just": 1.7254999999999998}, "Hypno Lollipop": {"Onyx Black": 3.485, "Black": 6.945, "just": 1.7}, "Winter Wreath": {"Moon Cat": 88.47, "Onyx Black": 2.9699999999999998, "Black": 6.970000000000001, "just": 1.649}, "Party Sparkler": {"Onyx Black": 3.075, "Black": 7.249999999999999, "just": 1.666}, "Jingle Bells": {"Onyx Black": 2.875, "Black": 6.26, "just": 1.9124999999999999}, "Tama Gadget": {"Onyx Black": 3.46, "Black": 6.790000000000001, "just": 1.785}, "Jack-in-the-Box": {"Onyx Black": 3.21, "Black": 6.625, "just": 1.9124999999999999}, "Star Notepad": {"Onyx Black": 3.785, "Black": 9.21, "just": 2.057}, "Easter Egg": {"Onyx Black": 3.795, "Black": 10.62, "just": 2.4139999999999997}, "Santa Hat": {"Onyx Black": 3.872, "Black": 8.228, "just": 2.3120000000000003}, "Hex Pot": {"Onyx Black": 3.99, "Black": 10.08, "just": 2.3545}, "Restless Jar": {"Onyx Black": 3.9899999999999998, "Black": 9.3, "just": 2.2355}, "Lush Bouquet": {"Onyx Black": 4.615, "Black": 8.875, "just": 2.7624999999999997}, "Spiced Wine": {"Onyx Black": 3.322, "Black": 6.558, "just": 2.0145}, "Snow Globe": {"Onyx Black": 4.895, "Black": 11.399999999999999, "just": 2.38}, "Joyful Bundle": {"Onyx Black": 3.9699999999999998, "Black": 9.615, "just": 2.363}, "Light Sword": {"Onyx Black": 4.534, "Black": 10.649999999999999, "just": 2.6264999999999996}, "Witch Hat": {"Onyx Black": 4.4799999999999995, "Black": 11.555, "just": 2.6435}, "Bow Tie": {"Onyx Black": 4.55, "Black": 11.634, "just": 2.7624999999999997}, "Eternal Candle": {"Onyx Black": 5.470000000000001, "Black": 11.27, "just": 2.9325}, "Jelly Bunny": {"Onyx Black": 5.2, "Black": 10.695, "just": 2.9325}, "Bunny Muffin": {"Onyx Black": 4.763999999999999, "Black": 11.74, "just": 3.315}, "Spy Agaric": {"Onyx Black": 5.596, "Black": 10.468, "just": 2.941}, "Evil Eye": {"Onyx Black": 6.244, "Black": 12.164000000000001, "just": 3.1790000000000003}, "Snow Mittens": {"Onyx Black": 5.716, "Black": 8.632, "just": 3.2809999999999997}, "Berry Box": {"Onyx Black": 5.5200000000000005, "Black": 10.74, "just": 3.315}, "Valentine Box": {"Onyx Black": 7.279999999999999, "Black": 12.879999999999999, "just": 4.08}, "Sakura Flower": {"Onyx Black": 6.582, "Black": 16.182, "just": 4.2245}, "Hanging Star": {"Onyx Black": 8.98, "Black": 15.196000000000002, "just": 4.845}, "Sleigh Bell": {"Onyx Black": 10.554, "Black": 20.554, "just": 6.451499999999999}, "Love Candle": {"Onyx Black": 10.478, "Black": 17.182000000000002, "just": 7.0805}, "Skull Flower": {"Onyx Black": 11.774, "Black": 18.694, "just": 7.046499999999999}, "Crystal Ball": {"Onyx Black": 12.636, "Black": 28.276, "just": 7.191000000000001}, "Trapped Heart": {"Onyx Black": 12.622, "Black": 17.422, "just": 7.114499999999999}, "Top Hat": {"Onyx Black": 14.968, "Black": 26.567999999999998, "just": 7.037999999999999}, "Love Potion": {"Onyx Black": 13.58, "Black": 23.984, "just": 8.483}, "Flying Broom": {"Onyx Black": 12.034, "Black": 17.634, "just": 7.9815000000000005}, "Cupid Charm": {"Onyx Black": 16.674, "Black": 31.874, "just": 10.0215}, "Record Player": {"Onyx Black": 10.54, "Black": 20.740000000000002, "just": 6.715}, "Eternal Rose": {"Onyx Black": 20.6, "Black": 30.64, "just": 12.24}, "Mad Pumpkin": {"Onyx Black": 24.026, "Black": 40.001999999999995, "just": 15.903500000000001}, "Voodoo Doll": {"Onyx Black": 23.746000000000002, "Black": 39.346000000000004, "just": 14.3735}, "Diamond Ring": {"Onyx Black": 22.093999999999998, "Black": 43.298, "just": 14.305499999999999}, "Toy Bear": {"Onyx Black": 33.002, "Black": 53.162000000000006, "just": 21.479499999999998}, "Vintage Cigar": {"Onyx Black": 36.894, "Black": 66.694, "just": 20.816499999999998}, "Neko Helmet": {"Onyx Black": 38.164, "Black": 66.884, "just": 22.899}, "Low Rider": {"Onyx Black": 32.9, "Black": 84.188, "just": 21.675}, "Signet Ring": {"Onyx Black": 37.594, "Black": 76.754, "just": 23.7915}, "Electric Skull": {"Onyx Black": 44.06, "Black": 76.064, "just": 28.423999999999996}, "Kissed Frog": {"Onyx Black": 45.024, "Black": 79.82400000000001, "just": 28.084},