{"Snoop Dogg": {"Green Light": 1.9020000000000001, "Goldizzle": 7.2405, "Black Diamond": 2.2060000000000004, "Chrome": 2.263, "Cold Topaz": 2.016, "King Snoop": 5.0905000000000005, "Doggfather": 3.0105000000000004, "King Ruby": 1.8165000000000002, "Doberman": 3.3905000000000003, "AI Dogg": 3.058, "Sapphire": 1.9780000000000002, "Onyx Black": 2.876666666666667, "Black": 10.283846153846152, "just": 1.3855}, "Swag Bag": {"P.I.M.P.": 2.0130000000000003, "Dogg’s Loot": 1.9215000000000002, "Gin & Jewels": 2.379, "Snoop Life": 2.196, "Take It Easy": 2.1045, "April 20th": 2.8365, "Happy Herbs": 2.8365, "Bulk Order": 2.0130000000000003, "Boiling Hot": 2.1045, "Missionary": 6.405, "Cashback": 2.8365, "Onyx Black": 2.785, "Black": 6.91, "just": 1.5555}, "Snoop Cigar": {"Onyx Black": 8.675, "Black": 18.725, "just": 3.7825}, "Lol Pop": {"Jinxed": 1.4605, "Heart Pop": 1.3970000000000002, "Cobweb": 1.3970000000000002, "Einstein": 1.3970000000000002, "Dark Sky": 1.4605, "Celestia": 2.54, "Love Bubbles": 1.651, "Nostalgia": 1.3335000000000001, "Fire Vortex": 1.3970000000000002, "Mortal Sin": 3.5559999999999996, "Milky Way": 1.3970000000000002, "Hexed Helix": 1.3970000000000002, "Sweetheart": 1.4605, "Jolly Roger": 1.651, "Blood Sucker": 1.5875, "Pumpkin": 1.524, "Sailor Moon": 1.4605, "Doodle Art": 1.5875, "Wonka Berry": 1.3335000000000001, "Watermelon": 1.3970000000000002, "Rosebud": 1.651, "Cookie Dip": 1.4605, "Satellite": 1.5875, "Angelina": 1.9685000000000001, "Icicle": 1.3970000000000002, "Blood Ember": 1.651, "Soap Bubbles": 1.3335000000000001, "Comic Crunch": 1.3335000000000001, "Glowstick": 1.9685000000000001, "Dark Portal": 1.5875, "Romance": 1.3335000000000001, "Sick Leave": 1.3335000000000001, "Pink Foil": 1.3335000000000001, "Shock Wave": 1.3335000000000001, "Andromeda": 1.651, "Onyx Black": 1.785, "Black": 4.91, "just": 1.0795}, "B-Day Candle": {"Shocker": 1.8755, "Payday": 2.42, "Kaboom!": 1.8755, "Purr Magic": 2.42, "Happy Meows": 2.42, "On Fire": 2.42, "Final Boss": 1.8755, "Pixel Wish": 1.8755, "Onyx Black": 1.6199999999999999, "Black": 4.1, "just": 1.0285}, "Desk Calendar": {"Fund Manager": 1.8599999999999999, "Sunday": 2.4, "Pepe Plans": 4.2, "Adult Tasks": 4.2, "Investor": 4.2, "Checklist": 1.8599999999999999, "Telegram": 1.8599999999999999, "Balloon Face": 1.62, "Independence": 3.36, "Durov Day": 2.4, "Fawkes Night": 3.36, "Heartbreak": 1.38, "Tic Tac Toe": 1.8599999999999999, "Burning Time": 1.8599999999999999, "Hodler": 4.2, "Peach Week": 1.62, "Deadline": 2.4, "Onyx Black": 1.745, "Black": 4.64, "just": 1.02}, "Lunar Snake": {"Psychedelic": 2.108, "Soul Eater": 2.108, "Dragon Ball": 4.760000000000001, "Hellspawn": 2.108, "Hot Cherry": 2.108, "Synthwave": 3.808, "Timelock": 1.8360000000000003, "Python Dev": 2.108, "Onyx Black": 1.9300000000000002, "Black": 4.779999999999999, "just": 1.1560000000000001}, "Xmas Stocking": {"Onyx Black": 1.975, "Black": 4.675000000000001, "just": 1.1475}, "Snake Box": {"Onyx Black": 1.955, "Black": 5.0, "just": 1.1135}, "Pet Snake": {"Onyx Black": 2.085, "Black": 5.335, "just": 1.4195}, "Candy Cane": {"Designer": 5.705, "Sticky Sweet": 2.2005, "Grinch": 3.26, "Hex Pot": 2.5265, "Onyx Black": 2.375, "Black": 6.165, "just": 1.3855}, "Whip Cupcake": {"Deep State": 2.1235000000000004, "Resistance": 4.795, "Sponge Duck": 2.1235000000000004, "Bitcoin": 4.795, "Toncoin": 2.1235000000000004, "Onyx Black": 2.085, "Black": 4.93, "just": 1.1645}, "Big Year": {"First Website": 2.314, "Pokeball": 2.7590000000000003, "The Hobbit": 3.56, "Bitcoin": 4.984, "The Nether": 2.314, "YouTubes": 2.7590000000000003, "Qing Dynasty": 2.7590000000000003, "Cheshire Cat": 2.225, "Big Brother": 2.7590000000000003, "Game Boy": 2.314, "Creator": 2.314, "Gold Mine": 4.984, "Pavel Durov": 3.56, "Telegram": 4.984, "Balloons": 1.8690000000000002, "Onyx Black": 2.84, "Black": 7.840000000000001, "just": 1.513}, "Homemade Cake": {"Onyx Black": 1.95, "Black": 4.9, "just": 1.36}, "Cookie Heart": {"Onyx Black": 2.465, "Black": 6.454999999999999, "just": 1.53}, "Jester Hat": {"Onyx Black": 2.8200000000000003, "Black": 6.324999999999999, "just": 1.4024999999999999}, "Holiday Drink": {"Onyx Black": 2.325, "Black": 5.885, "just": 1.5045}, "Ginger Cookie": {"Onyx Black": 2.84, "Black": 6.365, "just": 1.5555}, "Hypno Lollipop": {"Onyx Black": 2.75, "Black": 6.945, "just": 1.615}, "Winter Wreath": {"Onyx Black": 2.38, "Black": 8.805, "just": 1.5385}, "Party Sparkler": {"Onyx Black": 2.575, "Black": 6.4750000000000005, "just": 1.6575}, "Jingle Bells": {"Onyx Black": 2.64, "Black": 5.4, "just": 1.53}, "Tama Gadget": {"Onyx Black": 2.645, "Black": 6.1499999999999995, "just": 1.53}, "Jack-in-the-Box": {"Onyx Black": 2.4000000000000004, "Black": 7.775, "just": 1.785}, "Star Notepad": {"Onyx Black": 3.335, "Black": 9.334999999999999, "just": 1.887}, "Easter Egg": {"Onyx Black": 3.825, "Black": 10.875, "just": 2.125}, "Santa Hat": {"Onyx Black": 3.4400000000000004, "Black": 9.74, "just": 2.108}, "Hex Pot": {"Onyx Black": 3.74, "Black": 7.965, "just": 2.108}, "Restless Jar": {"Onyx Black": 3.835, "Black": 7.935, "just": 2.0145}, "Lush Bouquet": {"Onyx Black": 3.41, "Black": 7.81, "just": 2.227}, "Spiced Wine": {"Onyx Black": 3.0949999999999998, "Black": 7.495, "just": 1.6915}, "Snow Globe": {"Onyx Black": 4.0200000000000005, "Black": 9.095, "just": 2.0315}, "Joyful Bundle": {"Onyx Black": 3.7, "Black": 8.525, "just": 2.2525}, "Light Sword": {"Onyx Black": 4.05, "Black": 11.405000000000001, "just": 2.3885}, "Witch Hat": {"Onyx Black": 3.99, "Black": 10.165000000000001, "just": 2.363}, "Bow Tie": {"Onyx Black": 4.76, "Black": 14.76, "just": 2.6944999999999997}, "Eternal Candle": {"Onyx Black": 4.970000000000001, "Black": 10.215, "just": 2.499}, "Jelly Bunny": {"Onyx Black": 4.595, "Black": 10.09, "just": 2.7115}, "Bunny Muffin": {"Onyx Black": 4.435, "Black": 10.985, "just": 2.6094999999999997}, "Spy Agaric": {"Onyx Black": 5.359999999999999, "Black": 9.959999999999999, "just": 2.4905}, "Evil Eye": {"Onyx Black": 5.795, "Black": 14.249999999999998, "just": 3.06}, "Snow Mittens": {"Onyx Black": 4.6, "Black": 8.844999999999999, "just": 2.465}, "Berry Box": {"Onyx Black": 4.765000000000001, "Black": 14.274999999999999, "just": 3.0174999999999996}, "Valentine Box": {"Onyx Black": 5.955, "Black": 10.945, "just": 3.3235}, "Sakura Flower": {"Onyx Black": 5.645, "Black": 18.0, "just": 3.4}, "Hanging Star": {"Onyx Black": 7.58, "Black": 17.28, "just": 3.8759999999999994}, "Sleigh Bell": {"Onyx Black": 9.844999999999999, "Black": 17.84, "just": 4.8365}, "Love Candle": {"Onyx Black": 7.765000000000001, "Black": 14.565000000000001, "just": 5.2105}, "Skull Flower": {"Onyx Black": 8.575, "Black": 19.43, "just": 4.981}, "Crystal Ball": {"Onyx Black": 10.265, "Black": 29.115, "just": 5.576}, "Trapped Heart": {"Onyx Black": 10.48, "Black": 22.98, "just": 6.766}, "Top Hat": {"Onyx Black": 13.32, "Black": 26.17, "just": 6.494}, "Love Potion": {"Onyx Black": 10.11, "Black": 26.46, "just": 6.732}, "Flying Broom": {"Onyx Black": 10.77, "Black": 21.77, "just": 7.2589999999999995}, "Cupid Charm": {"Onyx Black": 16.44, "Black": 33.44, "just": 8.398}, "Record Player": {"Onyx Black": 10.11, "Black": 24.105000000000004, "just": 6.987}, "Eternal Rose": {"Onyx Black": 19.245, "Black": 34.245, "just": 11.4665}, "Mad Pumpkin": {"Onyx Black": 17.995, "Black": 40.995, "just": 11.8915}, "Voodoo Doll": {"Onyx Black": 20.445, "Black": 40.445, "just": 12.6565}, "Diamond Ring": {"Onyx Black": 20.47, "Black": 43.72, "just": 13.123999999999999}, "Toy Bear": {"Onyx Black": 22.235, "Black": 51.23, "just": 14.849499999999999}, "Vintage Cigar": {"Onyx Black": 43.175, "Black": 62.175000000000004, "just": 18.1475}, "Neko Helmet": {"Onyx Black": 41.989999999999995, "Black": 71.99, "just": 20.383}, "Low Rider": {"Onyx Black": 37.7, "Black": 100.19999999999999, "just": 19.889999999999997}, "Signet Ring": {"Onyx Black": 33.644999999999996, "Black": 90.39500000000001, "just": 19.371499999999997},