{"Snoop Dogg": {"Chrome": 2.3105, "King Snoop": 4.520500000000001, "Black Diamond": 2.2155, "AI Dogg": 2.9819999999999998, "Goldizzle": 7.055999999999999, "Doggfather": 3.0105000000000004, "Sapphire": 2.263, "Doberman": 3.5235, "Cold Topaz": 2.0255, "Black Gold": 1.9305000000000003, "Onyx Black": 3.32, "Black": 10.02153846153846, "just": 1.496}, "Swag Bag": {"Gin & Jewels": 2.148, "Take It Easy": 2.4165, "April 20th": 2.7745, "Cashback": 2.7745, "P.I.M.P.": 1.8795000000000002, "Boiling Hot": 2.2375, "Happy Herbs": 2.7745, "Snoop Life": 2.4165, "Bulk Order": 2.4165, "Missionary": 6.265000000000001, "Darkness": 1.8795000000000002, "Onyx Black": 3.145, "Black": 7.095, "just": 1.5215}, "Snoop Cigar": {"Onyx Black": 8.195, "Black": 16.625, "just": 3.8249999999999997}, "Lol Pop": {"Icicle": 1.4175000000000002, "Sick Leave": 1.4850000000000003, "Cobweb": 1.4175000000000002, "Angelina": 2.0925000000000002, "Plastic Ice": 1.4175000000000002, "Hexed Helix": 1.7550000000000001, "Soap Bubbles": 1.4175000000000002, "Doodle Art": 1.4850000000000003, "Milky Way": 1.5525, "Dark Sky": 1.5525, "Nostalgia": 1.4175000000000002, "Heart Pop": 1.5525, "Romance": 1.4175000000000002, "Shock Wave": 1.5525, "Glowstick": 2.0925000000000002, "Pink Foil": 1.4175000000000002, "Celestia": 2.0925000000000002, "Crystalline": 1.4175000000000002, "Fire Vortex": 1.4175000000000002, "Pumpkin": 1.4850000000000003, "Jolly Roger": 1.6875, "Sailor Moon": 1.4850000000000003, "Portable Pop": 1.4175000000000002, "Blood Ember": 1.5525, "Mortal Sin": 3.78, "Cookie Dip": 1.4175000000000002, "Watermelon": 1.4175000000000002, "Einstein": 1.4850000000000003, "Satellite": 1.6875, "Blood Sucker": 1.62, "Gold Star": 1.4850000000000003, "Andromeda": 1.8225000000000002, "Dark Portal": 1.62, "Sweetheart": 1.5525, "Jinxed": 1.7550000000000001, "Love Bubbles": 1.5525, "Rosebud": 1.5525, "Comic Crunch": 1.4850000000000003, "Onyx Black": 1.845, "Black": 5.3149999999999995, "just": 1.1475}, "B-Day Candle": {"Pixel Wish": 2.0460000000000003, "Kaboom!": 1.7820000000000003, "Payday": 2.0460000000000003, "Purr Magic": 2.0460000000000003, "Happy Meows": 2.64, "Final Boss": 2.0460000000000003, "On Fire": 2.0460000000000003, "Onyx Black": 1.635, "Black": 5.1450000000000005, "just": 1.122}, "Desk Calendar": {"Fund Manager": 2.0305, "Balloon Face": 1.5065, "Burning Time": 2.0305, "Sunday": 2.0305, "Peach Week": 2.0305, "Checklist": 1.703, "Heartbreak": 1.572, "Investor": 4.585, "Adult Tasks": 24.604999999999997, "Tic Tac Toe": 1.572, "Fawkes Night": 4.585, "Pepe Plans": 10.975000000000001, "Telegram": 2.0305, "Deadline": 2.0305, "Durov Day": 2.62, "Hodler": 3.6679999999999997, "Independence": 2.62, "Onyx Black": 1.62, "Black": 5.994999999999999, "just": 1.1135}, "Lunar Snake": {"Soul Eater": 2.1545, "Timelock": 1.8765, "Hellspawn": 2.1545, "Hot Cherry": 1.8765, "Python Dev": 2.1545, "Synthwave": 3.8919999999999995, "Dragon Ball": 5.595, "Psychedelic": 1.8765, "Onyx Black": 2.16, "Black": 4.945, "just": 1.1815}, "Xmas Stocking": {"Onyx Black": 2.13, "Black": 5.424999999999999, "just": 1.19}, "Snake Box": {"Onyx Black": 1.9449999999999998, "Black": 6.17, "just": 1.139}, "Pet Snake": {"Onyx Black": 2.355, "Black": 5.105, "just": 1.4535}, "Candy Cane": {"Hex Pot": 3.1, "Grinch": 3.1, "Designer": 5.425, "Sticky Sweet": 2.4025000000000003, "Onyx Black": 2.45, "Black": 6.154999999999999, "just": 1.3175}, "Whip Cupcake": {"Sponge Duck": 2.17, "Toncoin": 2.8, "Deep State": 2.17, "Bitcoin": 10.385000000000002, "Resistance": 4.8999999999999995, "Onyx Black": 1.9949999999999999, "Black": 5.199999999999999, "just": 1.19}, "Big Year": {"The Nether": 2.079, "Pavel Durov": 3.78, "Game Boy": 2.079, "Cheshire Cat": 2.1734999999999998, "First Website": 1.9845, "Pokeball": 2.5515, "Qing Dynasty": 3.78, "Telegram": 5.292, "Big Brother": 2.9295, "Creator": 2.9295, "YouTubes": 2.9295, "Bitcoin": 3.78, "The Hobbit": 3.78, "Gold Mine": 5.292, "Onyx Black": 3.42, "Black": 9.195, "just": 1.6064999999999998}, "Homemade Cake": {"Onyx Black": 2.105, "Black": 5.175, "just": 1.428}, "Cookie Heart": {"Onyx Black": 2.59, "Black": 7.159999999999999, "just": 1.5979999999999999}, "Jester Hat": {"Onyx Black": 2.6, "Black": 6.200000000000001, "just": 1.36}, "Holiday Drink": {"Onyx Black": 2.835, "Black": 5.800000000000001, "just": 1.4449999999999998}, "Ginger Cookie": {"Onyx Black": 3.775, "Black": 6.5, "just": 1.7}, "Hypno Lollipop": {"Onyx Black": 2.8449999999999998, "Black": 6.194999999999999, "just": 1.6064999999999998}, "Winter Wreath": {"Onyx Black": 2.515, "Black": 9.335, "just": 1.513}, "Party Sparkler": {"Onyx Black": 3.245, "Black": 6.645, "just": 1.6064999999999998}, "Jingle Bells": {"Onyx Black": 2.675, "Black": 6.949999999999999, "just": 1.615}, "Tama Gadget": {"Onyx Black": 3.4350000000000005, "Black": 6.9799999999999995, "just": 1.6744999999999999}, "Jack-in-the-Box": {"Onyx Black": 3.085, "Black": 7.86, "just": 1.802}, "Star Notepad": {"Onyx Black": 3.875, "Black": 8.719999999999999, "just": 1.9124999999999999}, "Easter Egg": {"Onyx Black": 3.91, "Black": 10.76, "just": 2.142}, "Santa Hat": {"Onyx Black": 3.278, "Black": 8.338000000000001, "just": 2.2355}, "Hex Pot": {"Onyx Black": 3.9650000000000003, "Black": 10.350000000000001, "just": 2.295}, "Restless Jar": {"Onyx Black": 4.02, "Black": 8.415, "just": 2.159}, "Lush Bouquet": {"Onyx Black": 4.845000000000001, "Black": 7.745, "just": 2.3715}, "Spiced Wine": {"Onyx Black": 2.822, "Black": 6.514000000000001, "just": 1.9295}, "Snow Globe": {"Onyx Black": 4.12, "Black": 10.32, "just": 2.244}, "Joyful Bundle": {"Onyx Black": 3.5300000000000002, "Black": 8.03, "just": 2.176}, "Light Sword": {"Onyx Black": 4.12, "Black": 10.2, "just": 2.55}, "Witch Hat": {"Onyx Black": 4.3950000000000005, "Black": 11.985000000000001, "just": 2.5245}, "Bow Tie": {"Onyx Black": 4.1240000000000006, "Black": 12.708, "just": 2.703}, "Eternal Candle": {"Onyx Black": 5.258, "Black": 11.058, "just": 2.9155}, "Jelly Bunny": {"Onyx Black": 4.34, "Black": 10.100000000000001, "just": 2.72}, "Bunny Muffin": {"Onyx Black": 5.568, "Black": 13.3, "just": 2.975}, "Spy Agaric": {"Onyx Black": 4.86, "Black": 10.5, "just": 2.635}, "Evil Eye": {"Onyx Black": 6.154, "Black": 12.914, "just": 3.0515}, "Snow Mittens": {"Onyx Black": 4.946, "Black": 7.546, "just": 3.3235}, "Berry Box": {"Onyx Black": 5.208, "Black": 11.608, "just": 3.128}, "Valentine Box": {"Onyx Black": 7.95, "Black": 12.426, "just": 3.6125}, "Sakura Flower": {"Onyx Black": 6.6, "Black": 13.675999999999998, "just": 3.9099999999999997}, "Hanging Star": {"Onyx Black": 8.59, "Black": 14.314, "just": 4.4115}, "Sleigh Bell": {"Onyx Black": 10.628, "Black": 18.628, "just": 6.273}, "Love Candle": {"Onyx Black": 9.908000000000001, "Black": 15.988, "just": 6.783}, "Skull Flower": {"Onyx Black": 10.475999999999999, "Black": 18.159999999999997, "just": 6.46}, "Crystal Ball": {"Onyx Black": 12.3, "Black": 29.819999999999997, "just": 6.545}, "Trapped Heart": {"Onyx Black": 11.458, "Black": 19.766000000000002, "just": 7.1655}, "Top Hat": {"Onyx Black": 12.268, "Black": 25.720000000000002, "just": 6.613}, "Love Potion": {"Onyx Black": 10.978000000000002, "Black": 22.182000000000002, "just": 7.6245}, "Flying Broom": {"Onyx Black": 11.094, "Black": 17.294, "just": 8.0665}, "Cupid Charm": {"Onyx Black": 17.1, "Black": 35.9, "just": 8.924999999999999}, "Record Player": {"Onyx Black": 11.024000000000001, "Black": 20.683999999999997, "just": 6.664}, "Eternal Rose": {"Onyx Black": 18.39, "Black": 31.830000000000002, "just": 11.092500000000001}, "Mad Pumpkin": {"Onyx Black": 25.82, "Black": 40.62, "just": 15.044999999999998}, "Voodoo Doll": {"Onyx Black": 23.454, "Black": 57.95399999999999, "just": 14.1015}, "Diamond Ring": {"Onyx Black": 22.658, "Black": 38.658, "just": 13.965499999999999}, "Toy Bear": {"Onyx Black": 25.078000000000003, "Black": 47.525999999999996, "just": 16.328500000000002}, "Vintage Cigar": {"Onyx Black": 45.172, "Black": 59.976, "just": 20.366},