{"Snoop Dogg": {"AI Dogg": 3.1055, "Goldizzle": 7.0655, "Cold Topaz": 2.263, "Doberman": 3.5330000000000004, "Sapphire": 2.5005, "Chrome": 2.4055000000000004, "King Snoop": 4.511, "Doggfather": 3.1910000000000003, "Black Diamond": 2.1300000000000003, "King Ruby": 1.9780000000000002, "Onyx Black": 3.303333333333333, "Black": 10.489999999999998, "just": 1.5215}, "Swag Bag": {"Bulk Order": 2.509, "Gin & Jewels": 2.4125, "Take It Easy": 2.4125, "Leopard": 2.0265, "Missionary": 6.755, "Happy Herbs": 2.9915, "Darkness": 2.123, "Boiling Hot": 2.6055, "April 20th": 2.9915, "Cashback": 2.9915, "Snoop Life": 2.6055, "Onyx Black": 3.165, "Black": 7.455, "just": 1.6404999999999998}, "Snoop Cigar": {"Onyx Black": 8.145, "Black": 17.200000000000003, "just": 3.74}, "Lol Pop": {"Comic Crunch": 1.518, "Love Bubbles": 1.4520000000000002, "Jinxed": 1.4520000000000002, "Watermelon": 1.3860000000000001, "Gold Star": 1.518, "Glowstick": 2.0460000000000003, "Angelina": 2.0460000000000003, "Sailor Moon": 1.518, "Plastic Ice": 1.3860000000000001, "Dark Portal": 1.7820000000000003, "Magic Wand": 1.3860000000000001, "Heart Pop": 1.518, "Doodle Art": 1.3860000000000001, "Soap Bubbles": 1.3860000000000001, "Pumpkin": 1.518, "Einstein": 1.518, "Portable Pop": 1.3860000000000001, "Shock Wave": 1.4520000000000002, "Satellite": 1.7160000000000002, "Fire Vortex": 1.3860000000000001, "Sick Leave": 1.4520000000000002, "Hexed Helix": 1.518, "Milky Way": 1.4520000000000002, "Icicle": 1.3860000000000001, "Cookie Dip": 1.4520000000000002, "Cobweb": 1.3860000000000001, "Andromeda": 2.0460000000000003, "Mortal Sin": 3.6959999999999997, "Blood Ember": 1.518, "Dark Sky": 1.518, "Wonka Berry": 1.3860000000000001, "Sweetheart": 1.584, "Celestia": 2.0460000000000003, "Blood Sucker": 1.6500000000000001, "Pink Foil": 1.3860000000000001, "Rosebud": 1.518, "Hollywood": 1.3860000000000001, "Jolly Roger": 1.584, "Nostalgia": 1.3860000000000001, "Romance": 1.3860000000000001, "Crystalline": 1.3860000000000001, "Onyx Black": 1.835, "Black": 5.33, "just": 1.122}, "B-Day Candle": {"Payday": 2.0770000000000004, "Happy Meows": 2.0770000000000004, "On Fire": 2.0770000000000004, "Purr Magic": 2.0770000000000004, "Kaboom!": 1.8090000000000002, "Pixel Wish": 2.0770000000000004, "Final Boss": 2.0770000000000004, "Onyx Black": 1.725, "Black": 5.17, "just": 1.139}, "Desk Calendar": {"Burning Time": 2.0615, "Checklist": 1.729, "Balloon Face": 1.4630000000000003, "Heartbreak": 1.5294999999999999, "Deadline": 2.0615, "Tic Tac Toe": 1.596, "Adult Tasks": 25.064999999999998, "Durov Day": 2.66, "Fawkes Night": 4.655, "Investor": 4.655, "Fund Manager": 2.0615, "Peach Week": 2.0615, "Pepe Plans": 11.15, "Sunday": 2.0615, "Independence": 2.66, "Hodler": 3.7239999999999998, "Telegram": 2.0615, "Onyx Black": 1.635, "Black": 6.005, "just": 1.1305}, "Lunar Snake": {"Psychedelic": 1.75, "Timelock": 1.68, "Dragon Ball": 4.8999999999999995, "Hot Cherry": 1.89, "Soul Eater": 2.17, "Hellspawn": 2.17, "Python Dev": 2.17, "Synthwave": 7.199999999999999, "Onyx Black": 2.05, "Black": 5.449999999999999, "just": 1.19}, "Xmas Stocking": {"Onyx Black": 2.045, "Black": 5.4750000000000005, "just": 1.2325}, "Snake Box": {"Onyx Black": 2.145, "Black": 5.475, "just": 1.1475}, "Pet Snake": {"Onyx Black": 2.5149999999999997, "Black": 5.734999999999999, "just": 1.5045}, "Candy Cane": {"Designer": 5.25, "Grinch": 3.0, "Sticky Sweet": 2.325, "Hex Pot": 3.0, "Onyx Black": 2.425, "Black": 6.135, "just": 1.275}, "Whip Cupcake": {"Toncoin": 2.263, "Bitcoin": 10.575, "Sponge Duck": 2.263, "Resistance": 5.109999999999999, "Deep State": 1.971, "Onyx Black": 2.11, "Black": 5.279999999999999, "just": 1.2409999999999999}, "Big Year": {"Gold Mine": 5.516, "Qing Dynasty": 3.0535, "Bitcoin": 5.516, "Creator": 3.0535, "Big Brother": 3.0535, "YouTubes": 2.6595, "Cheshire Cat": 2.2655, "Game Boy": 2.0685000000000002, "Pavel Durov": 3.94, "The Nether": 2.0685000000000002, "Telegram": 5.516, "Pokeball": 2.6595, "The Hobbit": 3.94, "Onyx Black": 3.46, "Black": 8.925, "just": 1.6744999999999999}, "Homemade Cake": {"Onyx Black": 2.175, "Black": 5.335, "just": 1.4195}, "Cookie Heart": {"Onyx Black": 2.52, "Black": 7.4399999999999995, "just": 1.6064999999999998}, "Jester Hat": {"Onyx Black": 2.63, "Black": 6.58, "just": 1.4109999999999998}, "Holiday Drink": {"Onyx Black": 2.92, "Black": 5.875, "just": 1.5725}, "Ginger Cookie": {"Onyx Black": 3.9, "Black": 6.5, "just": 1.7}, "Hypno Lollipop": {"Onyx Black": 2.8649999999999998, "Black": 6.465, "just": 1.6404999999999998}, "Winter Wreath": {"Onyx Black": 2.395, "Black": 9.344999999999999, "just": 1.5215}, "Party Sparkler": {"Onyx Black": 3.6900000000000004, "Black": 7.49, "just": 1.683}, "Jingle Bells": {"Onyx Black": 2.7350000000000003, "Black": 6.99, "just": 1.683}, "Tama Gadget": {"Onyx Black": 3.275, "Black": 7.0249999999999995, "just": 1.7424999999999997}, "Jack-in-the-Box": {"Onyx Black": 3.125, "Black": 7.8999999999999995, "just": 1.87}, "Star Notepad": {"Onyx Black": 3.8600000000000003, "Black": 8.855, "just": 1.887}, "Easter Egg": {"Onyx Black": 3.8899999999999997, "Black": 11.040000000000001, "just": 2.108}, "Santa Hat": {"Onyx Black": 3.48, "Black": 8.32, "just": 2.21}, "Hex Pot": {"Onyx Black": 3.9, "Black": 10.350000000000001, "just": 2.295}, "Restless Jar": {"Onyx Black": 4.015, "Black": 8.465, "just": 2.1504999999999996}, "Lush Bouquet": {"Onyx Black": 4.35, "Black": 7.95, "just": 2.295}, "Spiced Wine": {"Onyx Black": 2.958, "Black": 6.610000000000001, "just": 2.0655}, "Snow Globe": {"Onyx Black": 4.145, "Black": 10.370000000000001, "just": 2.329}, "Joyful Bundle": {"Onyx Black": 3.77, "Black": 8.145, "just": 2.3715}, "Light Sword": {"Onyx Black": 4.188, "Black": 9.788, "just": 2.533}, "Witch Hat": {"Onyx Black": 4.305, "Black": 11.895, "just": 2.3715}, "Bow Tie": {"Onyx Black": 4.136, "Black": 12.719999999999999, "just": 2.72}, "Eternal Candle": {"Onyx Black": 5.0280000000000005, "Black": 12.027999999999999, "just": 2.8729999999999998}, "Jelly Bunny": {"Onyx Black": 4.15, "Black": 10.100000000000001, "just": 2.72}, "Bunny Muffin": {"Onyx Black": 5.52, "Black": 11.748000000000001, "just": 3.043}, "Spy Agaric": {"Onyx Black": 5.084, "Black": 11.884, "just": 2.669}, "Evil Eye": {"Onyx Black": 6.1, "Black": 13.14, "just": 2.975}, "Snow Mittens": {"Onyx Black": 4.724, "Black": 7.6, "just": 3.009}, "Berry Box": {"Onyx Black": 5.268, "Black": 11.851999999999999, "just": 3.2129999999999996}, "Valentine Box": {"Onyx Black": 8.379999999999999, "Black": 12.5, "just": 3.655}, "Sakura Flower": {"Onyx Black": 6.588, "Black": 14.628, "just": 3.723}, "Hanging Star": {"Onyx Black": 8.193999999999999, "Black": 14.99, "just": 4.2415}, "Sleigh Bell": {"Onyx Black": 10.370000000000001, "Black": 17.77, "just": 5.9075}, "Love Candle": {"Onyx Black": 9.506, "Black": 16.386, "just": 6.2135}, "Skull Flower": {"Onyx Black": 10.702, "Black": 18.782, "just": 6.7745}, "Crystal Ball": {"Onyx Black": 12.354, "Black": 30.674, "just": 6.6215}, "Trapped Heart": {"Onyx Black": 11.674, "Black": 20.066, "just": 7.471499999999999}, "Top Hat": {"Onyx Black": 12.322, "Black": 25.774000000000004, "just": 6.6895}, "Love Potion": {"Onyx Black": 10.134, "Black": 22.134, "just": 7.556500000000001}, "Flying Broom": {"Onyx Black": 11.076, "Black": 17.276, "just": 8.041}, "Cupid Charm": {"Onyx Black": 17.634, "Black": 36.434, "just": 9.6815}, "Record Player": {"Onyx Black": 11.030000000000001, "Black": 20.689999999999998, "just": 6.672499999999999}, "Eternal Rose": {"Onyx Black": 18.54, "Black": 33.34, "just": 10.965}, "Mad Pumpkin": {"Onyx Black": 26.427999999999997, "Black": 42.428, "just": 14.772999999999998}, "Voodoo Doll": {"Onyx Black": 23.688000000000002, "Black": 58.188, "just": 14.433}, "Diamond Ring": {"Onyx Black": 22.334, "Black": 38.734, "just": 13.5065}, "Toy Bear": {"Onyx Black": 25.497999999999998, "Black": 49.897999999999996, "just": 16.8555}, "Vintage Cigar": {"Onyx Black": 44.714, "Black": 55.114000000000004, "just": 19.7115},