{"Snoop Dogg": {"Chrome": 2.516, "Black Diamond": 2.301, "Sapphire": 2.0635, "Doggfather": 2.9205, "Doberman": 3.59, "Goldizzle": 7.905499999999999, "King Snoop": 5.0525, "AI Dogg": 3.063, "Emerald": 2.111, "Onyx Black": 3.6, "Black": 10.684615384615384, "just": 1.53}, "Swag Bag": {"Darkness": 2.376, "April 20th": 3.069, "P.I.M.P.": 2.178, "Cashback": 3.069, "Take It Easy": 2.475, "Gin & Jewels": 2.574, "Boiling Hot": 2.673, "Missionary": 6.93, "Happy Herbs": 3.069, "Leopard": 2.079, "Snoop Life": 2.574, "Bulk Order": 2.475, "Onyx Black": 3.04, "Black": 7.414999999999999, "just": 1.683}, "Snoop Cigar": {"Onyx Black": 7.654999999999999, "Black": 17.28, "just": 4.063}, "Lol Pop": {"Blood Sucker": 1.74, "Crystalline": 1.595, "Dark Sky": 1.6674999999999998, "Watermelon": 1.5225, "Celestia": 2.2475, "Doodle Art": 1.5225, "Mortal Sin": 2.9, "Heart Pop": 1.8125, "Plastic Ice": 1.595, "Cobweb": 1.595, "Einstein": 1.595, "Jolly Roger": 1.74, "Comic Crunch": 1.5225, "Andromeda": 1.9575, "Jinxed": 1.595, "Shock Wave": 1.5225, "Milky Way": 1.595, "Pumpkin": 1.595, "Love Bubbles": 1.8125, "Satellite": 1.74, "Blue Goo": 1.5225, "Hexed Helix": 1.8125, "Sick Leave": 1.5225, "Gold Star": 1.5225, "Dark Portal": 1.5225, "Blood Ember": 1.595, "Angelina": 2.2475, "Sweetheart": 1.885, "Magic Wand": 1.595, "Sailor Moon": 1.595, "Rosebud": 1.74, "Glowstick": 2.2475, "Onyx Black": 2.02, "Black": 5.34, "just": 1.2325}, "B-Day Candle": {"On Fire": 2.0925000000000002, "Final Boss": 2.0925000000000002, "Purr Magic": 2.0925000000000002, "Payday": 2.0925000000000002, "Happy Meows": 2.0925000000000002, "Kaboom!": 1.8225000000000002, "Pixel Wish": 2.0925000000000002, "Onyx Black": 1.675, "Black": 5.370000000000001, "just": 1.1475}, "Desk Calendar": {"Sunday": 2.0925000000000002, "Peach Week": 2.0925000000000002, "Checklist": 2.0925000000000002, "Adult Tasks": 23.89, "Durov Day": 2.0925000000000002, "Fawkes Night": 3.78, "Hodler": 4.7250000000000005, "Investor": 5.67, "Burning Time": 2.0925000000000002, "Independence": 2.7, "Deadline": 2.0925000000000002, "Tic Tac Toe": 1.8225000000000002, "Balloon Face": 1.8225000000000002, "Fund Manager": 2.0925000000000002, "Pepe Plans": 10.659999999999998, "Heartbreak": 1.4850000000000003, "Telegram": 2.0925000000000002, "Onyx Black": 1.7, "Black": 5.620000000000001, "just": 1.1475}, "Lunar Snake": {"Dragon Ball": 5.18, "Timelock": 1.998, "Psychedelic": 1.85, "Hot Cherry": 1.998, "Python Dev": 2.294, "Hellspawn": 1.998, "Soul Eater": 2.294, "Synthwave": 5.18, "Onyx Black": 2.19, "Black": 5.640000000000001, "just": 1.258}, "Xmas Stocking": {"Onyx Black": 2.15, "Black": 5.7250000000000005, "just": 1.2325}, "Snake Box": {"Onyx Black": 2.11, "Black": 5.99, "just": 1.2325}, "Pet Snake": {"Onyx Black": 2.425, "Black": 5.77, "just": 1.394}, "Candy Cane": {"Sticky Sweet": 2.418, "Grinch": 3.12, "Designer": 4.367999999999999, "Hex Pot": 3.12, "Onyx Black": 2.475, "Black": 5.955, "just": 1.326}, "Whip Cupcake": {"Toncoin": 2.325, "Deep State": 2.325, "Sponge Duck": 3.0, "Resistance": 5.25, "Bitcoin": 9.475, "Onyx Black": 2.225, "Black": 5.7, "just": 1.275}, "Big Year": {"Creator": 2.8620000000000005, "The Nether": 3.2860000000000005, "First Website": 2.4379999999999997, "Telegram": 4.24, "Pavel Durov": 4.24, "Qing Dynasty": 3.2860000000000005, "Gold Mine": 7.42, "YouTubes": 3.2860000000000005, "Bitcoin": 4.24, "The Hobbit": 3.2860000000000005, "Big Brother": 2.8620000000000005, "Cheshire Cat": 2.3320000000000003, "Pokeball": 2.7560000000000002, "Game Boy": 2.3320000000000003, "Onyx Black": 3.685, "Black": 8.655000000000001, "just": 1.802}, "Homemade Cake": {"Onyx Black": 2.395, "Black": 5.6450000000000005, "just": 1.53}, "Cookie Heart": {"Onyx Black": 2.665, "Black": 6.99, "just": 1.5725}, "Jester Hat": {"Onyx Black": 2.825, "Black": 6.58, "just": 1.4789999999999999}, "Holiday Drink": {"Onyx Black": 2.68, "Black": 5.8950000000000005, "just": 1.6235}, "Ginger Cookie": {"Onyx Black": 3.39, "Black": 6.515, "just": 1.768}, "Hypno Lollipop": {"Onyx Black": 3.045, "Black": 6.52, "just": 1.7764999999999997}, "Winter Wreath": {"Moon Cat": 108.47, "Onyx Black": 2.815, "Black": 8.67, "just": 1.649}, "Party Sparkler": {"Onyx Black": 4.485, "Black": 7.2299999999999995, "just": 1.6744999999999999}, "Jingle Bells": {"Onyx Black": 2.895, "Black": 6.050000000000001, "just": 1.785}, "Tama Gadget": {"Onyx Black": 3.485, "Black": 7.04, "just": 1.7764999999999997}, "Jack-in-the-Box": {"Onyx Black": 3.1449999999999996, "Black": 7.635, "just": 1.9379999999999997}, "Star Notepad": {"Onyx Black": 3.75, "Black": 11.12, "just": 1.9040000000000001}, "Easter Egg": {"Onyx Black": 3.78, "Black": 11.03, "just": 2.3459999999999996}, "Santa Hat": {"Onyx Black": 3.388, "Black": 8.408000000000001, "just": 2.363}, "Hex Pot": {"Onyx Black": 4.0, "Black": 10.114999999999998, "just": 2.329}, "Restless Jar": {"Onyx Black": 3.995, "Black": 10.7, "just": 2.125}, "Lush Bouquet": {"Onyx Black": 4.27, "Black": 7.92, "just": 2.4139999999999997}, "Spiced Wine": {"Onyx Black": 2.958, "Black": 6.818, "just": 1.9295}, "Snow Globe": {"Onyx Black": 4.18, "Black": 12.805, "just": 2.2184999999999997}, "Joyful Bundle": {"Onyx Black": 3.92, "Black": 7.745, "just": 2.4139999999999997}, "Light Sword": {"Onyx Black": 4.596, "Black": 10.676000000000002, "just": 2.72}, "Witch Hat": {"Onyx Black": 4.435, "Black": 11.870000000000001, "just": 2.8219999999999996}, "Bow Tie": {"Onyx Black": 4.948, "Black": 12.648, "just": 2.771}, "Eternal Candle": {"Onyx Black": 5.344, "Black": 11.748000000000001, "just": 3.043}, "Jelly Bunny": {"Onyx Black": 4.75, "Black": 11.5, "just": 2.975}, "Bunny Muffin": {"Onyx Black": 5.064, "Black": 11.748, "just": 3.2129999999999996}, "Spy Agaric": {"Onyx Black": 4.522, "Black": 10.354000000000001, "just": 2.7795}, "Evil Eye": {"Onyx Black": 5.8260000000000005, "Black": 13.021999999999998, "just": 3.1534999999999997}, "Snow Mittens": {"Onyx Black": 5.45, "Black": 8.006, "just": 3.1875}, "Berry Box": {"Onyx Black": 5.634, "Black": 11.594000000000001, "just": 3.2215}, "Valentine Box": {"Onyx Black": 8.25, "Black": 12.709999999999999, "just": 4.0375}, "Sakura Flower": {"Onyx Black": 6.77, "Black": 15.370000000000001, "just": 4.2075000000000005}, "Hanging Star": {"Onyx Black": 8.835999999999999, "Black": 15.356, "just": 4.76}, "Sleigh Bell": {"Onyx Black": 10.34, "Black": 19.92, "just": 6.12}, "Love Candle": {"Onyx Black": 9.98, "Black": 20.58, "just": 7.055000000000001}, "Skull Flower": {"Onyx Black": 10.314, "Black": 18.674, "just": 6.6215}, "Crystal Ball": {"Onyx Black": 11.474, "Black": 28.274, "just": 6.6215}, "Trapped Heart": {"Onyx Black": 12.548, "Black": 18.908, "just": 7.633}, "Top Hat": {"Onyx Black": 12.239999999999998, "Black": 23.48, "just": 6.63}, "Love Potion": {"Onyx Black": 10.852, "Black": 22.056, "just": 7.446}, "Flying Broom": {"Onyx Black": 10.888, "Black": 18.488, "just": 8.058}, "Cupid Charm": {"Onyx Black": 16.822, "Black": 32.422, "just": 9.664499999999999}, "Record Player": {"Onyx Black": 10.922, "Black": 20.158, "just": 6.5195}, "Eternal Rose": {"Onyx Black": 17.372, "Black": 33.772, "just": 11.576999999999998}, "Mad Pumpkin": {"Onyx Black": 22.456, "Black": 36.236, "just": 14.500999999999998}, "Voodoo Doll": {"Onyx Black": 21.77, "Black": 47.834, "just": 13.9315}, "Diamond Ring": {"Onyx Black": 22.4, "Black": 45.58, "just": 13.6}, "Toy Bear": {"Onyx Black": 24.316, "Black": 46.796, "just": 15.299999999999999}, "Vintage Cigar": {"Onyx Black": 42.20399999999999, "Black": 53.408, "just": 20.128}, "Neko Helmet": {"Onyx Black": 37.6, "Black": 75.6, "just": 22.099999999999998}, "Low Rider": {"Onyx Black": 33.8, "Black": 90.6, "just": 21.25}, "Signet Ring": {"Onyx Black": 36.94, "Black": 79.34, "just": 22.865}, "Electric Skull": {"Onyx Black": 44.536, "Black": 68.532, "just": 26.825999999999997}, "Kissed Frog": {"Onyx Black": 45.339999999999996, "Black": 83.34, "just": 33.065}, "Swiss Watch": {"Onyx Black": 43.174, "Black": 69.174, "just": 29.996499999999997},