{"Snoop Dogg": {"Goldizzle": 6.922999999999999, "Sapphire": 2.0255, "Black Diamond": 2.1395, "Doggfather": 3.2575, "King Snoop": 4.549, "Chrome": 2.4055000000000004, "Cold Topaz": 1.9685000000000006, "AI Dogg": 3.153, "Doberman": 3.5425000000000004, "Onyx Black": 3.373333333333333, "Black": 10.498461538461537, "just": 1.496}, "Swag Bag": {"P.I.M.P.": 1.9949999999999999, "Gin & Jewels": 2.375, "Bulk Order": 2.4699999999999998, "Boiling Hot": 2.4699999999999998, "Happy Herbs": 2.945, "Cashback": 2.945, "Snoop Life": 2.565, "April 20th": 2.945, "Missionary": 6.6499999999999995, "Take It Easy": 2.4699999999999998, "Darkness": 2.1849999999999996, "Leopard": 2.09, "Onyx Black": 3.1500000000000004, "Black": 7.445, "just": 1.615}, "Snoop Cigar": {"Onyx Black": 7.95, "Black": 17.200000000000003, "just": 3.74}, "Lol Pop": {"Watermelon": 1.4070000000000003, "Mortal Sin": 3.752, "Einstein": 1.4740000000000002, "Portable Pop": 1.4070000000000003, "Soap Bubbles": 1.4070000000000003, "Angelina": 2.0770000000000004, "Satellite": 1.675, "Blood Sucker": 1.675, "Love Bubbles": 1.4740000000000002, "Sweetheart": 1.541, "Jinxed": 1.541, "Cobweb": 1.4740000000000002, "Icicle": 1.4070000000000003, "Heart Pop": 1.541, "Sick Leave": 1.541, "Shock Wave": 1.4070000000000003, "Celestia": 2.0770000000000004, "Rosebud": 1.541, "Comic Crunch": 1.4740000000000002, "Glowstick": 2.0770000000000004, "Sailor Moon": 1.541, "Doodle Art": 1.4070000000000003, "Dark Portal": 1.8090000000000002, "Blood Ember": 1.541, "Milky Way": 1.4070000000000003, "Dark Sky": 1.541, "Hexed Helix": 1.541, "Pumpkin": 1.541, "Gold Star": 1.541, "Andromeda": 2.0770000000000004, "Cookie Dip": 1.4740000000000002, "Jolly Roger": 1.541, "Pink Foil": 1.4070000000000003, "Onyx Black": 1.915, "Black": 5.34, "just": 1.139}, "B-Day Candle": {"Payday": 2.0770000000000004, "Purr Magic": 2.0770000000000004, "Happy Meows": 2.0770000000000004, "Final Boss": 2.0770000000000004, "Pixel Wish": 2.0770000000000004, "Kaboom!": 1.8090000000000002, "On Fire": 2.0770000000000004, "Onyx Black": 1.725, "Black": 5.265, "just": 1.139}, "Desk Calendar": {"Independence": 2.66, "Pepe Plans": 11.325000000000001, "Hodler": 3.7239999999999998, "Investor": 4.655, "Peach Week": 2.0615, "Fawkes Night": 4.655, "Checklist": 1.729, "Tic Tac Toe": 1.7955000000000003, "Adult Tasks": 25.615000000000002, "Sunday": 2.0615, "Balloon Face": 1.5294999999999999, "Burning Time": 2.0615, "Deadline": 2.0615, "Heartbreak": 1.5294999999999999, "Durov Day": 2.66, "Fund Manager": 2.0615, "Telegram": 2.0615, "Onyx Black": 1.6600000000000001, "Black": 6.005, "just": 1.1305}, "Lunar Snake": {"Python Dev": 2.17, "Synthwave": 4.8999999999999995, "Psychedelic": 1.75, "Hot Cherry": 1.89, "Timelock": 1.68, "Dragon Ball": 4.8999999999999995, "Hellspawn": 1.89, "Soul Eater": 2.17, "Onyx Black": 2.125, "Black": 5.449999999999999, "just": 1.19}, "Xmas Stocking": {"Onyx Black": 2.045, "Black": 5.4750000000000005, "just": 1.2325}, "Snake Box": {"Onyx Black": 2.16, "Black": 5.86, "just": 1.1645}, "Pet Snake": {"Onyx Black": 2.525, "Black": 5.744999999999999, "just": 1.5215}, "Candy Cane": {"Designer": 5.425, "Sticky Sweet": 2.4025000000000003, "Hex Pot": 3.1, "Grinch": 3.1, "Onyx Black": 2.45, "Black": 6.159999999999999, "just": 1.3175}, "Whip Cupcake": {"Sponge Duck": 2.2165, "Toncoin": 2.2165, "Resistance": 5.005, "Deep State": 1.9305, "Bitcoin": 10.565, "Onyx Black": 2.0949999999999998, "Black": 5.415, "just": 1.2155}, "Big Year": {"Gold Mine": 6.6499999999999995, "Game Boy": 2.09, "Creator": 2.945, "Bitcoin": 5.319999999999999, "The Nether": 2.09, "Big Brother": 2.565, "Telegram": 5.319999999999999, "Qing Dynasty": 3.8, "Pavel Durov": 5.319999999999999, "Pokeball": 2.565, "The Hobbit": 3.8, "Cheshire Cat": 2.375, "First Website": 1.9949999999999999, "YouTubes": 2.945, "Onyx Black": 3.425, "Black": 8.89, "just": 1.615}, "Homemade Cake": {"Onyx Black": 2.2199999999999998, "Black": 5.78, "just": 1.4109999999999998}, "Cookie Heart": {"Onyx Black": 2.51, "Black": 7.430000000000001, "just": 1.5895000000000001}, "Jester Hat": {"Onyx Black": 2.6100000000000003, "Black": 6.805000000000001, "just": 1.377}, "Holiday Drink": {"Onyx Black": 2.875, "Black": 5.83, "just": 1.496}, "Ginger Cookie": {"Onyx Black": 3.95, "Black": 6.5, "just": 1.7}, "Hypno Lollipop": {"Onyx Black": 2.835, "Black": 6.435, "just": 1.5895000000000001}, "Winter Wreath": {"Onyx Black": 2.66, "Black": 9.364999999999998, "just": 1.5555}, "Party Sparkler": {"Onyx Black": 3.75, "Black": 7.5, "just": 1.7}, "Jingle Bells": {"Onyx Black": 2.73, "Black": 6.935, "just": 1.6744999999999999}, "Tama Gadget": {"Onyx Black": 3.255, "Black": 7.005, "just": 1.7084999999999997}, "Jack-in-the-Box": {"Onyx Black": 3.145, "Black": 7.92, "just": 1.9040000000000001}, "Star Notepad": {"Onyx Black": 3.96, "Black": 9.030000000000001, "just": 2.057}, "Easter Egg": {"Onyx Black": 3.8899999999999997, "Black": 11.040000000000001, "just": 2.108}, "Santa Hat": {"Onyx Black": 3.4259999999999997, "Black": 8.265999999999998, "just": 2.1334999999999997}, "Hex Pot": {"Onyx Black": 3.875, "Black": 10.3, "just": 2.21}, "Restless Jar": {"Onyx Black": 3.99, "Black": 8.459999999999999, "just": 2.108}, "Lush Bouquet": {"Onyx Black": 4.35, "Black": 8.0, "just": 2.295}, "Spiced Wine": {"Onyx Black": 2.9779999999999998, "Black": 6.610000000000001, "just": 2.0655}, "Snow Globe": {"Onyx Black": 4.125, "Black": 10.350000000000001, "just": 2.295}, "Joyful Bundle": {"Onyx Black": 3.895, "Black": 8.145, "just": 2.3715}, "Light Sword": {"Onyx Black": 3.982, "Black": 9.782, "just": 2.5245}, "Witch Hat": {"Onyx Black": 4.365, "Black": 11.955, "just": 2.4735}, "Bow Tie": {"Onyx Black": 4.0760000000000005, "Black": 12.659999999999998, "just": 2.635}, "Eternal Candle": {"Onyx Black": 5.04, "Black": 12.040000000000001, "just": 2.8899999999999997}, "Jelly Bunny": {"Onyx Black": 4.300000000000001, "Black": 10.100000000000001, "just": 2.72}, "Bunny Muffin": {"Onyx Black": 6.094, "Black": 11.693999999999999, "just": 2.9665}, "Spy Agaric": {"Onyx Black": 5.096, "Black": 11.896, "just": 2.686}, "Evil Eye": {"Onyx Black": 6.13, "Black": 13.170000000000002, "just": 3.0174999999999996}, "Snow Mittens": {"Onyx Black": 4.676, "Black": 7.5520000000000005, "just": 2.941}, "Berry Box": {"Onyx Black": 5.220000000000001, "Black": 11.804000000000002, "just": 3.145}, "Valentine Box": {"Onyx Black": 8.584, "Black": 12.744, "just": 3.9439999999999995}, "Sakura Flower": {"Onyx Black": 6.404, "Black": 14.604, "just": 3.6889999999999996}, "Hanging Star": {"Onyx Black": 8.242, "Black": 15.038, "just": 4.3095}, "Sleigh Bell": {"Onyx Black": 10.568, "Black": 17.968, "just": 6.188}, "Love Candle": {"Onyx Black": 9.914, "Black": 16.793999999999997, "just": 6.7915}, "Skull Flower": {"Onyx Black": 10.708, "Black": 16.788, "just": 6.783}, "Crystal Ball": {"Onyx Black": 12.341999999999999, "Black": 30.662000000000003, "just": 6.6045}, "Trapped Heart": {"Onyx Black": 11.722, "Black": 20.485999999999997, "just": 7.539499999999999}, "Top Hat": {"Onyx Black": 12.322, "Black": 25.774000000000004, "just": 6.6895}, "Love Potion": {"Onyx Black": 10.17, "Black": 22.169999999999998, "just": 7.607499999999999}, "Flying Broom": {"Onyx Black": 11.082, "Black": 17.282, "just": 8.0495}, "Cupid Charm": {"Onyx Black": 17.694, "Black": 36.494, "just": 9.7665}, "Record Player": {"Onyx Black": 11.102, "Black": 20.762, "just": 6.7745}, "Eternal Rose": {"Onyx Black": 18.48, "Black": 33.28, "just": 10.88}, "Mad Pumpkin": {"Onyx Black": 26.434, "Black": 42.434, "just": 14.7815}, "Voodoo Doll": {"Onyx Black": 23.61, "Black": 58.11000000000001, "just": 14.322500000000002}, "Diamond Ring": {"Onyx Black": 22.003999999999998, "Black": 38.403999999999996, "just": 13.039}, "Toy Bear": {"Onyx Black": 25.5, "Black": 50.0, "just": 17.0}, "Vintage Cigar": {"Onyx Black": 44.84, "Black": 55.239999999999995, "just": 19.889999999999997}, "Neko Helmet": {"Onyx Black": 37.168, "Black": 63.160000000000004, "just": 21.488},