{"Snoop Dogg": {"AI Dogg": 3.3905000000000003, "Chrome": 2.4305, "Black Diamond": 2.1965000000000003, "Sapphire": 2.0255, "Doggfather": 3.172, "Doberman": 3.2955, "Goldizzle": 6.8469999999999995, "Cold Topaz": 2.016, "King Snoop": 4.330500000000001, "Onyx Black": 3.376666666666667, "Black": 11.091538461538462, "just": 1.4705}, "Swag Bag": {"Boiling Hot": 2.208, "Happy Herbs": 2.8520000000000003, "Missionary": 6.44, "Cashback": 2.8520000000000003, "Snoop Life": 2.3920000000000003, "Take It Easy": 2.3000000000000003, "Darkness": 2.3000000000000003, "Bulk Order": 2.3000000000000003, "Gin & Jewels": 2.208, "April 20th": 2.8520000000000003, "Onyx Black": 2.92, "Black": 7.415, "just": 1.564}, "Snoop Cigar": {"Onyx Black": 7.2, "Black": 16.799999999999997, "just": 3.74}, "Lol Pop": {"Pink Foil": 1.4175000000000002, "Blood Sucker": 1.6875, "Cobweb": 1.5525, "Angelina": 2.0925000000000002, "Nostalgia": 1.4175000000000002, "Dark Portal": 1.6875, "Blood Ember": 1.4850000000000003, "Rosebud": 1.5525, "Fire Vortex": 1.4175000000000002, "Portable Pop": 1.4175000000000002, "Sweetheart": 1.5525, "Soap Bubbles": 1.4175000000000002, "Hexed Helix": 1.5525, "Shock Wave": 1.4175000000000002, "Celestia": 2.0925000000000002, "Andromeda": 1.5525, "Cookie Dip": 1.5525, "Plastic Ice": 1.4175000000000002, "Comic Crunch": 1.4175000000000002, "Watermelon": 1.4175000000000002, "Icicle": 1.4175000000000002, "Glowstick": 2.0925000000000002, "Crystalline": 1.4175000000000002, "Mortal Sin": 2.7, "Heart Pop": 1.4850000000000003, "Love Bubbles": 1.4850000000000003, "Satellite": 1.7550000000000001, "Doodle Art": 1.4175000000000002, "Jolly Roger": 1.4175000000000002, "Jinxed": 1.4175000000000002, "Pumpkin": 1.4175000000000002, "Dark Sky": 1.5525, "Einstein": 1.4175000000000002, "Onyx Black": 1.7850000000000001, "Black": 5.125, "just": 1.1475}, "B-Day Candle": {"Payday": 2.0460000000000003, "On Fire": 2.0460000000000003, "Final Boss": 2.64, "Pixel Wish": 2.0460000000000003, "Purr Magic": 2.0460000000000003, "Kaboom!": 1.7820000000000003, "Shocker": 2.64, "Happy Meows": 2.0460000000000003, "Onyx Black": 1.73, "Black": 5.41, "just": 1.122}, "Desk Calendar": {"Sunday": 2.015, "Balloon Face": 1.4949999999999999, "Deadline": 2.015, "Checklist": 2.015, "Fund Manager": 2.015, "Hodler": 3.6399999999999997, "Heartbreak": 1.4300000000000002, "Peach Week": 1.7550000000000001, "Investor": 4.55, "Durov Day": 2.6, "Adult Tasks": 4.55, "Fawkes Night": 4.55, "Telegram": 2.015, "Tic Tac Toe": 1.56, "Pepe Plans": 4.55, "Independence": 3.6399999999999997, "Burning Time": 2.015, "Onyx Black": 1.7000000000000002, "Black": 7.574999999999999, "just": 1.105}, "Lunar Snake": {"Python Dev": 2.139, "Hot Cherry": 2.139, "Soul Eater": 2.139, "Hellspawn": 2.139, "Dragon Ball": 4.83, "Synthwave": 4.83, "Timelock": 1.5869999999999997, "Psychedelic": 1.863, "Onyx Black": 2.02, "Black": 5.1899999999999995, "just": 1.1729999999999998}, "Xmas Stocking": {"Onyx Black": 1.9300000000000002, "Black": 5.175, "just": 1.1560000000000001}, "Snake Box": {"Onyx Black": 1.8850000000000002, "Black": 8.03, "just": 1.122}, "Pet Snake": {"Onyx Black": 2.51, "Black": 5.875, "just": 1.4875}, "Candy Cane": {"Designer": 5.355, "Grinch": 3.06, "Hex Pot": 3.06, "Sticky Sweet": 2.0655, "Onyx Black": 2.34, "Black": 5.515, "just": 1.3005}, "Whip Cupcake": {"Deep State": 1.89, "Sponge Duck": 2.17, "Bitcoin": 4.8999999999999995, "Toncoin": 2.17, "Resistance": 4.8999999999999995, "Onyx Black": 2.2, "Black": 5.199999999999999, "just": 1.19}, "Big Year": {"Qing Dynasty": 3.7, "Creator": 2.8675, "Pavel Durov": 3.7, "Big Brother": 2.4975000000000005, "Balloons": 1.9425000000000001, "The Hobbit": 3.7, "The Nether": 2.035, "Telegram": 3.7, "Pokeball": 2.8675, "YouTubes": 2.8675, "Gold Mine": 6.4750000000000005, "Bitcoin": 6.4750000000000005, "Cheshire Cat": 2.3125, "Onyx Black": 2.895, "Black": 7.575000000000001, "just": 1.5725}, "Homemade Cake": {"Onyx Black": 2.125, "Black": 5.055, "just": 1.3685}, "Cookie Heart": {"Onyx Black": 2.17, "Black": 6.22, "just": 1.4789999999999999}, "Jester Hat": {"Onyx Black": 2.605, "Black": 6.72, "just": 1.394}, "Holiday Drink": {"Onyx Black": 2.4850000000000003, "Black": 5.234999999999999, "just": 1.5045}, "Ginger Cookie": {"Onyx Black": 3.1500000000000004, "Black": 5.8999999999999995, "just": 1.53}, "Hypno Lollipop": {"Onyx Black": 2.94, "Black": 5.715, "just": 1.6575}, "Winter Wreath": {"Onyx Black": 2.395, "Black": 8.895, "just": 1.5215}, "Party Sparkler": {"Onyx Black": 2.835, "Black": 6.935, "just": 1.5895000000000001}, "Jingle Bells": {"Onyx Black": 2.62, "Black": 6.12, "just": 1.4875}, "Tama Gadget": {"Onyx Black": 3.42, "Black": 6.919999999999999, "just": 1.6064999999999998}, "Jack-in-the-Box": {"Onyx Black": 3.1750000000000003, "Black": 7.805, "just": 1.836}, "Star Notepad": {"Onyx Black": 3.85, "Black": 8.635000000000002, "just": 1.87}, "Easter Egg": {"Onyx Black": 3.965, "Black": 10.215, "just": 2.0655}, "Santa Hat": {"Onyx Black": 3.5949999999999998, "Black": 9.55, "just": 2.21}, "Hex Pot": {"Onyx Black": 3.6, "Black": 8.559999999999999, "just": 2.0825}, "Restless Jar": {"Onyx Black": 3.7350000000000003, "Black": 8.084999999999999, "just": 2.0995}, "Lush Bouquet": {"Onyx Black": 3.475, "Black": 8.05, "just": 2.295}, "Spiced Wine": {"Onyx Black": 3.0, "Black": 7.875, "just": 1.785}, "Snow Globe": {"Onyx Black": 3.9699999999999998, "Black": 8.045, "just": 2.0315}, "Joyful Bundle": {"Onyx Black": 3.7199999999999998, "Black": 8.07, "just": 2.244}, "Light Sword": {"Onyx Black": 4.72, "Black": 11.214999999999998, "just": 2.499}, "Witch Hat": {"Onyx Black": 4.265, "Black": 11.865, "just": 2.3205}, "Bow Tie": {"Onyx Black": 4.41, "Black": 16.06, "just": 2.652}, "Eternal Candle": {"Onyx Black": 4.995, "Black": 11.995, "just": 2.5415}, "Jelly Bunny": {"Onyx Black": 4.475, "Black": 10.56, "just": 2.8475}, "Bunny Muffin": {"Onyx Black": 4.845, "Black": 16.595, "just": 2.7115}, "Spy Agaric": {"Onyx Black": 5.245, "Black": 10.934999999999999, "just": 2.5415}, "Evil Eye": {"Onyx Black": 6.175000000000001, "Black": 15.525000000000002, "just": 2.9325}, "Snow Mittens": {"Onyx Black": 4.6049999999999995, "Black": 8.925, "just": 2.856}, "Berry Box": {"Onyx Black": 4.725, "Black": 12.280000000000001, "just": 2.941}, "Valentine Box": {"Onyx Black": 7.984999999999999, "Black": 14.485000000000001, "just": 3.3745000000000003}, "Sakura Flower": {"Onyx Black": 7.0, "Black": 17.049999999999997, "just": 3.4849999999999994}, "Hanging Star": {"Onyx Black": 7.42, "Black": 16.439999999999998, "just": 4.156499999999999}, "Sleigh Bell": {"Onyx Black": 12.0, "Black": 16.685000000000002, "just": 5.1}, "Love Candle": {"Onyx Black": 8.31, "Black": 14.915, "just": 5.6354999999999995}, "Skull Flower": {"Onyx Black": 8.675, "Black": 17.119999999999997, "just": 5.304}, "Crystal Ball": {"Onyx Black": 13.384999999999998, "Black": 28.400000000000002, "just": 5.779999999999999}, "Trapped Heart": {"Onyx Black": 11.879999999999999, "Black": 23.58, "just": 6.596}, "Top Hat": {"Onyx Black": 14.809999999999999, "Black": 26.310000000000002, "just": 6.477}, "Love Potion": {"Onyx Black": 10.395, "Black": 28.645, "just": 7.046499999999999}, "Flying Broom": {"Onyx Black": 10.25, "Black": 19.244999999999997, "just": 7.225}, "Cupid Charm": {"Onyx Black": 16.689999999999998, "Black": 37.195, "just": 8.8315}, "Record Player": {"Onyx Black": 11.850000000000001, "Black": 23.825000000000003, "just": 6.715}, "Eternal Rose": {"Onyx Black": 18.195, "Black": 39.345, "just": 11.6365}, "Mad Pumpkin": {"Onyx Black": 22.384999999999998, "Black": 46.885000000000005, "just": 12.554499999999999}, "Voodoo Doll": {"Onyx Black": 22.81, "Black": 46.31, "just": 13.277}, "Diamond Ring": {"Onyx Black": 21.175, "Black": 42.675, "just": 13.0475}, "Toy Bear": {"Onyx Black": 26.685000000000002, "Black": 51.185, "just": 14.7645}, "Vintage Cigar": {"Onyx Black": 48.489999999999995, "Black": 69.99, "just": 19.533}, "Neko Helmet": {"Onyx Black": 41.995000000000005, "Black": 71.99,