{"Snoop Dogg": {"Doggfather": 3.046, "Goldizzle": 6.752, "Doberman": 3.231, "King Ruby": 1.9540000000000002, "AI Dogg": 2.8655, "Chrome": 2.353, "Black Diamond": 2.258, "Sapphire": 2.163, "King Snoop": 4.798, "Onyx Black": 3.2633333333333336, "Black": 9.965384615384615, "just": 1.5725}, "Swag Bag": {"Missionary": 8.515, "Aviators": 2.1420000000000003, "Gin & Jewels": 2.55, "Boiling Hot": 2.448, "Darkness": 2.244, "Snoop Life": 2.7540000000000004, "P.I.M.P.": 2.1420000000000003, "Happy Herbs": 3.1620000000000004, "Bulk Order": 2.3459999999999996, "Cashback": 3.1620000000000004, "Dogg’s Loot": 2.1420000000000003, "Leopard": 2.1420000000000003, "Take It Easy": 2.7540000000000004, "April 20th": 3.1620000000000004, "Onyx Black": 3.17, "Black": 7.5200000000000005, "just": 1.734}, "Snoop Cigar": {"Onyx Black": 7.9, "Black": 19.275, "just": 4.165}, "Lol Pop": {"Glowstick": 1.9845000000000002, "Sweetheart": 1.8375, "Sick Leave": 1.5435, "Mortal Sin": 2.94, "Blood Sucker": 1.9845000000000002, "Gold Star": 1.5435, "Milky Way": 1.5435, "Doodle Art": 1.617, "Nostalgia": 1.5435, "Shock Wave": 1.5435, "Icy Touch": 1.5435, "Jolly Roger": 1.6905, "Angelina": 2.2785, "Andromeda": 1.9845000000000002, "Dark Portal": 1.8375, "Pumpkin": 1.7198999999999998, "Hexed Helix": 1.8375, "Hollywood": 1.5435, "Heart Pop": 1.617, "Rosebud": 1.7198999999999998, "Jinxed": 1.617, "Dark Sky": 1.617, "Satellite": 1.8375, "Love Bubbles": 1.8375, "Cobweb": 1.5435, "Einstein": 1.7198999999999998, "Celestia": 2.2785, "Blood Ember": 1.7198999999999998, "Onyx Black": 1.9849999999999999, "Black": 5.21, "just": 1.2495}, "B-Day Candle": {"Kaboom!": 1.9575, "Pixel Wish": 2.2475, "On Fire": 2.2475, "Payday": 2.2475, "Happy Meows": 2.2475, "Purr Magic": 2.2475, "Final Boss": 2.2475, "Onyx Black": 1.87, "Black": 5.185, "just": 1.2325}, "Desk Calendar": {"Deadline": 2.2475, "Sunday": 1.9575, "Balloon Face": 1.8125, "Telegram": 2.2475, "Tic Tac Toe": 2.2475, "Independence": 2.2475, "Hodler": 5.075, "Adult Tasks": 27.624999999999996, "Checklist": 2.2475, "Peach Week": 2.2475, "Burning Time": 2.2475, "Durov Day": 5.075, "Heartbreak": 1.595, "Pepe Plans": 12.219999999999999, "Fund Manager": 2.2475, "Fawkes Night": 2.9, "Investor": 9.725, "Onyx Black": 1.88, "Black": 5.324999999999999, "just": 1.2325}, "Lunar Snake": {"Soul Eater": 2.3095, "Synthwave": 4.172, "Psychedelic": 1.8625, "Hot Cherry": 1.937, "Hellspawn": 2.0115000000000003, "Timelock": 2.3095, "Python Dev": 2.0115000000000003, "Dragon Ball": 5.215, "Onyx Black": 2.34, "Black": 5.44, "just": 1.2665}, "Xmas Stocking": {"Onyx Black": 2.235, "Black": 5.76, "just": 1.2665}, "Snake Box": {"Onyx Black": 2.19, "Black": 5.425000000000001, "just": 1.36}, "Pet Snake": {"Onyx Black": 2.5549999999999997, "Black": 5.9750000000000005, "just": 1.666}, "Candy Cane": {"Hex Pot": 4.284, "Sticky Sweet": 2.3715, "Grinch": 3.06, "Designer": 5.355, "Onyx Black": 2.265, "Black": 5.61, "just": 1.3005}, "Whip Cupcake": {"Toncoin": 2.6195, "Deep State": 2.2815, "Resistance": 5.915, "Bitcoin": 13.594999999999999, "Sponge Duck": 2.6195, "Onyx Black": 2.1950000000000003, "Black": 5.745000000000001, "just": 1.4364999999999999}, "Big Year": {"Pokeball": 2.565, "Gold Mine": 6.6499999999999995, "The Nether": 2.945, "First Website": 2.223, "Game Boy": 2.09, "Creator": 2.945, "Big Brother": 2.945, "Telegram": 5.319999999999999, "Pavel Durov": 13.450000000000001, "Cheshire Cat": 2.945, "Qing Dynasty": 2.945, "Bitcoin": 5.319999999999999, "The Hobbit": 3.8, "Balloons": 2.09, "YouTubes": 2.945, "Onyx Black": 4.449999999999999, "Black": 9.1, "just": 1.615}, "Homemade Cake": {"Onyx Black": 2.35, "Black": 5.63, "just": 1.581}, "Cookie Heart": {"Onyx Black": 2.66, "Black": 6.705, "just": 1.632}, "Jester Hat": {"Onyx Black": 2.585, "Black": 6.385, "just": 1.5045}, "Holiday Drink": {"Onyx Black": 2.68, "Black": 6.055000000000001, "just": 1.581}, "Ginger Cookie": {"Onyx Black": 3.555, "Black": 7.13, "just": 1.666}, "Hypno Lollipop": {"Onyx Black": 3.45, "Black": 7.66, "just": 1.6404999999999998}, "Winter Wreath": {"Moon Cat": 90.99499999999999, "Onyx Black": 2.545, "Black": 6.99, "just": 1.6915}, "Party Sparkler": {"Onyx Black": 2.965, "Black": 7.415, "just": 1.6404999999999998}, "Jingle Bells": {"Onyx Black": 3.065, "Black": 6.155, "just": 1.8104999999999998}, "Tama Gadget": {"Onyx Black": 3.46, "Black": 6.780000000000001, "just": 1.785}, "Jack-in-the-Box": {"Onyx Black": 3.12, "Black": 6.97, "just": 1.9040000000000001}, "Star Notepad": {"Onyx Black": 3.75, "Black": 9.425, "just": 1.9975}, "Easter Egg": {"Onyx Black": 3.8, "Black": 10.879999999999999, "just": 2.4225}, "Santa Hat": {"Onyx Black": 3.73, "Black": 8.245999999999999, "just": 2.3375}, "Hex Pot": {"Onyx Black": 3.9699999999999998, "Black": 9.81, "just": 2.3205}, "Restless Jar": {"Onyx Black": 3.9299999999999997, "Black": 9.24, "just": 2.2015}, "Lush Bouquet": {"Onyx Black": 5.25, "Black": 8.844999999999999, "just": 2.72}, "Spiced Wine": {"Onyx Black": 3.2540000000000004, "Black": 7.29, "just": 2.1165000000000003}, "Snow Globe": {"Onyx Black": 4.895, "Black": 11.399999999999999, "just": 2.38}, "Joyful Bundle": {"Onyx Black": 4.385, "Black": 9.61, "just": 2.3545}, "Light Sword": {"Onyx Black": 4.438, "Black": 9.842, "just": 2.6094999999999997}, "Witch Hat": {"Onyx Black": 4.175, "Black": 12.024999999999999, "just": 2.5925}, "Bow Tie": {"Onyx Black": 4.694, "Black": 11.974, "just": 2.7965}, "Eternal Candle": {"Onyx Black": 5.408, "Black": 11.208, "just": 3.128}, "Jelly Bunny": {"Onyx Black": 5.095, "Black": 10.185, "just": 2.8815}, "Bunny Muffin": {"Onyx Black": 4.754, "Black": 11.554, "just": 3.0515}, "Spy Agaric": {"Onyx Black": 5.888, "Black": 10.488, "just": 2.9579999999999997}, "Evil Eye": {"Onyx Black": 6.311999999999999, "Black": 13.384, "just": 3.094}, "Snow Mittens": {"Onyx Black": 6.279999999999999, "Black": 8.079999999999998, "just": 3.23}, "Berry Box": {"Onyx Black": 5.194, "Black": 10.674, "just": 3.2215}, "Valentine Box": {"Onyx Black": 7.234, "Black": 12.873999999999999, "just": 4.0715}, "Sakura Flower": {"Onyx Black": 6.84, "Black": 16.043999999999997, "just": 4.029}, "Hanging Star": {"Onyx Black": 7.82, "Black": 15.219999999999999, "just": 4.845}, "Sleigh Bell": {"Onyx Black": 12.638, "Black": 20.637999999999998, "just": 6.5705}, "Love Candle": {"Onyx Black": 10.17, "Black": 17.11, "just": 7.097499999999999}, "Skull Flower": {"Onyx Black": 11.594000000000001, "Black": 18.354, "just": 6.7915}, "Crystal Ball": {"Onyx Black": 12.293999999999999, "Black": 27.134, "just": 6.706499999999999}, "Trapped Heart": {"Onyx Black": 12.248, "Black": 19.088, "just": 7.208}, "Top Hat": {"Onyx Black": 15.258, "Black": 26.862000000000002, "just": 7.4544999999999995}, "Love Potion": {"Onyx Black": 12.734, "Black": 23.93, "just": 8.4065}, "Flying Broom": {"Onyx Black": 12.488, "Black": 17.288, "just": 8.058}, "Cupid Charm": {"Onyx Black": 17.067999999999998, "Black": 32.868, "just": 10.013}, "Record Player": {"Onyx Black": 10.38, "Black": 20.619999999999997, "just": 6.545}, "Eternal Rose": {"Onyx Black": 18.794, "Black": 33.594, "just": 11.8915}, "Mad Pumpkin": {"Onyx Black": 24.188000000000002, "Black": 39.788, "just": 16.133}, "Voodoo Doll": {"Onyx Black": 23.880000000000003, "Black": 44.3, "just": 14.025}, "Diamond Ring": {"Onyx Black": 21.07, "Black": 40.67, "just": 13.982499999999998}, "Toy Bear": {"Onyx Black": 33.794, "Black": 50.194, "just": 22.941499999999998}, "Vintage Cigar": {"Onyx Black": 36.4, "Black": 60.0, "just": 20.4}, "Neko Helmet": {"Onyx Black": 38.974000000000004, "Black": 66.57400000000001, "just": 24.046499999999998}, "Low Rider": {"Onyx Black": 32.798, "Black": 83.19800000000001, "just": 21.530499999999996}, "Signet Ring": {"Onyx Black": 37.9, "Black": 76.7, "just": 24.224999999999998}, "Electric Skull": {"Onyx Black": 45.51, "Black": 75.914, "just": 28.211499999999997}, "Kissed Frog": {"Onyx Black": 45.48, "Black": 80.08, "just": 28.729999999999997}, "Swiss Watch": {"Onyx Black": 42.654, "Black": 72.654,