{"Snoop Dogg": {"Doberman": 3.5255, "Sapphire": 2.0205, "Doggfather": 3.3259999999999996, "King Snoop": 5.881, "King Ruby": 2.0015, "Goldizzle": 6.9705, "AI Dogg": 3.0885, "Black Gold": 1.9730000000000003, "Black Diamond": 2.258, "Chrome": 2.5810000000000004, "Onyx Black": 3.826666666666666, "Black": 10.272307692307692, "just": 1.5979999999999999}, "Swag Bag": {"Bulk Order": 2.3985, "Take It Easy": 2.665, "Gin & Jewels": 2.5625, "Boiling Hot": 2.7675, "Missionary": 8.975000000000001, "Leopard": 2.1525, "Dogg’s Loot": 2.1525, "Happy Herbs": 3.1774999999999998, "Snoop Life": 2.665, "Cashback": 3.1774999999999998, "April 20th": 3.1774999999999998, "Darkness": 2.255, "Onyx Black": 3.775, "Black": 7.5249999999999995, "just": 1.7424999999999997}, "Snoop Cigar": {"Onyx Black": 7.945, "Black": 19.105, "just": 4.156499999999999}, "Lol Pop": {"Mortal Sin": 2.9, "Rosebud": 1.74, "Doodle Art": 1.595, "Blood Ember": 1.595, "Celestia": 1.9575, "Cobweb": 1.595, "Andromeda": 1.9575, "Pumpkin": 2.2475, "Crystal Comet": 1.5225, "Dark Portal": 1.74, "Plastic Ice": 1.5225, "Heart Pop": 1.595, "Glowstick": 1.9575, "Jinxed": 1.74, "Hexed Helix": 1.74, "Angelina": 2.2475, "Einstein": 1.6965, "Sweetheart": 1.74, "Gold Star": 1.5225, "Love Bubbles": 1.595, "Shock Wave": 1.5225, "Hollywood": 1.5225, "Satellite": 1.8125, "Jolly Roger": 1.6674999999999998, "Dark Sky": 1.595, "Blood Sucker": 1.885, "Fire Vortex": 1.5225, "Onyx Black": 2.005, "Black": 5.175, "just": 1.2325}, "B-Day Candle": {"Kaboom!": 2.17, "Final Boss": 2.17, "Pixel Wish": 2.17, "On Fire": 2.17, "Purr Magic": 2.17, "Payday": 2.17, "Happy Meows": 2.17, "Onyx Black": 1.845, "Black": 5.1, "just": 1.19}, "Desk Calendar": {"Adult Tasks": 25.625, "Balloon Face": 1.7550000000000001, "Peach Week": 2.0925000000000002, "Pepe Plans": 13.174999999999999, "Hodler": 4.7250000000000005, "Durov Day": 6.325000000000001, "Fund Manager": 2.0925000000000002, "Deadline": 2.0925000000000002, "Investor": 9.669999999999998, "Telegram": 2.7, "Heartbreak": 1.5525, "Sunday": 2.0925000000000002, "Tic Tac Toe": 1.6875, "Burning Time": 2.0925000000000002, "Fawkes Night": 4.7250000000000005, "Independence": 2.0925000000000002, "Checklist": 2.0925000000000002, "Onyx Black": 1.8, "Black": 5.125, "just": 1.1475}, "Lunar Snake": {"Hellspawn": 2.0925000000000002, "Timelock": 2.4025000000000003, "Dragon Ball": 5.425, "Soul Eater": 2.4025000000000003, "Python Dev": 2.4025000000000003, "Synthwave": 4.34, "Hot Cherry": 2.0925000000000002, "Psychedelic": 1.9375, "Onyx Black": 2.42, "Black": 5.510000000000001, "just": 1.3175}, "Xmas Stocking": {"Onyx Black": 2.065, "Black": 5.995, "just": 1.2665}, "Snake Box": {"Onyx Black": 1.93, "Black": 5.525, "just": 1.326}, "Pet Snake": {"Onyx Black": 2.43, "Black": 6.050000000000001, "just": 1.581}, "Candy Cane": {"Grinch": 4.284, "Hex Pot": 3.06, "Sticky Sweet": 2.0655, "Designer": 5.355, "Onyx Black": 2.115, "Black": 5.8100000000000005, "just": 1.3005}, "Whip Cupcake": {"Resistance": 5.705, "Bitcoin": 11.965, "Toncoin": 2.5265, "Sponge Duck": 2.5265, "Deep State": 2.1189999999999998, "Onyx Black": 2.19, "Black": 5.414999999999999, "just": 1.3855}, "Big Year": {"Telegram": 6.545, "YouTubes": 2.8985000000000003, "Bitcoin": 5.236, "Pavel Durov": 8.934999999999999, "Game Boy": 2.0570000000000004, "The Hobbit": 3.74, "The Nether": 2.8985000000000003, "First Website": 2.1879, "Creator": 2.8985000000000003, "Pokeball": 2.5245, "Qing Dynasty": 2.8985000000000003, "Big Brother": 2.8985000000000003, "Gold Mine": 6.545, "Cheshire Cat": 2.8985000000000003, "Onyx Black": 3.535, "Black": 8.934999999999999, "just": 1.5895000000000001}, "Homemade Cake": {"Onyx Black": 2.29, "Black": 5.390000000000001, "just": 1.5979999999999999}, "Cookie Heart": {"Onyx Black": 2.45, "Black": 6.449999999999999, "just": 1.615}, "Jester Hat": {"Onyx Black": 2.6950000000000003, "Black": 6.585, "just": 1.5215}, "Holiday Drink": {"Onyx Black": 2.6550000000000002, "Black": 6.029999999999999, "just": 1.5385}, "Ginger Cookie": {"Onyx Black": 3.5999999999999996, "Black": 7.265000000000001, "just": 1.615}, "Hypno Lollipop": {"Onyx Black": 3.3200000000000003, "Black": 7.470000000000001, "just": 1.649}, "Winter Wreath": {"Moon Cat": 85.97, "Onyx Black": 2.87, "Black": 6.470000000000001, "just": 1.649}, "Party Sparkler": {"Onyx Black": 3.05, "Black": 7.185, "just": 1.6064999999999998}, "Jingle Bells": {"Onyx Black": 2.9699999999999998, "Black": 6.739999999999999, "just": 1.666}, "Tama Gadget": {"Onyx Black": 3.16, "Black": 6.8, "just": 1.802}, "Jack-in-the-Box": {"Onyx Black": 3.1, "Black": 6.8500000000000005, "just": 1.87}, "Star Notepad": {"Onyx Black": 3.6799999999999997, "Black": 8.78, "just": 2.006}, "Easter Egg": {"Onyx Black": 3.815, "Black": 10.895, "just": 2.448}, "Santa Hat": {"Onyx Black": 3.722, "Black": 9.182, "just": 2.2695}, "Hex Pot": {"Onyx Black": 4.025, "Black": 9.385, "just": 2.4225}, "Restless Jar": {"Onyx Black": 3.745, "Black": 8.695, "just": 2.2015}, "Lush Bouquet": {"Onyx Black": 4.89, "Black": 8.84, "just": 2.533}, "Spiced Wine": {"Onyx Black": 3.2780000000000005, "Black": 6.878, "just": 2.0995}, "Snow Globe": {"Onyx Black": 4.715, "Black": 10.114999999999998, "just": 2.4055}, "Joyful Bundle": {"Onyx Black": 4.795, "Black": 9.615000000000002, "just": 2.3715}, "Light Sword": {"Onyx Black": 4.84, "Black": 10.26, "just": 2.635}, "Witch Hat": {"Onyx Black": 4.52, "Black": 12.02, "just": 2.584}, "Bow Tie": {"Onyx Black": 6.296, "Black": 12.288, "just": 2.686}, "Eternal Candle": {"Onyx Black": 5.216, "Black": 10.804, "just": 2.856}, "Jelly Bunny": {"Onyx Black": 4.745, "Black": 11.745, "just": 2.9665}, "Bunny Muffin": {"Onyx Black": 6.77, "Black": 17.65, "just": 3.5275000000000003}, "Spy Agaric": {"Onyx Black": 6.972, "Black": 10.451999999999998, "just": 2.907}, "Evil Eye": {"Onyx Black": 6.05, "Black": 13.85, "just": 3.1875}, "Snow Mittens": {"Onyx Black": 6.0, "Black": 8.82, "just": 3.4}, "Berry Box": {"Onyx Black": 4.8919999999999995, "Black": 10.692, "just": 3.247}, "Valentine Box": {"Onyx Black": 7.24, "Black": 13.280000000000001, "just": 4.08}, "Sakura Flower": {"Onyx Black": 7.106, "Black": 14.713999999999999, "just": 4.4115}, "Hanging Star": {"Onyx Black": 8.95, "Black": 15.190000000000001, "just": 4.8025}, "Sleigh Bell": {"Onyx Black": 11.254, "Black": 24.094, "just": 6.3665}, "Love Candle": {"Onyx Black": 10.456, "Black": 15.776, "just": 7.6160000000000005}, "Skull Flower": {"Onyx Black": 11.588000000000001, "Black": 18.308, "just": 6.783}, "Crystal Ball": {"Onyx Black": 12.347999999999999, "Black": 27.384000000000004, "just": 6.783}, "Trapped Heart": {"Onyx Black": 11.934000000000001, "Black": 20.793999999999997, "just": 6.7915}, "Top Hat": {"Onyx Black": 14.496000000000002, "Black": 27.528, "just": 6.6979999999999995}, "Love Potion": {"Onyx Black": 12.456, "Black": 23.816000000000003, "just": 8.245}, "Flying Broom": {"Onyx Black": 11.348, "Black": 19.067999999999998, "just": 8.143}, "Cupid Charm": {"Onyx Black": 18.684, "Black": 33.084, "just": 10.319}, "Record Player": {"Onyx Black": 10.572, "Black": 20.572000000000003, "just": 6.477}, "Eternal Rose": {"Onyx Black": 18.39, "Black": 34.394, "just": 11.8915}, "Mad Pumpkin": {"Onyx Black": 23.804000000000002, "Black": 37.004, "just": 15.588999999999999}, "Voodoo Doll": {"Onyx Black": 24.564, "Black": 48.584, "just": 14.994}, "Diamond Ring": {"Onyx Black": 21.823999999999998, "Black": 43.228, "just": 13.922999999999998}, "Toy Bear": {"Onyx Black": 32.05, "Black": 49.174, "just": 21.496499999999997}, "Vintage Cigar": {"Onyx Black": 35.480000000000004, "Black": 59.879999999999995, "just": 20.23}, "Neko Helmet": {"Onyx Black": 36.194, "Black": 61.59, "just": 22.091499999999996}, "Low Rider": {"Onyx Black": 32.588, "Black": 76.188, "just": 21.233}, "Signet Ring": {"Onyx Black": 37.282, "Black": 74.482, "just": 23.3495}, "Electric Skull": {"Onyx Black": 43.178, "Black": 75.182, "just": 27.1745}, "Kissed Frog": {"Onyx Black": 44.574, "Black": 79.222, "just": 27.514499999999998},