{"Snoop Dogg": {"Doggfather": 2.9459999999999997, "Black Diamond": 2.277, "Goldizzle": 6.752, "King Ruby": 1.9540000000000002, "Cold Topaz": 1.9255, "Chrome": 2.353, "Doberman": 3.231, "Sapphire": 2.163, "AI Dogg": 2.8655, "King Snoop": 4.798, "Onyx Black": 3.256666666666667, "Black": 9.96076923076923, "just": 1.5555}, "Swag Bag": {"Leopard": 2.1420000000000003, "Bulk Order": 2.3459999999999996, "Missionary": 8.515, "Dogg’s Loot": 2.1420000000000003, "April 20th": 3.1620000000000004, "Darkness": 2.244, "Gin & Jewels": 2.55, "Cashback": 3.1620000000000004, "Boiling Hot": 2.448, "Snoop Life": 2.7540000000000004, "Take It Easy": 2.7540000000000004, "P.I.M.P.": 2.1420000000000003, "Happy Herbs": 3.1620000000000004, "Onyx Black": 3.17, "Black": 7.5200000000000005, "just": 1.734}, "Snoop Cigar": {"Onyx Black": 7.865, "Black": 19.240000000000002, "just": 4.1055}, "Lol Pop": {"Angelina": 2.2785, "Einstein": 1.7198999999999998, "Rosebud": 1.7198999999999998, "Mortal Sin": 2.94, "Heart Pop": 1.617, "Icy Touch": 1.5435, "Blood Ember": 1.7198999999999998, "Satellite": 1.8375, "Sweetheart": 1.8375, "Andromeda": 1.9845000000000002, "Nostalgia": 1.5435, "Hollywood": 1.5435, "Jinxed": 1.617, "Gold Star": 1.5435, "Doodle Art": 1.617, "Cobweb": 1.5435, "Love Bubbles": 1.8375, "Hexed Helix": 1.8375, "Glowstick": 1.9845000000000002, "Dark Sky": 1.617, "Celestia": 2.2785, "Shock Wave": 1.5435, "Jolly Roger": 1.6905, "Pumpkin": 1.7198999999999998, "Blood Sucker": 1.9845000000000002, "Milky Way": 1.5435, "Dark Portal": 1.8375, "Sick Leave": 1.5435, "Onyx Black": 1.9849999999999999, "Black": 5.21, "just": 1.2495}, "B-Day Candle": {"Pixel Wish": 2.2785, "Purr Magic": 2.2785, "Payday": 2.2785, "On Fire": 2.2785, "Kaboom!": 1.9845000000000002, "Happy Meows": 2.2785, "Final Boss": 2.2785, "Onyx Black": 1.88, "Black": 5.195, "just": 1.2495}, "Desk Calendar": {"Independence": 2.2319999999999998, "Telegram": 2.2319999999999998, "Durov Day": 5.04, "Fund Manager": 2.2319999999999998, "Fawkes Night": 2.88, "Balloon Face": 1.8719999999999999, "Investor": 9.719999999999999, "Burning Time": 2.2319999999999998, "Checklist": 2.2319999999999998, "Sunday": 1.944, "Tic Tac Toe": 2.2319999999999998, "Pepe Plans": 12.214999999999998, "Hodler": 5.04, "Heartbreak": 1.584, "Adult Tasks": 27.625000000000004, "Deadline": 2.2319999999999998, "Peach Week": 2.2319999999999998, "Onyx Black": 1.875, "Black": 5.32, "just": 1.224}, "Lunar Snake": {"Psychedelic": 1.875, "Soul Eater": 2.325, "Timelock": 2.325, "Hot Cherry": 1.9500000000000002, "Dragon Ball": 5.25, "Hellspawn": 2.0250000000000004, "Synthwave": 4.199999999999999, "Python Dev": 2.0250000000000004, "Onyx Black": 2.3449999999999998, "Black": 5.445, "just": 1.275}, "Xmas Stocking": {"Onyx Black": 2.245, "Black": 5.77, "just": 1.2834999999999999}, "Snake Box": {"Onyx Black": 2.175, "Black": 5.425000000000001, "just": 1.36}, "Pet Snake": {"Onyx Black": 2.54, "Black": 5.96, "just": 1.6404999999999998}, "Candy Cane": {"Designer": 5.285, "Hex Pot": 4.228, "Sticky Sweet": 2.3405, "Grinch": 3.02, "Onyx Black": 2.255, "Black": 5.6, "just": 1.2834999999999999}, "Whip Cupcake": {"Deep State": 2.2545, "Toncoin": 2.5885, "Resistance": 5.845, "Bitcoin": 13.584999999999999, "Sponge Duck": 2.5885, "Onyx Black": 2.185, "Black": 5.735, "just": 1.4195}, "Big Year": {"YouTubes": 2.945, "Game Boy": 2.09, "Qing Dynasty": 2.945, "The Hobbit": 3.8, "Pokeball": 2.565, "Telegram": 5.319999999999999, "Big Brother": 2.945, "Gold Mine": 6.6499999999999995, "Bitcoin": 5.319999999999999, "The Nether": 2.945, "Cheshire Cat": 2.945, "Balloons": 2.09, "Pavel Durov": 10.4, "First Website": 2.223, "Creator": 2.945, "Onyx Black": 3.9499999999999997, "Black": 9.1, "just": 1.615}, "Homemade Cake": {"Onyx Black": 2.3649999999999998, "Black": 5.6450000000000005, "just": 1.6064999999999998}, "Cookie Heart": {"Onyx Black": 2.685, "Black": 6.7299999999999995, "just": 1.6744999999999999}, "Jester Hat": {"Onyx Black": 2.58, "Black": 6.38, "just": 1.496}, "Holiday Drink": {"Onyx Black": 2.7, "Black": 6.074999999999999, "just": 1.615}, "Ginger Cookie": {"Onyx Black": 3.555, "Black": 7.13, "just": 1.666}, "Hypno Lollipop": {"Onyx Black": 3.45, "Black": 7.66, "just": 1.6404999999999998}, "Winter Wreath": {"Moon Cat": 90.99000000000001, "Onyx Black": 2.54, "Black": 6.984999999999999, "just": 1.683}, "Party Sparkler": {"Onyx Black": 2.96, "Black": 7.41, "just": 1.632}, "Jingle Bells": {"Onyx Black": 2.945, "Black": 6.14, "just": 1.7764999999999997}, "Tama Gadget": {"Onyx Black": 3.4800000000000004, "Black": 6.795, "just": 1.819}, "Jack-in-the-Box": {"Onyx Black": 3.12, "Black": 6.97, "just": 1.9040000000000001}, "Star Notepad": {"Onyx Black": 3.75, "Black": 9.425, "just": 1.9975}, "Easter Egg": {"Onyx Black": 3.79, "Black": 10.87, "just": 2.4055}, "Santa Hat": {"Onyx Black": 3.76, "Black": 8.276, "just": 2.38}, "Hex Pot": {"Onyx Black": 3.99, "Black": 9.83, "just": 2.3545}, "Restless Jar": {"Onyx Black": 3.945, "Black": 9.254999999999999, "just": 2.227}, "Lush Bouquet": {"Onyx Black": 5.244999999999999, "Black": 8.84, "just": 2.7115}, "Spiced Wine": {"Onyx Black": 3.3819999999999997, "Black": 7.09, "just": 2.1845}, "Snow Globe": {"Onyx Black": 4.895, "Black": 11.399999999999999, "just": 2.38}, "Joyful Bundle": {"Onyx Black": 4.385, "Black": 9.61, "just": 2.3545}, "Light Sword": {"Onyx Black": 4.396, "Black": 9.8, "just": 2.55}, "Witch Hat": {"Onyx Black": 4.185, "Black": 12.035, "just": 2.6094999999999997}, "Bow Tie": {"Onyx Black": 4.682, "Black": 11.962, "just": 2.7795}, "Eternal Candle": {"Onyx Black": 5.408, "Black": 11.208, "just": 3.128}, "Jelly Bunny": {"Onyx Black": 5.05, "Black": 10.14, "just": 2.8049999999999997}, "Bunny Muffin": {"Onyx Black": 4.542, "Black": 11.542, "just": 3.0345}, "Spy Agaric": {"Onyx Black": 5.894, "Black": 10.486, "just": 2.9665}, "Evil Eye": {"Onyx Black": 6.318, "Black": 13.39, "just": 3.1025}, "Snow Mittens": {"Onyx Black": 6.279999999999999, "Black": 8.079999999999998, "just": 3.23}, "Berry Box": {"Onyx Black": 5.26, "Black": 10.74, "just": 3.315}, "Valentine Box": {"Onyx Black": 7.24, "Black": 12.879999999999999, "just": 4.08}, "Sakura Flower": {"Onyx Black": 6.84, "Black": 16.043999999999997, "just": 4.029}, "Hanging Star": {"Onyx Black": 8.016, "Black": 15.219999999999999, "just": 4.845}, "Sleigh Bell": {"Onyx Black": 12.608, "Black": 20.608, "just": 6.528}, "Love Candle": {"Onyx Black": 10.17, "Black": 17.11, "just": 7.097499999999999}, "Skull Flower": {"Onyx Black": 11.486, "Black": 18.246, "just": 6.6385}, "Crystal Ball": {"Onyx Black": 12.341999999999999, "Black": 27.182, "just": 6.7745}, "Trapped Heart": {"Onyx Black": 12.283999999999999, "Black": 19.124, "just": 7.2589999999999995}, "Top Hat": {"Onyx Black": 15.245999999999999, "Black": 26.85, "just": 7.4375}, "Love Potion": {"Onyx Black": 12.74, "Black": 23.936, "just": 8.415000000000001}, "Flying Broom": {"Onyx Black": 12.494, "Black": 17.294, "just": 8.0665}, "Cupid Charm": {"Onyx Black": 16.9, "Black": 32.7, "just": 9.775}, "Record Player": {"Onyx Black": 10.476, "Black": 20.716, "just": 6.681}, "Eternal Rose": {"Onyx Black": 19.16, "Black": 33.6, "just": 11.9}, "Mad Pumpkin": {"Onyx Black": 24.188000000000002, "Black": 39.788, "just": 16.133}, "Voodoo Doll": {"Onyx Black": 24.21, "Black": 44.63, "just": 14.4925}, "Diamond Ring": {"Onyx Black": 21.088, "Black": 40.688, "just": 14.008}, "Toy Bear": {"Onyx Black": 33.8, "Black": 50.2, "just": 22.95}, "Vintage Cigar": {"Onyx Black": 37.128, "Black": 60.528000000000006, "just": 21.148}, "Neko Helmet": {"Onyx Black": 37.9, "Black": 65.82, "just": 22.525}, "Low Rider": {"Onyx Black": 32.534, "Black": 82.934, "just": 21.1565}, "Signet Ring": {"Onyx Black": 37.912, "Black": 76.712, "just": 24.241999999999997}, "Electric Skull": {"Onyx Black": 45.546, "Black": 75.95, "just": 28.2625}, "Kissed Frog": {"Onyx Black": 45.48, "Black": 80.28, "just": 28.729999999999997}, "Swiss Watch": {"Onyx Black": 42.654, "Black": 72.654, "just": 29.826500000000003},