{"Snoop Dogg": {"King Snoop": 5.824, "Black Diamond": 2.163, "Cold Topaz": 1.9730000000000003, "Doggfather": 3.2405, "Goldizzle": 7.5915, "Chrome": 2.4005, "Sapphire": 2.0585, "Emerald": 1.9634999999999998, "Doberman": 3.7155000000000005, "AI Dogg": 2.6754999999999995, "King Ruby": 2.0015, "Onyx Black": 3.7333333333333334, "Black": 10.189230769230768, "just": 1.547}, "Swag Bag": {"Aviators": 2.079, "Dogg’s Loot": 2.079, "Cashback": 3.069, "Gin & Jewels": 2.376, "Boiling Hot": 2.475, "Missionary": 8.39, "April 20th": 3.069, "Golden Nugs": 2.079, "Bulk Order": 2.178, "Snoop Life": 2.574, "Take It Easy": 2.574, "Darkness": 2.079, "Happy Herbs": 3.069, "Onyx Black": 3.9400000000000004, "Black": 7.09, "just": 1.683}, "Snoop Cigar": {"Onyx Black": 8.44, "Black": 19.970000000000002, "just": 4.2075000000000005}, "Lol Pop": {"Dark Portal": 1.7625, "Satellite": 1.6496999999999997, "Cobweb": 1.551, "Crystalline": 1.4805, "Nostalgia": 1.4805, "Jinxed": 1.692, "Cookie Dip": 1.4805, "Doodle Art": 1.551, "Love Bubbles": 1.6214999999999997, "Sweetheart": 1.692, "Shock Wave": 1.4805, "Mortal Sin": 2.82, "Blood Sucker": 1.7625, "Icicle": 1.4805, "Glowstick": 1.9035, "Hexed Helix": 1.551, "Rosebud": 1.692, "Pumpkin": 2.1854999999999998, "Einstein": 1.692, "Andromeda": 1.9035, "Angelina": 2.1854999999999998, "Dark Sky": 1.551, "Plastic Ice": 1.4805, "Fire Vortex": 1.6214999999999997, "Blood Ember": 1.6214999999999997, "Milky Way": 1.4805, "Jolly Roger": 1.6496999999999997, "Watermelon": 1.4805, "Gold Star": 1.4805, "Comic Crunch": 1.4805, "Heart Pop": 1.6214999999999997, "Celestia": 1.9035, "Onyx Black": 1.895, "Black": 4.925, "just": 1.1985}, "B-Day Candle": {"On Fire": 2.139, "Purr Magic": 2.139, "Happy Meows": 2.139, "Pixel Wish": 2.139, "Payday": 2.139, "Final Boss": 2.139, "Kaboom!": 1.863, "Onyx Black": 1.7349999999999999, "Black": 4.880000000000001, "just": 1.1729999999999998}, "Desk Calendar": {"Sunday": 2.0770000000000004, "Balloon Face": 1.608, "Checklist": 1.7420000000000002, "Burning Time": 2.0770000000000004, "Independence": 2.0770000000000004, "Adult Tasks": 25.595, "Peach Week": 2.0770000000000004, "Hodler": 4.69, "Pepe Plans": 12.17, "Telegram": 2.68, "Tic Tac Toe": 1.675, "Investor": 9.165, "Fawkes Night": 5.615, "Durov Day": 6.42, "Fund Manager": 2.0770000000000004, "Deadline": 2.0770000000000004, "Heartbreak": 1.5678, "Onyx Black": 1.7650000000000001, "Black": 4.96, "just": 1.139}, "Lunar Snake": {"Synthwave": 5.005, "Hot Cherry": 1.9305, "Dragon Ball": 5.005, "Python Dev": 2.2165, "Hellspawn": 1.9305, "Timelock": 2.2165, "Psychedelic": 1.7874999999999999, "Soul Eater": 1.9305, "Onyx Black": 2.5599999999999996, "Black": 5.415, "just": 1.2155}, "Xmas Stocking": {"Onyx Black": 2.05, "Black": 5.7250000000000005, "just": 1.2325}, "Snake Box": {"Onyx Black": 2.16, "Black": 5.515, "just": 1.3005}, "Pet Snake": {"Onyx Black": 2.5300000000000002, "Black": 5.955, "just": 1.666}, "Candy Cane": {"Hex Pot": 3.1, "Designer": 5.425, "Sticky Sweet": 1.9375, "Grinch": 3.1, "Onyx Black": 2.27, "Black": 5.779999999999999, "just": 1.3175}, "Whip Cupcake": {"Deep State": 2.0655, "Resistance": 5.355, "Toncoin": 2.3715, "Sponge Duck": 2.3715, "Bitcoin": 11.514999999999999, "Onyx Black": 2.315, "Black": 5.265, "just": 1.3005}, "Big Year": {"Balloons": 1.9530000000000003, "Creator": 2.8830000000000005, "The Nether": 2.8830000000000005, "Pavel Durov": 8.68, "Big Brother": 2.8830000000000005, "Cheshire Cat": 2.8830000000000005, "Gold Mine": 6.510000000000001, "Qing Dynasty": 3.72, "Pokeball": 2.511, "First Website": 2.511, "The Hobbit": 3.72, "Telegram": 5.208, "YouTubes": 3.72, "Bitcoin": 5.208, "Game Boy": 2.0460000000000003, "Onyx Black": 3.5250000000000004, "Black": 8.93, "just": 1.581}, "Homemade Cake": {"Onyx Black": 2.21, "Black": 5.56, "just": 1.5555}, "Cookie Heart": {"Onyx Black": 2.645, "Black": 6.499999999999999, "just": 1.6064999999999998}, "Jester Hat": {"Onyx Black": 2.6950000000000003, "Black": 6.555000000000001, "just": 1.5215}, "Holiday Drink": {"Onyx Black": 2.715, "Black": 6.345, "just": 1.6915}, "Ginger Cookie": {"Onyx Black": 3.54, "Black": 7.185, "just": 1.5979999999999999}, "Hypno Lollipop": {"Onyx Black": 3.3, "Black": 7.075, "just": 1.6575}, "Winter Wreath": {"Moon Cat": 90.985, "Onyx Black": 2.885, "Black": 7.935, "just": 1.6744999999999999}, "Party Sparkler": {"Onyx Black": 2.88, "Black": 6.430000000000001, "just": 1.581}, "Jingle Bells": {"Onyx Black": 2.865, "Black": 6.965, "just": 1.7254999999999998}, "Tama Gadget": {"Onyx Black": 3.43, "Black": 6.760000000000001, "just": 1.734}, "Jack-in-the-Box": {"Onyx Black": 3.045, "Black": 6.8500000000000005, "just": 1.87}, "Star Notepad": {"Onyx Black": 3.51, "Black": 8.86, "just": 1.887}, "Easter Egg": {"Onyx Black": 3.77, "Black": 10.850000000000001, "just": 2.3715}, "Santa Hat": {"Onyx Black": 3.7640000000000002, "Black": 9.224, "just": 2.329}, "Hex Pot": {"Onyx Black": 4.04, "Black": 9.399999999999999, "just": 2.448}, "Restless Jar": {"Onyx Black": 4.1899999999999995, "Black": 8.535, "just": 2.2015}, "Lush Bouquet": {"Onyx Black": 4.675, "Black": 8.495000000000001, "just": 2.55}, "Spiced Wine": {"Onyx Black": 2.956, "Black": 6.872000000000001, "just": 2.0909999999999997}, "Snow Globe": {"Onyx Black": 7.425000000000001, "Black": 10.025, "just": 2.4225}, "Joyful Bundle": {"Onyx Black": 4.38, "Black": 9.355, "just": 2.3459999999999996}, "Light Sword": {"Onyx Black": 4.654, "Black": 10.25, "just": 2.6264999999999996}, "Witch Hat": {"Onyx Black": 4.62, "Black": 11.969999999999999, "just": 2.499}, "Bow Tie": {"Onyx Black": 5.92, "Black": 12.3, "just": 2.72}, "Eternal Candle": {"Onyx Black": 5.41, "Black": 11.001999999999999, "just": 3.1365}, "Jelly Bunny": {"Onyx Black": 4.88, "Black": 10.690000000000001, "just": 2.8729999999999998}, "Bunny Muffin": {"Onyx Black": 6.587999999999999, "Black": 16.628, "just": 3.383}, "Spy Agaric": {"Onyx Black": 6.83, "Black": 10.374, "just": 2.8815}, "Evil Eye": {"Onyx Black": 7.087999999999999, "Black": 14.328, "just": 3.298}, "Snow Mittens": {"Onyx Black": 5.981999999999999, "Black": 8.682, "just": 3.3745000000000003}, "Berry Box": {"Onyx Black": 4.748, "Black": 10.524, "just": 3.2129999999999996}, "Valentine Box": {"Onyx Black": 6.894, "Black": 12.494, "just": 3.8165}, "Sakura Flower": {"Onyx Black": 6.683999999999999, "Black": 16.244, "just": 4.369}, "Hanging Star": {"Onyx Black": 8.69, "Black": 15.129999999999999, "just": 4.717499999999999}, "Sleigh Bell": {"Onyx Black": 10.834, "Black": 24.034, "just": 6.281499999999999}, "Love Candle": {"Onyx Black": 10.218, "Black": 15.578, "just": 7.335500000000001}, "Skull Flower": {"Onyx Black": 11.036000000000001, "Black": 18.355999999999998, "just": 6.851}, "Crystal Ball": {"Onyx Black": 12.169999999999998, "Black": 26.706000000000003, "just": 6.672499999999999}, "Trapped Heart": {"Onyx Black": 11.48, "Black": 20.68, "just": 6.63}, "Top Hat": {"Onyx Black": 14.056000000000001, "Black": 26.256, "just": 6.596}, "Love Potion": {"Onyx Black": 12.266, "Black": 23.630000000000003, "just": 7.9815000000000005}, "Flying Broom": {"Onyx Black": 11.706, "Black": 26.706000000000003, "just": 8.083499999999999}, "Cupid Charm": {"Onyx Black": 17.676000000000002, "Black": 32.876000000000005, "just": 9.741}, "Record Player": {"Onyx Black": 10.434, "Black": 20.434, "just": 6.281499999999999}, "Eternal Rose": {"Onyx Black": 17.951999999999998, "Black": 35.552, "just": 11.831999999999999}, "Mad Pumpkin": {"Onyx Black": 23.834, "Black": 40.234, "just": 15.6315}, "Voodoo Doll": {"Onyx Black": 23.214, "Black": 47.614000000000004, "just": 14.1865}, "Diamond Ring": {"Onyx Black": 20.387999999999998, "Black": 41.587999999999994, "just": 13.583}, "Toy Bear": {"Onyx Black": 30.98, "Black": 46.984, "just": 20.094}, "Vintage Cigar": {"Onyx Black": 36.308, "Black": 58.087999999999994, "just": 19.958}, "Neko Helmet": {"Onyx Black": 37.208, "Black": 64.608, "just": 23.528}, "Low Rider": {"Onyx Black": 33.4, "Black": 76.2, "just": 21.25},