{"Snoop Dogg": {"King Ruby": 1.8165000000000002, "Doggfather": 3.0105000000000004, "Green Light": 1.9020000000000001, "Doberman": 3.3905000000000003, "Black Diamond": 2.2060000000000004, "Goldizzle": 7.2405, "Sapphire": 1.9780000000000002, "Chrome": 2.263, "AI Dogg": 3.058, "King Snoop": 5.0905000000000005, "Cold Topaz": 2.016, "Onyx Black": 2.876666666666667, "Black": 10.283846153846152, "just": 1.3855}, "Swag Bag": {"Darkness": 2.0130000000000003, "Dogg’s Loot": 1.9215000000000002, "April 20th": 2.8365, "Boiling Hot": 2.1045, "Bulk Order": 2.0130000000000003, "Cashback": 2.8365, "Take It Easy": 2.1045, "Missionary": 6.405, "Gin & Jewels": 2.379, "Happy Herbs": 2.8365, "P.I.M.P.": 2.0130000000000003, "Snoop Life": 2.196, "Onyx Black": 2.785, "Black": 6.91, "just": 1.5555}, "Snoop Cigar": {"Onyx Black": 8.675, "Black": 18.725, "just": 3.7825}, "Lol Pop": {"Pumpkin": 1.4834999999999998, "Celestia": 2.58, "Angelina": 1.9995, "Cobweb": 1.4190000000000003, "Doodle Art": 1.548, "Soap Bubbles": 1.3545, "Nostalgia": 1.3545, "Milky Way": 1.4190000000000003, "Sailor Moon": 1.4190000000000003, "Blood Sucker": 1.6125, "Dark Portal": 1.6125, "Rosebud": 1.677, "Watermelon": 1.4190000000000003, "Wonka Berry": 1.3545, "Dark Sky": 1.4834999999999998, "Fire Vortex": 1.4190000000000003, "Sweetheart": 1.4834999999999998, "Jinxed": 1.4834999999999998, "Glowstick": 1.9995, "Icicle": 1.4190000000000003, "Einstein": 1.4190000000000003, "Pink Foil": 1.3545, "Love Bubbles": 1.6125, "Satellite": 1.6125, "Sick Leave": 1.3545, "Heart Pop": 1.3545, "Mortal Sin": 3.6119999999999997, "Comic Crunch": 1.3545, "Jolly Roger": 1.6125, "Hexed Helix": 1.4190000000000003, "Blood Ember": 1.677, "Cookie Dip": 1.4190000000000003, "Andromeda": 1.677, "Onyx Black": 1.795, "Black": 4.92, "just": 1.0965}, "B-Day Candle": {"Payday": 2.46, "Final Boss": 1.9065, "On Fire": 2.46, "Happy Meows": 2.46, "Pixel Wish": 1.9065, "Purr Magic": 2.46, "Shocker": 1.9065, "Kaboom!": 1.9065, "Onyx Black": 1.63, "Black": 4.109999999999999, "just": 1.0454999999999999}, "Desk Calendar": {"Tic Tac Toe": 1.8599999999999999, "Sunday": 2.4, "Pepe Plans": 4.2, "Burning Time": 1.8599999999999999, "Hodler": 4.2, "Deadline": 2.4, "Fawkes Night": 3.36, "Heartbreak": 1.38, "Checklist": 1.8599999999999999, "Investor": 4.2, "Peach Week": 1.62, "Balloon Face": 1.62, "Adult Tasks": 4.2, "Durov Day": 2.4, "Telegram": 1.8599999999999999, "Independence": 3.36, "Fund Manager": 1.8599999999999999, "Onyx Black": 1.745, "Black": 4.64, "just": 1.02}, "Lunar Snake": {"Dragon Ball": 4.97, "Synthwave": 3.9759999999999995, "Psychedelic": 1.917, "Hellspawn": 2.201, "Soul Eater": 2.201, "Timelock": 1.917, "Hot Cherry": 2.201, "Python Dev": 2.201, "Onyx Black": 1.96, "Black": 4.81, "just": 1.2069999999999999}, "Xmas Stocking": {"Onyx Black": 1.98, "Black": 4.68, "just": 1.1560000000000001}, "Snake Box": {"Onyx Black": 1.9500000000000002, "Black": 4.995, "just": 1.105}, "Pet Snake": {"Onyx Black": 2.085, "Black": 5.335, "just": 1.4195}, "Candy Cane": {"Grinch": 2.604, "Designer": 5.88, "Hex Pot": 2.604, "Sticky Sweet": 2.2680000000000002, "Onyx Black": 2.4, "Black": 6.1899999999999995, "just": 1.428}, "Whip Cupcake": {"Resistance": 4.795, "Sponge Duck": 2.1235000000000004, "Toncoin": 2.1235000000000004, "Bitcoin": 4.795, "Deep State": 2.1235000000000004, "Onyx Black": 2.085, "Black": 4.93, "just": 1.1645}, "Big Year": {"Balloons": 1.8690000000000002, "Creator": 2.314, "Telegram": 4.984, "The Nether": 2.314, "Pokeball": 2.7590000000000003, "Game Boy": 2.314, "The Hobbit": 3.56, "Big Brother": 2.7590000000000003, "Cheshire Cat": 2.225, "Bitcoin": 4.984, "YouTubes": 2.7590000000000003, "Gold Mine": 4.984, "First Website": 2.314, "Pavel Durov": 3.56, "Qing Dynasty": 2.7590000000000003, "Onyx Black": 2.84, "Black": 7.840000000000001, "just": 1.513}, "Homemade Cake": {"Onyx Black": 1.9449999999999998, "Black": 4.895, "just": 1.3515}, "Cookie Heart": {"Onyx Black": 2.4699999999999998, "Black": 6.459999999999999, "just": 1.5385}, "Jester Hat": {"Onyx Black": 2.8200000000000003, "Black": 6.324999999999999, "just": 1.4024999999999999}, "Holiday Drink": {"Onyx Black": 2.32, "Black": 5.88, "just": 1.496}, "Ginger Cookie": {"Onyx Black": 2.835, "Black": 6.36, "just": 1.547}, "Hypno Lollipop": {"Onyx Black": 2.75, "Black": 6.945, "just": 1.615}, "Winter Wreath": {"Onyx Black": 2.38, "Black": 8.805, "just": 1.5385}, "Party Sparkler": {"Onyx Black": 2.575, "Black": 6.4750000000000005, "just": 1.6575}, "Jingle Bells": {"Onyx Black": 2.64, "Black": 5.4, "just": 1.53}, "Tama Gadget": {"Onyx Black": 2.645, "Black": 6.1499999999999995, "just": 1.53}, "Jack-in-the-Box": {"Onyx Black": 2.55, "Black": 7.775, "just": 1.785}, "Star Notepad": {"Onyx Black": 3.335, "Black": 9.334999999999999, "just": 1.887}, "Easter Egg": {"Onyx Black": 3.79, "Black": 10.84, "just": 2.0655}, "Santa Hat": {"Onyx Black": 3.2350000000000003, "Black": 9.735, "just": 2.0995}, "Hex Pot": {"Onyx Black": 3.7350000000000003, "Black": 7.959999999999999, "just": 2.0995}, "Restless Jar": {"Onyx Black": 3.835, "Black": 7.935, "just": 2.0145}, "Lush Bouquet": {"Onyx Black": 3.42, "Black": 7.82, "just": 2.244}, "Spiced Wine": {"Onyx Black": 3.0949999999999998, "Black": 7.495, "just": 1.6915}, "Snow Globe": {"Onyx Black": 4.050000000000001, "Black": 9.125, "just": 2.0825}, "Joyful Bundle": {"Onyx Black": 3.69, "Black": 8.515, "just": 2.2355}, "Light Sword": {"Onyx Black": 4.085, "Black": 11.440000000000001, "just": 2.448}, "Witch Hat": {"Onyx Black": 3.99, "Black": 10.165000000000001, "just": 2.363}, "Bow Tie": {"Onyx Black": 4.77, "Black": 14.77, "just": 2.7115}, "Eternal Candle": {"Onyx Black": 4.970000000000001, "Black": 10.215, "just": 2.499}, "Jelly Bunny": {"Onyx Black": 4.595, "Black": 10.09, "just": 2.7115}, "Bunny Muffin": {"Onyx Black": 4.58, "Black": 11.129999999999999, "just": 2.856}, "Spy Agaric": {"Onyx Black": 5.359999999999999, "Black": 9.959999999999999, "just": 2.4905}, "Evil Eye": {"Onyx Black": 5.8100000000000005, "Black": 14.265, "just": 3.0854999999999997}, "Snow Mittens": {"Onyx Black": 4.6, "Black": 8.844999999999999, "just": 2.465}, "Berry Box": {"Onyx Black": 4.765000000000001, "Black": 14.274999999999999, "just": 3.0174999999999996}, "Valentine Box": {"Onyx Black": 5.955, "Black": 10.945, "just": 3.3235}, "Sakura Flower": {"Onyx Black": 5.645, "Black": 18.0, "just": 3.4}, "Hanging Star": {"Onyx Black": 7.58, "Black": 17.28, "just": 3.8759999999999994}, "Sleigh Bell": {"Onyx Black": 9.844999999999999, "Black": 17.84, "just": 4.8365}, "Love Candle": {"Onyx Black": 7.765000000000001, "Black": 14.565000000000001, "just": 5.2105}, "Skull Flower": {"Onyx Black": 8.575, "Black": 19.43, "just": 4.981}, "Crystal Ball": {"Onyx Black": 10.255, "Black": 29.105, "just": 5.559}, "Trapped Heart": {"Onyx Black": 10.48, "Black": 22.98, "just": 6.766}, "Top Hat": {"Onyx Black": 13.32, "Black": 26.17, "just": 6.494}, "Love Potion": {"Onyx Black": 10.11, "Black": 26.46, "just": 6.732}, "Flying Broom": {"Onyx Black": 10.77, "Black": 21.77, "just": 7.2589999999999995}, "Cupid Charm": {"Onyx Black": 16.44, "Black": 33.44, "just": 8.398}, "Record Player": {"Onyx Black": 10.120000000000001, "Black": 24.115000000000002, "just": 7.004}, "Eternal Rose": {"Onyx Black": 19.25, "Black": 34.25, "just": 11.475}, "Mad Pumpkin": {"Onyx Black": 18.0, "Black": 41.0, "just": 11.9}, "Voodoo Doll": {"Onyx Black": 20.435, "Black": 40.435, "just": 12.639499999999998}, "Diamond Ring": {"Onyx Black": 20.47, "Black": 43.72, "just": 13.123999999999999}, "Toy Bear": {"Onyx Black": 22.235, "Black": 51.23, "just": 14.849499999999999}, "Vintage Cigar": {"Onyx Black": 43.46, "Black": 62.46, "just": 18.632}, "Neko Helmet": {"Onyx Black": 41.985, "Black": 71.985, "just": 20.374499999999998}, "Low Rider": {"Onyx Black": 37.7, "Black": 100.19999999999999, "just": 19.889999999999997}, "Signet Ring": {"Onyx Black": 33.644999999999996, "Black": 90.39500000000001, "just": 19.371499999999997}, "Electric Skull": {"Onyx Black": 35.965,