{"Snoop Dogg": {"Goldizzle": 7.221, "Black Diamond": 2.2105, "AI Dogg": 3.136, "Green Light": 1.9255, "Black Gold": 2.0015, "Emerald": 1.9255, "Doberman": 3.7915, "King Ruby": 2.0205, "King Snoop": 6.068, "Sapphire": 2.0585, "Cold Topaz": 2.011, "Chrome": 2.3435, "Doggfather": 3.2405, "Onyx Black": 3.6666666666666665, "Black": 9.799999999999999, "just": 1.53}, "Swag Bag": {"Snoop Life": 3.1, "Golden Nugs": 2.3, "Missionary": 9.0, "Gin & Jewels": 2.5, "Darkness": 2.4, "April 20th": 3.1, "Boiling Hot": 2.4, "Leopard": 2.2, "Aviators": 2.1, "Happy Herbs": 3.1, "P.I.M.P.": 2.1, "Bulk Order": 2.34, "Dogg’s Loot": 2.1, "Cashback": 3.1, "Take It Easy": 2.6, "Onyx Black": 3.465, "Black": 7.5, "just": 1.7}, "Snoop Cigar": {"Onyx Black": 7.93, "Black": 18.235, "just": 4.2245}, "Lol Pop": {"Gold Star": 1.573, "Cookie Dip": 1.5015, "Heart Pop": 1.573, "Comic Crunch": 1.5015, "Crystal Comet": 1.5015, "Sweetheart": 1.7874999999999999, "Blood Sucker": 1.859, "Sick Leave": 1.5015, "Celestia": 2.2165, "Glowstick": 1.9305, "Einstein": 1.716, "Jolly Roger": 1.6730999999999998, "Rosebud": 1.716, "Fire Vortex": 1.5015, "Pumpkin": 1.716, "Shock Wave": 1.5015, "Blood Ember": 1.6444999999999999, "Milky Way": 1.5015, "Hexed Helix": 1.7874999999999999, "Mortal Sin": 2.86, "Pink Foil": 1.5015, "Satellite": 1.7874999999999999, "Andromeda": 1.9305, "Jinxed": 1.573, "Love Bubbles": 1.6730999999999998, "Hollywood": 1.573, "Dark Portal": 1.7874999999999999, "Doodle Art": 1.6444999999999999, "Watermelon": 1.5015, "Cobweb": 1.573, "Dark Sky": 1.573, "Angelina": 2.2165, "Onyx Black": 1.9649999999999999, "Black": 5.18, "just": 1.2155}, "B-Day Candle": {"On Fire": 2.2475, "Happy Meows": 2.2475, "Payday": 2.2475, "Kaboom!": 1.9575, "Final Boss": 2.2475, "Pixel Wish": 2.2475, "Purr Magic": 2.2475, "Onyx Black": 1.875, "Black": 5.165, "just": 1.2325}, "Desk Calendar": {"Tic Tac Toe": 1.9305, "Adult Tasks": 27.035, "Durov Day": 5.005, "Sunday": 1.9305, "Burning Time": 2.2165, "Fawkes Night": 2.2165, "Hodler": 5.005, "Heartbreak": 1.573, "Peach Week": 2.2165, "Independence": 2.2165, "Fund Manager": 2.2165, "Balloon Face": 1.7874999999999999, "Investor": 9.715, "Telegram": 2.2165, "Deadline": 2.2165, "Checklist": 2.2165, "Pepe Plans": 14.715, "Onyx Black": 1.855, "Black": 5.265, "just": 1.2155}, "Lunar Snake": {"Timelock": 2.3715, "Soul Eater": 2.0655, "Hellspawn": 2.0655, "Hot Cherry": 2.0655, "Dragon Ball": 5.355, "Psychedelic": 1.9125, "Synthwave": 4.284, "Python Dev": 2.3715, "Onyx Black": 2.465, "Black": 5.750000000000001, "just": 1.3005}, "Xmas Stocking": {"Onyx Black": 2.2199999999999998, "Black": 5.765, "just": 1.275}, "Snake Box": {"Onyx Black": 2.135, "Black": 5.395, "just": 1.275}, "Pet Snake": {"Onyx Black": 2.5, "Black": 5.89, "just": 1.53}, "Candy Cane": {"Grinch": 3.1, "Sticky Sweet": 2.0925000000000002, "Designer": 5.425, "Hex Pot": 4.34, "Onyx Black": 2.275, "Black": 5.275, "just": 1.3175}, "Whip Cupcake": {"Bitcoin": 13.57, "Resistance": 5.739999999999999, "Sponge Duck": 2.542, "Toncoin": 2.542, "Deep State": 2.214, "Onyx Black": 2.2199999999999998, "Black": 5.5200000000000005, "just": 1.394}, "Big Year": {"The Hobbit": 3.76, "Creator": 2.9139999999999997, "Bitcoin": 5.263999999999999, "Gold Mine": 6.58, "Pokeball": 2.538, "Balloons": 2.068, "Big Brother": 2.9139999999999997, "The Nether": 2.9139999999999997, "YouTubes": 3.76, "First Website": 2.1995999999999998, "Cheshire Cat": 2.9139999999999997, "Telegram": 5.263999999999999, "Game Boy": 2.068, "Pavel Durov": 14.34, "Qing Dynasty": 2.9139999999999997, "Onyx Black": 3.94, "Black": 9.940000000000001, "just": 1.5979999999999999}, "Homemade Cake": {"Onyx Black": 2.37, "Black": 5.674999999999999, "just": 1.615}, "Cookie Heart": {"Onyx Black": 2.565, "Black": 6.575, "just": 1.6404999999999998}, "Jester Hat": {"Onyx Black": 2.495, "Black": 6.069999999999999, "just": 1.5215}, "Holiday Drink": {"Onyx Black": 2.695, "Black": 6.069999999999999, "just": 1.6064999999999998}, "Ginger Cookie": {"Onyx Black": 3.63, "Black": 6.9750000000000005, "just": 1.666}, "Hypno Lollipop": {"Onyx Black": 3.4350000000000005, "Black": 7.435, "just": 1.6744999999999999}, "Winter Wreath": {"Moon Cat": 90.99499999999999, "Onyx Black": 2.895, "Black": 6.745, "just": 1.6915}, "Party Sparkler": {"Onyx Black": 2.925, "Black": 7.425000000000001, "just": 1.6575}, "Jingle Bells": {"Onyx Black": 3.1, "Black": 7.05, "just": 1.87}, "Tama Gadget": {"Onyx Black": 3.46, "Black": 6.780000000000001, "just": 1.785}, "Jack-in-the-Box": {"Onyx Black": 3.105, "Black": 6.954999999999999, "just": 1.8784999999999998}, "Star Notepad": {"Onyx Black": 3.7, "Black": 10.715, "just": 2.0825}, "Easter Egg": {"Onyx Black": 3.875, "Black": 10.955, "just": 2.55}, "Santa Hat": {"Onyx Black": 3.76, "Black": 8.276, "just": 2.38}, "Hex Pot": {"Onyx Black": 3.99, "Black": 9.83, "just": 2.3545}, "Restless Jar": {"Onyx Black": 3.575, "Black": 9.23, "just": 2.21}, "Lush Bouquet": {"Onyx Black": 5.25, "Black": 8.844999999999999, "just": 2.72}, "Spiced Wine": {"Onyx Black": 3.326, "Black": 7.29, "just": 2.1675}, "Snow Globe": {"Onyx Black": 4.92, "Black": 11.174999999999999, "just": 2.4225}, "Joyful Bundle": {"Onyx Black": 4.904999999999999, "Black": 9.629999999999999, "just": 2.3885}, "Light Sword": {"Onyx Black": 4.438, "Black": 10.638, "just": 2.6094999999999997}, "Witch Hat": {"Onyx Black": 4.5, "Black": 12.0, "just": 2.55}, "Bow Tie": {"Onyx Black": 4.93, "Black": 11.938, "just": 2.7455}, "Eternal Candle": {"Onyx Black": 5.354, "Black": 10.95, "just": 3.0515}, "Jelly Bunny": {"Onyx Black": 5.07, "Black": 10.16, "just": 2.839}, "Bunny Muffin": {"Onyx Black": 5.402, "Black": 11.602, "just": 3.1195}, "Spy Agaric": {"Onyx Black": 6.1, "Black": 10.5, "just": 2.975}, "Evil Eye": {"Onyx Black": 7.074, "Black": 13.474, "just": 3.2215}, "Snow Mittens": {"Onyx Black": 6.43, "Black": 8.43, "just": 3.4425}, "Berry Box": {"Onyx Black": 4.952, "Black": 10.736, "just": 3.315}, "Valentine Box": {"Onyx Black": 7.24, "Black": 13.68, "just": 4.08}, "Sakura Flower": {"Onyx Black": 6.996, "Black": 16.2, "just": 4.25}, "Hanging Star": {"Onyx Black": 7.94, "Black": 15.340000000000002, "just": 5.015000000000001}, "Sleigh Bell": {"Onyx Black": 12.554, "Black": 20.554, "just": 6.451499999999999}, "Love Candle": {"Onyx Black": 10.254, "Black": 16.294, "just": 7.2165}, "Skull Flower": {"Onyx Black": 11.478000000000002, "Black": 18.438, "just": 6.910500000000001}, "Crystal Ball": {"Onyx Black": 12.36, "Black": 27.796, "just": 6.8}, "Trapped Heart": {"Onyx Black": 12.193999999999999, "Black": 20.234, "just": 7.1315}, "Top Hat": {"Onyx Black": 15.116, "Black": 28.159999999999997, "just": 7.31}, "Love Potion": {"Onyx Black": 12.788, "Black": 23.984, "just": 8.483}, "Flying Broom": {"Onyx Black": 12.488, "Black": 17.288, "just": 8.058}, "Cupid Charm": {"Onyx Black": 17.038, "Black": 32.238, "just": 9.9705}, "Record Player": {"Onyx Black": 10.44, "Black": 20.68, "just": 6.63}, "Eternal Rose": {"Onyx Black": 18.759999999999998, "Black": 34.4, "just": 11.9}, "Mad Pumpkin": {"Onyx Black": 24.722, "Black": 39.322, "just": 16.8895}, "Voodoo Doll": {"Onyx Black": 24.192, "Black": 44.635999999999996, "just": 14.500999999999998}, "Diamond Ring": {"Onyx Black": 21.334, "Black": 42.134, "just": 14.3565}, "Toy Bear": {"Onyx Black": 30.87, "Black": 49.714, "just": 22.2615}, "Vintage Cigar": {"Onyx Black": 36.302, "Black": 58.525999999999996, "just": 20.578500000000002}, "Neko Helmet": {"Onyx Black": 37.72, "Black": 64.52, "just": 23.97}, "Low Rider": {"Onyx Black": 32.384, "Black": 82.784, "just": 20.944}, "Signet Ring": {"Onyx Black": 37.6, "Black": 72.796, "just": 23.8}, "Electric Skull": {"Onyx Black": 45.216, "Black": 75.62, "just": 27.795}, "Kissed Frog": {"Onyx Black": 45.0, "Black": 79.6, "just": 28.05}, "Swiss Watch": {"Onyx Black": 43.156, "Black": 72.356, "just": 29.970999999999997}, "Sharp Tongue": {"Onyx Black": 55.86, "Black": 140.66, "just": 34.935}, "Genie Lamp": {"Onyx Black": 68.582, "Black": 186.582,