{"Snoop Dogg": {"AI Dogg": 2.8605, "Goldizzle": 7.3065, "Doberman": 3.5255, "Sapphire": 2.0965000000000003, "King Ruby": 1.9634999999999998, "King Snoop": 4.456, "Black Diamond": 2.1155, "Cold Topaz": 1.9825, "Chrome": 2.3765, "Doggfather": 2.8415, "Onyx Black": 3.1933333333333334, "Black": 10.026153846153846, "just": 1.513}, "Swag Bag": {"Leopard": 2.2815, "Missionary": 8.675, "Cashback": 3.0225, "Aviators": 2.0475, "Take It Easy": 2.34, "April 20th": 3.0225, "Boiling Hot": 2.535, "Snoop Life": 2.34, "Bulk Order": 2.34, "Golden Nugs": 2.145, "Happy Herbs": 3.0225, "Darkness": 2.2424999999999997, "Gin & Jewels": 2.535, "Onyx Black": 2.9749999999999996, "Black": 7.4750000000000005, "just": 1.6575}, "Snoop Cigar": {"Onyx Black": 7.890000000000001, "Black": 18.799999999999997, "just": 4.08}, "Lol Pop": {"Romance": 1.4805, "Mortal Sin": 2.82, "Blood Ember": 1.6214999999999997, "Sweetheart": 1.833, "Pumpkin": 1.4805, "Celestia": 2.1854999999999998, "Fire Vortex": 1.4805, "Rosebud": 1.7625, "Angelina": 2.1854999999999998, "Love Bubbles": 1.9035, "Watermelon": 1.4805, "Glowstick": 1.9035, "Dark Sky": 1.551, "Cookie Dip": 1.4805, "Dark Portal": 1.7625, "Magic Wand": 1.4805, "Hexed Helix": 1.551, "Blood Sucker": 1.9035, "Jolly Roger": 1.7625, "Sailor Moon": 1.4805, "Jinxed": 1.7625, "Comic Crunch": 1.4805, "Einstein": 1.7625, "Cobweb": 1.551, "Satellite": 1.692, "Pink Foil": 1.4805, "Shock Wave": 1.6214999999999997, "Doodle Art": 1.6496999999999997, "Plastic Ice": 1.4805, "Milky Way": 1.551, "Andromeda": 1.7625, "Heart Pop": 1.6214999999999997, "Onyx Black": 2.005, "Black": 5.205, "just": 1.1985}, "B-Day Candle": {"Purr Magic": 2.17, "Happy Meows": 2.17, "Pixel Wish": 2.17, "Final Boss": 2.17, "Payday": 2.8, "Kaboom!": 1.89, "On Fire": 2.8, "Onyx Black": 2.02, "Black": 5.43, "just": 1.19}, "Desk Calendar": {"Peach Week": 2.0925000000000002, "Investor": 7.125, "Telegram": 2.0925000000000002, "Checklist": 2.0925000000000002, "Fawkes Night": 3.78, "Independence": 2.0925000000000002, "Deadline": 2.0925000000000002, "Burning Time": 2.0925000000000002, "Tic Tac Toe": 1.4850000000000003, "Balloon Face": 2.0925000000000002, "Pepe Plans": 14.674999999999999, "Durov Day": 2.7, "Hodler": 4.7250000000000005, "Heartbreak": 1.4850000000000003, "Fund Manager": 2.0925000000000002, "Adult Tasks": 20.175, "Sunday": 2.0925000000000002, "Onyx Black": 1.7, "Black": 5.33, "just": 1.1475}, "Lunar Snake": {"Psychedelic": 2.3560000000000003, "Dragon Ball": 5.32, "Python Dev": 2.3560000000000003, "Timelock": 1.9760000000000002, "Hot Cherry": 2.3560000000000003, "Soul Eater": 2.3560000000000003, "Synthwave": 5.32, "Hellspawn": 2.052, "Onyx Black": 2.2350000000000003, "Black": 5.755000000000001, "just": 1.292}, "Xmas Stocking": {"Onyx Black": 2.515, "Black": 5.27, "just": 1.309}, "Snake Box": {"Onyx Black": 2.2350000000000003, "Black": 5.89, "just": 1.343}, "Pet Snake": {"Onyx Black": 2.495, "Black": 6.15, "just": 1.5045}, "Candy Cane": {"Grinch": 3.1, "Hex Pot": 3.1, "Designer": 9.025, "Sticky Sweet": 2.4025000000000003, "Onyx Black": 2.33, "Black": 5.749999999999999, "just": 1.3175}, "Whip Cupcake": {"Sponge Duck": 2.294, "Bitcoin": 10.735, "Resistance": 6.98, "Toncoin": 2.294, "Deep State": 2.294, "Onyx Black": 2.21, "Black": 6.1899999999999995, "just": 1.258}, "Big Year": {"First Website": 2.255, "The Hobbit": 4.1, "Gold Mine": 7.174999999999999, "Pavel Durov": 7.174999999999999, "Qing Dynasty": 3.1774999999999998, "The Nether": 2.7675, "Creator": 2.7675, "Telegram": 4.1, "Big Brother": 3.1774999999999998, "YouTubes": 4.1, "Cheshire Cat": 3.1774999999999998, "Bitcoin": 5.739999999999999, "Pokeball": 2.7675, "Game Boy": 2.255, "Balloons": 2.3574999999999995, "Onyx Black": 3.645, "Black": 9.675, "just": 1.7424999999999997}, "Homemade Cake": {"Onyx Black": 2.285, "Black": 5.285, "just": 1.547}, "Cookie Heart": {"Onyx Black": 2.45, "Black": 6.699999999999999, "just": 1.615}, "Jester Hat": {"Onyx Black": 2.7600000000000002, "Black": 6.285, "just": 1.513}, "Holiday Drink": {"Onyx Black": 2.625, "Black": 6.125000000000001, "just": 1.6575}, "Ginger Cookie": {"Onyx Black": 3.7699999999999996, "Black": 6.995, "just": 1.6915}, "Hypno Lollipop": {"Onyx Black": 3.085, "Black": 6.1899999999999995, "just": 1.6744999999999999}, "Winter Wreath": {"Moon Cat": 101.0, "Onyx Black": 2.9, "Black": 7.195, "just": 1.7}, "Party Sparkler": {"Onyx Black": 3.1950000000000003, "Black": 7.27, "just": 1.615}, "Jingle Bells": {"Onyx Black": 2.82, "Black": 6.545, "just": 1.7764999999999997}, "Tama Gadget": {"Onyx Black": 3.485, "Black": 6.35, "just": 1.8444999999999998}, "Jack-in-the-Box": {"Onyx Black": 3.0700000000000003, "Black": 7.0649999999999995, "just": 1.8955}, "Star Notepad": {"Onyx Black": 4.05, "Black": 9.545, "just": 2.04}, "Easter Egg": {"Onyx Black": 3.8, "Black": 10.775, "just": 2.4225}, "Santa Hat": {"Onyx Black": 3.956, "Black": 8.396, "just": 2.3459999999999996}, "Hex Pot": {"Onyx Black": 4.055, "Black": 10.19, "just": 2.4565}, "Restless Jar": {"Onyx Black": 4.0649999999999995, "Black": 8.815000000000001, "just": 2.2355}, "Lush Bouquet": {"Onyx Black": 4.49, "Black": 8.9, "just": 2.55}, "Spiced Wine": {"Onyx Black": 3.04, "Black": 6.688000000000001, "just": 2.108}, "Snow Globe": {"Onyx Black": 4.4, "Black": 10.899999999999999, "just": 2.38}, "Joyful Bundle": {"Onyx Black": 3.9050000000000002, "Black": 10.21, "just": 2.397}, "Light Sword": {"Onyx Black": 4.58, "Black": 9.86, "just": 2.635}, "Witch Hat": {"Onyx Black": 4.55, "Black": 12.055, "just": 2.6435}, "Bow Tie": {"Onyx Black": 4.746, "Black": 12.342, "just": 2.7624999999999997}, "Eternal Candle": {"Onyx Black": 4.87, "Black": 10.55, "just": 2.9325}, "Jelly Bunny": {"Onyx Black": 4.795, "Black": 10.68, "just": 2.8815}, "Bunny Muffin": {"Onyx Black": 4.5120000000000005, "Black": 12.452, "just": 2.907}, "Spy Agaric": {"Onyx Black": 5.52, "Black": 10.432, "just": 2.8899999999999997}, "Evil Eye": {"Onyx Black": 6.305999999999999, "Black": 12.15, "just": 3.1025}, "Snow Mittens": {"Onyx Black": 5.994, "Black": 8.309999999999999, "just": 3.3915}, "Berry Box": {"Onyx Black": 5.61, "Black": 10.65, "just": 3.1875}, "Valentine Box": {"Onyx Black": 7.59, "Black": 13.190000000000001, "just": 3.9525}, "Sakura Flower": {"Onyx Black": 6.492, "Black": 15.532, "just": 4.436999999999999}, "Hanging Star": {"Onyx Black": 7.734, "Black": 15.074, "just": 4.6665}, "Sleigh Bell": {"Onyx Black": 10.440000000000001, "Black": 20.44, "just": 6.29}, "Love Candle": {"Onyx Black": 10.934000000000001, "Black": 17.294, "just": 7.556500000000001}, "Skull Flower": {"Onyx Black": 11.943999999999999, "Black": 17.584, "just": 7.004}, "Crystal Ball": {"Onyx Black": 12.504, "Black": 27.924, "just": 7.004}, "Trapped Heart": {"Onyx Black": 13.053999999999998, "Black": 17.894, "just": 7.2165}, "Top Hat": {"Onyx Black": 12.994, "Black": 21.394, "just": 7.6415}, "Love Potion": {"Onyx Black": 11.86, "Black": 23.636000000000003, "just": 7.99}, "Flying Broom": {"Onyx Black": 12.864, "Black": 19.664, "just": 8.024}, "Cupid Charm": {"Onyx Black": 17.678, "Black": 30.482, "just": 9.749500000000001}, "Record Player": {"Onyx Black": 9.96, "Black": 20.56, "just": 6.46}, "Eternal Rose": {"Onyx Black": 19.994, "Black": 34.394, "just": 11.8915}, "Mad Pumpkin": {"Onyx Black": 23.560000000000002, "Black": 41.56, "just": 16.66}, "Voodoo Doll": {"Onyx Black": 23.07, "Black": 45.874, "just": 15.1215}, "Diamond Ring": {"Onyx Black": 22.356, "Black": 45.56, "just": 14.110000000000001}, "Toy Bear": {"Onyx Black": 33.494, "Black": 51.294, "just": 21.6665}, "Vintage Cigar": {"Onyx Black": 36.9, "Black": 67.1, "just": 20.825}, "Neko Helmet": {"Onyx Black": 38.974000000000004, "Black": 64.974, "just": 24.046499999999998}, "Low Rider": {"Onyx Black": 33.038, "Black": 81.438, "just": 21.8705}, "Signet Ring": {"Onyx Black": 37.198, "Black": 79.994, "just": 23.2305}, "Electric Skull": {"Onyx Black": 41.194, "Black": 75.194, "just": 27.191499999999998}, "Kissed Frog": {"Onyx Black": 46.49, "Black": 81.294,