{"Snoop Dogg": {"Chrome": 2.296, "Emerald": 2.0300000000000002, "AI Dogg": 2.965, "Doberman": 3.6205000000000007, "Black Gold": 2.0015, "King Ruby": 2.0490000000000004, "Cold Topaz": 1.916, "Goldizzle": 7.445500000000001, "King Snoop": 4.6365, "Doggfather": 3.098, "Sapphire": 2.0395, "Black Diamond": 2.0300000000000002, "Onyx Black": 3.41, "Black": 10.413076923076922, "just": 1.5215}, "Swag Bag": {"Happy Herbs": 3.0845000000000002, "Boiling Hot": 2.587, "Gin & Jewels": 2.587, "Take It Easy": 2.587, "Missionary": 6.965, "Golden Nugs": 2.189, "Snoop Life": 2.587, "Bulk Order": 2.4875, "April 20th": 3.0845000000000002, "Leopard": 2.2885, "Cashback": 3.0845000000000002, "Darkness": 2.3283, "Onyx Black": 3.0949999999999998, "Black": 7.245, "just": 1.6915}, "Snoop Cigar": {"Onyx Black": 7.5600000000000005, "Black": 19.384999999999998, "just": 4.1395}, "Lol Pop": {"Portable Pop": 1.4595, "Rosebud": 1.529, "Fire Vortex": 1.4595, "Dark Portal": 1.668, "Angelina": 2.1545, "Blood Ember": 1.5984999999999998, "Shock Wave": 1.5984999999999998, "Glowstick": 2.1545, "Jinxed": 1.529, "Love Bubbles": 1.5984999999999998, "Sweetheart": 1.8765, "Mortal Sin": 3.8919999999999995, "Cookie Dip": 1.529, "Milky Way": 1.529, "Cobweb": 1.529, "Sailor Moon": 1.4595, "Nostalgia": 1.4595, "Jolly Roger": 1.529, "Hexed Helix": 1.5984999999999998, "Satellite": 1.668, "Pumpkin": 1.4595, "Icicle": 1.4595, "Doodle Art": 1.668, "Magic Wand": 1.4595, "Einstein": 1.4595, "Blue Goo": 1.4595, "Watermelon": 1.4595, "Dark Sky": 1.7374999999999998, "Andromeda": 2.1545, "Blood Sucker": 1.8765, "Heart Pop": 1.529, "Celestia": 2.1545, "Onyx Black": 1.94, "Black": 5.24, "just": 1.1815}, "B-Day Candle": {"Final Boss": 2.0925000000000002, "Purr Magic": 2.0925000000000002, "Payday": 2.0925000000000002, "Kaboom!": 1.8225000000000002, "On Fire": 2.0925000000000002, "Pixel Wish": 2.0925000000000002, "Happy Meows": 2.7, "Onyx Black": 1.75, "Black": 5.115, "just": 1.1475}, "Desk Calendar": {"Tic Tac Toe": 1.9305, "Burning Time": 1.9305, "Deadline": 2.2165, "Investor": 5.005, "Durov Day": 2.2165, "Checklist": 2.2165, "Fund Manager": 2.2165, "Adult Tasks": 24.165, "Balloon Face": 2.2165, "Peach Week": 1.9305, "Heartbreak": 1.573, "Telegram": 2.2165, "Fawkes Night": 2.86, "Independence": 2.2165, "Hodler": 5.005, "Pepe Plans": 10.209999999999999, "Sunday": 1.9305, "Onyx Black": 1.7850000000000001, "Black": 5.3999999999999995, "just": 1.2155}, "Lunar Snake": {"Python Dev": 2.3095, "Hot Cherry": 2.0115000000000003, "Soul Eater": 2.3095, "Timelock": 1.937, "Hellspawn": 2.3095, "Dragon Ball": 5.215, "Synthwave": 5.215, "Psychedelic": 1.8625, "Onyx Black": 2.22, "Black": 5.845, "just": 1.2665}, "Xmas Stocking": {"Onyx Black": 2.6449999999999996, "Black": 5.6850000000000005, "just": 1.2665}, "Snake Box": {"Onyx Black": 2.2, "Black": 6.170000000000001, "just": 1.2325}, "Pet Snake": {"Onyx Black": 2.35, "Black": 5.87, "just": 1.4875}, "Candy Cane": {"Hex Pot": 3.16, "Designer": 8.39, "Grinch": 3.16, "Sticky Sweet": 2.4490000000000003, "Onyx Black": 2.365, "Black": 5.89, "just": 1.343}, "Whip Cupcake": {"Bitcoin": 9.27, "Deep State": 2.387, "Resistance": 5.390000000000001, "Toncoin": 2.387, "Sponge Duck": 2.387, "Onyx Black": 2.245, "Black": 5.704999999999999, "just": 1.309}, "Big Year": {"Qing Dynasty": 3.2860000000000005, "Creator": 2.8620000000000005, "Gold Mine": 7.42, "Cheshire Cat": 2.4379999999999997, "Game Boy": 2.2260000000000004, "Pokeball": 2.6500000000000004, "First Website": 2.3320000000000003, "Bitcoin": 5.936, "Big Brother": 2.8620000000000005, "The Hobbit": 3.2860000000000005, "Telegram": 4.24, "The Nether": 2.7560000000000002, "Pavel Durov": 4.24, "YouTubes": 4.24, "Onyx Black": 3.68, "Black": 9.925, "just": 1.802}, "Homemade Cake": {"Onyx Black": 2.44, "Black": 5.385000000000001, "just": 1.6064999999999998}, "Cookie Heart": {"Onyx Black": 2.535, "Black": 6.930000000000001, "just": 1.5895000000000001}, "Jester Hat": {"Onyx Black": 2.49, "Black": 6.4750000000000005, "just": 1.513}, "Holiday Drink": {"Onyx Black": 2.45, "Black": 6.405, "just": 1.6235}, "Ginger Cookie": {"Onyx Black": 3.82, "Black": 7.52, "just": 1.7764999999999997}, "Hypno Lollipop": {"Onyx Black": 2.745, "Black": 6.45, "just": 1.6915}, "Winter Wreath": {"Moon Cat": 105.49000000000001, "Onyx Black": 2.965, "Black": 7.84, "just": 1.683}, "Party Sparkler": {"Onyx Black": 2.965, "Black": 6.965, "just": 1.6404999999999998}, "Jingle Bells": {"Onyx Black": 2.86, "Black": 6.765, "just": 1.8104999999999998}, "Tama Gadget": {"Onyx Black": 3.2249999999999996, "Black": 6.725, "just": 1.8275}, "Jack-in-the-Box": {"Onyx Black": 3.125, "Black": 7.37, "just": 1.9040000000000001}, "Star Notepad": {"Onyx Black": 4.0, "Black": 9.475, "just": 1.9124999999999999}, "Easter Egg": {"Onyx Black": 3.8249999999999997, "Black": 11.099999999999998, "just": 2.38}, "Santa Hat": {"Onyx Black": 3.51, "Black": 8.450000000000001, "just": 2.4225}, "Hex Pot": {"Onyx Black": 3.89, "Black": 10.094999999999999, "just": 2.3715}, "Restless Jar": {"Onyx Black": 3.74, "Black": 10.185, "just": 2.1504999999999996}, "Lush Bouquet": {"Onyx Black": 4.335, "Black": 7.984999999999999, "just": 2.5245}, "Spiced Wine": {"Onyx Black": 3.0180000000000002, "Black": 6.922, "just": 2.0825}, "Snow Globe": {"Onyx Black": 4.484999999999999, "Black": 10.934999999999999, "just": 2.4395000000000002}, "Joyful Bundle": {"Onyx Black": 3.625, "Black": 7.999999999999999, "just": 2.38}, "Light Sword": {"Onyx Black": 4.88, "Black": 10.084, "just": 2.669}, "Witch Hat": {"Onyx Black": 4.385, "Black": 11.66, "just": 2.8219999999999996}, "Bow Tie": {"Onyx Black": 4.858, "Black": 12.594, "just": 2.7115}, "Eternal Candle": {"Onyx Black": 5.0600000000000005, "Black": 11.092, "just": 2.975}, "Jelly Bunny": {"Onyx Black": 5.025, "Black": 10.725000000000001, "just": 2.9325}, "Bunny Muffin": {"Onyx Black": 4.928, "Black": 14.536, "just": 3.043}, "Spy Agaric": {"Onyx Black": 5.2940000000000005, "Black": 10.486, "just": 2.9665}, "Evil Eye": {"Onyx Black": 6.402, "Black": 13.262, "just": 3.2045}, "Snow Mittens": {"Onyx Black": 5.09, "Black": 8.186, "just": 3.1025}, "Berry Box": {"Onyx Black": 5.904, "Black": 11.624, "just": 3.264}, "Valentine Box": {"Onyx Black": 7.183999999999999, "Black": 12.623999999999999, "just": 3.9439999999999995}, "Sakura Flower": {"Onyx Black": 6.7940000000000005, "Black": 15.394, "just": 4.2415}, "Hanging Star": {"Onyx Black": 8.03, "Black": 15.225999999999999, "just": 4.581499999999999}, "Sleigh Bell": {"Onyx Black": 10.152000000000001, "Black": 18.148, "just": 5.882}, "Love Candle": {"Onyx Black": 11.044, "Black": 19.644, "just": 7.429}, "Skull Flower": {"Onyx Black": 11.312, "Black": 18.916, "just": 7.531}, "Crystal Ball": {"Onyx Black": 11.870000000000001, "Black": 27.874, "just": 6.6215}, "Trapped Heart": {"Onyx Black": 13.354, "Black": 18.634, "just": 7.6415}, "Top Hat": {"Onyx Black": 12.4, "Black": 22.6, "just": 6.8}, "Love Potion": {"Onyx Black": 10.969999999999999, "Black": 23.369999999999997, "just": 7.607499999999999}, "Flying Broom": {"Onyx Black": 13.326, "Black": 19.886, "just": 7.828500000000001}, "Cupid Charm": {"Onyx Black": 16.694, "Black": 32.334, "just": 10.1065}, "Record Player": {"Onyx Black": 10.76, "Black": 20.8, "just": 6.8}, "Eternal Rose": {"Onyx Black": 20.172, "Black": 35.772, "just": 11.576999999999998}, "Mad Pumpkin": {"Onyx Black": 22.22, "Black": 41.215999999999994, "just": 14.194999999999999}, "Voodoo Doll": {"Onyx Black": 22.29, "Black": 45.814, "just": 14.016499999999999}, "Diamond Ring": {"Onyx Black": 22.086, "Black": 42.57000000000001, "just": 13.7275}, "Toy Bear": {"Onyx Black": 25.756, "Black": 48.03999999999999, "just": 17.34}, "Vintage Cigar": {"Onyx Black": 38.64, "Black": 54.64, "just": 20.74}, "Neko Helmet": {"Onyx Black": 37.6, "Black": 75.6, "just": 22.099999999999998}, "Low Rider": {"Onyx Black": 34.06, "Black": 87.3, "just": 21.675}, "Signet Ring": {"Onyx Black": 36.676, "Black": 79.476, "just": 22.491}, "Electric Skull": {"Onyx Black": 46.22,