{"Snoop Dogg": {"King Ruby": 2.0205, "Doberman": 3.8105, "Black Gold": 2.0205, "King Snoop": 6.1155, "Doggfather": 3.2879999999999994, "AI Dogg": 3.1455, "Black Diamond": 2.2485000000000004, "Cold Topaz": 2.0395, "Emerald": 1.9255, "Sapphire": 2.0585, "Goldizzle": 7.230499999999999, "Green Light": 1.9255, "Chrome": 2.3435, "Onyx Black": 3.6100000000000003, "Black": 9.806923076923077, "just": 1.5555}, "Swag Bag": {"Happy Herbs": 3.1, "Bulk Order": 2.34, "April 20th": 3.1, "Dogg’s Loot": 2.1, "Cashback": 3.1, "Darkness": 2.4, "Snoop Life": 3.1, "Golden Nugs": 2.34, "Gin & Jewels": 2.5, "Leopard": 2.2, "Aviators": 2.1, "Missionary": 9.0, "Take It Easy": 2.7, "P.I.M.P.": 2.1, "Boiling Hot": 2.4, "Onyx Black": 3.465, "Black": 7.5, "just": 1.7}, "Snoop Cigar": {"Onyx Black": 7.8950000000000005, "Black": 19.25, "just": 4.165}, "Lol Pop": {"Cookie Dip": 1.512, "Rosebud": 1.728, "Mortal Sin": 2.88, "Crystal Comet": 1.512, "Watermelon": 1.512, "Milky Way": 1.512, "Blood Ember": 1.656, "Jinxed": 1.584, "Celestia": 2.2319999999999998, "Love Bubbles": 1.656, "Andromeda": 1.944, "Shock Wave": 1.512, "Satellite": 1.7999999999999998, "Doodle Art": 1.656, "Sweetheart": 1.7999999999999998, "Sick Leave": 1.512, "Angelina": 2.2319999999999998, "Heart Pop": 1.512, "Blood Sucker": 1.8719999999999999, "Glowstick": 1.944, "Dark Portal": 1.7999999999999998, "Jolly Roger": 1.6847999999999999, "Pumpkin": 1.728, "Fire Vortex": 1.512, "Comic Crunch": 1.512, "Cobweb": 1.512, "Einstein": 1.728, "Dark Sky": 1.584, "Hexed Helix": 1.7999999999999998, "Gold Star": 1.584, "Hollywood": 1.584, "Onyx Black": 1.97, "Black": 5.1850000000000005, "just": 1.224}, "B-Day Candle": {"Purr Magic": 2.2785, "Pixel Wish": 2.2785, "Payday": 2.2785, "Happy Meows": 2.2785, "Kaboom!": 1.9845000000000002, "Final Boss": 2.2785, "On Fire": 2.2785, "Onyx Black": 1.8849999999999998, "Black": 5.180000000000001, "just": 1.2495}, "Desk Calendar": {"Durov Day": 4.935, "Investor": 9.705, "Sunday": 1.9035, "Burning Time": 2.1854999999999998, "Independence": 2.1854999999999998, "Hodler": 4.935, "Pepe Plans": 14.705, "Tic Tac Toe": 1.9035, "Checklist": 2.1854999999999998, "Peach Week": 2.1854999999999998, "Balloon Face": 1.833, "Adult Tasks": 27.025000000000002, "Heartbreak": 1.6214999999999997, "Fawkes Night": 2.82, "Fund Manager": 2.1854999999999998, "Telegram": 2.1854999999999998, "Deadline": 2.1854999999999998, "Onyx Black": 1.815, "Black": 5.255, "just": 1.1985}, "Lunar Snake": {"Python Dev": 2.263, "Dragon Ball": 5.109999999999999, "Timelock": 2.263, "Synthwave": 5.109999999999999, "Hellspawn": 1.971, "Psychedelic": 1.825, "Soul Eater": 1.971, "Hot Cherry": 1.971, "Onyx Black": 2.325, "Black": 5.72, "just": 1.2409999999999999}, "Xmas Stocking": {"Onyx Black": 2.23, "Black": 5.51, "just": 1.292}, "Snake Box": {"Onyx Black": 2.13, "Black": 5.39, "just": 1.2665}, "Pet Snake": {"Onyx Black": 2.55, "Black": 5.945, "just": 1.615}, "Candy Cane": {"Hex Pot": 4.396, "Designer": 5.495, "Sticky Sweet": 2.4335, "Grinch": 3.14, "Onyx Black": 2.285, "Black": 5.63, "just": 1.3345}, "Whip Cupcake": {"Bitcoin": 13.594999999999999, "Deep State": 2.2815, "Sponge Duck": 2.6195, "Resistance": 5.915, "Toncoin": 2.6195, "Onyx Black": 2.245, "Black": 5.545, "just": 1.4364999999999999}, "Big Year": {"Telegram": 5.263999999999999, "Balloons": 2.068, "Bitcoin": 5.263999999999999, "Creator": 2.9139999999999997, "Big Brother": 2.9139999999999997, "Gold Mine": 6.58, "Game Boy": 2.068, "The Nether": 2.9139999999999997, "Cheshire Cat": 2.9139999999999997, "The Hobbit": 3.76, "Pavel Durov": 14.39, "YouTubes": 3.76, "Pokeball": 2.538, "Qing Dynasty": 2.9139999999999997, "First Website": 2.1995999999999998, "Onyx Black": 4.415, "Black": 9.940000000000001, "just": 1.5979999999999999}, "Homemade Cake": {"Onyx Black": 2.37, "Black": 5.6899999999999995, "just": 1.615}, "Cookie Heart": {"Onyx Black": 2.56, "Black": 6.57, "just": 1.632}, "Jester Hat": {"Onyx Black": 2.54, "Black": 6.065, "just": 1.513}, "Holiday Drink": {"Onyx Black": 2.695, "Black": 6.069999999999999, "just": 1.6064999999999998}, "Ginger Cookie": {"Onyx Black": 3.4850000000000003, "Black": 7.140000000000001, "just": 1.683}, "Hypno Lollipop": {"Onyx Black": 3.4400000000000004, "Black": 7.49, "just": 1.683}, "Winter Wreath": {"Moon Cat": 106.25500000000001, "Onyx Black": 2.94, "Black": 6.984999999999999, "just": 1.683}, "Party Sparkler": {"Onyx Black": 2.965, "Black": 7.42, "just": 1.649}, "Jingle Bells": {"Onyx Black": 3.09, "Black": 6.1850000000000005, "just": 1.853}, "Tama Gadget": {"Onyx Black": 3.4800000000000004, "Black": 6.800000000000001, "just": 1.819}, "Jack-in-the-Box": {"Onyx Black": 3.1, "Black": 6.95, "just": 1.87}, "Star Notepad": {"Onyx Black": 3.74, "Black": 10.705, "just": 2.0655}, "Easter Egg": {"Onyx Black": 3.775, "Black": 10.855, "just": 2.38}, "Santa Hat": {"Onyx Black": 3.76, "Black": 8.276, "just": 2.38}, "Hex Pot": {"Onyx Black": 4.0, "Black": 9.84, "just": 2.3715}, "Restless Jar": {"Onyx Black": 3.8, "Black": 9.23, "just": 2.21}, "Lush Bouquet": {"Onyx Black": 5.244999999999999, "Black": 8.84, "just": 2.7115}, "Spiced Wine": {"Onyx Black": 3.29, "Black": 7.2540000000000004, "just": 2.1165000000000003}, "Snow Globe": {"Onyx Black": 4.84, "Black": 11.344999999999999, "just": 2.2864999999999998}, "Joyful Bundle": {"Onyx Black": 4.71, "Black": 9.635, "just": 2.397}, "Light Sword": {"Onyx Black": 4.438, "Black": 9.842, "just": 2.6094999999999997}, "Witch Hat": {"Onyx Black": 4.52, "Black": 12.02, "just": 2.584}, "Bow Tie": {"Onyx Black": 4.912000000000001, "Black": 11.920000000000002, "just": 2.72}, "Eternal Candle": {"Onyx Black": 5.36, "Black": 10.956, "just": 3.06}, "Jelly Bunny": {"Onyx Black": 5.095, "Black": 10.19, "just": 2.8899999999999997}, "Bunny Muffin": {"Onyx Black": 5.414, "Black": 11.613999999999999, "just": 3.1365}, "Spy Agaric": {"Onyx Black": 6.106, "Black": 10.506, "just": 2.9835}, "Evil Eye": {"Onyx Black": 7.074, "Black": 13.474, "just": 3.2215}, "Snow Mittens": {"Onyx Black": 6.394, "Black": 8.79, "just": 3.3915}, "Berry Box": {"Onyx Black": 4.952, "Black": 10.74, "just": 3.315}, "Valentine Box": {"Onyx Black": 7.24, "Black": 12.879999999999999, "just": 4.08}, "Sakura Flower": {"Onyx Black": 7.086, "Black": 16.29, "just": 4.3775}, "Hanging Star": {"Onyx Black": 8.696000000000002, "Black": 15.340000000000002, "just": 5.015000000000001}, "Sleigh Bell": {"Onyx Black": 12.655999999999999, "Black": 20.656, "just": 6.596}, "Love Candle": {"Onyx Black": 9.96, "Black": 16.0, "just": 6.8}, "Skull Flower": {"Onyx Black": 11.732, "Black": 18.492, "just": 6.987}, "Crystal Ball": {"Onyx Black": 12.617999999999999, "Black": 28.238, "just": 7.1655}, "Trapped Heart": {"Onyx Black": 12.373999999999999, "Black": 20.414, "just": 7.386499999999999}, "Top Hat": {"Onyx Black": 15.27, "Black": 28.310000000000002, "just": 7.522499999999999}, "Love Potion": {"Onyx Black": 12.794, "Black": 23.990000000000002, "just": 8.4915}, "Flying Broom": {"Onyx Black": 12.488, "Black": 17.288, "just": 8.058}, "Cupid Charm": {"Onyx Black": 17.073999999999998, "Black": 32.67, "just": 10.0215}, "Record Player": {"Onyx Black": 10.44, "Black": 20.68, "just": 6.63}, "Eternal Rose": {"Onyx Black": 18.8, "Black": 34.4, "just": 11.9}, "Mad Pumpkin": {"Onyx Black": 24.74, "Black": 39.34, "just": 16.915}, "Voodoo Doll": {"Onyx Black": 24.156, "Black": 44.6, "just": 14.45}, "Diamond Ring": {"Onyx Black": 21.334, "Black": 42.134, "just": 14.3565}, "Toy Bear": {"Onyx Black": 30.396, "Black": 49.239999999999995, "just": 21.59}, "Vintage Cigar": {"Onyx Black": 36.65, "Black": 58.874, "just": 21.0715}, "Neko Helmet": {"Onyx Black": 37.744, "Black": 64.544, "just": 24.003999999999998}, "Low Rider": {"Onyx Black": 32.594, "Black": 82.994, "just": 21.2415}, "Signet Ring": {"Onyx Black": 37.66, "Black": 74.86000000000001, "just": 23.885}, "Electric Skull": {"Onyx Black": 45.39, "Black": 75.794, "just": 28.0415}, "Kissed Frog": {"Onyx Black": 45.558, "Black": 80.15799999999999, "just": 28.8405},