{"Snoop Dogg": {"King Ruby": 1.935, "AI Dogg": 2.9459999999999997, "Doberman": 3.6870000000000003, "Goldizzle": 7.315999999999999, "Sapphire": 1.992, "King Snoop": 4.4465, "Doggfather": 2.851, "Black Diamond": 1.992, "Chrome": 2.0490000000000004, "Onyx Black": 3.2533333333333334, "Black": 10.626153846153846, "just": 1.513}, "Swag Bag": {"April 20th": 3.038, "Darkness": 2.156, "Gin & Jewels": 2.548, "Leopard": 2.2931999999999997, "Snoop Life": 2.45, "Dogg’s Loot": 2.058, "Cashback": 3.038, "Boiling Hot": 2.646, "Happy Herbs": 3.038, "Golden Nugs": 2.156, "Take It Easy": 2.352, "Bulk Order": 2.352, "Missionary": 8.48, "Onyx Black": 2.98, "Black": 7.9750000000000005, "just": 1.666}, "Snoop Cigar": {"Onyx Black": 7.91, "Black": 19.590000000000003, "just": 4.114}, "Lol Pop": {"Romance": 1.4909999999999999, "Celestia": 2.201, "Heart Pop": 1.6329999999999998, "Love Bubbles": 1.917, "Blood Sucker": 1.6613999999999998, "Cookie Dip": 1.4909999999999999, "Pumpkin": 1.4909999999999999, "Sailor Moon": 1.4909999999999999, "Watermelon": 1.4909999999999999, "Rosebud": 1.6329999999999998, "Cobweb": 1.4909999999999999, "Andromeda": 1.8459999999999999, "Comic Crunch": 1.4909999999999999, "Glowstick": 2.201, "Dark Portal": 1.562, "Jinxed": 1.6329999999999998, "Einstein": 1.704, "Fire Vortex": 1.4909999999999999, "Blood Ember": 1.562, "Mortal Sin": 2.84, "Doodle Art": 1.6329999999999998, "Hexed Helix": 1.562, "Plastic Ice": 1.4909999999999999, "Milky Way": 1.562, "Angelina": 2.201, "Shock Wave": 1.562, "Satellite": 1.704, "Pink Foil": 1.4909999999999999, "Dark Sky": 1.562, "Jolly Roger": 1.775, "Sweetheart": 1.8459999999999999, "Onyx Black": 2.0, "Black": 5.21, "just": 1.2069999999999999}, "B-Day Candle": {"Pixel Wish": 2.201, "Payday": 2.84, "Purr Magic": 2.201, "Kaboom!": 1.917, "Happy Meows": 2.84, "On Fire": 2.201, "Final Boss": 2.201, "Onyx Black": 2.01, "Black": 5.205, "just": 1.2069999999999999}, "Desk Calendar": {"Heartbreak": 1.6214999999999997, "Burning Time": 2.1854999999999998, "Peach Week": 2.1854999999999998, "Balloon Face": 1.9035, "Sunday": 2.1854999999999998, "Investor": 7.205, "Durov Day": 2.82, "Independence": 2.1854999999999998, "Checklist": 1.9035, "Tic Tac Toe": 1.551, "Fawkes Night": 3.9479999999999995, "Pepe Plans": 13.45, "Telegram": 2.1854999999999998, "Adult Tasks": 21.705000000000002, "Hodler": 4.935, "Deadline": 2.1854999999999998, "Fund Manager": 2.1854999999999998, "Onyx Black": 1.8900000000000001, "Black": 5.295, "just": 1.1985}, "Lunar Snake": {"Soul Eater": 2.0385, "Timelock": 1.963, "Python Dev": 2.3405, "Dragon Ball": 5.285, "Psychedelic": 2.3405, "Hellspawn": 2.0385, "Hot Cherry": 2.3405, "Synthwave": 5.285, "Onyx Black": 2.23, "Black": 5.755, "just": 1.2834999999999999}, "Xmas Stocking": {"Onyx Black": 2.6950000000000003, "Black": 5.465, "just": 1.3005}, "Snake Box": {"Onyx Black": 2.22, "Black": 6.204999999999999, "just": 1.3175}, "Pet Snake": {"Onyx Black": 2.54, "Black": 6.2, "just": 1.581}, "Candy Cane": {"Sticky Sweet": 3.24, "Hex Pot": 2.511, "Grinch": 4.536, "Designer": 5.67, "Onyx Black": 2.38, "Black": 5.885000000000001, "just": 1.377}, "Whip Cupcake": {"Deep State": 2.0655, "Bitcoin": 10.259999999999998, "Resistance": 7.005000000000001, "Toncoin": 2.3715, "Sponge Duck": 2.3715, "Onyx Black": 2.16, "Black": 5.965000000000001, "just": 1.3005}, "Big Year": {"Pokeball": 2.7, "Bitcoin": 7.0, "Qing Dynasty": 3.1, "First Website": 2.1, "The Nether": 2.5, "YouTubes": 4.0, "Cheshire Cat": 2.34, "Telegram": 5.6, "Game Boy": 2.2, "Balloons": 2.4, "Gold Mine": 7.0, "Creator": 2.7, "Big Brother": 3.1, "The Hobbit": 4.0, "Pavel Durov": 5.6, "Onyx Black": 3.62, "Black": 9.65, "just": 1.7}, "Homemade Cake": {"Onyx Black": 2.41, "Black": 5.35, "just": 1.5555}, "Cookie Heart": {"Onyx Black": 2.54, "Black": 6.694999999999999, "just": 1.6064999999999998}, "Jester Hat": {"Onyx Black": 2.75, "Black": 6.32, "just": 1.4875}, "Holiday Drink": {"Onyx Black": 2.45, "Black": 6.4, "just": 1.615}, "Ginger Cookie": {"Onyx Black": 3.795, "Black": 7.260000000000001, "just": 1.734}, "Hypno Lollipop": {"Onyx Black": 2.925, "Black": 6.215000000000001, "just": 1.6575}, "Winter Wreath": {"Moon Cat": 106.25, "Onyx Black": 2.96, "Black": 7.185, "just": 1.6744999999999999}, "Party Sparkler": {"Onyx Black": 3.2199999999999998, "Black": 7.720000000000001, "just": 1.649}, "Jingle Bells": {"Onyx Black": 2.8449999999999998, "Black": 6.75, "just": 1.785}, "Tama Gadget": {"Onyx Black": 3.49, "Black": 6.59, "just": 1.853}, "Jack-in-the-Box": {"Onyx Black": 3.09, "Black": 7.08, "just": 1.9209999999999998}, "Star Notepad": {"Onyx Black": 4.065, "Black": 9.565, "just": 2.0655}, "Easter Egg": {"Onyx Black": 3.8200000000000003, "Black": 10.795, "just": 2.4565}, "Santa Hat": {"Onyx Black": 3.956, "Black": 8.396, "just": 2.3459999999999996}, "Hex Pot": {"Onyx Black": 4.035, "Black": 9.899999999999999, "just": 2.38}, "Restless Jar": {"Onyx Black": 4.035, "Black": 9.685, "just": 2.2015}, "Lush Bouquet": {"Onyx Black": 4.48, "Black": 7.484999999999999, "just": 2.5245}, "Spiced Wine": {"Onyx Black": 3.104, "Black": 7.036, "just": 2.244}, "Snow Globe": {"Onyx Black": 4.445, "Black": 10.195, "just": 2.4565}, "Joyful Bundle": {"Onyx Black": 3.9299999999999997, "Black": 10.379999999999999, "just": 2.431}, "Light Sword": {"Onyx Black": 4.748, "Black": 10.632, "just": 2.601}, "Witch Hat": {"Onyx Black": 4.515000000000001, "Black": 12.02, "just": 2.5925}, "Bow Tie": {"Onyx Black": 4.716, "Black": 12.312000000000001, "just": 2.72}, "Eternal Candle": {"Onyx Black": 4.954, "Black": 10.75, "just": 3.0515}, "Jelly Bunny": {"Onyx Black": 4.845000000000001, "Black": 10.739999999999998, "just": 2.9665}, "Bunny Muffin": {"Onyx Black": 4.784, "Black": 13.044, "just": 3.1959999999999997}, "Spy Agaric": {"Onyx Black": 5.561999999999999, "Black": 10.47, "just": 2.9495}, "Evil Eye": {"Onyx Black": 6.324, "Black": 12.384, "just": 3.094}, "Snow Mittens": {"Onyx Black": 5.04, "Black": 8.328, "just": 3.315}, "Berry Box": {"Onyx Black": 5.822, "Black": 10.597999999999999, "just": 3.2895}, "Valentine Box": {"Onyx Black": 7.644, "Black": 13.644, "just": 4.029}, "Sakura Flower": {"Onyx Black": 6.694, "Black": 15.598, "just": 4.5305}, "Hanging Star": {"Onyx Black": 7.846, "Black": 15.094, "just": 4.6665}, "Sleigh Bell": {"Onyx Black": 10.488, "Black": 20.887999999999998, "just": 6.3580000000000005}, "Love Candle": {"Onyx Black": 11.158, "Black": 17.358, "just": 7.5905}, "Skull Flower": {"Onyx Black": 13.258, "Black": 17.662, "just": 7.4544999999999995}, "Crystal Ball": {"Onyx Black": 12.341999999999999, "Black": 27.762, "just": 6.7745}, "Trapped Heart": {"Onyx Black": 13.209999999999999, "Black": 18.369999999999997, "just": 7.4375}, "Top Hat": {"Onyx Black": 12.969999999999999, "Black": 22.489999999999995, "just": 7.607499999999999}, "Love Potion": {"Onyx Black": 11.73, "Black": 23.669999999999998, "just": 8.032499999999999}, "Flying Broom": {"Onyx Black": 12.852, "Black": 19.652, "just": 8.007}, "Cupid Charm": {"Onyx Black": 16.708, "Black": 30.308, "just": 9.503}, "Record Player": {"Onyx Black": 10.254, "Black": 20.854, "just": 6.8765}, "Eternal Rose": {"Onyx Black": 21.284, "Black": 35.964, "just": 11.848999999999998}, "Mad Pumpkin": {"Onyx Black": 23.2, "Black": 41.4, "just": 16.15}, "Voodoo Doll": {"Onyx Black": 21.7, "Black": 47.1, "just": 14.875}, "Diamond Ring": {"Onyx Black": 22.433999999999997, "Black": 45.638, "just": 14.2205}, "Toy Bear": {"Onyx Black": 33.942, "Black": 51.577999999999996, "just": 22.074499999999997}, "Vintage Cigar": {"Onyx Black": 37.17, "Black": 56.17, "just": 21.2075}, "Neko Helmet": {"Onyx Black": 38.746, "Black": 66.666, "just": 23.723499999999998}, "Low Rider": {"Onyx Black": 32.828, "Black": 85.004, "just": 21.572999999999997}, "Signet Ring": {"Onyx Black": 37.762, "Black": 80.52199999999999, "just": 24.0295}, "Electric Skull": {"Onyx Black": 46.54, "Black": 76.94, "just": 29.665}, "Kissed Frog": {"Onyx Black": 47.19, "Black": 81.594, "just": 30.5915},