{"Snoop Dogg": {"Chrome": 2.2060000000000004, "Goldizzle": 7.231000000000001, "Cold Topaz": 1.788, "Black Diamond": 2.092, "Emerald": 1.8355000000000004, "King Snoop": 4.520500000000001, "Sapphire": 2.0540000000000003, "Doberman": 3.7135000000000002, "Doggfather": 3.1435000000000004, "AI Dogg": 2.8965, "Onyx Black": 2.8133333333333335, "Black": 10.37076923076923, "just": 1.394}, "Swag Bag": {"Snoop Life": 2.5245, "Happy Herbs": 2.8985000000000003, "April 20th": 2.8985000000000003, "Boiling Hot": 2.5245, "Gin & Jewels": 2.3375000000000004, "Missionary": 6.545, "Bulk Order": 2.1505, "Take It Easy": 2.1505, "P.I.M.P.": 1.9635000000000002, "Darkness": 1.9635000000000002, "Cashback": 2.8985000000000003, "Onyx Black": 2.935, "Black": 6.925, "just": 1.5895000000000001}, "Snoop Cigar": {"Onyx Black": 7.67, "Black": 18.42, "just": 3.6889999999999996}, "Lol Pop": {"Pumpkin": 1.5065, "Watermelon": 1.4410000000000003, "Shock Wave": 1.3755000000000002, "Blood Ember": 1.6375000000000002, "Cookie Dip": 1.4410000000000003, "Sweetheart": 1.5065, "Dark Portal": 1.572, "Wonka Berry": 1.4410000000000003, "Sailor Moon": 1.572, "Romance": 1.3755000000000002, "Andromeda": 2.0305, "Dark Sky": 1.572, "Doodle Art": 1.5065, "Glowstick": 2.0305, "Comic Crunch": 1.3755000000000002, "Portable Pop": 1.3755000000000002, "Heart Pop": 1.3755000000000002, "Icicle": 1.4410000000000003, "Hexed Helix": 1.3755000000000002, "Celestia": 2.0305, "Cobweb": 1.3755000000000002, "Mortal Sin": 3.6679999999999997, "Pink Foil": 1.3755000000000002, "Milky Way": 1.4410000000000003, "Jinxed": 1.4410000000000003, "Fire Vortex": 1.4410000000000003, "Satellite": 1.703, "Jolly Roger": 1.572, "Blood Sucker": 1.6375000000000002, "Love Bubbles": 1.4410000000000003, "Angelina": 1.7685000000000002, "Rosebud": 1.6375000000000002, "Onyx Black": 1.7550000000000001, "Black": 5.1, "just": 1.1135}, "B-Day Candle": {"Payday": 1.8599999999999999, "On Fire": 2.4, "Purr Magic": 1.8599999999999999, "Pixel Wish": 1.8599999999999999, "Shocker": 1.8599999999999999, "Kaboom!": 1.8599999999999999, "Happy Meows": 2.4, "Final Boss": 1.8599999999999999, "Onyx Black": 1.575, "Black": 4.6, "just": 1.02}, "Desk Calendar": {"Fawkes Night": 4.305, "Telegram": 1.9065, "Tic Tac Toe": 1.6605, "Balloon Face": 1.599, "Pepe Plans": 4.305, "Peach Week": 1.599, "Durov Day": 2.46, "Fund Manager": 1.9065, "Checklist": 1.9065, "Heartbreak": 1.353, "Independence": 3.444, "Adult Tasks": 4.305, "Burning Time": 1.9065, "Hodler": 4.305, "Investor": 4.305, "Deadline": 2.46, "Sunday": 2.46, "Onyx Black": 1.58, "Black": 4.705, "just": 1.0454999999999999}, "Lunar Snake": {"Python Dev": 2.139, "Soul Eater": 1.7939999999999998, "Hellspawn": 2.139, "Psychedelic": 2.139, "Hot Cherry": 2.139, "Timelock": 1.863, "Synthwave": 3.8639999999999994, "Dragon Ball": 4.83, "Onyx Black": 1.9849999999999999, "Black": 4.890000000000001, "just": 1.1729999999999998}, "Xmas Stocking": {"Onyx Black": 1.96, "Black": 5.16, "just": 1.122}, "Snake Box": {"Onyx Black": 1.885, "Black": 4.8100000000000005, "just": 1.0795}, "Pet Snake": {"Onyx Black": 2.3, "Black": 5.275, "just": 1.36}, "Candy Cane": {"Designer": 5.46, "Sticky Sweet": 2.418, "Grinch": 3.12, "Hex Pot": 2.418, "Onyx Black": 2.245, "Black": 6.275, "just": 1.326}, "Whip Cupcake": {"Toncoin": 2.139, "Sponge Duck": 2.76, "Deep State": 2.139, "Resistance": 4.83, "Bitcoin": 4.83, "Onyx Black": 2.09, "Black": 5.1850000000000005, "just": 1.1729999999999998}, "Big Year": {"The Hobbit": 3.4, "First Website": 2.125, "Cheshire Cat": 2.21, "Pokeball": 2.635, "Game Boy": 2.21, "Pavel Durov": 4.76, "Big Brother": 2.635, "Gold Mine": 4.76, "YouTubes": 2.635, "The Nether": 2.125, "Telegram": 4.76, "Creator": 2.635, "Qing Dynasty": 2.635, "Bitcoin": 4.76, "Onyx Black": 2.7199999999999998, "Black": 7.800000000000001, "just": 1.4449999999999998}, "Homemade Cake": {"Onyx Black": 2.015, "Black": 4.77, "just": 1.309}, "Cookie Heart": {"Onyx Black": 2.295, "Black": 6.775, "just": 1.4875}, "Jester Hat": {"Onyx Black": 2.95, "Black": 5.950000000000001, "just": 1.36}, "Holiday Drink": {"Onyx Black": 2.29, "Black": 5.55, "just": 1.4449999999999998}, "Ginger Cookie": {"Onyx Black": 2.825, "Black": 6.3999999999999995, "just": 1.53}, "Hypno Lollipop": {"Onyx Black": 2.675, "Black": 6.175, "just": 1.4875}, "Winter Wreath": {"Onyx Black": 2.4299999999999997, "Black": 7.945, "just": 1.4364999999999999}, "Party Sparkler": {"Onyx Black": 2.785, "Black": 5.635, "just": 1.5045}, "Jingle Bells": {"Onyx Black": 2.46, "Black": 6.38, "just": 1.496}, "Tama Gadget": {"Onyx Black": 2.8899999999999997, "Black": 6.540000000000001, "just": 1.513}, "Jack-in-the-Box": {"Onyx Black": 2.6550000000000002, "Black": 7.865, "just": 1.683}, "Star Notepad": {"Onyx Black": 4.095, "Black": 8.995000000000001, "just": 1.8615}, "Easter Egg": {"Onyx Black": 3.6950000000000003, "Black": 11.19, "just": 2.0315}, "Santa Hat": {"Onyx Black": 3.295, "Black": 9.495000000000001, "just": 1.8615}, "Hex Pot": {"Onyx Black": 3.725, "Black": 8.05, "just": 1.9124999999999999}, "Restless Jar": {"Onyx Black": 3.645, "Black": 7.6450000000000005, "just": 1.9465}, "Lush Bouquet": {"Onyx Black": 3.375, "Black": 8.524999999999999, "just": 2.1675}, "Spiced Wine": {"Onyx Black": 3.17, "Black": 7.944999999999999, "just": 1.734}, "Snow Globe": {"Onyx Black": 3.9899999999999998, "Black": 9.09, "just": 2.0229999999999997}, "Joyful Bundle": {"Onyx Black": 3.715, "Black": 8.52, "just": 2.244}, "Light Sword": {"Onyx Black": 4.585, "Black": 11.285, "just": 2.4395000000000002}, "Witch Hat": {"Onyx Black": 3.885, "Black": 10.335, "just": 2.2695}, "Bow Tie": {"Onyx Black": 4.6899999999999995, "Black": 14.69, "just": 2.5755}, "Eternal Candle": {"Onyx Black": 5.125, "Black": 10.125, "just": 2.3375}, "Jelly Bunny": {"Onyx Black": 4.575, "Black": 10.075, "just": 2.6774999999999998}, "Bunny Muffin": {"Onyx Black": 4.475, "Black": 21.62, "just": 2.7624999999999997}, "Spy Agaric": {"Onyx Black": 5.220000000000001, "Black": 10.72, "just": 2.499}, "Evil Eye": {"Onyx Black": 5.79, "Black": 15.77, "just": 3.0515}, "Snow Mittens": {"Onyx Black": 4.575, "Black": 8.475000000000001, "just": 2.5075000000000003}, "Berry Box": {"Onyx Black": 4.76, "Black": 14.27, "just": 3.009}, "Valentine Box": {"Onyx Black": 9.455, "Black": 10.955, "just": 3.3235}, "Sakura Flower": {"Onyx Black": 5.45, "Black": 17.95, "just": 3.315}, "Hanging Star": {"Onyx Black": 7.495000000000001, "Black": 16.345, "just": 3.9865000000000004}, "Sleigh Bell": {"Onyx Black": 12.524999999999999, "Black": 18.02, "just": 5.1425}, "Love Candle": {"Onyx Black": 7.8950000000000005, "Black": 15.495, "just": 5.5165}, "Skull Flower": {"Onyx Black": 8.695, "Black": 16.994999999999997, "just": 5.0915}, "Crystal Ball": {"Onyx Black": 10.285, "Black": 28.299999999999997, "just": 5.609999999999999}, "Trapped Heart": {"Onyx Black": 10.395, "Black": 23.145, "just": 6.6215}, "Top Hat": {"Onyx Black": 16.314999999999998, "Black": 26.19, "just": 6.528}, "Love Potion": {"Onyx Black": 10.344999999999999, "Black": 26.595, "just": 6.961499999999999}, "Flying Broom": {"Onyx Black": 10.895, "Black": 19.395, "just": 7.471499999999999}, "Cupid Charm": {"Onyx Black": 14.99, "Black": 34.489999999999995, "just": 8.483}, "Record Player": {"Onyx Black": 9.955, "Black": 23.95, "just": 6.7235}, "Eternal Rose": {"Onyx Black": 18.715, "Black": 36.215, "just": 10.5655}, "Mad Pumpkin": {"Onyx Black": 18.634999999999998, "Black": 39.885000000000005, "just": 12.554499999999999}, "Voodoo Doll": {"Onyx Black": 20.5, "Black": 46.0, "just": 12.75}, "Diamond Ring": {"Onyx Black": 20.02, "Black": 43.019999999999996, "just": 12.783999999999999}, "Toy Bear": {"Onyx Black": 21.96, "Black": 53.295, "just": 14.9515}, "Vintage Cigar": {"Onyx Black": 38.295, "Black": 79.295, "just": 18.351499999999998}, "Neko Helmet": {"Onyx Black": 35.01, "Black": 71.51, "just": 19.567}, "Low Rider": {"Onyx Black": 35.45, "Black": 106.94999999999999, "just": 20.314999999999998}, "Signet Ring": {"Onyx Black": 31.485,